Age,Monthly_Charges,Total_Charges,Tenure_Months,Number_of_Services,Support_Calls,Contract_Length,Payment_Delay_Days,Churn
56,109.95,9943.59,2,6,10,12,17,Yes
69,40.26,5604.89,61,6,1,12,9,No
46,51.65,7246.05,36,2,2,24,3,No
32,129.49,1033.99,49,2,2,24,6,No
60,47.21,6501.49,27,3,5,12,23,Yes
25,29.43,7764.17,12,5,4,24,16,No
38,111.43,7895.89,58,1,4,36,7,No
56,72.33,7816.06,6,5,10,24,0,Yes
36,139.61,2649.68,44,2,3,1,21,Yes
40,104.53,9766.29,47,7,3,24,20,No
28,31.75,9954.23,23,3,8,24,9,No
28,143.22,1218.16,26,3,6,12,14,Yes
41,53.61,9396.24,7,3,7,24,22,Yes
53,63.84,3249.77,32,3,3,36,5,No
57,72.29,7048.2,33,3,10,12,9,Yes
41,26.66,3712.05,20,1,2,36,29,No
20,84.55,9693.67,69,6,0,1,0,No
39,36.03,1464.29,52,5,8,12,30,Yes
19,72.13,5228.59,42,7,8,12,5,Yes
41,65.59,4566.45,1,6,1,1,12,Yes
61,120.47,3597.22,63,2,3,1,29,Yes
47,124.41,6632.57,7,2,3,36,2,Yes
55,39.94,1745.03,58,6,0,24,11,No
19,67.65,7308.29,50,3,1,12,14,No
38,68.54,9815.63,34,3,7,12,30,No
50,39.68,8143.31,51,6,5,36,21,No
29,123.8,8670.16,10,3,0,12,6,Yes
39,111.94,3916.55,26,6,6,1,5,Yes
61,44.75,3586.42,32,7,10,12,8,No
42,67.67,5411.96,42,4,6,24,15,No
66,33.75,934.4,62,2,5,1,11,No
44,101.67,9480.9,12,3,10,36,8,Yes
59,35.78,1865.96,40,5,7,36,7,No
45,148.17,9078.62,34,4,10,12,4,Yes
33,121.49,1294.03,70,1,4,1,25,Yes
32,70.73,8314.94,27,7,1,1,2,No
64,95.21,1943.64,8,4,3,1,3,Yes
68,138.47,862.25,47,4,10,12,10,Yes
61,92.03,7335.15,26,7,7,12,9,No
69,42.68,3162.52,57,4,7,36,7,No
20,69.23,7287.71,7,5,4,24,8,No
54,129.61,5773.31,26,7,5,1,12,Yes
68,103.75,1533.67,59,2,8,12,23,Yes
24,104.59,9355.24,69,7,9,12,25,Yes
38,132.69,4796.98,47,3,9,24,18,Yes
26,136.22,7477.25,35,5,9,12,22,Yes
56,139.57,5259.7,30,5,10,12,10,Yes
35,32.33,6241.43,50,7,10,12,23,No
21,90.74,3376.35,24,6,1,1,2,No
42,116.27,2403.42,30,3,4,24,0,No
31,118.4,5654.42,54,6,8,36,22,No
67,98.87,4682.08,67,6,2,24,13,Yes
26,41.68,4206.08,32,7,5,24,18,No
43,123.66,6889.39,8,4,3,36,0,Yes
19,113.61,7059.81,50,6,3,36,22,No
37,31.2,936.24,47,1,2,12,26,Yes
45,80.3,3718.07,46,4,9,12,11,No
64,42.62,4411.76,35,4,0,12,13,No
24,63.87,1420.48,61,6,10,1,14,Yes
61,22.35,2741.06,51,6,7,1,6,No
25,72.04,990.6,63,2,4,24,3,No
64,91.48,9964.3,8,4,1,1,13,Yes
52,100.55,7497.29,34,1,0,1,17,Yes
31,106.25,1330.78,25,5,0,36,15,No
34,128.72,692.37,44,7,3,12,25,Yes
53,48.01,7333.23,43,6,3,36,13,No
67,35.66,4672.33,50,4,5,12,20,No
57,130.7,7974.57,13,5,10,24,10,No
21,40.36,9273.02,46,6,6,36,26,No
19,146.72,6193.35,53,2,0,12,24,Yes
23,129.53,2277.53,63,7,9,36,5,No
59,85.11,7930.84,2,6,1,36,14,Yes
21,147.58,9580.21,40,1,2,12,9,No
46,32.66,6012.2,23,3,8,1,29,Yes
35,59.4,6978.98,59,3,3,36,11,Yes
43,102.97,3706.01,69,6,5,24,8,No
61,65.5,4124.51,34,2,1,1,27,Yes
51,140.69,7479.22,27,1,10,36,16,Yes
27,28.53,9313.83,55,6,1,24,17,No
53,91.42,6475.39,4,5,1,24,10,Yes
31,96.81,8003.56,68,2,10,12,5,No
48,104.85,2130.53,72,4,4,1,18,Yes
65,53.24,2513.61,70,5,8,1,1,Yes
32,67.39,5554.33,27,6,5,12,21,Yes
25,129.68,2177.26,47,4,8,36,22,Yes
31,45.34,6532.45,40,4,5,36,19,No
40,127.49,3270.71,27,7,8,24,12,Yes
57,93.15,8019.56,7,5,4,24,28,Yes
38,119.08,8177.05,23,7,10,24,25,Yes
33,112.77,4905.98,64,4,0,24,30,Yes
62,46.98,2217.7,29,7,5,12,8,Yes
35,93.95,6644.36,61,3,3,36,26,No
64,132.8,9931.48,44,7,8,24,11,Yes
41,76.18,6414.61,69,5,5,1,15,No
43,145.66,839.86,27,2,0,24,28,Yes
42,78.79,664.29,12,3,5,24,18,No
62,38.56,3543.44,17,2,2,36,1,No
58,70.63,2359.95,37,1,2,24,15,Yes
46,143.72,8223.99,34,2,6,12,26,Yes
32,61.56,8525.65,36,5,1,36,29,No
62,132.85,2956.88,6,2,8,36,4,Yes
18,134.56,3593.63,32,1,8,24,30,Yes
42,65.52,2744.35,22,4,6,12,27,Yes
24,30.82,9129.63,10,5,8,36,24,Yes
26,114.19,5275.17,29,6,10,1,16,Yes
41,60.5,6733.3,11,3,5,24,5,No
18,121.78,4447.08,66,3,8,36,23,Yes
61,77.55,6494.63,56,2,9,24,6,Yes
25,83.08,4165.63,58,3,1,1,5,No
41,121.13,3726.95,52,7,4,24,2,Yes
28,69.71,6527.56,61,1,10,24,24,Yes
68,77.61,6115.09,17,6,5,12,20,Yes
34,68.9,3288.52,30,7,5,12,14,Yes
25,67.75,1918.81,72,3,10,1,27,Yes
52,88.37,4001.48,37,7,3,12,15,No
52,125.14,4444.38,5,2,3,36,16,Yes
50,67.03,6472.5,26,3,4,12,8,No
22,88.15,9188.02,70,7,5,36,25,No
59,107.19,843.76,1,4,7,1,8,Yes
56,55.03,2814.78,9,4,9,1,16,Yes
58,56.08,2340.3,71,3,0,24,28,No
45,141.34,5271.8,64,5,7,36,6,Yes
24,114.06,4582.16,24,6,1,24,24,Yes
26,95.03,7425.86,5,3,10,24,1,Yes
25,104.2,2802.95,51,4,6,24,25,Yes
29,23.81,6147.73,38,4,3,36,5,No
51,100.35,8896.64,29,1,7,12,9,Yes
50,86.24,9151.44,46,2,5,36,16,No
65,90.95,9608.45,52,1,4,12,13,No
40,66.73,7845.98,46,5,9,36,2,No
41,30.59,9106.89,68,2,9,1,26,No
54,45.13,2728.04,59,3,4,1,15,Yes
52,143.6,2377.02,10,3,3,12,15,Yes
61,73.13,561.64,4,5,2,24,4,Yes
57,80.67,7215.02,52,6,2,24,15,No
39,26.85,9405.94,18,4,2,24,22,Yes
44,24.88,2275.89,51,6,6,24,26,No
52,113.23,6550.96,23,3,7,36,4,Yes
18,89.95,7591.37,25,1,7,1,23,Yes
52,86.13,9312.34,60,4,1,36,4,No
54,51.61,6645.17,37,3,2,36,5,No
64,116.82,9717.79,68,4,1,36,17,No
31,41.87,3774.39,18,6,5,12,11,No
20,44.69,3824.32,29,2,10,1,20,Yes
18,79.89,5658.62,30,3,2,12,6,Yes
22,57.22,4143.27,7,3,5,24,16,Yes
43,52.17,513.54,41,4,3,1,9,No
31,103.88,7451.83,37,2,9,12,8,Yes
56,104.63,7641.31,27,1,9,12,8,Yes
44,127.19,7596.26,21,2,5,36,23,Yes
26,74.3,3777.7,43,1,2,12,10,No
32,29.5,5461.75,51,7,4,12,24,No
32,55.58,3919.75,71,7,7,24,13,No
43,147.4,652.35,13,5,2,24,4,Yes
59,97.51,5843.26,53,6,8,12,6,No
30,112.27,1675.73,63,2,8,12,16,No
68,20.96,1260.39,57,1,6,12,22,No
49,87.37,7677.24,25,4,7,36,8,No
56,24.88,590.31,13,1,8,36,18,Yes
66,94.0,9610.58,37,5,0,36,24,No
69,139.7,5394.93,30,1,6,24,20,Yes
49,145.89,9838.66,12,6,9,1,12,Yes
21,90.27,1050.98,65,7,2,36,8,No
47,79.57,6043.53,18,2,5,36,12,Yes
54,142.85,3818.61,62,1,8,12,13,Yes
40,107.57,8513.08,24,2,9,36,7,No
56,28.44,3931.62,60,5,10,1,13,No
62,80.54,2974.63,17,1,7,24,12,Yes
32,51.23,8646.75,60,1,1,36,26,No
60,81.07,4059.2,9,5,3,24,22,Yes
46,79.21,659.92,52,6,10,36,9,No
53,95.68,4207.75,15,1,4,24,21,Yes
30,66.38,6717.96,28,2,9,24,1,Yes
49,41.36,2916.42,9,6,5,36,11,No
24,85.48,4603.88,56,3,6,36,15,No
68,127.93,1038.79,36,6,10,24,6,Yes
39,106.32,6086.88,56,7,3,1,1,Yes
45,63.99,7684.8,71,3,3,1,15,No
19,141.62,4426.47,20,7,4,1,21,Yes
59,138.59,4492.21,55,2,8,1,5,Yes
62,47.22,1338.68,60,7,8,36,15,No
23,25.12,2418.44,35,1,0,12,24,Yes
45,116.37,1969.42,1,2,4,24,12,Yes
45,127.59,5076.03,45,5,4,1,9,No
61,145.82,5527.93,69,2,6,1,26,No
61,135.68,9514.93,40,3,7,12,19,Yes
37,98.07,1195.7,38,7,2,12,8,No
47,88.91,6198.75,24,6,0,36,1,No
28,23.62,5501.74,4,7,1,24,20,No
45,52.07,5404.21,69,4,5,24,15,No
42,79.75,8795.01,13,5,10,12,2,Yes
56,101.71,2452.62,21,1,5,12,21,Yes
50,92.44,887.35,32,7,10,12,1,No
18,116.54,6886.58,38,6,4,36,28,No
44,56.37,3779.0,32,2,10,24,9,Yes
69,93.44,667.1,57,5,4,12,24,Yes
30,31.46,2888.05,48,3,8,1,19,Yes
58,73.78,3438.6,30,7,10,24,22,Yes
20,117.52,6359.96,71,1,6,24,4,No
56,110.14,2139.57,38,2,5,1,7,Yes
23,148.78,4424.02,44,7,10,1,11,Yes
25,56.13,5083.52,26,6,6,24,3,No
44,84.76,4862.76,2,2,2,24,13,No
26,62.84,9752.44,43,1,6,12,22,Yes
54,77.28,932.29,43,6,2,36,26,No
50,131.4,9534.2,63,4,7,36,14,Yes
68,108.95,6028.4,58,4,9,12,20,Yes
59,134.72,8059.41,48,5,9,1,2,Yes
61,46.46,4588.73,5,7,8,1,23,Yes
41,133.54,4811.46,35,2,2,1,21,Yes
32,27.77,8853.6,16,5,6,1,14,Yes
49,135.52,9011.38,49,1,7,12,3,Yes
49,62.78,2767.54,60,6,2,24,14,No
41,60.9,2392.8,51,5,5,12,24,Yes
58,86.57,5214.23,59,7,6,1,8,No
69,142.29,9052.63,64,2,3,12,17,Yes
66,26.21,3562.37,13,7,5,36,25,Yes
66,65.79,6694.14,26,4,6,36,12,Yes
69,131.35,7227.44,70,4,6,1,30,Yes
29,71.49,7897.41,3,1,10,12,8,Yes
56,45.89,5857.28,12,3,0,36,3,No
19,75.22,4323.32,41,5,1,24,24,No
20,70.12,9686.65,65,1,10,1,12,Yes
66,139.0,6307.64,63,4,10,12,9,Yes
54,119.05,7421.37,50,7,0,1,7,No
66,85.67,3777.34,47,2,8,36,13,Yes
34,148.49,6864.52,8,2,6,24,15,Yes
66,80.49,2949.08,31,6,10,36,25,Yes
19,27.57,2828.42,11,3,6,1,29,Yes
19,54.1,7289.86,17,3,2,24,18,Yes
45,76.69,5453.25,27,4,4,12,29,Yes
40,40.4,6991.13,27,3,1,36,25,Yes
54,143.18,3059.67,56,3,4,24,6,No
49,119.69,6187.87,69,2,7,1,11,Yes
50,54.88,4717.37,47,6,9,12,30,Yes
18,96.8,6171.12,19,5,2,1,12,Yes
36,113.79,3263.36,57,7,3,1,14,Yes
19,142.37,7296.78,31,2,7,12,14,Yes
61,134.61,8156.33,16,6,1,24,17,Yes
43,86.97,2969.21,45,2,0,24,1,No
49,120.7,3355.9,27,4,2,12,13,Yes
23,93.08,6780.97,61,6,1,12,19,Yes
49,91.85,7108.06,26,6,9,1,25,Yes
21,34.92,7188.95,29,4,1,1,6,No
28,36.4,6985.64,44,6,3,36,19,No
34,88.84,4231.67,29,7,5,12,1,No
55,54.95,4251.11,2,5,9,36,27,Yes
41,22.73,2920.77,6,1,9,12,1,Yes
22,113.97,1989.92,9,3,4,36,4,Yes
69,24.22,7079.49,15,6,3,1,2,No
51,97.39,1385.29,58,3,7,1,2,No
23,90.1,9409.03,2,2,10,24,30,Yes
39,145.95,8353.52,3,2,4,36,0,Yes
28,82.95,8646.3,52,6,1,12,18,No
65,28.27,9113.35,55,6,3,36,30,No
33,91.72,4381.75,53,6,6,1,19,Yes
50,129.34,8543.66,72,7,3,24,11,No
26,149.59,2001.58,40,7,5,36,21,No
23,75.94,705.6,39,5,1,1,26,Yes
33,61.64,7956.47,43,6,8,12,5,No
46,137.86,1210.57,13,7,3,24,27,Yes
20,44.86,9890.98,37,3,0,1,20,No
37,100.01,6910.57,55,2,2,12,19,No
53,72.74,7657.77,32,2,6,36,5,Yes
36,25.34,2835.14,14,7,9,12,12,Yes
43,65.15,6901.72,65,6,8,12,28,No
20,54.48,910.59,27,4,5,12,20,No
36,109.19,8459.34,24,7,3,24,9,No
37,143.34,2111.43,22,1,1,1,0,Yes
49,54.85,7124.9,45,6,8,1,15,Yes
24,125.49,2632.56,8,5,7,12,13,Yes
69,27.2,1150.31,67,1,6,36,27,No
58,89.96,5074.19,64,1,1,36,17,No
50,29.17,2108.22,47,6,1,1,13,No
57,141.42,7429.72,21,5,7,36,24,Yes
56,119.63,2756.88,32,7,8,12,9,Yes
35,105.53,3753.49,45,3,8,1,19,Yes
57,127.11,5890.67,44,6,7,1,21,Yes
18,104.18,3207.2,41,2,0,36,4,No
28,145.96,4090.89,52,5,4,1,1,Yes
45,112.81,8248.41,11,2,6,24,16,Yes
42,140.21,2202.49,18,7,9,12,0,Yes
67,87.23,1280.92,11,7,5,24,0,Yes
40,35.22,3619.4,27,7,10,1,5,No
48,88.66,4531.58,43,6,0,36,25,No
47,36.49,5655.26,65,7,9,24,6,No
59,97.02,4038.03,54,6,5,24,6,No
52,82.72,8004.16,29,4,3,24,30,No
24,100.93,873.54,21,1,2,36,24,No
33,21.31,4601.79,29,4,3,36,15,No
43,45.33,4131.43,9,7,7,1,18,Yes
65,83.87,6652.0,61,1,10,36,29,Yes
69,143.57,9679.62,62,7,5,24,8,Yes
66,69.87,5348.57,71,7,8,1,0,No
19,75.17,9875.33,5,3,4,36,17,Yes
18,112.91,3371.37,15,5,10,12,30,Yes
65,98.49,793.25,57,3,8,36,6,No
29,58.86,2073.8,5,1,3,36,27,Yes
22,73.41,4253.69,20,6,3,1,17,No
54,48.3,3505.17,4,7,5,1,9,Yes
49,145.58,1422.01,56,4,9,1,26,Yes
26,36.98,4610.27,34,7,10,12,19,No
58,68.34,3712.1,40,1,6,12,1,Yes
52,23.36,1664.88,69,7,1,36,10,No
36,48.83,3313.11,68,6,3,36,17,No
65,121.46,8921.14,22,3,7,1,10,Yes
33,46.15,3369.46,14,6,8,1,13,Yes
20,30.41,7282.58,68,6,4,12,12,No
37,81.68,6314.45,8,3,5,12,0,No
41,21.3,4558.22,67,4,9,1,24,No
50,31.02,2770.74,46,7,6,36,9,No
41,124.99,4005.64,29,6,6,12,14,Yes
69,120.29,6125.02,12,4,2,1,18,Yes
28,138.97,3832.16,52,6,1,1,30,Yes
66,131.09,2541.52,58,6,9,1,28,Yes
25,108.81,1606.4,2,3,7,12,16,Yes
53,26.8,8857.79,1,1,8,36,30,Yes
55,121.77,4682.97,55,7,10,12,9,Yes
57,129.92,6439.48,34,1,7,36,21,Yes
37,123.88,5158.9,64,5,7,12,7,Yes
52,86.1,8789.38,68,3,1,1,22,Yes
65,50.28,5695.88,12,5,10,1,6,Yes
42,129.89,5067.42,50,6,3,24,17,Yes
52,114.53,9283.71,21,3,5,1,26,Yes
42,147.5,7337.05,10,5,7,36,3,Yes
46,40.24,1559.72,70,2,1,1,5,No
35,49.34,2188.19,14,1,7,24,1,No
63,47.53,7977.67,40,1,0,1,12,No
35,123.03,8440.59,30,2,10,1,20,Yes
19,44.3,5679.31,14,4,5,12,11,No
52,28.67,5767.32,52,2,7,36,4,No
33,149.81,6503.36,17,7,7,24,18,Yes
58,23.23,4671.6,62,1,10,12,1,No
53,128.58,6961.89,22,7,6,24,10,Yes
50,67.5,1530.57,53,3,6,1,22,No
21,129.41,9632.15,32,5,10,24,7,Yes
50,92.1,7626.47,55,1,9,12,3,Yes
31,137.21,6496.15,22,7,10,1,3,Yes
38,140.41,3505.06,38,2,8,12,10,Yes
65,21.18,2029.08,50,3,1,36,13,No
37,29.8,4388.76,66,1,0,36,8,No
25,52.55,6784.98,45,2,1,36,19,No
24,107.01,6520.24,8,7,2,24,25,Yes
20,135.48,4135.09,65,1,8,36,13,Yes
34,79.79,6326.22,40,2,9,24,27,Yes
50,98.91,8230.61,5,6,6,24,2,No
65,44.5,749.71,45,2,4,12,26,No
29,124.65,4780.9,46,1,4,1,12,No
68,145.75,7706.27,36,3,5,1,13,Yes
39,54.92,5688.37,17,1,1,12,16,No
39,84.33,6689.02,41,1,0,36,2,No
63,31.2,5408.43,30,6,10,12,14,No
47,92.69,9922.81,52,3,0,12,20,No
55,85.36,1018.9,20,6,2,1,28,Yes
55,38.78,5164.93,36,1,0,24,1,No
62,77.47,1368.46,66,6,8,12,20,Yes
68,63.43,2017.96,45,5,9,12,24,Yes
25,87.84,4138.86,4,5,4,24,9,Yes
44,96.14,1977.63,50,5,8,1,26,Yes
44,21.1,9655.03,55,2,4,36,21,No
51,118.93,9494.5,59,4,0,12,14,No
38,112.69,3693.04,42,7,10,36,18,Yes
47,67.62,6577.6,2,6,6,36,20,Yes
50,26.88,5570.66,46,1,6,12,11,No
45,118.14,8248.08,2,4,3,36,16,Yes
64,144.17,6460.73,50,6,2,12,15,Yes
50,51.22,502.4,1,5,0,24,7,No
22,62.06,7750.16,13,7,6,24,24,Yes
65,43.9,7595.06,70,3,4,24,4,No
36,95.0,5342.37,22,5,9,24,24,Yes
21,40.13,9077.73,17,7,0,1,23,Yes
52,66.31,9130.24,59,1,0,24,14,No
66,110.61,5477.16,70,4,2,12,7,No
34,92.82,6275.89,3,4,2,12,17,Yes
61,70.24,9966.96,70,6,1,12,20,No
45,74.63,3338.79,49,2,7,36,27,Yes
47,93.07,3583.86,50,3,7,12,7,Yes
46,20.76,2236.35,35,7,5,1,18,No
63,30.21,9010.74,23,5,4,1,16,Yes
23,134.56,7572.64,72,7,5,1,29,Yes
52,30.12,1503.61,7,7,0,1,26,Yes
58,111.88,9826.79,50,3,1,1,3,No
54,139.6,7444.14,10,1,6,1,3,Yes
41,55.19,8579.96,55,2,0,24,25,No
46,68.16,957.43,19,5,7,1,19,Yes
66,93.96,5297.13,23,1,2,36,19,No
63,134.62,7136.68,64,3,3,1,8,No
48,142.45,5657.99,33,2,6,12,26,Yes
52,116.14,6833.15,66,5,9,12,13,Yes
50,31.26,8269.8,9,3,6,36,0,No
69,106.99,4056.2,29,5,1,1,8,Yes
38,73.34,8562.35,18,7,4,24,22,Yes
49,81.19,2047.7,71,2,7,24,12,No
40,26.39,3073.42,29,2,8,24,29,Yes
50,44.84,911.78,61,3,4,24,20,No
20,122.77,3962.05,5,5,1,1,17,Yes
35,79.01,4109.14,69,4,3,36,29,No
42,59.22,8150.07,56,1,10,24,9,No
59,69.92,6704.74,52,2,4,1,27,No
48,131.07,4648.86,15,5,5,1,25,Yes
20,117.37,6695.08,20,3,5,1,30,Yes
57,55.4,1001.44,16,7,0,1,25,Yes
63,35.28,2212.58,25,3,5,1,3,Yes
41,52.76,6456.0,57,2,10,12,26,Yes
67,139.7,6592.98,21,6,9,1,14,Yes
49,95.61,7854.28,5,2,0,1,3,Yes
64,89.35,4328.5,9,7,4,1,19,Yes
39,97.53,7364.26,11,6,10,12,10,Yes
40,67.58,6997.81,65,4,6,12,11,Yes
19,124.92,9652.24,63,3,7,36,12,Yes
44,88.03,2543.74,26,5,10,36,1,Yes
59,35.18,5740.96,19,6,10,1,7,No
19,36.78,6216.76,16,1,4,24,3,Yes
43,89.79,9987.15,56,1,1,1,8,No
34,141.75,2411.25,68,4,2,36,1,No
57,60.09,5470.57,30,6,6,24,22,Yes
50,133.04,3788.76,7,6,9,24,4,Yes
26,119.33,5495.98,12,5,3,36,4,Yes
60,52.22,2705.22,24,1,0,1,22,Yes
65,24.72,952.32,22,1,2,36,30,No
56,33.24,5939.37,47,7,9,24,3,Yes
46,114.7,3690.62,30,5,1,12,18,Yes
59,45.96,2228.44,60,7,8,1,8,No
43,68.27,3577.39,39,6,0,36,11,No
52,85.22,968.16,20,5,8,36,2,Yes
67,114.31,9529.2,26,2,9,36,4,No
42,34.72,6020.91,49,1,4,12,1,No
41,72.83,8240.3,69,6,5,12,22,Yes
30,83.06,4519.62,42,1,5,1,12,Yes
24,90.31,9081.49,6,7,5,1,27,Yes
53,126.39,5091.52,53,4,8,1,26,Yes
62,42.32,5952.48,34,2,8,36,6,Yes
37,125.02,5172.04,69,2,10,12,27,Yes
18,110.07,7466.14,10,1,9,1,20,Yes
25,92.26,5883.23,28,3,6,12,7,Yes
63,110.94,3080.19,3,3,2,24,24,Yes
33,73.56,1882.63,48,7,6,1,28,Yes
31,37.99,6258.18,66,5,4,12,19,No
29,106.55,5147.21,35,2,8,1,10,No
68,88.21,1411.77,52,1,7,12,11,No
40,103.12,4258.37,62,7,9,12,17,Yes
32,63.94,5390.38,52,7,5,36,17,No
45,137.89,8355.49,47,6,4,24,26,No
51,96.36,1222.96,54,1,9,1,30,Yes
19,31.1,3810.71,28,1,1,12,28,No
49,78.47,8315.23,23,7,10,1,15,Yes
40,118.33,6660.03,35,6,2,12,19,Yes
39,123.24,3254.6,32,6,10,24,21,Yes
68,84.3,8530.68,2,4,10,12,5,Yes
42,136.32,5186.29,16,3,2,12,17,Yes
39,54.8,5234.34,16,4,3,1,16,Yes
39,73.38,9777.58,51,1,2,24,17,No
66,136.82,9497.61,67,1,6,12,23,Yes
69,136.51,3906.06,54,2,5,1,20,Yes
59,109.14,1835.5,20,2,7,12,2,Yes
23,131.67,3593.83,33,3,1,1,8,Yes
32,31.54,789.59,8,6,1,24,27,Yes
60,132.45,697.29,24,5,0,36,27,Yes
54,61.68,4257.46,53,1,4,24,6,No
50,43.18,9439.69,64,2,6,1,23,Yes
25,51.12,8777.89,58,3,8,24,21,Yes
61,74.34,5358.71,37,4,4,1,6,No
61,52.65,5869.65,12,1,10,1,30,Yes
22,61.67,556.37,4,5,10,24,18,Yes
56,37.55,2547.26,31,3,0,36,0,No
21,58.5,735.35,38,6,2,24,0,No
23,94.4,7668.13,37,5,7,1,0,No
62,77.44,1883.64,14,1,2,36,10,No
49,65.07,8755.95,24,3,6,1,26,Yes
69,117.04,6611.58,10,6,9,36,27,Yes
47,136.16,2679.48,38,7,2,24,22,Yes
64,118.38,1998.34,43,7,1,24,17,Yes
52,63.16,6462.43,37,2,9,1,12,No
57,116.78,9057.95,42,5,5,36,27,Yes
69,39.76,7324.42,32,4,1,1,21,No
33,36.94,3811.19,14,4,9,36,29,Yes
30,64.93,6080.14,4,7,4,1,29,Yes
67,125.0,3452.24,24,5,4,24,14,Yes
59,52.03,9991.92,10,1,4,12,16,Yes
47,28.22,7613.97,16,1,5,1,9,No
36,37.12,6336.63,39,1,2,12,7,No
34,131.64,4520.96,18,7,9,24,20,Yes
36,102.39,6372.45,25,4,4,12,8,Yes
45,52.92,3745.35,7,4,7,36,18,Yes
43,92.19,774.22,56,2,3,12,17,No
54,88.59,4253.34,47,1,4,1,7,Yes
43,105.21,9339.57,3,4,0,12,26,Yes
40,50.31,6449.86,1,4,0,36,4,Yes
26,132.37,1297.58,33,1,7,24,13,Yes
29,60.22,8907.44,71,1,1,36,12,No
18,110.24,3054.31,59,4,9,1,0,Yes
18,22.1,2815.81,72,6,9,36,10,No
64,68.45,3322.36,32,5,6,12,11,Yes
51,65.72,5983.42,17,4,6,12,5,Yes
49,90.65,5674.54,17,2,10,36,30,Yes
65,29.46,5168.43,21,3,8,12,11,Yes
42,122.72,7316.6,55,6,0,12,2,No
57,48.31,3507.11,6,1,1,1,7,No
62,108.01,7929.61,49,7,0,1,28,Yes
18,124.42,2165.56,26,2,0,1,21,No
33,93.04,7934.9,32,5,10,24,1,Yes
56,116.31,6806.2,72,7,3,24,5,No
22,106.04,6990.48,44,3,7,1,2,Yes
39,66.22,5074.76,59,6,9,36,6,No
46,125.15,6836.51,29,4,7,36,15,Yes
20,58.31,1258.07,17,1,10,36,30,Yes
29,94.26,8589.74,18,4,8,1,16,Yes
43,116.9,1027.7,40,2,1,24,11,No
33,69.26,1913.04,63,7,6,12,14,No
68,59.36,5979.5,45,7,3,36,13,No
54,79.71,7524.41,3,1,2,1,0,Yes
39,126.34,1224.39,3,4,3,1,25,Yes
46,140.89,9247.27,38,7,3,12,11,Yes
31,90.86,9749.27,40,1,2,24,19,No
45,105.99,6256.53,68,2,8,24,22,Yes
22,137.43,5071.81,54,4,7,1,19,Yes
64,32.81,7543.25,20,3,9,12,13,Yes
66,50.17,3619.39,15,7,1,24,15,No
47,112.16,5186.01,5,5,2,12,24,Yes
63,127.09,9203.43,39,4,9,12,14,Yes
69,131.41,9578.73,40,1,6,1,7,Yes
22,73.96,9307.16,7,6,4,12,20,Yes
29,31.61,2993.26,72,4,0,12,30,No
33,76.91,2708.46,33,1,0,12,0,No
43,50.0,3327.81,37,7,7,36,12,No
43,57.86,4692.46,32,6,5,12,29,Yes
65,120.39,3484.59,43,2,3,12,2,Yes
38,29.82,4055.02,63,6,2,1,23,No
56,127.59,6396.05,36,5,8,24,11,Yes
53,75.6,7743.99,49,1,8,24,30,Yes
50,97.49,7487.8,25,4,3,12,6,Yes
47,31.65,8237.02,66,7,10,1,7,No
54,63.86,805.75,9,6,7,1,16,Yes
40,31.66,953.47,18,2,3,12,17,Yes
27,145.0,7999.14,22,6,7,12,9,Yes
22,124.94,5564.25,15,3,6,24,14,Yes
53,79.75,5992.34,7,4,5,24,22,Yes
51,49.07,999.58,13,5,6,24,20,Yes
69,141.35,2925.48,36,2,5,12,20,No
48,64.8,6564.37,16,4,10,24,27,Yes
27,40.93,8662.23,41,1,5,1,28,Yes
36,93.21,9211.34,21,1,6,36,9,Yes
49,142.69,5253.99,28,1,3,36,8,Yes
18,20.5,5682.01,17,4,4,36,0,No
22,50.96,8413.97,65,5,8,1,20,Yes
62,142.0,5607.43,13,1,1,36,22,Yes
21,42.24,5410.16,36,4,8,12,4,Yes
33,34.72,9098.3,58,4,4,12,14,No
41,94.12,8004.36,20,7,9,36,13,No
33,132.04,9136.19,52,5,0,36,25,No
19,82.02,2573.35,6,2,10,24,10,Yes
66,149.29,5481.57,23,2,6,1,22,Yes
45,108.29,8503.49,42,4,4,24,16,No
49,29.63,1555.9,24,2,2,1,20,No
44,149.07,8049.29,5,3,2,24,13,Yes
37,73.03,2238.25,32,5,0,12,29,Yes
41,57.36,8177.13,46,4,6,1,5,Yes
29,92.52,6314.01,17,2,1,36,21,Yes
67,59.56,2335.74,27,6,7,1,3,Yes
52,31.24,4996.86,68,2,3,1,12,No
50,20.19,6978.1,23,5,3,24,20,No
50,78.45,6521.6,34,6,10,36,23,Yes
68,128.79,4558.85,21,1,4,24,21,Yes
60,94.4,9043.98,22,2,8,36,16,Yes
54,149.9,5433.0,65,6,6,24,20,Yes
29,57.29,5305.74,32,5,2,36,30,No
20,56.46,1091.38,62,6,3,1,11,Yes
18,40.77,9260.14,28,7,8,12,22,Yes
50,41.33,2182.61,7,1,0,36,11,No
57,57.07,5519.27,54,6,7,24,23,Yes
27,123.07,8133.89,70,7,7,1,29,Yes
60,137.75,2546.81,14,4,6,24,3,No
61,146.76,5510.05,55,7,5,1,1,No
46,50.2,2786.51,58,1,6,1,19,Yes
30,134.57,7717.1,44,2,9,36,5,No
29,62.67,5861.24,46,4,3,24,5,No
48,34.67,8631.77,14,4,3,1,21,Yes
63,133.1,8998.3,44,1,4,24,0,Yes
19,102.69,6662.97,41,4,3,1,10,Yes
68,41.42,7391.22,2,7,3,36,22,Yes
67,75.88,5717.59,5,7,8,12,22,Yes
52,57.34,4152.07,12,1,5,12,28,Yes
40,115.78,6657.12,47,1,2,12,20,Yes
34,78.94,9128.74,35,6,2,12,28,No
43,148.61,4458.46,19,7,9,36,11,Yes
25,27.12,3486.9,63,1,7,36,3,No
46,66.15,4190.15,8,7,2,36,27,No
43,82.65,4636.28,23,5,3,24,15,Yes
27,85.41,1198.83,13,2,5,1,26,Yes
43,61.07,5235.2,23,4,8,1,18,Yes
51,114.8,5195.99,31,3,5,12,26,Yes
68,133.72,6090.22,30,6,2,12,10,Yes
58,142.03,3946.79,42,2,5,1,10,Yes
24,124.66,6324.52,2,3,3,1,12,Yes
21,130.58,8843.05,11,1,4,1,12,Yes
67,91.57,9576.97,25,4,4,36,7,No
62,127.37,6044.32,29,6,2,36,10,Yes
28,59.46,904.61,22,2,4,36,15,No
46,71.8,9707.74,19,3,4,12,12,Yes
53,61.2,7205.69,41,3,6,36,23,No
42,80.76,3691.65,38,3,8,1,2,No
38,57.13,1898.0,29,2,4,12,26,Yes
53,145.01,1862.48,22,5,8,12,10,Yes
27,60.67,2093.57,8,1,4,36,20,Yes
54,32.75,932.94,47,4,3,12,7,No
26,88.49,9070.46,6,3,5,1,9,Yes
41,27.42,5637.3,7,6,7,12,25,Yes
52,34.37,7149.61,36,2,3,24,29,No
66,48.52,8367.03,8,6,4,1,21,No
52,80.37,8019.64,46,3,9,1,17,No
65,76.32,8884.75,64,2,0,36,16,No
53,123.96,9688.92,31,6,9,1,6,Yes
35,116.13,4671.17,23,5,0,1,17,No
66,75.42,9528.19,61,3,7,12,9,No
56,63.38,7371.25,50,7,6,24,25,No
49,61.14,1171.35,46,3,4,12,19,No
41,120.62,6976.94,43,4,8,24,26,No
40,26.77,7023.81,10,2,0,1,21,Yes
49,21.67,9105.68,20,2,2,12,12,No
54,123.42,4042.86,16,5,5,12,6,Yes
29,82.03,6056.66,3,3,0,36,22,Yes
66,37.01,615.78,30,4,5,12,6,Yes
30,50.62,3654.71,18,6,1,24,19,No
40,141.23,1091.32,59,1,9,24,10,No
42,131.74,5457.79,70,4,4,1,9,No
52,112.27,8265.75,35,6,10,36,25,Yes
58,82.69,2461.21,19,4,9,36,11,Yes
47,87.64,5510.69,26,6,1,12,12,Yes
34,146.78,2438.08,35,4,0,1,11,Yes
66,145.55,1646.54,72,7,3,24,11,No
37,47.98,5354.47,57,4,1,36,5,No
65,125.44,1251.91,49,3,8,1,2,Yes
42,45.64,6079.87,10,4,10,12,7,Yes
39,47.76,797.71,29,6,10,36,16,Yes
30,107.89,1513.79,71,6,2,12,29,Yes
36,72.65,5724.98,68,2,8,24,30,Yes
66,141.1,6118.37,24,6,3,24,12,Yes
53,31.57,775.38,43,2,9,1,7,No
29,86.5,5947.08,39,7,6,12,4,No
58,139.41,8465.77,25,7,6,1,23,Yes
36,137.53,7362.0,68,6,5,24,27,No
29,40.35,1746.26,34,4,7,36,3,No
26,67.66,6128.51,53,6,10,24,15,Yes
24,100.49,6886.4,55,7,10,1,17,Yes
45,40.72,853.7,53,2,5,12,3,No
31,145.84,8625.8,18,7,8,24,10,Yes
48,138.92,9109.54,7,3,4,1,7,Yes
69,41.7,8579.3,63,7,10,12,25,No
36,35.75,8334.0,42,7,2,1,0,No
64,31.1,7577.17,11,1,4,24,26,Yes
33,138.23,6517.6,9,4,3,12,12,Yes
22,45.17,6946.96,35,6,2,24,20,No
52,74.12,8160.76,65,2,0,24,26,No
29,78.35,6793.74,5,2,7,24,21,Yes
42,97.87,3613.41,26,7,3,24,3,No
69,29.33,4071.63,51,3,2,24,3,No
38,49.48,9022.05,38,7,3,1,3,No
53,141.09,662.66,3,6,0,36,12,Yes
40,138.09,7138.8,59,3,5,36,18,Yes
33,121.57,9570.39,13,1,2,24,15,Yes
56,22.52,7209.17,35,6,7,24,27,Yes
62,62.51,9942.16,3,5,10,24,13,Yes
59,101.63,7031.68,53,5,9,12,9,No
56,55.77,826.45,55,6,4,24,4,No
31,138.25,8356.59,45,5,8,12,14,Yes
48,102.41,3203.98,66,1,8,1,5,No
22,29.35,4737.54,67,4,10,36,18,No
52,138.17,3464.87,44,7,1,24,13,No
40,144.51,3051.26,68,5,4,36,26,No
46,30.1,4598.35,62,7,6,1,10,No
60,89.21,4098.14,25,5,6,36,2,Yes
28,59.44,6516.72,52,6,9,1,24,Yes
35,71.07,8224.94,50,2,2,24,1,No
64,43.35,3322.34,1,2,6,1,5,Yes
29,95.15,2530.35,39,4,6,24,23,Yes
26,144.54,6835.51,52,6,3,36,7,Yes
27,85.4,6868.04,40,3,10,1,0,Yes
61,30.78,9060.75,60,1,6,12,29,No
34,100.6,651.48,69,5,7,12,27,Yes
55,64.23,8603.89,20,6,2,12,13,Yes
24,131.27,5449.52,2,7,1,24,15,Yes
63,76.51,6402.37,9,7,8,1,16,Yes
30,45.07,1368.03,39,6,6,12,7,No
57,44.84,4609.84,30,1,0,24,16,No
59,119.94,2659.37,54,2,9,12,12,Yes
26,54.53,2915.14,58,1,9,36,18,Yes
67,119.74,5288.9,44,2,8,36,8,Yes
44,46.77,8218.33,43,1,4,36,2,No
19,61.82,7565.92,10,7,1,12,17,Yes
22,80.51,6114.5,48,2,6,24,0,No
46,142.62,5624.47,17,1,8,12,12,Yes
54,141.13,4559.41,5,5,2,24,12,Yes
55,46.89,9740.74,70,5,3,12,11,No
36,66.57,5821.83,64,4,8,24,0,No
25,39.42,2912.68,66,1,1,12,9,No
65,86.3,2685.86,71,3,3,1,18,No
62,79.88,6307.85,4,4,4,1,21,Yes
18,137.1,5466.86,28,1,3,24,6,No
39,140.9,573.13,38,3,6,36,13,Yes
69,69.86,8385.62,66,5,5,36,5,No
34,83.93,7189.16,67,7,8,36,5,No
24,136.51,6787.38,60,7,10,24,8,Yes
42,124.87,1153.42,47,5,3,1,19,Yes
62,20.48,3939.53,25,7,10,24,15,Yes
21,61.61,9386.13,66,6,8,12,4,Yes
53,74.83,8694.6,67,5,0,12,14,No
23,49.86,3212.66,69,6,5,12,29,No
48,45.94,1992.06,40,7,6,12,0,No
36,24.91,4766.34,50,3,8,12,3,No
61,103.64,3880.39,40,2,0,12,9,No
56,54.13,6981.15,37,1,10,36,5,No
44,26.81,9681.13,69,4,0,36,22,No
27,50.03,3948.51,17,6,1,12,26,Yes
43,124.25,1091.13,62,4,5,24,1,No
36,130.69,9027.33,41,7,2,1,9,No
56,82.8,860.52,42,5,10,12,21,Yes
20,74.09,9551.28,31,2,5,12,18,Yes
62,147.12,6813.5,33,6,1,24,22,Yes
30,46.07,9446.05,43,1,9,36,8,Yes
67,48.0,2396.77,67,6,5,24,10,No
45,57.94,886.65,38,1,6,1,3,No
37,42.46,5137.99,41,4,5,1,23,No
45,69.32,4780.92,63,4,1,24,9,No
25,138.41,3649.18,40,4,4,12,5,Yes
58,100.0,9597.74,30,1,9,36,2,No
56,73.55,8314.55,47,6,5,12,12,No
18,141.47,6785.03,22,4,7,12,18,Yes
20,26.3,2047.15,55,1,8,12,2,Yes
30,47.34,7476.07,43,5,4,12,19,No
45,93.57,7406.62,61,7,6,36,29,No
66,100.02,4538.15,32,7,3,24,17,No
42,25.14,9285.47,4,7,9,1,11,Yes
50,72.4,2086.29,45,6,4,1,11,No
55,104.39,3039.71,72,6,0,36,20,No
23,110.75,1100.63,20,6,2,24,11,No
61,102.96,8056.78,71,2,1,36,29,No
62,61.67,6406.71,65,4,5,12,23,No
49,32.16,3491.93,60,1,8,36,27,No
62,75.52,2056.23,26,5,9,24,28,Yes
64,36.74,881.4,23,3,2,1,6,No
38,143.19,2084.08,40,5,10,36,8,Yes
33,81.77,4806.2,2,2,1,1,11,Yes
38,61.24,2848.18,26,5,1,1,18,Yes
28,119.62,2960.33,62,4,5,1,3,No
54,84.73,8817.98,44,4,9,24,30,Yes
53,60.3,5393.81,31,3,5,12,23,Yes
52,125.56,7427.89,26,6,4,12,9,No
36,132.73,839.25,5,1,8,24,26,Yes
37,107.49,3969.05,70,7,6,12,18,No
35,26.11,5052.11,35,5,6,12,16,No
64,93.62,2270.96,16,3,10,12,17,Yes
58,119.23,1641.82,31,7,0,36,9,No
66,37.75,8767.89,14,4,9,12,25,Yes
31,49.73,9424.6,25,7,9,36,23,Yes
32,134.72,1248.66,71,6,1,1,11,Yes
48,22.62,3815.68,18,1,2,36,22,No
18,117.85,9603.71,50,1,4,12,19,Yes
20,81.59,1290.04,20,2,10,24,7,Yes
33,78.08,6614.59,56,6,3,1,18,No
40,20.92,9736.1,2,4,7,1,0,Yes
28,126.52,9793.12,26,1,10,36,3,Yes
29,66.78,4976.62,23,2,3,24,5,No
27,90.3,2046.12,32,2,5,12,21,Yes
49,108.05,2419.8,13,4,8,36,3,Yes
33,111.34,8951.21,13,1,1,36,15,Yes
25,144.28,9160.99,17,7,7,1,30,Yes
55,89.07,6274.86,58,6,4,36,7,No
29,71.96,7778.68,27,1,9,24,8,Yes
41,143.98,7529.35,17,5,5,36,14,Yes
45,103.47,6787.31,38,1,2,36,17,Yes
25,58.76,8359.13,14,2,7,24,2,Yes
45,36.44,7011.36,14,3,1,36,27,Yes
53,129.53,5573.02,12,4,0,12,23,Yes
43,67.08,2751.09,69,3,10,36,16,No
25,105.86,7566.94,68,1,0,12,0,No
67,81.21,4997.66,55,6,7,24,6,No
45,45.86,3300.52,63,6,1,12,9,No
45,98.22,8118.49,29,7,4,24,14,Yes
54,27.89,7118.78,45,7,1,12,22,No
58,73.73,9404.73,4,2,10,12,12,Yes
53,91.06,2071.7,16,3,3,24,22,Yes
44,76.69,6667.3,66,4,8,24,28,No
34,117.33,2820.27,23,5,1,12,28,Yes
26,127.63,9084.04,68,3,3,24,30,Yes
50,120.26,1445.24,20,6,9,1,4,Yes
37,25.05,6733.54,17,5,4,36,27,No
30,45.24,8015.31,52,6,9,12,6,No
45,89.76,3871.72,6,7,9,1,13,Yes
65,141.53,9564.31,39,7,4,1,13,Yes
46,128.54,8581.94,34,1,4,1,8,No
30,129.53,3298.87,54,1,9,24,21,Yes
63,59.42,571.64,65,4,9,36,5,No
52,75.83,3318.24,29,5,1,12,18,No
23,81.19,3172.45,41,5,7,36,14,Yes
35,40.46,8954.66,63,4,10,12,29,No
68,24.04,9687.65,32,7,4,36,29,Yes
22,143.1,1169.18,66,6,5,36,15,No
64,51.29,4977.3,45,3,7,1,22,Yes
42,51.19,5709.15,17,4,7,24,30,Yes
19,30.84,1382.66,43,7,9,12,21,Yes
27,140.71,4086.23,66,1,6,12,11,Yes
47,95.37,3512.28,68,5,7,12,20,No
67,106.71,5592.54,34,2,9,1,2,Yes
62,138.5,6781.31,1,6,10,1,2,Yes
22,64.93,7183.11,23,7,6,1,5,Yes
50,100.8,1799.17,6,2,9,1,21,Yes
18,25.04,8223.0,16,1,5,1,20,No
35,44.28,6946.15,2,5,4,36,18,Yes
49,128.06,8946.21,27,5,4,12,11,Yes
64,119.68,4768.69,19,4,7,36,15,Yes
66,65.58,8991.95,28,3,0,1,17,Yes
28,68.99,8724.85,35,4,1,24,3,No
38,89.36,4664.89,68,2,0,1,19,No
43,20.03,4120.86,49,5,9,1,25,Yes
42,51.36,9361.71,7,3,6,1,12,Yes
39,47.07,7294.06,37,4,8,12,12,No
44,52.56,9318.33,25,3,6,12,30,Yes
66,124.77,8071.26,41,7,8,24,1,Yes
30,56.36,6288.33,62,6,3,12,29,No
50,44.9,1600.6,41,6,6,1,30,Yes
51,85.55,3269.07,14,2,9,24,27,Yes
58,132.53,9704.0,54,3,9,24,8,Yes
52,51.38,3534.51,2,7,6,24,26,Yes
18,30.21,1385.92,48,6,9,1,10,No
38,66.33,7221.76,51,5,9,12,2,No
65,117.19,7473.04,55,6,1,36,16,No
23,91.59,3211.85,12,3,1,12,11,No
45,126.18,3327.88,69,3,7,36,4,Yes
34,144.75,4954.48,1,4,1,1,13,Yes
22,123.05,707.0,59,7,0,12,25,No
48,98.49,7998.57,34,7,0,1,18,Yes
22,84.13,3512.34,46,3,0,1,21,No
55,25.21,8610.75,59,3,5,24,16,No
20,147.96,8124.99,66,2,4,12,29,Yes
40,69.85,6783.32,19,3,6,24,25,Yes
54,39.79,3586.31,28,7,2,12,3,No
54,106.67,5405.01,40,4,4,1,0,No
27,56.96,4725.88,57,7,1,24,29,No
27,96.15,3719.38,51,4,10,1,16,Yes
36,96.28,8557.29,22,7,8,36,9,No
34,77.94,5093.32,68,7,8,1,7,No
38,128.7,8410.87,8,5,3,36,25,Yes
31,54.45,1499.58,60,6,1,36,10,No
26,78.32,1839.74,65,2,9,24,19,No
63,89.9,9784.54,36,1,7,24,9,No
18,106.27,6083.8,71,5,3,12,18,No
68,121.92,5342.81,29,3,4,12,5,Yes
62,71.32,5469.98,65,6,3,24,10,No
30,103.99,2545.05,56,2,1,12,15,No
21,39.58,7327.69,4,5,5,1,9,Yes
18,141.24,1305.42,72,4,0,1,24,No
66,69.8,5946.58,50,2,7,1,21,Yes
57,114.84,5922.3,39,2,10,1,0,Yes
49,22.64,9184.79,35,7,0,1,7,No
51,46.67,5498.74,25,7,4,36,16,Yes
45,83.32,1802.1,44,3,8,1,18,Yes
48,134.17,5941.16,47,2,0,12,8,No
25,88.54,1367.61,40,6,9,24,19,No
56,140.88,2436.04,31,7,6,24,7,Yes
43,82.89,795.53,69,7,6,12,8,No
51,83.76,5376.29,43,6,4,12,30,Yes
20,35.57,1303.06,55,2,3,12,15,No
67,124.35,4959.25,16,1,8,24,13,Yes
29,52.11,9362.98,68,7,4,12,23,No
18,136.95,7337.73,69,3,0,12,5,No
61,138.41,1235.41,42,7,8,36,8,Yes
22,142.63,2629.99,41,2,10,36,10,Yes
47,87.63,6899.79,50,2,4,36,21,No
47,108.02,8999.67,6,1,8,24,14,Yes
34,121.21,812.73,53,1,10,12,14,Yes
65,37.03,8218.29,17,4,10,1,4,Yes
64,98.12,5837.23,57,3,7,24,7,Yes
40,24.46,5687.87,67,1,9,36,19,No
32,84.68,9599.23,16,2,6,36,2,Yes
54,40.13,7602.62,52,1,10,24,19,Yes
38,43.78,8576.13,34,5,5,24,27,Yes
31,67.46,3862.96,20,4,8,12,24,Yes
19,76.22,5766.46,56,4,3,24,3,No
28,101.01,6346.35,51,6,4,1,6,No
68,29.68,3555.05,53,3,0,1,16,No
56,85.48,5917.36,49,4,6,24,11,No
55,43.74,2748.23,4,3,5,1,5,Yes
51,94.62,1862.07,18,5,10,12,23,Yes
55,102.86,4052.72,36,6,6,24,22,Yes
67,92.37,7523.25,35,2,0,1,20,Yes
51,115.98,9203.78,30,5,6,36,3,No
35,63.63,4848.28,63,3,6,12,17,No
47,119.46,6606.83,21,3,7,24,15,Yes
32,76.26,1478.85,52,3,1,24,0,No
44,82.94,9092.41,69,2,0,24,28,No
68,104.25,5901.74,41,6,0,36,16,No
51,22.39,7913.21,54,6,7,1,4,Yes
69,105.02,8047.19,30,3,6,24,24,Yes
55,100.42,2936.57,56,5,8,1,22,No
50,60.28,5527.16,41,6,1,12,17,No
41,31.15,9624.56,14,2,3,36,5,No
32,31.82,1351.53,21,5,7,36,25,No
47,140.02,6988.97,25,7,5,12,22,Yes
59,109.61,9641.51,50,2,1,12,12,Yes
68,36.52,3355.48,53,3,9,24,7,No
34,66.37,8683.76,48,6,1,12,26,No
22,97.02,9369.75,70,2,6,36,24,Yes
46,128.62,7597.32,48,1,8,1,18,Yes
21,25.68,2697.62,4,5,7,1,27,Yes
27,50.76,3673.01,24,1,1,1,15,No
34,135.67,840.19,31,1,2,1,17,Yes
27,21.19,8398.81,29,3,7,1,6,Yes
34,46.18,8571.31,5,7,3,1,23,No
37,144.67,6510.75,67,3,5,36,8,No
41,99.74,3849.01,53,1,1,12,25,No
22,54.02,1229.7,64,2,0,36,27,No
51,28.71,7654.05,35,3,5,24,29,No
23,23.66,7402.0,12,5,7,1,20,No
19,51.82,9169.72,47,1,4,12,24,Yes
30,134.59,7440.05,55,5,0,12,30,Yes
60,74.07,8372.6,69,7,9,1,0,Yes
60,113.64,7586.57,38,6,1,12,8,No
65,139.38,6491.53,29,7,2,1,28,Yes
28,73.05,4556.18,12,5,1,24,9,No
68,44.87,9070.11,19,5,8,1,20,Yes
64,87.23,6684.2,9,1,9,24,29,Yes
40,138.05,4284.38,29,4,1,12,17,Yes
33,124.57,1292.96,3,7,2,36,21,Yes
48,28.56,3261.7,30,6,8,12,0,No
28,110.03,5665.4,58,3,10,36,12,Yes
33,94.35,3118.54,53,5,2,1,13,No
25,137.97,2601.74,4,1,7,12,22,Yes
21,35.92,5510.24,57,4,7,12,6,No
57,89.42,2113.29,54,1,10,24,30,Yes
21,134.33,8103.9,28,3,2,1,27,Yes
42,73.3,5101.5,16,7,9,36,28,No
20,82.66,5951.7,13,7,9,1,25,Yes
49,29.16,1900.14,72,1,2,24,7,No
20,56.16,3583.48,56,7,7,24,0,No
44,62.19,4395.85,53,2,2,24,1,No
46,142.87,8178.02,48,6,3,1,10,Yes
49,56.75,7816.52,25,2,4,24,0,Yes
67,79.91,2618.29,66,7,6,1,23,Yes
68,107.27,6353.7,30,5,0,24,11,Yes
36,41.08,2812.84,3,1,7,12,7,Yes
38,83.24,9888.35,23,1,2,36,27,No
22,116.01,9545.18,29,5,6,1,2,Yes
35,132.69,5851.01,41,5,10,36,9,No
45,101.41,7139.57,11,7,9,1,14,Yes
59,106.98,8113.59,21,6,10,1,11,Yes
39,36.42,7349.48,24,7,2,12,1,No
38,142.95,7148.37,65,4,8,12,24,Yes
23,37.23,9606.26,1,1,9,1,4,Yes
18,120.71,6166.33,54,3,4,24,30,Yes
22,54.43,6544.88,72,3,2,1,8,No
58,141.37,8568.05,34,3,2,1,17,Yes
29,113.59,6863.96,68,5,3,12,5,No
43,118.0,7462.86,29,5,4,12,10,Yes
63,48.48,2724.6,3,5,4,36,13,No
51,77.6,4027.04,11,7,7,36,0,No
66,100.32,1899.36,8,3,9,24,22,Yes
31,120.1,5304.77,62,4,5,36,3,No
43,33.51,4829.41,33,6,4,36,6,No
62,145.11,9973.05,8,2,1,36,8,Yes
44,135.73,6306.48,25,1,4,24,16,No
26,55.15,7971.23,26,2,6,1,16,Yes
43,126.96,3673.14,26,1,10,1,10,Yes
64,87.38,8399.68,17,5,2,24,22,Yes
39,80.03,6343.31,29,3,6,1,25,Yes
64,60.88,7121.43,43,2,0,36,26,No
47,95.53,3297.09,5,5,5,36,11,No
60,114.89,5712.06,50,1,0,36,14,No
65,73.42,6523.35,56,6,6,36,1,No
34,101.8,6096.4,63,6,5,1,7,Yes
43,110.91,9194.34,57,2,9,24,19,Yes
53,112.45,9033.59,45,2,10,24,22,Yes
18,26.76,9724.35,37,2,0,24,25,No
25,131.77,6840.57,72,2,8,12,1,No
66,79.57,9733.18,36,2,4,24,23,Yes
52,54.11,8408.54,33,5,10,12,5,No
69,51.43,3072.91,6,7,6,24,0,No
32,82.79,4560.64,71,1,0,36,24,No
64,135.29,2764.73,45,1,10,24,26,Yes
39,69.19,539.87,7,4,10,12,17,Yes
31,117.46,2286.46,65,7,7,36,3,No
43,32.59,538.58,24,7,7,12,24,No
45,81.89,7338.47,45,3,8,1,7,Yes
40,148.92,4542.58,61,6,1,1,7,Yes
31,120.16,3469.46,19,2,5,1,13,Yes
41,47.37,7736.35,32,6,9,36,19,Yes
19,85.19,8408.62,30,1,4,36,13,No
62,50.37,9765.35,65,3,5,12,0,No
43,73.24,6599.13,32,3,4,36,25,No
31,121.41,4884.53,57,5,10,24,19,Yes
68,120.26,3400.01,20,2,0,12,2,No
24,49.65,2612.02,30,4,1,24,14,Yes
20,139.89,2522.8,59,3,2,36,26,No
64,97.03,4387.3,62,5,6,24,18,Yes
40,69.39,9921.97,67,2,9,36,0,No
63,85.25,508.11,31,1,8,36,24,Yes
60,98.66,2373.46,66,4,1,24,2,No
64,92.79,2289.73,54,2,9,1,19,Yes
62,83.23,7312.64,10,5,0,36,0,No
35,85.64,3848.6,38,6,0,12,18,No
55,42.93,4843.98,31,5,3,12,16,No
52,125.66,1911.93,29,5,8,1,12,Yes
68,90.43,4347.47,25,5,3,24,19,Yes
32,37.04,1480.4,32,5,2,1,15,No
42,119.6,5563.91,17,4,9,24,25,Yes
54,141.22,1430.41,45,3,7,1,11,Yes
45,143.15,8009.83,49,7,8,36,6,No
27,67.97,5882.72,18,3,4,12,25,Yes
56,37.62,7377.69,52,7,1,1,26,Yes
34,87.39,4475.91,20,1,3,12,23,Yes
56,34.64,4124.17,62,7,9,24,23,No
39,141.42,1432.98,13,3,7,1,16,Yes
43,43.87,5476.63,43,5,1,1,10,No
61,52.86,5387.77,21,3,8,1,21,Yes
42,72.86,4946.97,6,7,10,1,7,Yes
34,69.81,7534.92,71,6,4,12,9,No
30,123.31,8408.79,53,7,6,36,15,No
37,79.32,7632.5,52,6,4,12,28,Yes
42,42.2,1866.72,69,3,2,36,9,No
21,54.74,6409.57,9,5,1,1,23,No
27,86.18,1263.07,46,7,2,36,24,No
20,39.17,7098.91,71,4,1,12,7,No
58,99.52,4127.47,30,5,1,1,4,No
62,93.55,1758.74,43,3,1,12,16,No
35,112.91,8689.48,59,3,10,12,12,Yes
64,141.9,6333.08,38,1,1,12,24,Yes
53,138.59,3869.89,34,5,7,36,9,Yes
64,142.99,791.91,46,1,4,1,9,Yes
39,51.81,5604.45,32,1,8,1,25,Yes
51,37.1,9270.65,16,2,10,12,25,Yes
64,59.3,6165.61,39,6,4,24,20,No
25,136.36,9730.68,1,1,0,12,22,Yes
57,146.37,1796.29,57,6,7,36,11,No
66,131.71,5898.9,20,3,2,36,11,Yes
61,34.3,8082.19,42,7,9,1,6,Yes
36,143.17,5492.64,72,3,10,24,10,Yes
59,75.04,1365.13,34,2,9,36,19,Yes
58,21.21,6037.42,50,2,1,1,23,No
54,77.51,6311.51,11,7,5,24,26,No
23,25.99,7422.74,43,5,3,24,25,No
69,90.7,7731.51,10,7,3,1,24,Yes
43,64.01,7822.34,8,2,8,36,11,Yes
51,81.55,6802.72,72,4,9,12,3,No
62,99.71,2550.21,19,3,7,36,17,Yes
23,132.94,4340.24,65,3,2,36,9,No
54,106.05,7873.23,55,6,8,36,19,Yes
50,76.43,9557.56,52,2,0,1,1,No
39,126.53,1250.0,3,6,6,1,27,Yes
38,137.73,5587.6,53,2,6,12,0,Yes
23,35.57,3468.96,44,3,1,36,13,No
23,89.15,2641.24,48,2,6,36,16,No
65,56.99,5305.2,54,5,6,12,26,Yes
21,26.12,6257.85,16,2,8,24,3,No
47,106.91,592.84,30,2,5,24,29,No
28,132.16,7911.96,28,7,9,12,24,Yes
47,41.18,8288.88,16,5,10,36,29,Yes
48,125.61,9672.35,51,5,9,1,30,Yes
41,130.94,2216.12,33,5,8,36,8,Yes
26,138.86,6148.25,25,6,2,12,30,Yes
20,54.49,4552.94,18,3,7,12,6,Yes
68,137.51,3680.86,26,7,3,12,20,Yes
48,61.69,5873.52,6,2,10,1,21,Yes
57,91.8,7932.64,38,5,0,36,16,Yes
54,26.57,719.0,44,5,6,1,2,No
53,25.7,9709.3,67,3,2,24,0,No
41,113.65,8193.88,43,4,3,36,9,Yes
48,77.78,7635.96,6,2,2,12,4,Yes
23,53.32,7723.68,64,4,5,36,3,No
19,44.75,4196.08,13,4,9,12,18,No
37,107.09,7640.4,65,5,0,1,5,No
45,20.05,4174.32,38,6,9,36,5,No
28,124.77,9037.71,64,3,6,12,8,Yes
21,30.3,2183.61,14,2,9,1,19,Yes
32,44.89,3277.3,17,2,7,36,8,Yes
23,70.21,5737.71,13,2,2,36,28,No
66,83.03,3532.5,6,6,8,24,14,No
47,66.15,4530.25,6,4,1,36,19,No
55,61.69,5178.02,37,1,9,24,7,Yes
68,145.31,8635.36,57,3,10,36,23,Yes
19,103.41,5470.33,53,1,9,24,1,No
32,23.05,3943.37,46,4,8,1,29,Yes
28,75.92,2853.49,4,5,4,36,9,No
25,133.75,4382.42,34,1,5,1,13,Yes
43,59.19,5399.49,66,1,1,36,27,No
68,32.29,7588.09,63,3,4,36,23,No
62,118.59,1649.96,61,4,5,36,1,Yes
61,98.78,2605.29,42,3,4,36,26,No
22,94.14,4106.71,64,5,3,36,23,No
23,26.96,3923.78,17,6,7,36,21,No
43,38.26,4221.61,61,6,1,12,12,No
21,100.93,8038.45,30,6,0,36,18,No
36,47.02,3579.47,43,2,1,24,27,No
37,85.53,5268.03,7,6,10,36,26,Yes
50,90.83,6427.12,46,7,3,1,29,Yes
37,56.86,2705.7,23,6,0,24,28,No
66,143.3,7327.61,36,4,8,24,28,Yes
29,129.52,5697.56,14,7,0,24,29,Yes
64,113.91,4744.42,20,6,4,12,6,Yes
18,30.14,8192.95,56,6,7,36,11,No
43,33.8,2813.2,32,5,8,1,5,No
31,84.06,8890.17,25,5,8,1,2,No
55,40.89,5829.96,49,1,7,1,29,Yes
54,147.17,6287.16,57,7,5,12,4,No
28,40.61,8813.06,27,3,5,12,3,No
53,83.37,8267.04,27,1,8,12,13,Yes
30,67.34,6214.84,46,1,1,36,28,Yes
60,103.12,7655.28,45,2,2,12,5,No
20,36.77,4616.54,26,3,5,1,16,Yes
50,75.94,5700.09,14,2,7,12,16,Yes
23,55.71,1089.67,48,6,6,1,23,No
67,135.41,1353.65,15,5,7,24,12,Yes
27,25.28,8379.54,51,6,4,1,23,No
22,138.78,1066.88,54,2,8,24,11,Yes
40,128.29,2109.29,11,5,5,36,24,Yes
27,58.68,8060.41,28,1,9,12,28,Yes
61,122.61,510.89,55,6,1,36,23,No
19,24.06,3182.84,69,2,5,36,29,No
30,145.69,6048.37,72,6,10,36,1,No
57,88.46,6156.77,26,3,3,24,13,Yes
19,59.43,7882.95,70,2,4,12,26,No
37,67.14,5306.3,32,5,4,36,4,No
18,28.63,5339.32,48,4,0,36,7,No
54,148.62,7390.45,12,6,9,1,14,Yes
26,25.11,5236.93,70,7,4,1,8,No
34,105.14,6280.67,61,6,9,12,15,Yes
26,77.56,9028.85,34,7,10,1,12,Yes
28,143.36,4313.78,45,3,8,24,21,Yes
32,51.98,4158.69,60,5,7,24,14,No
41,89.17,533.72,65,6,7,24,3,No
55,82.71,6327.55,71,7,2,36,24,No
52,111.37,782.83,13,4,8,12,15,Yes
47,28.84,5289.41,48,6,8,24,11,No
48,45.19,8140.22,49,3,9,24,19,Yes
66,47.89,5724.25,58,4,6,24,21,No
22,115.96,3061.54,70,1,5,24,11,No
61,44.59,7968.6,61,1,8,24,30,No
67,94.55,3062.31,26,6,10,24,14,Yes
31,47.98,7463.8,39,2,5,12,4,No
28,132.01,6297.46,58,2,2,24,0,No
26,142.48,2114.96,27,2,5,12,19,Yes
51,87.4,9098.77,40,2,10,12,25,Yes
29,65.8,2406.11,31,7,1,12,2,No
52,50.43,9901.08,3,6,1,24,7,No
52,26.47,569.45,15,4,6,24,6,No
18,54.91,3003.09,54,3,7,12,12,No
57,105.05,2398.67,70,3,6,12,9,Yes
39,89.37,632.94,11,7,4,24,30,Yes
46,142.73,7457.5,30,2,3,1,16,Yes
25,71.52,7087.55,35,1,7,1,10,Yes
28,110.2,8027.33,43,5,8,1,7,Yes
58,83.61,2938.64,61,2,6,24,22,Yes
54,86.63,4721.18,40,2,0,12,14,No
31,54.81,6761.58,42,6,3,1,11,No
47,79.14,4677.8,42,7,3,36,17,No
52,81.2,7124.59,3,1,9,36,9,Yes
38,111.86,6522.75,21,5,2,12,11,Yes
54,142.28,1589.15,53,4,3,36,29,No
22,62.81,7919.91,44,4,8,24,29,No
36,25.49,7346.43,46,5,0,36,3,No
31,84.52,6730.43,37,5,1,12,14,No
43,90.78,1973.39,38,7,6,1,17,Yes
21,41.9,3045.97,38,4,8,24,24,Yes
42,118.86,4235.18,11,2,6,12,12,Yes
62,148.04,3159.33,45,7,0,24,23,No
59,142.95,2664.2,64,2,6,1,16,Yes
42,45.62,8150.9,44,6,5,1,0,No
35,133.8,6563.21,62,1,0,1,23,Yes
57,111.58,5871.99,61,5,0,24,4,No
25,79.0,2646.55,12,2,1,36,16,Yes
56,90.28,9221.73,9,2,5,24,26,No
57,130.45,2316.24,67,1,3,1,19,Yes
31,82.42,8052.03,2,5,3,24,17,Yes
49,68.52,9683.39,8,1,5,24,28,Yes
68,84.12,7407.38,43,1,8,36,8,No
55,95.29,9932.16,18,4,0,1,9,No
50,44.58,6684.99,52,1,1,36,21,No
40,137.12,2565.87,39,7,7,1,26,Yes
32,107.64,2436.29,31,7,7,12,24,Yes
50,102.32,3583.36,14,7,10,1,16,Yes
42,32.93,567.74,64,5,10,24,0,No
34,98.54,6976.14,44,2,5,12,26,Yes
50,35.72,3052.34,60,2,5,24,3,No
64,30.23,8244.24,2,4,7,12,17,Yes
19,88.55,3912.14,32,5,1,24,14,No
31,72.36,5059.59,36,7,1,12,14,Yes
57,96.55,9674.04,55,2,0,12,0,No
57,31.6,2800.64,63,1,5,24,21,No
68,76.03,7351.91,69,7,5,12,23,No
56,42.72,7673.62,40,7,5,24,0,No
68,148.32,2599.48,24,3,10,36,10,Yes
23,92.95,5259.47,58,7,1,24,10,No
23,109.37,3826.92,28,3,6,36,25,Yes
20,62.3,7833.11,62,7,2,12,25,No
24,32.32,6413.59,25,7,0,1,5,No
68,146.86,5021.84,7,7,0,36,0,Yes
25,57.21,7903.95,38,3,8,1,30,Yes
59,75.1,2733.98,71,3,2,1,13,No
69,104.48,7659.41,45,1,7,24,23,No
32,23.21,8721.06,32,2,9,24,5,No
64,125.33,8846.91,32,4,6,1,29,Yes
46,89.76,7944.9,1,1,1,24,16,No
50,56.17,4376.13,45,2,1,1,8,No
69,28.01,9827.18,64,5,3,24,16,No
47,41.12,4106.14,68,2,1,24,24,No
56,136.35,6566.94,7,2,4,24,13,Yes
44,109.18,2030.2,38,2,9,1,18,Yes
53,52.49,9814.26,70,1,6,12,7,No
46,28.53,7187.87,53,2,1,24,23,No
55,109.78,7657.09,30,7,8,24,22,Yes
50,94.41,1124.88,22,2,0,1,11,Yes
54,72.59,7752.47,58,5,1,36,1,No
44,67.27,7859.87,55,5,6,1,2,No
50,48.19,6881.84,46,3,4,24,20,No
21,107.05,3273.14,26,6,0,24,12,No
39,146.19,5152.06,64,1,3,12,4,Yes
19,42.84,1549.13,9,2,7,24,17,Yes
27,97.63,4980.08,15,3,4,36,0,Yes
22,75.14,2816.33,19,3,1,24,4,No
27,78.07,3816.42,16,1,8,24,20,Yes
50,53.04,2044.7,25,6,0,12,11,No
55,127.27,2685.52,51,3,0,36,18,No
30,83.08,1227.4,46,3,9,36,23,Yes
48,90.64,9239.06,7,1,4,24,5,Yes
64,59.62,5538.9,34,4,8,36,1,No
53,43.64,4269.05,58,3,5,12,1,No
62,31.17,5582.78,23,5,4,1,19,Yes
41,112.84,6468.79,23,7,5,24,30,Yes
69,45.51,9257.85,17,3,5,24,12,Yes
32,109.71,2197.58,13,1,8,36,13,Yes
46,70.75,3307.75,27,1,8,24,5,No
25,74.05,9770.0,66,6,4,24,11,No
22,80.99,4026.33,30,7,3,12,24,Yes
46,67.8,714.34,4,4,0,1,12,Yes
64,33.08,1902.61,67,4,5,1,23,Yes
21,60.25,750.22,14,6,6,36,7,No
29,106.29,9904.27,11,6,6,12,30,Yes
62,106.55,3149.27,40,5,0,12,13,No
19,57.21,9273.66,3,7,5,12,17,Yes
44,79.81,9960.92,1,5,7,12,29,Yes
48,45.15,6198.49,9,3,2,24,26,No
68,47.35,815.36,1,4,0,36,3,No
68,23.0,1275.12,16,5,6,36,5,No
53,136.58,5075.1,72,3,3,24,29,Yes
53,47.39,4358.63,46,2,4,36,21,No
43,49.58,6258.68,10,3,1,12,30,Yes
60,56.35,4669.05,33,7,6,24,27,No
44,36.56,9373.73,41,5,0,24,25,No
22,103.1,5580.03,51,7,3,1,5,No
37,29.77,7090.4,22,3,7,24,14,No
28,37.45,9016.61,16,7,6,1,23,Yes
27,103.82,1895.28,62,7,6,24,23,No
57,64.16,2682.48,53,2,6,36,29,Yes
55,112.03,1519.53,14,5,4,1,12,Yes
23,92.47,1826.56,59,3,10,1,6,Yes
25,53.28,5369.55,26,5,9,1,12,Yes
40,104.61,3551.2,44,6,2,1,20,Yes
64,35.12,4520.14,20,6,9,12,5,No
43,89.73,9833.65,5,3,6,24,5,Yes
63,76.83,1988.69,65,1,7,12,13,No
60,54.82,5637.71,11,5,6,36,2,No
29,98.52,1439.28,47,5,5,24,30,No
43,133.27,3525.71,10,6,8,12,10,Yes
30,149.86,5511.5,61,6,10,24,12,No
57,99.01,9493.0,45,7,5,12,2,No
35,72.61,4216.67,47,5,4,36,11,No
42,49.28,1116.61,34,5,10,12,22,Yes
50,53.42,4187.53,13,6,5,36,21,Yes
64,82.33,1884.54,23,3,9,1,20,Yes
57,67.75,2684.9,36,4,3,12,26,No
60,138.8,6371.86,63,7,5,1,21,No
29,67.88,1140.53,47,3,3,36,21,No
61,68.55,4914.88,66,2,4,1,19,Yes
53,69.86,6289.89,14,1,5,12,27,Yes
65,128.76,4507.65,53,3,0,24,26,Yes
21,104.6,681.7,66,3,5,12,4,Yes
22,99.84,9862.43,49,5,5,1,12,Yes
54,63.44,3987.6,16,7,0,1,22,Yes
25,126.33,7896.48,68,2,6,12,26,Yes
59,24.99,3593.64,43,7,9,12,10,Yes
66,133.2,5012.66,65,5,4,12,16,No
45,86.66,4190.4,9,6,7,12,27,Yes
48,71.77,3754.12,21,7,4,36,28,Yes
26,84.63,707.59,43,5,9,24,9,No
68,106.76,3920.2,66,4,4,1,11,No
46,21.66,8950.15,4,1,1,36,5,No
31,133.3,7058.74,7,4,3,12,4,Yes
57,78.08,1881.52,58,5,3,12,21,No
58,64.59,6115.97,4,1,9,36,0,Yes
39,37.97,8976.19,20,3,9,12,19,Yes
28,77.13,7150.32,35,7,7,1,23,Yes
40,84.52,1912.5,59,2,2,1,19,No
18,72.47,8744.41,45,4,0,1,29,Yes
63,108.23,3364.67,14,2,6,36,14,Yes
54,74.72,4813.72,22,5,8,12,15,Yes
38,144.98,5498.36,48,1,5,36,28,Yes
43,97.91,8579.81,30,6,1,1,9,Yes
63,124.97,9350.27,29,7,1,36,23,No
53,34.22,9331.7,36,7,0,12,26,No
40,71.65,575.56,42,3,5,12,7,Yes
18,63.79,9257.94,29,1,7,24,1,No
68,94.03,1016.68,7,6,0,24,21,Yes
57,131.94,3024.85,32,2,0,24,6,Yes
32,30.18,5392.38,13,2,0,1,22,No
38,29.43,5059.29,13,3,9,24,0,No
64,130.54,6244.74,54,6,4,1,19,Yes
26,47.67,5054.74,14,6,6,36,29,Yes
26,106.94,9376.57,6,3,3,12,22,Yes
27,90.57,2785.21,16,1,0,36,5,No
69,128.28,3103.23,41,4,0,24,30,Yes
43,36.26,9247.01,52,1,9,24,12,No
58,36.87,1229.03,16,7,2,1,11,Yes
52,92.39,6290.83,5,2,4,1,18,Yes
69,143.03,6976.49,24,1,4,36,25,Yes
42,73.95,5302.65,43,5,8,36,25,No
43,62.5,7095.2,65,1,8,24,16,Yes
28,98.87,2141.17,10,7,8,1,4,Yes
55,140.96,8600.01,59,1,7,1,26,Yes
19,128.8,1830.24,35,6,10,36,23,Yes
24,149.41,4307.72,31,7,8,1,14,Yes
35,22.93,1214.95,11,7,7,36,13,Yes
44,34.67,5679.51,9,5,7,12,2,No
51,99.23,6862.59,66,2,7,24,4,No
44,126.67,9441.61,44,3,7,1,30,Yes
34,57.08,7523.69,16,1,4,1,24,No
60,51.1,5640.48,48,4,9,12,13,No
61,122.31,9359.86,53,6,2,12,7,No
68,27.33,5045.15,65,6,3,12,10,No
41,68.02,5831.45,48,3,8,36,24,No
42,85.76,6162.94,70,4,6,36,14,No
24,92.85,4394.81,46,1,8,12,12,Yes
69,114.72,8465.59,33,4,10,24,4,Yes
23,66.13,2259.17,52,6,10,24,12,No
41,99.65,5771.0,55,3,10,1,2,Yes
50,96.1,7361.22,51,4,6,36,12,No
66,91.19,9087.77,40,4,7,24,10,Yes
46,103.26,8897.22,25,3,2,1,8,Yes
60,53.73,5333.03,63,7,7,24,3,No
39,31.0,6610.03,22,3,3,36,16,No
43,35.51,4245.26,38,3,5,24,14,No
45,49.2,4947.69,9,6,0,24,26,Yes
67,85.03,9109.53,37,3,1,36,30,Yes
38,129.26,9341.69,5,5,6,1,17,Yes
66,111.17,9006.43,22,1,5,1,15,Yes
24,122.58,1814.52,12,6,9,12,23,Yes
34,65.63,8575.8,60,7,4,1,1,No
37,72.6,9509.46,44,3,6,12,5,No
58,71.18,3931.87,22,2,1,36,11,No
66,44.94,5427.14,6,4,9,1,4,Yes
37,27.96,7901.4,27,3,3,36,24,No
39,96.82,5839.74,55,3,4,1,23,Yes
45,148.6,9938.09,15,1,7,24,16,Yes
57,41.69,4829.28,64,3,5,1,18,Yes
66,26.07,7282.46,17,6,5,24,29,Yes
24,121.34,8029.62,3,5,4,1,11,Yes
18,52.84,5193.95,10,2,9,36,4,No
49,127.85,8641.35,63,2,4,12,27,Yes
30,111.51,5688.47,63,7,0,1,23,Yes
47,142.94,4410.68,62,3,3,36,6,Yes
40,73.16,1524.32,9,1,8,24,1,Yes
68,106.06,4237.43,24,6,1,24,29,Yes
36,80.43,7472.4,32,6,10,24,11,No
49,101.98,9252.22,3,3,5,24,22,Yes
47,78.45,2890.95,33,4,1,36,4,No
46,44.52,3874.74,43,6,8,1,21,No
66,86.03,1962.63,12,6,4,24,7,Yes
62,88.72,7061.87,32,6,8,24,4,Yes
46,125.38,9621.79,20,2,9,1,15,Yes
47,115.62,6589.05,67,6,4,36,8,No
33,106.29,6362.23,68,4,8,24,0,No
57,34.74,5758.15,17,5,1,12,4,No
36,113.68,1340.33,19,2,10,36,0,Yes
35,85.04,7430.29,4,2,6,12,16,Yes
18,136.23,6219.47,17,5,7,36,0,Yes
31,139.58,6784.03,64,4,2,24,14,No
68,27.17,9038.71,22,3,0,36,4,No
64,126.68,7947.63,66,7,1,36,8,No
67,24.9,7918.69,42,1,9,12,17,Yes
19,67.73,9308.25,45,4,4,36,5,No
45,90.5,9904.38,11,5,8,36,20,Yes
66,39.25,6022.19,53,7,4,24,11,No
67,117.02,1534.38,60,6,0,1,13,No
47,21.09,4861.73,29,6,0,12,6,No
55,41.92,7982.21,20,5,1,12,6,No
68,95.5,763.39,5,6,0,1,18,Yes
21,112.87,1040.43,25,5,7,12,5,Yes
18,139.16,1138.0,34,7,1,24,30,Yes
25,111.71,7444.84,12,2,10,36,2,Yes
46,107.33,5261.08,28,3,7,36,15,Yes
56,71.26,4004.53,6,2,10,24,15,Yes
20,20.17,1503.36,19,2,4,12,17,No
49,35.62,7456.28,12,2,0,36,4,No
27,89.49,3549.69,25,5,3,1,19,Yes
27,107.77,3020.58,13,4,1,36,28,Yes
36,74.27,6697.03,3,7,5,24,3,No
63,114.99,5810.6,24,1,4,36,15,Yes
51,87.84,3942.9,8,1,8,24,3,Yes
50,29.64,6594.13,45,3,2,12,23,No
40,44.96,3076.6,72,3,4,1,12,No
45,129.2,8050.89,1,5,9,24,13,Yes
49,114.24,2678.53,3,1,6,1,16,Yes
67,136.32,2008.96,65,4,8,12,2,Yes
24,35.28,7933.17,15,5,2,12,24,No
46,148.73,7224.97,50,3,3,24,2,Yes
25,47.22,2235.07,20,5,0,36,16,No
18,21.53,1604.33,3,3,1,1,12,Yes
20,149.66,8464.79,61,1,2,36,20,Yes
41,56.54,7877.69,15,7,9,1,19,No
40,106.84,3608.95,59,5,6,12,9,No
25,42.97,6752.88,54,2,6,12,28,No
64,95.43,1679.52,60,6,0,12,23,Yes
54,137.52,5316.95,37,7,8,36,26,Yes
20,61.62,677.94,21,3,2,12,11,No
68,107.13,4220.22,23,2,2,36,26,Yes
50,44.43,1211.01,18,3,1,12,8,No
45,101.22,5013.9,17,7,2,36,25,Yes
64,63.74,4505.98,31,2,5,24,20,Yes
25,47.46,4721.66,64,1,9,24,0,No
51,60.71,930.65,48,7,3,1,3,No
52,43.25,3935.36,26,7,1,36,18,No
49,137.25,7686.6,22,1,7,36,5,Yes
41,71.63,4004.69,45,4,0,24,14,No
31,51.89,7294.13,36,4,9,24,17,No
49,78.29,4010.05,64,4,7,24,4,No
63,61.67,4520.77,35,5,1,1,7,No
60,116.77,5856.98,27,7,8,24,10,Yes
33,146.26,9531.48,68,3,3,1,4,No
21,76.94,1534.17,17,5,3,1,20,Yes
69,131.93,812.68,70,4,6,24,7,No
54,93.56,6275.59,11,3,2,24,10,No
38,40.44,9516.42,5,5,9,24,20,Yes
31,109.78,9902.37,58,1,2,36,19,No
48,86.75,5099.56,57,3,3,12,9,No
65,104.58,4946.78,14,7,9,36,8,Yes
35,135.66,6627.16,72,4,2,1,1,No
24,77.26,5778.53,1,1,9,1,16,Yes
27,137.15,6523.84,16,3,7,12,3,Yes
24,117.59,8802.99,26,5,8,12,25,Yes
50,83.52,7589.91,49,6,4,24,11,No
40,98.42,5220.34,42,6,2,36,18,No
38,62.33,4887.71,70,4,6,36,24,No
36,147.87,6576.22,66,5,2,36,18,No
65,106.76,4829.21,53,1,5,12,18,Yes
36,25.7,4848.9,9,7,10,36,25,Yes
53,62.46,654.91,69,1,3,12,28,No
46,101.03,2153.61,40,1,6,36,6,No
35,27.32,5140.88,56,3,5,12,12,No
19,23.1,8315.21,5,4,6,36,27,Yes
18,78.5,3147.91,56,7,3,1,1,No
64,63.25,5465.11,72,6,10,12,26,Yes
22,76.98,3777.14,5,1,5,24,7,Yes
37,54.15,1495.64,69,5,9,1,5,No
28,41.41,9603.84,52,4,6,1,27,Yes
59,109.59,8619.4,33,6,9,12,10,Yes
19,86.89,1245.68,22,5,7,36,27,Yes
20,46.02,7337.98,15,7,9,36,29,Yes
40,61.55,3802.01,65,5,8,12,8,No
29,96.94,9951.07,71,7,2,36,7,No
37,29.39,3372.79,23,1,4,36,19,No
22,39.17,2768.02,6,4,9,36,23,Yes
54,29.52,5894.96,58,2,2,12,19,No
55,125.6,8433.7,26,7,4,12,26,Yes
47,117.81,2328.93,12,3,1,24,14,Yes
26,117.93,7239.33,2,2,2,36,20,Yes
51,113.12,1083.36,32,3,6,36,26,Yes
61,107.02,9229.88,50,4,7,12,25,Yes
52,82.01,1270.21,61,6,4,24,10,No
69,103.5,9185.2,11,1,2,12,14,Yes
39,24.99,5162.67,68,4,3,12,22,No
61,100.79,4756.87,34,2,2,24,21,Yes
41,121.12,9746.42,8,5,2,12,4,Yes
34,85.05,9908.65,8,3,8,1,15,Yes
27,66.48,6676.69,15,3,3,24,1,No
47,56.07,1707.63,5,2,5,36,29,Yes
63,103.56,5308.62,19,1,2,36,30,Yes
40,110.06,5527.05,9,4,7,24,14,No
49,133.23,5387.24,57,2,10,36,4,Yes
34,64.5,5910.17,54,7,3,1,14,No
67,120.07,677.88,29,4,7,36,25,No
68,92.98,7256.66,19,7,1,24,22,Yes
34,134.77,7267.75,46,1,8,12,10,Yes
31,88.62,1596.96,62,5,1,24,28,No
26,87.29,5917.27,60,7,2,24,5,No
57,95.12,5899.43,5,4,2,1,5,Yes
19,117.41,6983.28,33,7,4,36,4,No
62,145.41,1311.28,55,1,2,24,29,Yes
42,29.56,6451.78,19,2,7,36,29,Yes
56,26.95,3167.14,17,6,9,12,30,Yes
26,141.88,5316.53,42,5,6,24,24,Yes
39,88.88,7846.57,22,5,10,24,0,No
60,99.94,7203.64,39,5,0,36,19,No
63,82.72,1629.58,27,3,5,1,6,No
21,32.18,6116.26,46,6,1,1,15,No
43,119.85,9706.61,28,1,7,36,16,Yes
46,117.14,1989.31,52,4,9,24,28,No
62,60.52,8602.62,65,2,7,12,27,Yes
51,59.81,7174.21,39,7,6,1,26,Yes
40,128.92,7853.03,18,7,7,1,14,Yes
54,29.41,3178.6,22,5,0,12,19,No
28,134.54,3234.94,68,5,7,1,21,Yes
23,53.37,9107.18,11,5,0,36,9,No
35,97.09,3918.4,64,1,2,24,7,No
38,141.68,1098.65,71,2,3,1,22,No
59,108.16,6205.67,57,1,2,12,27,Yes
53,73.88,1685.77,35,2,1,36,8,No
58,109.64,8067.66,37,4,10,36,30,Yes
55,64.72,6596.59,50,7,10,36,22,No
51,56.04,8809.9,30,3,2,36,18,No
34,149.57,7955.95,17,2,8,24,9,Yes
54,117.6,1565.08,33,6,1,36,19,No
42,103.81,4120.17,16,1,4,36,2,Yes
55,66.19,7858.32,15,1,2,36,24,Yes
29,26.39,4464.74,13,1,8,12,30,Yes
40,24.04,9737.47,3,3,6,12,10,Yes
59,92.04,7489.53,24,2,9,12,10,No
39,119.06,647.25,23,2,2,12,7,Yes
38,89.86,8859.86,59,2,1,1,9,No
44,129.3,1457.65,55,2,1,36,28,No
48,24.35,1834.98,65,5,4,1,8,No
23,67.68,7477.68,32,5,8,1,9,No
44,50.82,8717.2,60,6,1,1,9,No
57,78.15,5595.32,30,1,1,24,17,No
51,29.41,3245.97,66,7,7,36,4,No
29,144.04,3837.5,18,5,2,36,4,Yes
62,49.02,3757.45,59,7,2,1,6,No
24,139.9,3603.44,53,7,5,12,19,Yes
27,75.37,2807.64,64,2,5,24,19,Yes
62,148.12,6284.24,30,2,5,1,7,Yes
34,92.03,9053.85,18,5,4,1,16,Yes
43,141.01,3417.28,5,4,3,24,5,Yes
38,20.7,2273.6,69,6,8,1,24,No
45,117.27,8466.49,8,7,10,36,12,No
63,137.4,7546.94,9,7,3,12,12,Yes
19,38.16,9342.95,32,1,0,12,12,No
60,32.5,2072.44,14,3,7,12,15,No
18,75.19,1870.39,13,6,10,12,30,Yes
68,141.38,5643.58,18,1,7,1,1,Yes
53,90.51,6337.12,68,1,10,12,4,No
68,88.57,5061.65,22,1,2,1,9,No
43,38.35,6190.18,20,6,8,36,9,No
46,20.1,2213.61,15,7,6,1,24,Yes
38,125.32,5056.33,7,6,6,1,30,Yes
28,31.38,6751.88,30,5,4,1,10,Yes
57,102.4,4610.71,5,7,2,24,27,Yes
28,138.9,6954.75,1,1,9,24,19,Yes
53,47.12,4786.32,60,2,4,24,30,No
66,106.49,3669.2,31,1,2,36,24,Yes
56,30.23,3384.25,20,2,2,12,23,No
57,98.49,4403.57,64,5,0,1,8,No
52,41.31,719.35,64,5,3,1,12,No
51,115.67,6850.99,29,1,8,12,12,Yes
64,59.16,8528.5,10,6,5,24,28,Yes
41,80.24,3868.96,29,2,5,36,1,No
39,97.93,937.31,31,2,5,1,25,Yes
22,42.27,9874.37,30,2,4,12,4,Yes
50,116.41,3005.13,25,2,1,24,30,Yes
53,59.34,1702.9,58,3,4,36,25,No
64,106.11,4012.65,57,5,10,12,24,Yes
37,40.58,7516.29,63,2,9,12,4,No
36,109.46,3292.21,37,3,2,1,11,Yes
52,36.66,5959.68,58,3,9,36,19,No
69,75.3,4447.82,28,5,10,36,7,Yes
60,52.14,1618.76,27,4,1,24,5,No
34,117.29,3637.73,70,1,3,24,17,No
62,54.06,7386.27,37,5,9,1,7,No
60,134.62,6314.04,6,4,8,36,27,Yes
51,135.94,1637.89,62,6,6,24,20,Yes
26,45.54,2051.56,33,1,9,36,22,No
43,99.8,6586.97,40,1,8,12,19,Yes
19,31.4,8227.45,41,1,2,12,24,Yes
26,70.9,3820.01,42,3,1,12,1,No
26,112.73,6155.45,9,2,8,36,27,Yes
57,105.73,2121.11,18,1,5,1,9,Yes
34,101.21,3458.08,15,7,9,24,24,Yes
18,56.73,692.57,4,2,3,1,19,Yes
42,69.14,7798.62,34,1,3,1,5,No
60,33.38,4309.59,62,3,9,1,4,No
57,113.47,8253.19,38,6,9,1,15,Yes
59,85.51,7229.54,71,1,5,24,2,No
42,112.14,8373.07,23,5,6,12,22,No
56,52.36,3213.76,20,7,10,12,3,Yes
52,62.18,2258.53,56,4,9,12,0,No
20,63.45,9733.1,53,1,4,36,13,No
67,23.35,7314.61,2,7,7,36,13,Yes
54,64.34,8423.4,21,4,9,24,23,No
61,124.43,624.77,42,4,0,24,18,Yes
61,136.65,3867.39,57,7,0,24,5,No
68,87.37,7556.76,49,3,3,12,11,Yes
47,79.22,1240.84,10,6,7,24,17,Yes
55,24.01,5889.73,72,4,10,12,8,No
51,134.3,4576.19,61,3,7,12,19,No
29,21.69,667.36,21,6,5,1,22,No
36,142.82,2741.77,60,1,4,36,30,No
54,83.6,3205.52,13,2,9,36,24,Yes
61,64.45,1562.67,48,3,9,24,12,No
66,140.15,6499.6,40,4,1,1,26,Yes
34,23.17,2802.78,63,4,4,24,18,No
27,95.59,3137.39,9,1,4,24,12,Yes
66,91.36,9033.27,57,7,1,36,18,No
64,48.51,4937.67,51,3,7,1,18,Yes
29,75.76,4225.22,40,1,9,24,29,Yes
33,104.79,7376.77,64,3,4,24,30,Yes
41,114.53,9141.33,70,2,4,24,20,No
36,20.09,737.85,64,5,0,12,9,No
25,141.79,4758.27,25,1,0,36,5,No
48,41.39,6302.42,28,4,10,12,2,Yes
38,50.37,3526.35,10,1,0,24,25,Yes
34,54.25,7837.87,28,7,7,1,15,No
40,24.92,9729.03,36,3,9,12,8,No
54,36.0,9462.56,11,1,1,12,16,Yes
33,148.23,3026.83,21,2,7,24,22,Yes
23,60.98,2650.21,26,3,5,12,26,Yes
25,34.99,9596.16,18,7,4,1,8,No
42,33.91,4856.97,68,7,5,1,4,No
35,113.53,2478.83,41,6,3,36,18,Yes
42,131.09,7216.47,15,7,10,36,28,Yes
29,53.4,3201.99,23,4,2,1,14,Yes
32,22.72,3038.85,41,4,10,1,9,Yes
43,49.0,8852.87,6,3,3,12,3,No
58,27.35,2043.55,71,6,8,36,23,Yes
62,33.44,1111.73,60,2,7,12,11,Yes
43,76.1,3057.27,52,7,10,1,13,Yes
64,49.89,6265.98,9,1,7,36,14,Yes
49,87.07,1669.33,30,5,0,12,18,No
27,52.95,4980.15,44,4,4,36,30,No
33,142.27,6459.7,62,2,5,24,4,Yes
24,137.77,8563.0,43,7,8,24,11,Yes
34,93.68,2683.76,28,2,9,24,2,Yes
40,66.08,8264.79,8,2,9,24,14,Yes
43,69.55,2731.61,51,1,5,24,29,No
38,73.54,6929.28,30,2,0,36,14,No
39,114.59,4591.4,11,2,0,1,11,Yes
24,78.71,1589.47,20,3,6,12,14,No
31,131.37,7285.5,31,3,2,1,5,No
32,142.73,2568.74,34,2,6,1,27,Yes
24,63.67,2177.92,12,2,4,1,16,Yes
26,92.89,3904.07,48,3,0,12,22,Yes
68,32.36,6706.26,28,1,10,24,14,No
65,46.06,2722.97,67,3,7,36,14,No
25,73.75,2244.78,63,7,8,36,10,No
67,46.81,594.56,48,3,5,1,29,Yes
40,133.95,4980.61,42,3,1,36,21,No
46,40.58,4572.13,52,3,8,12,11,No
35,79.24,2721.74,5,5,1,1,21,Yes
48,98.74,1009.7,12,4,5,12,18,Yes
47,109.94,4577.93,59,7,9,1,0,No
69,69.8,7987.95,65,7,3,24,15,No
56,132.98,7295.18,52,1,5,36,10,Yes
52,93.88,8677.55,43,6,3,36,30,No
35,77.14,591.04,63,1,10,12,0,No
59,28.74,9680.98,50,7,2,36,22,No
56,80.41,3743.42,39,2,10,1,3,Yes
34,126.7,9908.78,42,5,7,24,29,Yes
31,99.89,2899.88,17,2,4,36,5,Yes
48,128.18,4979.6,43,1,0,24,3,No
41,84.22,3862.31,49,1,7,12,23,Yes
52,35.4,3879.73,5,6,2,24,27,Yes
61,21.77,8501.68,1,6,3,36,24,Yes
62,59.42,7590.98,67,2,8,36,1,No
51,110.74,9925.44,24,4,2,12,16,Yes
20,122.73,6328.39,29,2,4,12,0,Yes
54,58.45,4900.94,15,4,7,24,30,No
60,84.44,1355.7,4,4,5,24,29,Yes
57,74.75,9967.33,44,3,2,12,12,No
43,73.37,5739.54,65,1,7,36,11,Yes
40,50.08,7154.54,31,3,4,24,27,Yes
61,37.73,4364.05,20,1,5,12,22,Yes
56,45.57,5703.3,10,3,10,24,28,Yes
32,27.19,9454.49,11,4,2,12,29,Yes
66,45.76,2080.98,28,3,7,36,1,No
21,21.2,3277.54,38,5,3,24,18,No
46,101.54,1944.57,24,3,8,24,11,No
39,61.13,8026.05,39,6,4,1,3,No
42,146.51,1089.43,51,6,0,1,24,Yes
30,45.18,1275.5,50,3,8,36,25,Yes
35,64.96,3335.69,7,3,7,12,17,Yes
50,66.52,5384.79,68,5,4,1,29,No
33,21.1,4359.61,53,1,2,1,25,No
62,129.1,925.75,37,3,8,36,1,No
59,24.16,9596.17,54,1,6,12,28,Yes
61,142.22,9552.26,55,6,10,36,0,No
19,135.97,3153.89,31,2,7,24,30,Yes
52,89.62,7449.49,65,4,2,24,23,No
59,90.67,5996.47,59,2,5,12,29,Yes
51,104.99,2756.03,47,5,3,1,30,Yes
47,70.32,2990.63,49,5,2,36,12,No
30,104.14,5165.96,18,1,3,36,23,Yes
30,25.82,4482.75,3,1,1,24,4,No
35,27.03,3266.68,18,7,4,36,18,No
49,79.44,8171.36,58,7,7,1,0,No
49,91.45,5073.9,71,3,4,12,1,No
52,135.42,6721.06,25,7,1,36,13,No
56,33.61,2298.1,18,2,6,1,8,No
63,126.94,5568.32,52,1,7,12,7,Yes
69,47.31,3520.77,43,6,10,36,25,Yes
46,71.23,5500.93,67,1,3,36,10,No
66,61.16,7917.85,7,7,2,12,3,Yes
46,72.02,7804.68,44,6,7,36,28,No
61,39.56,3865.1,44,1,9,36,2,No
33,85.46,7095.63,51,7,1,36,4,No
61,124.21,9442.25,21,4,6,24,23,Yes
64,77.4,6443.86,37,1,9,12,13,Yes
27,83.78,1909.9,28,4,7,24,9,Yes
47,130.34,6957.23,32,5,4,12,5,No
42,111.79,1496.59,57,3,6,24,9,No
56,83.76,8785.05,41,2,8,36,30,Yes
37,53.5,5408.27,54,1,7,1,10,Yes
22,135.04,4158.84,27,4,4,12,19,Yes
18,95.01,1041.56,40,7,3,1,7,Yes
47,48.75,4117.45,41,1,2,12,3,No
66,54.99,9080.46,70,1,5,12,20,No
20,124.41,699.34,24,4,3,36,17,No
62,25.74,5009.16,18,1,10,12,25,Yes
31,148.97,9346.0,56,2,3,36,19,Yes
47,36.95,4250.99,15,6,6,36,30,Yes
67,123.49,4567.67,72,6,9,36,25,Yes
21,71.32,5996.32,35,6,4,24,13,No
35,83.99,4897.9,27,7,0,24,25,No
54,134.48,2101.72,3,6,4,36,2,Yes
42,73.68,676.28,21,5,5,1,11,Yes
65,89.87,6293.21,39,3,0,1,14,Yes
18,26.41,9247.66,32,1,2,12,27,No
63,20.31,1510.46,50,4,5,1,23,Yes
32,51.82,2504.05,9,2,6,12,7,Yes
26,108.48,4017.18,50,1,6,12,13,No
32,35.76,8183.05,1,5,6,12,22,Yes
66,34.79,3057.97,4,5,8,24,5,Yes
41,73.42,8879.52,4,4,1,36,24,No
21,104.22,1022.1,34,1,2,1,13,Yes
29,112.57,9439.09,27,6,6,36,3,No
54,43.2,5827.1,15,1,5,36,19,Yes
54,30.35,6758.39,32,1,0,24,5,No
60,142.25,3993.05,41,5,9,12,15,Yes
23,53.89,7928.95,71,1,6,36,16,No
56,130.94,2082.38,61,6,1,12,1,Yes
63,132.25,964.66,63,1,3,24,17,Yes
41,120.43,4257.41,61,7,6,36,12,No
28,41.95,8610.11,14,7,3,1,25,Yes
30,126.83,7671.8,23,1,5,36,19,Yes
51,120.0,5412.98,65,1,10,24,15,Yes
42,97.57,5935.31,32,6,8,24,20,Yes
24,63.84,1733.98,41,7,4,36,12,No
69,54.13,8486.47,26,6,2,1,13,Yes
21,35.85,7976.12,48,4,5,12,29,Yes
25,86.27,6736.47,16,5,3,36,17,No
37,96.08,4928.81,31,3,8,36,7,No
46,66.71,9662.36,66,7,1,1,4,No
68,81.8,8850.8,32,4,9,1,23,Yes
62,67.26,6622.09,10,6,4,24,8,No
63,103.33,4032.11,25,1,8,12,14,Yes
27,137.16,6371.21,45,3,9,12,28,Yes
60,41.31,5966.69,24,2,6,36,26,No
51,69.58,4245.3,3,3,4,12,8,Yes
43,38.31,3413.4,62,4,7,24,19,No
58,101.24,4366.6,67,5,1,24,9,No
66,114.75,5952.16,55,4,3,1,17,Yes
20,141.15,4567.28,10,5,5,1,13,Yes
23,56.25,3003.96,55,5,6,24,26,No
22,143.53,7729.15,22,6,10,1,17,Yes
22,28.22,5548.94,14,5,7,24,15,Yes
64,98.39,1142.91,8,2,3,1,27,Yes
40,27.43,3999.01,15,3,8,36,4,No
66,136.19,8906.68,15,4,6,12,9,Yes
26,88.88,7674.75,52,4,1,24,19,Yes
52,107.02,3570.84,70,5,8,1,5,Yes
37,128.1,9412.74,54,6,6,24,8,Yes
66,39.54,1227.73,42,2,4,36,22,No
59,25.02,9631.73,19,2,2,24,15,Yes
52,134.25,2834.2,40,1,8,1,27,Yes
67,60.94,586.39,69,2,6,1,29,Yes
35,36.77,4621.18,27,5,2,24,10,No
34,80.9,3910.22,43,5,4,24,19,No
41,97.78,5621.35,52,7,2,1,22,No
20,24.03,8069.34,46,3,2,36,17,No
49,55.74,8503.09,14,5,6,36,4,Yes
52,24.26,4311.68,64,3,8,36,27,No
55,74.64,4583.53,61,2,4,12,26,No
30,136.36,1907.69,58,1,10,12,8,Yes
64,147.74,951.7,49,7,3,12,10,Yes
42,102.82,6591.54,29,6,3,24,29,Yes
26,41.01,1112.16,26,4,2,12,8,No
21,137.76,7471.39,27,5,7,24,3,Yes
31,87.11,5621.36,67,2,9,36,7,Yes
54,39.99,2386.54,67,5,0,1,4,No
51,139.82,5625.47,35,3,2,12,2,No
28,118.47,2238.48,60,2,1,1,28,Yes
58,115.12,4668.0,61,4,10,12,21,Yes
20,112.19,8095.82,70,3,10,12,3,Yes
45,46.04,4888.23,3,2,6,1,28,Yes
46,47.43,1912.64,33,6,5,36,15,Yes
26,109.48,7376.37,42,6,0,36,12,No
20,48.56,2274.3,13,4,2,36,2,No
42,77.03,7516.22,29,6,10,1,3,Yes
51,121.66,5053.85,9,3,3,24,28,Yes
29,121.91,4810.55,32,4,9,1,0,Yes
59,78.92,8588.63,22,2,10,24,25,Yes
26,122.98,7231.73,58,3,6,36,7,Yes
32,129.02,812.65,57,6,2,24,8,No
57,105.12,3313.66,10,1,3,36,21,Yes
42,49.7,8773.75,25,5,10,36,4,No
22,55.62,674.1,62,6,6,36,11,No
28,60.93,5679.91,63,1,3,36,8,No
51,35.18,7414.34,3,4,8,1,3,Yes
41,55.51,6407.63,47,2,5,12,29,Yes
32,47.24,7725.06,55,7,1,12,16,No
55,79.19,7394.07,26,5,10,12,11,Yes
25,138.1,7074.29,13,2,0,1,12,Yes
22,33.58,8304.63,7,4,7,36,10,Yes
65,113.63,6634.06,34,2,10,36,22,Yes
43,109.35,4322.98,22,3,2,36,16,Yes
35,32.45,4983.14,23,3,6,12,29,Yes
23,139.93,7308.89,48,6,3,36,14,No
54,93.9,8824.91,14,6,2,24,27,Yes
65,67.28,3086.08,52,6,8,1,8,No
30,118.35,3749.73,39,6,5,36,3,No
45,53.46,9342.02,41,4,5,36,11,No
22,110.16,5995.86,36,2,5,36,2,No
30,25.16,2200.14,6,6,2,24,19,No
34,129.12,6805.1,23,4,5,36,16,No
67,78.26,9912.24,10,7,3,12,21,Yes
57,102.77,8322.81,60,5,1,36,6,No
62,48.76,7584.54,30,6,2,12,6,No
49,108.02,2476.44,70,2,3,12,20,No
46,120.39,8823.33,5,3,10,36,29,Yes
68,81.52,5494.99,57,1,0,24,25,Yes
20,100.3,8948.26,43,7,6,12,11,Yes
57,79.32,3633.36,52,3,4,36,25,Yes
51,136.23,1089.49,6,2,10,36,20,Yes
57,84.72,5021.77,2,2,8,24,21,Yes
44,129.44,3063.46,17,7,5,36,9,Yes
30,124.18,7294.68,12,2,7,1,27,Yes
62,73.37,9592.51,44,2,8,1,7,Yes
50,49.91,7064.25,54,6,5,1,8,No
23,72.79,8925.87,7,5,6,36,13,No
41,127.41,4803.73,32,1,5,12,5,No
36,49.59,7830.59,29,6,5,24,18,No
33,88.18,8508.91,46,3,1,36,21,Yes
57,124.79,7253.32,53,5,4,12,14,Yes
45,65.95,5323.88,25,7,5,36,19,No
50,103.49,6445.73,53,4,9,1,19,Yes
65,51.93,7154.82,29,2,4,1,26,No
58,34.21,2904.3,6,7,3,12,26,Yes
30,123.27,8191.0,38,3,5,12,6,Yes
60,32.87,9528.08,3,4,5,12,21,Yes
62,55.28,4919.77,35,1,7,24,23,Yes
42,131.16,7160.14,55,3,7,12,26,Yes
59,65.04,7501.75,47,7,9,1,7,Yes
53,146.5,6791.35,33,5,0,1,2,Yes
44,147.37,5697.59,3,6,1,24,10,Yes
55,54.88,8875.66,69,4,10,36,3,No
24,25.33,4764.8,59,3,0,12,1,No
22,111.66,1080.48,18,6,9,24,0,Yes
60,78.63,8523.29,66,6,6,36,6,No
62,33.1,6902.82,25,6,7,36,23,No
68,111.98,8567.96,20,5,2,12,11,Yes
48,24.05,1816.2,71,2,2,1,30,Yes
40,133.13,792.15,69,3,6,12,7,No
59,38.02,9376.56,29,6,7,12,12,Yes
27,36.55,1903.42,18,2,5,1,5,Yes
49,42.84,8191.7,72,6,7,1,6,No
60,144.83,8320.49,27,4,1,1,23,Yes
47,110.11,7232.7,42,7,6,36,19,No
56,124.18,1746.99,66,4,4,36,23,No
48,71.69,6840.29,26,4,5,12,5,No
35,63.72,8946.32,23,2,6,24,11,Yes
53,50.48,4542.55,5,2,8,12,6,Yes
19,82.48,4428.41,11,6,6,24,9,Yes
31,91.74,4707.15,19,5,10,12,29,Yes
30,102.13,1281.58,12,3,0,12,6,Yes
46,53.43,8974.24,2,5,4,12,23,No
29,143.33,8757.24,43,7,10,36,26,Yes
56,42.07,9980.14,22,2,10,12,29,Yes
19,145.53,6059.24,26,7,10,24,14,Yes
49,21.93,7636.32,33,3,3,36,20,No
30,82.55,2425.38,24,7,7,12,1,No
63,63.34,6841.52,69,7,6,1,7,No
44,78.39,6672.46,21,4,3,36,16,No
66,94.19,9061.48,46,5,10,1,30,Yes
58,76.63,8392.53,18,7,2,12,15,Yes
34,73.93,9415.43,5,5,5,24,28,Yes
57,115.25,8753.92,8,5,7,1,12,Yes
48,109.16,8752.59,57,2,2,1,17,Yes
51,128.33,1105.37,5,3,4,36,20,Yes
41,52.49,8536.64,13,4,9,1,3,Yes
62,99.24,6271.04,66,2,0,12,11,No
52,96.08,4114.22,37,4,9,36,10,No
65,68.07,1036.89,29,7,9,1,1,Yes
23,83.19,6937.9,69,1,7,24,30,Yes
36,60.79,3617.92,32,1,6,36,19,Yes
47,38.44,4943.87,48,4,7,24,22,No
24,47.79,6976.42,2,1,1,24,20,No
27,33.72,9161.86,69,3,6,36,30,No
58,108.8,8341.65,51,7,3,1,15,Yes
49,105.89,4780.67,35,7,1,1,12,No
51,143.58,4183.94,15,3,8,24,3,Yes
45,114.86,2777.91,72,7,4,1,1,No
32,26.77,4038.05,65,2,6,36,17,No
47,134.95,1554.94,38,4,3,24,0,No
54,132.15,9725.5,17,7,9,12,25,Yes
46,77.63,5952.22,45,2,10,12,29,Yes
39,96.16,1714.16,1,3,10,12,21,Yes
21,146.89,3851.66,3,7,3,1,5,Yes
37,89.2,5696.87,70,3,2,12,19,Yes
49,137.69,5562.41,52,3,0,12,24,Yes
53,30.8,837.28,53,5,1,24,28,No
67,44.84,9532.99,3,1,8,36,19,Yes
21,77.3,3116.07,47,2,0,24,18,No
44,96.02,653.75,6,2,4,24,26,Yes
34,126.11,1226.22,46,7,1,12,9,Yes
29,148.47,6011.85,61,7,3,24,8,No
39,70.55,1808.96,43,3,10,12,16,Yes
34,26.16,896.39,56,7,6,1,28,No
27,124.15,4106.45,70,5,4,12,14,No
18,98.57,6416.23,20,2,0,36,1,No
39,45.81,1562.48,47,6,2,24,16,No
43,84.33,3476.61,54,2,9,36,6,Yes
35,116.5,4468.73,41,5,8,36,27,Yes
67,120.15,2014.87,66,3,0,24,28,No
31,84.95,5307.7,31,5,9,24,15,Yes
64,59.68,1309.53,64,1,3,24,16,No
46,146.59,941.93,58,2,4,36,26,Yes
29,106.24,5438.44,55,1,9,1,26,Yes
53,73.07,2855.02,46,2,2,36,0,No
52,56.46,1406.05,24,1,2,1,21,Yes
69,115.04,4527.17,37,2,0,12,21,No
29,51.48,9193.84,41,6,5,24,26,No
24,42.32,7379.83,25,3,3,36,15,No
46,88.88,8248.35,29,6,7,1,27,Yes
28,57.7,8783.18,31,4,5,1,20,Yes
50,101.76,9739.96,2,5,2,1,3,No
23,35.33,7750.84,12,2,6,24,15,No
64,105.14,6279.88,5,5,2,1,23,Yes
32,56.83,3971.55,61,2,8,24,2,Yes
49,20.03,2225.61,56,4,7,36,0,No
68,36.5,7023.27,71,3,2,1,16,No
28,141.37,9952.02,37,3,10,1,4,Yes
40,132.76,4939.91,36,5,1,24,2,No
43,50.37,7374.95,29,6,2,24,18,No
51,121.19,5203.38,38,4,3,36,10,No
63,99.11,4603.37,41,5,2,24,14,No
51,146.22,4397.9,33,3,8,36,1,Yes
46,68.57,5293.93,13,1,10,36,24,Yes
21,108.59,3985.51,6,5,9,1,26,Yes
34,28.26,7613.35,66,2,1,12,28,No
52,71.51,8805.58,8,7,7,12,21,Yes
30,145.3,8887.41,64,3,6,24,6,No
58,90.07,2663.14,9,2,0,24,17,No
56,57.42,9011.14,23,4,5,12,26,Yes
32,35.64,3744.74,71,6,5,36,0,No
46,111.46,3438.42,21,6,8,12,7,Yes
46,103.83,7404.18,1,3,9,36,29,Yes
28,68.61,3394.62,46,3,10,36,15,No
69,143.62,1003.18,62,6,7,24,25,Yes
49,22.89,4049.37,2,5,6,24,14,Yes
19,59.48,7353.92,44,7,6,24,3,No
64,139.74,3606.1,5,6,4,12,12,Yes
31,61.72,6480.81,39,6,1,12,24,No
37,52.79,6771.13,66,5,9,12,11,No
39,89.45,7470.49,45,2,4,36,8,No
28,127.09,9022.74,13,5,0,24,12,Yes
44,33.41,4609.36,32,1,10,1,10,No
20,142.59,2081.1,43,3,9,12,11,Yes
34,123.36,3529.79,8,6,5,1,3,Yes
61,43.56,4605.59,59,7,1,1,25,No
45,112.56,7281.97,11,4,0,12,2,Yes
46,70.04,624.66,28,3,0,12,4,No
38,72.3,3499.96,39,7,0,12,5,No
64,121.83,7908.5,26,6,3,24,25,Yes
33,145.16,6873.15,72,2,4,1,3,Yes
54,36.47,7451.53,26,6,4,36,0,No
37,74.68,8212.2,32,7,10,1,22,Yes
23,82.52,7940.74,46,5,0,36,30,Yes
36,68.92,6980.74,28,3,10,1,4,Yes
22,67.21,4676.78,7,5,5,1,1,No
20,26.79,9844.18,35,6,2,24,13,Yes
18,109.12,5906.2,66,2,3,36,10,No
55,76.71,2426.31,22,7,4,12,29,Yes
32,45.32,3281.72,22,5,3,12,8,Yes
51,126.08,7088.84,3,4,3,24,7,Yes
52,124.33,9285.03,46,6,9,12,25,Yes
66,83.23,2197.84,50,2,0,1,6,No
42,58.8,1282.29,8,3,1,24,30,Yes
41,102.95,8874.54,4,7,1,36,28,Yes
29,57.46,9195.14,15,3,1,24,14,No
35,50.68,3125.6,44,4,9,1,8,No
32,114.97,4084.21,39,1,0,24,9,No
61,25.24,6771.79,29,5,9,1,17,Yes
33,32.32,3634.34,62,6,7,24,29,No
44,20.88,8833.01,34,3,0,36,28,No
25,39.88,1522.0,26,6,7,36,18,No
63,28.97,860.83,18,4,0,12,24,Yes
42,149.45,2480.62,63,5,9,1,21,Yes
34,57.55,3217.83,52,2,2,12,1,No
46,39.4,1572.8,54,6,8,24,21,Yes
25,51.33,1124.06,42,4,7,24,13,Yes
32,141.7,7678.27,54,7,1,24,29,No
44,87.62,2060.63,52,2,3,24,20,Yes
63,67.43,9182.26,13,7,7,36,9,No
67,133.54,3996.0,32,2,8,24,4,Yes
69,71.35,6870.76,66,2,6,36,4,No
24,63.55,2641.32,58,5,0,12,1,No
20,46.95,2783.07,39,1,7,36,29,Yes
46,69.11,5959.74,27,6,0,36,21,No
61,61.17,5826.11,54,2,8,1,12,Yes
41,108.05,7802.93,72,3,7,24,6,No
20,57.65,7699.23,43,5,3,24,24,No
37,95.04,6871.53,52,5,9,24,29,Yes
63,28.57,4766.74,14,2,10,12,20,Yes
32,44.87,8961.08,8,3,3,24,26,Yes
42,72.96,6414.5,35,4,3,24,14,No
47,141.8,9906.89,18,5,5,24,26,Yes
31,69.04,8284.01,55,2,1,1,20,No
24,106.33,920.94,52,6,3,36,30,No
34,53.16,3545.64,72,2,3,1,14,No
61,36.51,5932.82,49,6,7,24,24,No
37,27.61,7353.96,8,6,1,36,5,No
53,59.7,5728.2,37,1,7,1,6,No
26,40.5,7968.24,66,1,9,24,3,No
55,42.62,3185.23,41,7,10,24,3,No
65,118.9,2247.16,27,4,1,1,0,Yes
39,22.06,1012.21,20,4,8,36,10,No
19,92.52,5946.48,38,6,8,36,4,Yes
41,69.33,7041.7,12,4,5,1,1,Yes
25,85.85,3598.42,42,7,9,24,4,No
28,93.17,6329.05,50,4,4,36,4,No
30,60.74,995.49,31,2,6,1,19,Yes
34,58.36,1443.29,65,2,7,1,30,Yes
25,115.34,7166.67,53,2,7,1,12,Yes
38,133.27,3996.66,40,3,2,36,11,No
35,45.04,6877.67,39,6,2,12,9,No
47,32.69,8401.35,10,4,4,12,12,Yes
35,136.71,8599.91,29,3,4,12,8,No
63,65.49,2135.59,40,5,1,12,4,Yes
64,91.67,5119.71,30,6,4,12,5,Yes
48,66.74,7472.3,2,7,0,24,29,Yes
55,36.35,7852.82,28,5,10,1,16,Yes
49,96.61,7954.42,47,2,6,12,27,Yes
28,88.27,2667.59,32,5,10,36,4,Yes
62,46.39,2329.08,32,2,6,1,27,Yes
42,78.74,6105.12,27,7,0,36,24,Yes
50,123.6,7540.32,54,6,2,36,27,No
55,96.76,3531.83,56,6,7,36,10,No
58,32.6,1494.7,31,7,10,24,5,No
25,91.24,7309.09,24,7,8,36,8,Yes
28,111.36,3347.13,35,4,2,1,11,Yes
39,123.05,2080.45,30,3,5,1,28,Yes
68,101.79,1903.37,55,2,5,24,3,No
41,39.85,3491.64,64,1,5,24,17,No
58,112.32,6130.44,33,7,4,1,14,Yes
34,108.05,3904.82,46,1,5,1,24,Yes
29,23.18,696.29,33,4,5,36,3,No
63,73.53,1420.63,68,7,9,36,13,No
49,63.28,3259.78,64,3,5,24,26,No
32,107.02,6767.19,30,2,7,12,29,Yes
33,48.1,1435.89,29,4,10,36,17,Yes
39,96.81,5826.24,62,3,5,36,16,No
45,138.72,1638.92,30,1,2,12,1,Yes
37,123.71,2510.35,12,2,6,36,20,Yes
50,139.79,2135.79,67,3,5,12,18,No
27,147.21,1138.67,15,5,10,12,28,Yes
57,21.39,6877.63,10,2,8,1,21,Yes
49,100.96,4902.33,61,5,3,12,13,No
67,73.67,8395.01,23,6,0,12,3,Yes
50,131.78,1439.46,11,6,5,24,1,Yes
19,52.74,1874.96,16,6,8,24,12,Yes
50,147.53,3411.35,49,4,7,24,6,No
50,99.78,7775.73,14,3,1,36,27,No
58,123.16,3404.71,6,6,2,24,26,Yes
30,31.13,4379.98,42,7,7,1,21,Yes
47,43.85,3365.23,17,3,10,1,7,Yes
50,118.59,1262.13,42,3,8,1,28,Yes
30,22.86,9424.62,10,3,7,36,9,No
69,126.19,5711.12,46,2,9,12,20,Yes
43,21.81,7984.42,49,7,0,12,2,No
39,105.43,6754.39,9,5,2,1,3,No
56,67.46,5385.42,39,5,10,12,20,Yes
19,99.49,1351.94,2,4,7,12,20,Yes
55,110.48,6605.97,68,6,0,12,5,No
56,64.52,1976.02,52,4,6,36,24,No
43,34.04,4436.64,11,3,3,12,19,Yes
63,29.05,6476.57,37,1,6,12,6,Yes
67,96.56,7931.18,72,1,3,36,6,Yes
32,87.69,7007.93,22,7,7,24,30,Yes
51,116.49,6879.57,52,3,5,1,21,Yes
59,86.27,1915.9,5,6,9,36,16,Yes
61,74.92,3788.22,2,5,9,36,24,Yes
66,71.75,907.67,5,4,7,1,5,Yes
57,23.44,7335.03,32,2,0,12,18,Yes
28,63.62,9549.57,19,1,8,12,26,Yes
20,146.88,3009.05,4,7,10,36,17,Yes
23,133.56,1333.12,46,4,8,24,29,Yes
26,62.82,5017.92,26,1,5,1,11,Yes
23,96.41,8638.63,50,5,8,24,27,No
26,130.15,5743.75,26,5,5,36,18,Yes
56,77.37,944.38,71,3,5,24,10,No
48,22.33,9755.59,32,3,3,36,16,No
49,29.69,8372.17,44,1,2,1,2,No
58,86.35,1750.14,26,1,2,24,14,Yes
67,146.03,9257.08,61,4,1,24,4,No
29,110.12,4781.54,51,3,3,1,3,No
25,29.22,4033.03,59,7,8,1,25,No
25,44.62,4880.01,38,7,6,36,0,No
67,120.27,8428.43,26,5,2,36,20,Yes
45,129.39,6765.06,45,6,7,36,2,No
37,100.3,1062.86,31,4,8,36,9,Yes
64,103.78,9597.24,70,4,0,36,26,No
24,23.68,1903.95,45,2,0,1,29,No
28,127.71,7582.9,31,7,8,24,12,No
37,122.48,6543.3,61,6,8,12,29,Yes
33,53.67,2281.52,48,5,6,12,6,No
21,112.13,2121.95,45,4,2,36,13,Yes
23,47.93,8768.11,60,6,3,12,25,No
39,25.24,4487.1,61,2,6,24,29,Yes
43,46.15,6718.48,52,6,8,24,26,No
20,43.22,5288.67,52,3,7,36,12,No
58,63.91,7409.86,62,5,7,12,23,No
59,74.4,5052.8,26,3,0,1,20,Yes
31,86.11,3230.11,67,2,5,1,25,No
28,81.98,3952.14,49,7,5,36,23,No
35,55.19,8661.24,44,5,4,24,21,No
29,23.79,4946.33,36,1,10,12,21,Yes
40,98.66,2527.77,53,1,0,24,4,No
29,71.45,9378.75,44,1,2,36,10,No
30,58.83,8067.7,22,6,3,24,25,No
42,132.7,1028.83,2,4,9,12,21,Yes
62,117.08,9989.96,7,6,6,24,13,Yes
68,131.51,7101.8,16,6,4,36,0,Yes
36,84.35,2022.53,44,6,1,1,23,Yes
63,37.02,2753.09,65,6,2,1,4,No
53,110.51,7078.23,71,7,0,12,23,No
62,46.79,7907.73,69,1,5,36,2,No
25,77.36,2770.84,61,4,7,36,25,No
46,28.45,2941.2,30,4,3,24,21,No
49,127.29,3417.65,42,2,1,1,0,No
68,36.37,6181.17,25,1,3,12,16,Yes
61,137.4,2132.25,71,5,9,12,19,Yes
35,132.35,1490.31,57,6,3,12,29,Yes
23,80.4,6949.21,32,4,4,24,11,Yes
35,116.77,7901.43,50,2,2,36,29,Yes
36,100.53,5258.83,10,4,8,12,25,Yes
39,124.4,3956.41,22,5,6,24,12,Yes
54,76.13,4604.41,41,5,8,12,5,No
49,122.16,4189.87,47,1,6,24,2,Yes
58,80.12,9619.86,14,7,9,1,28,Yes
20,142.33,7796.85,3,4,3,24,10,Yes
45,83.23,2476.83,53,7,4,36,10,No
27,80.14,4149.8,16,5,6,1,27,Yes
68,122.06,5668.12,61,3,5,1,27,Yes
52,126.81,6323.37,28,5,8,12,20,Yes
46,92.08,4947.75,35,5,2,1,9,Yes
32,43.37,8196.2,2,4,7,24,10,No
50,80.81,7792.26,61,6,10,36,15,No
24,145.85,5299.0,56,5,9,1,19,Yes
29,117.89,8617.08,55,2,10,36,9,Yes
66,125.45,7635.35,18,6,3,24,11,No
47,24.27,7896.53,71,5,8,24,18,No
38,80.82,9585.81,49,3,0,36,8,No
48,104.06,3031.44,42,5,4,24,3,Yes
41,127.9,3042.66,7,1,3,36,25,Yes
37,26.41,8945.05,4,4,4,12,14,Yes
54,130.82,7836.15,43,3,5,24,22,Yes
21,91.29,9302.18,59,2,0,12,20,Yes
45,45.65,1099.74,49,7,7,1,6,Yes
61,61.24,6463.69,60,5,10,1,4,Yes
37,56.65,1873.97,6,5,2,12,18,Yes
41,89.01,5287.02,20,7,6,1,21,Yes
67,26.72,1979.6,31,7,6,1,24,Yes
66,40.61,1716.75,22,7,8,1,30,Yes
68,125.65,615.6,32,2,10,1,14,Yes
49,37.24,6487.27,47,7,10,24,27,Yes
58,50.34,3910.71,34,5,6,1,5,Yes
53,78.94,1499.29,27,7,7,24,19,Yes
51,87.23,3566.96,44,1,3,36,14,No
53,119.27,2104.97,30,6,9,1,16,Yes
19,78.15,9446.1,33,6,3,36,18,No
32,122.68,3540.05,27,3,9,12,2,Yes
51,100.39,3672.56,56,5,7,12,17,No
53,34.7,8478.65,23,2,3,24,9,No
23,40.32,6653.68,43,7,3,12,14,Yes
56,76.81,7246.63,54,2,9,24,17,No
59,71.6,6542.02,68,3,2,36,23,No
68,116.66,9488.86,53,1,2,36,14,Yes
68,95.5,2466.51,40,3,10,1,23,Yes
29,70.46,9895.87,60,5,3,36,18,No
20,42.2,8394.08,9,6,1,12,19,No
62,49.49,6095.24,10,1,2,24,4,No
35,94.82,6792.53,10,1,10,24,10,Yes
57,75.05,6663.85,30,2,1,1,8,Yes
38,86.94,1054.76,10,1,10,1,4,Yes
32,42.19,2571.16,58,5,5,12,10,No
50,106.18,9633.97,36,7,2,24,21,No
52,130.83,5576.46,44,5,1,1,6,No
43,53.53,4094.36,57,7,8,36,26,Yes
25,83.9,7739.37,43,5,7,12,1,No
53,146.82,5482.93,23,6,4,36,19,Yes
65,63.32,625.05,4,4,8,24,21,Yes
47,97.36,7494.26,12,1,4,1,19,Yes
40,31.73,7456.07,49,1,4,12,20,No
59,98.78,2068.91,24,5,10,12,18,Yes
61,31.65,9588.27,13,7,10,1,17,Yes
31,144.7,2627.13,68,2,3,1,29,Yes
31,113.04,4848.62,72,6,2,24,15,No
19,122.46,1589.99,34,1,9,36,0,No
54,111.53,6231.18,9,4,8,36,2,Yes
22,96.66,4066.79,10,1,3,36,25,Yes
55,78.49,3855.15,65,3,6,24,8,No
62,131.59,8356.28,72,4,4,1,16,Yes
58,144.39,590.84,54,2,6,12,7,Yes
64,84.87,8080.49,43,4,7,36,20,Yes
31,141.1,5928.76,59,4,7,1,15,Yes
56,95.83,9867.94,59,1,9,36,11,No
42,89.99,6099.71,67,4,5,24,3,No
37,79.08,1026.1,61,5,4,24,4,No
19,47.21,981.13,38,6,10,1,26,Yes
56,20.48,8889.95,8,4,1,24,6,No
23,51.4,8491.53,65,1,7,12,29,Yes
34,86.26,3785.96,5,5,4,24,23,Yes
42,69.39,6371.31,43,2,7,12,17,Yes
45,78.3,5151.12,60,3,5,36,21,No
19,147.48,9688.06,26,4,7,24,29,Yes
52,65.54,9524.63,11,5,0,12,19,No
54,78.78,9846.47,34,5,8,36,13,No
22,37.36,8731.26,2,2,8,36,7,No
18,26.23,9140.74,21,2,2,36,12,No
57,120.8,2564.15,26,3,4,36,27,Yes
29,94.19,8394.56,5,3,6,1,3,Yes
53,118.89,7234.14,9,1,7,12,11,Yes
62,39.48,9646.47,50,3,6,1,2,No
40,94.34,5926.99,10,3,2,36,4,Yes
64,52.97,1309.09,58,7,6,24,3,No
48,49.65,6175.29,10,5,0,12,14,No
28,21.5,7022.52,36,4,4,12,27,No
27,36.94,2593.05,56,7,8,36,4,No
20,60.2,4244.08,62,7,1,24,8,No
31,35.19,6185.78,37,7,2,24,13,No
33,148.16,4054.0,41,4,8,12,26,Yes
27,60.12,4062.0,48,6,2,1,15,Yes
46,36.94,1764.32,22,3,7,24,2,No
27,45.88,9437.09,61,7,5,12,14,No
29,96.4,7629.7,48,6,6,24,29,Yes
47,28.33,511.81,64,6,4,36,17,No
58,132.12,7773.33,37,1,9,24,17,Yes
18,144.99,7528.05,41,1,6,1,13,Yes
22,52.08,592.44,5,4,9,1,24,Yes
37,78.51,4011.24,52,2,10,1,6,No
25,22.88,6264.1,17,5,9,12,25,No
60,103.29,4801.13,62,3,2,24,27,Yes
29,73.81,7890.87,52,5,10,1,19,Yes
18,55.11,4541.85,20,7,4,36,5,No
37,46.89,1961.7,16,3,5,36,25,No
45,105.02,9775.95,7,3,8,36,15,Yes
60,74.11,2799.38,66,6,3,12,21,Yes
54,43.36,7318.08,12,4,7,1,18,Yes
64,109.58,1859.98,43,5,7,1,8,Yes
54,93.46,3625.62,40,5,9,24,19,Yes
29,131.63,4699.26,1,2,5,12,0,Yes
54,35.27,2326.2,58,2,7,36,17,No
66,122.14,4774.62,3,5,4,24,20,Yes
66,107.56,1993.05,8,2,0,36,13,No
61,34.95,5810.56,61,2,3,36,13,No
45,110.33,6805.28,5,3,10,1,7,Yes
64,77.4,1093.13,26,4,5,24,22,Yes
32,142.85,8775.76,17,7,8,12,24,Yes
23,38.41,2258.84,66,3,3,36,16,No
61,103.57,2640.94,51,6,5,1,17,Yes
37,69.66,6782.82,47,2,9,1,14,Yes
67,144.39,4953.14,40,3,10,36,9,Yes
31,62.9,5244.26,27,3,4,1,19,Yes
19,145.08,1717.47,40,1,8,1,15,Yes
26,137.19,8154.49,1,3,9,36,6,Yes
54,55.15,6362.02,46,3,5,12,28,Yes
37,124.46,1786.13,11,4,2,36,30,Yes
43,149.43,4052.99,39,5,1,24,28,Yes
46,52.85,8198.89,18,1,2,36,16,No
18,76.78,5899.37,47,1,5,36,4,No
52,87.62,1532.16,21,1,9,12,17,Yes
23,58.34,4041.38,28,6,7,36,13,No
54,21.98,2805.6,1,1,7,36,30,Yes
22,48.62,5415.92,14,4,4,1,17,Yes
50,56.65,8511.93,20,5,0,36,17,Yes
66,77.67,4644.54,45,6,0,12,14,No
68,42.24,4616.75,61,4,6,1,24,Yes
31,133.52,9100.83,27,1,1,36,10,No
29,111.64,5973.76,56,5,3,1,25,Yes
59,31.08,5878.82,52,4,9,24,4,No
37,104.51,2988.14,68,5,4,36,15,No
67,104.98,6273.37,37,6,7,36,30,Yes
41,144.31,5971.15,31,4,9,1,7,Yes
60,20.39,4270.09,49,7,8,36,12,No
51,52.23,9911.61,53,5,0,36,25,No
42,140.61,8877.96,39,4,8,12,21,Yes
67,141.18,7621.07,10,1,4,36,26,Yes
46,113.68,5604.78,9,1,3,12,16,Yes
56,119.55,4889.57,13,1,9,24,25,Yes
48,31.89,2256.53,18,6,4,24,8,No
64,86.8,3404.51,12,7,8,1,14,Yes
60,50.11,7852.63,72,4,7,1,6,No
67,43.56,4810.62,5,5,9,1,26,Yes
40,125.34,8881.56,7,5,4,1,17,Yes
61,37.55,1905.16,15,2,10,36,13,Yes
55,80.92,5329.3,67,3,9,12,7,Yes
37,142.02,6646.17,18,7,4,1,1,Yes
40,44.16,5410.06,38,7,0,24,17,No
62,147.14,8947.66,26,1,8,36,3,Yes
69,149.26,9900.85,38,1,2,12,23,Yes
33,92.23,1600.43,59,1,0,12,22,Yes
67,42.12,1734.57,52,2,4,1,1,No
59,61.09,1738.08,33,2,9,1,9,Yes
25,75.18,6971.18,21,2,2,12,5,No
67,60.21,4040.42,17,1,5,24,10,Yes
38,56.48,7466.49,62,5,6,1,26,Yes
18,146.39,4351.98,59,1,10,12,19,Yes
25,39.94,6462.26,2,7,3,36,9,No
46,115.33,7813.65,64,2,3,12,28,Yes
49,20.05,5708.05,25,2,1,1,16,Yes
55,97.5,5625.28,41,3,1,36,23,Yes
22,139.07,1338.23,19,4,6,24,7,No
64,57.43,4402.43,38,3,10,12,5,Yes
39,44.12,5684.88,25,3,4,12,15,Yes
64,104.72,4888.82,39,1,4,12,9,Yes
51,112.64,9057.43,4,4,1,36,29,Yes
18,109.44,9112.04,3,7,6,1,22,Yes
43,61.51,8308.22,34,4,1,12,27,No
60,52.79,4065.33,10,1,4,36,28,Yes
27,144.27,7314.34,27,5,4,12,18,Yes
47,140.03,4255.24,1,6,2,1,24,Yes
67,79.45,2709.64,44,7,1,36,3,No
35,130.01,3757.58,52,1,2,24,26,No
34,78.8,1174.16,25,5,10,12,30,Yes
43,75.17,3651.89,65,7,4,1,1,No
25,40.38,4877.05,11,5,5,24,19,Yes
64,75.43,9577.07,68,4,3,1,1,No
57,89.86,3477.4,15,1,6,24,11,Yes
66,22.93,9073.31,57,1,1,1,3,No
29,77.73,2674.15,64,4,5,24,15,No
44,121.58,2314.2,11,3,8,36,1,Yes
25,108.41,5430.46,20,1,9,24,15,Yes
42,102.57,6888.86,30,6,4,1,27,Yes
63,138.24,921.16,10,7,3,12,14,Yes
21,22.34,2600.13,54,6,8,24,13,No
50,92.42,4828.99,58,2,5,1,10,Yes
18,122.36,3644.54,29,2,3,12,14,No
36,90.37,7269.9,1,1,0,36,23,Yes
48,62.11,5356.03,58,5,8,36,5,No
33,37.71,2023.41,21,6,9,12,29,Yes
31,135.38,8997.42,15,6,2,1,23,Yes
65,81.2,3282.6,67,4,5,1,26,No
22,134.15,7445.75,33,7,0,24,15,Yes
58,96.16,7909.2,38,6,5,36,0,No
43,107.64,9650.0,19,5,2,36,24,Yes
45,124.55,5235.82,4,2,2,36,27,Yes
19,105.69,6350.44,58,2,10,36,10,No
67,71.75,3681.32,70,7,6,1,13,No
23,86.77,6942.7,12,4,10,36,1,Yes
26,124.4,4902.14,17,2,8,12,23,Yes
50,68.57,4657.7,1,7,5,1,15,Yes
58,70.46,8626.94,14,3,0,12,3,No
42,32.44,976.6,2,2,8,12,13,No
65,138.9,8878.64,4,6,4,1,15,Yes
30,31.83,8594.66,66,5,1,12,14,No
26,104.27,5310.48,46,5,2,12,1,No
30,73.72,5156.93,50,3,10,24,12,Yes
48,72.73,3937.17,60,7,4,36,16,No
58,108.34,9944.65,52,5,1,12,27,Yes
28,28.72,1556.11,48,7,2,24,19,No
21,97.18,6107.04,39,5,7,24,9,Yes
51,120.36,6975.98,70,7,5,36,14,No
55,127.67,9376.14,60,5,1,24,16,Yes
63,42.17,7911.93,30,1,1,24,7,No
21,136.66,6616.55,27,3,0,12,1,Yes
55,105.3,1609.72,55,7,6,36,23,Yes
36,134.64,4050.47,70,3,5,36,25,Yes
23,83.09,1819.0,26,2,5,12,0,Yes
51,90.46,8871.52,42,6,4,1,22,Yes
35,139.47,7621.4,67,3,2,24,22,Yes
30,136.99,7696.6,67,7,7,12,4,No
58,78.26,6696.44,52,4,2,24,2,No
40,55.67,5316.91,6,3,4,36,21,Yes
36,71.11,1924.73,10,7,7,36,10,Yes
62,70.41,3632.1,38,4,2,24,15,Yes
28,57.29,1800.7,12,5,4,36,20,Yes
18,54.92,7386.67,46,6,10,36,8,No
41,131.94,2022.17,49,7,5,1,3,No
24,29.08,7170.08,72,4,0,36,8,No
42,108.09,7076.43,63,6,1,36,13,No
38,42.47,4863.39,69,6,6,24,9,No
32,64.79,1784.67,43,1,8,12,21,Yes
18,28.0,3490.61,60,7,9,36,15,No
29,55.1,3540.88,29,6,3,36,8,No
24,119.89,7153.66,11,5,4,12,2,Yes
32,135.05,1580.56,35,7,3,12,27,Yes
38,48.8,8376.15,23,7,10,12,29,Yes
36,80.26,7729.57,72,4,2,24,28,Yes
46,81.14,2269.92,21,6,9,36,0,No
42,133.56,7332.06,37,5,1,36,27,No
50,119.16,6850.88,28,1,2,12,21,Yes
66,86.7,7607.15,58,5,1,1,19,No
49,107.2,2294.82,53,5,7,24,10,No
66,130.16,1997.11,28,3,0,12,25,Yes
52,21.24,2746.6,42,2,4,12,30,No
61,72.38,3975.78,61,4,0,36,19,No
55,137.94,8039.82,33,2,4,1,19,Yes
43,116.24,7510.28,55,1,2,24,0,No
28,90.57,9291.79,37,1,8,1,4,Yes
52,88.85,1056.98,47,5,0,1,8,Yes
25,65.21,609.78,36,2,9,36,2,Yes
63,87.67,7141.82,28,4,0,12,11,Yes
31,105.2,3153.23,10,7,7,12,17,Yes
27,74.39,3673.75,23,4,2,1,27,Yes
19,112.84,5694.62,5,7,10,24,1,Yes
63,131.96,1472.92,6,5,6,24,30,Yes
26,40.11,6605.6,42,4,9,36,9,No
20,78.7,3588.9,47,3,4,24,6,Yes
38,73.04,6510.79,28,7,1,36,29,No
43,109.37,8423.07,13,2,10,1,21,Yes
25,52.48,2125.56,25,1,6,24,30,Yes
65,103.23,9343.29,7,4,6,12,17,Yes
19,134.07,5541.54,66,7,2,1,15,Yes
23,74.36,9267.81,58,4,5,36,12,No
45,138.43,2473.44,66,4,4,1,0,No
46,149.11,6243.35,36,5,0,1,6,Yes
43,33.79,4336.93,2,1,0,36,29,No
42,50.3,7855.11,38,7,1,24,30,No
29,143.55,6256.13,14,2,6,24,10,Yes
22,144.58,5197.9,27,4,2,12,5,Yes
51,32.7,9173.36,15,3,8,24,20,Yes
65,21.95,4082.61,12,6,2,36,4,No
54,40.94,2589.81,43,7,9,36,9,No
32,149.48,6276.96,57,5,3,36,28,Yes
61,43.4,6428.27,48,2,10,24,2,Yes
53,85.33,4671.4,61,4,7,36,26,No
32,130.29,5122.8,44,2,3,24,14,No
60,22.65,9615.76,52,5,6,36,11,No
65,98.58,7460.51,62,7,10,36,4,No
40,56.01,1550.72,2,6,4,24,13,No
23,132.1,2515.24,71,3,5,12,11,No
63,56.85,9767.98,31,7,7,12,21,Yes
67,109.28,7401.42,72,4,3,12,10,Yes
61,107.65,9192.93,33,3,5,24,22,Yes
60,48.79,3386.68,5,5,9,36,22,Yes
62,24.52,7547.74,58,3,1,24,12,No
38,73.2,7283.03,11,5,8,1,9,No
40,57.6,3299.55,23,6,8,1,9,Yes
60,125.17,5732.76,45,3,9,24,23,Yes
33,124.05,6460.44,27,2,9,1,20,Yes
64,79.41,5070.75,56,7,5,12,13,No
32,98.85,8358.2,59,2,5,12,19,No
42,98.55,8412.26,40,5,9,12,15,Yes
53,127.53,8580.71,18,2,6,1,11,Yes
28,75.25,8132.52,51,6,3,12,22,Yes
68,55.81,5136.79,61,3,6,12,17,No
32,54.45,4123.66,23,7,9,12,23,Yes
21,89.7,8398.07,36,3,0,24,3,No
38,78.39,5156.91,38,7,6,36,9,No
30,77.22,2840.53,72,4,0,36,0,No
39,31.85,5319.76,56,5,10,24,17,No
36,113.42,1847.57,39,2,7,12,14,Yes
51,47.79,7070.48,69,6,9,12,16,No
31,45.6,3691.25,28,5,5,24,20,No
21,73.66,2976.26,21,2,0,24,0,No
65,49.61,9586.83,62,4,10,1,26,Yes
69,95.9,7880.37,23,3,0,24,13,No
63,68.29,7977.16,21,7,3,12,11,Yes
44,78.36,6425.36,16,3,6,24,24,Yes
46,89.83,8472.14,62,6,4,12,26,No
64,46.46,7712.04,65,1,4,1,30,Yes
45,40.25,6188.35,5,5,7,24,10,Yes
52,134.45,9630.68,46,2,1,1,19,Yes
25,76.38,2320.15,64,1,3,12,25,No
33,73.57,9462.11,41,5,3,12,18,No
59,24.63,4313.66,44,7,10,12,29,Yes
53,84.74,5519.79,15,2,7,12,24,Yes
47,92.04,1666.02,68,4,5,1,3,No
35,92.65,5631.02,51,5,9,24,16,No
19,111.91,6306.46,54,2,8,24,17,No
66,43.07,9978.16,68,7,9,12,3,No
30,52.79,9764.33,42,3,8,12,26,Yes
21,125.39,9680.77,46,5,3,1,0,No
43,143.13,3809.69,25,2,9,1,5,Yes
42,37.67,9917.03,67,6,6,12,6,No
47,84.69,4827.04,35,3,2,12,0,No
28,47.84,8592.44,22,7,5,24,5,No
24,27.81,2555.04,9,3,0,24,2,No
48,62.32,5305.42,24,1,4,24,22,Yes
61,38.68,9677.11,23,2,5,12,15,Yes
27,112.29,9496.8,61,1,4,36,26,Yes
56,89.38,6995.48,37,6,6,1,1,No
30,38.7,8079.24,45,7,3,1,1,No
48,21.2,2176.05,15,1,4,1,30,Yes
24,125.06,7355.76,57,4,3,12,10,No
66,42.91,6371.48,14,1,8,12,30,Yes
59,98.81,1369.74,52,1,1,1,19,Yes
59,63.8,1575.01,36,7,0,1,10,No
53,96.11,1530.21,27,4,3,1,7,Yes
37,61.03,7381.39,17,4,5,12,18,No
21,31.3,1846.29,41,5,9,36,23,No
24,48.98,4943.46,4,1,7,36,22,Yes
18,44.45,3891.33,3,3,3,36,20,Yes
61,75.64,5729.79,19,4,0,24,14,Yes
62,105.58,7211.53,41,2,8,24,27,Yes
59,54.29,7004.86,40,5,2,12,19,No
64,21.57,5397.44,58,7,5,36,13,No
30,87.46,4911.18,39,5,9,36,25,Yes
39,98.75,4279.25,7,1,7,24,25,Yes
38,145.17,8688.14,36,6,10,36,17,Yes
39,96.63,3643.09,20,3,4,1,24,Yes
45,81.25,2963.98,29,6,10,24,19,Yes
26,94.54,7561.5,68,6,6,1,4,No
43,140.63,3917.75,66,7,10,36,1,No
26,127.69,8546.49,47,4,10,12,1,No
32,61.99,3614.94,23,2,9,36,1,Yes
27,50.84,7168.48,6,1,8,12,25,Yes
41,54.14,928.54,18,7,0,1,1,No
59,85.57,4162.85,53,3,10,1,8,Yes
25,116.73,3760.69,22,1,7,36,28,Yes
41,85.42,8258.45,68,1,1,24,11,No
33,28.81,9687.03,35,5,0,1,20,No
66,114.07,4878.37,9,6,3,12,26,Yes
43,124.78,8335.94,31,2,5,12,21,Yes
44,57.63,7147.1,43,2,7,24,19,Yes
54,106.34,9690.17,17,2,0,36,17,No
21,75.46,8205.53,51,2,0,1,2,Yes
67,135.59,1236.04,66,4,9,36,29,Yes
41,129.88,7276.18,24,4,1,1,18,Yes
36,88.31,5587.25,15,2,8,36,30,Yes
53,109.9,656.14,28,7,3,24,15,Yes
56,134.84,2887.47,3,3,6,12,10,Yes
27,84.44,9256.67,29,4,2,36,26,No
42,60.72,9297.58,52,4,10,36,25,No
35,117.98,8089.08,54,7,0,1,23,Yes
36,48.61,9826.91,58,7,0,36,23,No
53,70.51,8162.18,45,7,8,36,14,No
27,132.54,596.94,50,3,3,24,21,Yes
50,114.17,3234.43,22,2,10,36,10,Yes
67,72.5,790.93,52,7,2,24,28,No
22,47.92,1394.03,53,1,4,24,9,No
64,66.28,2578.99,31,7,0,24,26,No
66,56.93,5283.81,71,4,2,1,23,No
52,42.89,8551.55,48,1,3,24,18,No
61,116.63,8688.68,31,1,5,1,22,Yes
51,52.77,6353.92,4,3,8,12,4,Yes
50,79.04,9317.67,35,2,2,24,13,No
38,70.16,5250.59,67,6,3,36,8,No
34,147.67,8945.84,64,1,4,24,24,No
39,70.84,4813.62,9,2,7,12,20,Yes
65,30.4,3133.64,46,5,8,24,5,No
54,31.68,9205.92,56,6,2,1,0,No
32,96.8,4185.38,56,6,2,12,27,Yes
52,97.92,5282.34,26,6,6,12,29,Yes
45,74.44,3624.18,60,2,8,1,11,Yes
24,76.14,6796.96,72,3,0,1,13,No
49,27.01,9952.8,48,7,0,36,3,No
28,87.15,742.38,58,3,1,12,14,No
27,85.62,9048.56,63,5,5,24,16,No
26,39.44,537.3,58,7,2,1,19,No
31,33.5,3960.16,3,7,7,36,11,No
30,36.06,2101.76,7,3,4,1,0,No
42,33.13,7694.75,52,2,2,1,12,No
19,99.26,980.8,62,6,7,36,29,No
52,45.54,5758.11,2,2,7,12,9,Yes
24,52.69,3301.8,33,6,1,24,3,No
38,42.56,1769.87,12,2,4,1,5,Yes
35,144.52,7832.27,48,7,2,12,8,No
20,131.1,2565.46,53,3,6,36,17,Yes
59,49.96,2624.91,41,2,1,36,1,No
56,62.58,3113.23,58,4,8,36,5,No
58,47.29,6074.28,68,6,1,12,10,No
66,83.94,6766.83,23,7,10,24,25,Yes
28,22.55,667.22,36,7,1,12,27,No
56,107.28,2797.76,21,6,5,12,12,No
41,88.01,4594.22,72,5,2,36,5,No
63,136.82,3653.78,55,4,2,1,11,No
36,41.37,8899.62,56,2,9,1,18,Yes
21,124.53,7983.23,13,3,1,36,17,Yes
43,122.95,6445.96,22,5,4,1,29,Yes
55,36.53,3711.4,7,4,10,36,18,No
59,71.81,7156.39,24,2,4,12,27,Yes
49,42.12,8514.56,61,7,6,36,11,No
56,53.11,6150.89,5,7,7,24,19,Yes
62,54.22,7952.38,50,3,7,24,12,No
63,92.31,7616.5,62,2,2,24,19,No
53,73.48,5931.5,55,6,5,12,22,No
57,143.21,3465.74,26,4,4,1,3,Yes
54,36.43,7584.93,10,4,3,12,25,Yes
50,146.58,2464.57,11,5,9,1,29,Yes
53,49.98,7905.14,40,7,5,12,21,No
20,120.47,8143.19,11,3,3,12,5,Yes
26,64.07,8310.38,4,1,7,24,12,Yes
25,38.6,4992.7,2,2,8,12,29,Yes
50,131.53,2328.57,39,3,0,24,9,No
23,60.15,1447.37,23,1,0,12,2,No
58,105.65,7561.93,45,3,3,36,8,No
56,93.64,8919.48,42,2,5,24,14,No
21,81.33,6682.96,42,2,7,36,29,Yes
30,84.46,1869.52,29,5,0,12,25,Yes
66,115.19,9381.52,16,4,2,12,29,Yes
19,31.41,9896.47,67,4,3,36,4,No
22,106.86,4617.1,60,4,9,1,25,Yes
61,136.46,6150.84,4,5,1,1,30,Yes
44,27.51,7883.67,16,4,8,1,30,Yes
49,38.28,7495.7,41,3,2,12,24,No
38,113.16,9693.98,6,4,3,1,25,Yes
25,76.85,1591.39,42,4,3,1,21,No
55,72.46,6016.89,57,6,0,12,21,No
25,37.81,7073.35,28,2,4,12,8,No
67,85.88,8955.94,23,5,4,1,28,Yes
20,36.45,8804.04,42,5,1,1,25,No
61,81.96,9791.0,12,7,0,36,14,No
20,119.27,5364.75,64,4,4,12,12,No
39,53.57,8392.23,58,6,4,12,20,No
23,82.5,4559.18,51,7,6,36,2,No
19,148.96,4511.98,29,7,10,24,18,Yes
40,109.26,2906.81,19,1,9,24,1,Yes
61,129.38,8273.25,45,2,9,12,17,Yes
19,73.93,9865.24,54,4,1,12,13,No
55,119.82,2935.25,66,1,7,1,21,Yes
34,25.27,1033.25,72,7,4,24,23,No
52,35.98,8247.65,13,3,4,1,12,Yes
51,46.4,6392.19,65,6,8,24,26,No
40,72.25,9617.14,12,6,1,36,23,No
47,129.95,2896.27,71,2,9,1,7,No
69,65.01,1174.76,14,6,10,36,9,No
25,105.1,5178.2,42,5,1,36,22,No
39,112.21,1311.93,48,1,4,24,1,No
61,96.2,2987.01,24,4,0,12,30,Yes
53,66.44,1696.79,65,1,10,12,9,Yes
22,95.02,2629.26,17,5,4,36,26,Yes
30,64.49,1508.37,38,3,4,12,1,No
46,30.9,9562.11,28,1,7,1,28,Yes
48,149.06,3146.35,33,4,5,24,25,Yes
64,36.53,4717.03,24,1,10,1,22,Yes
33,29.41,9036.81,70,6,5,12,3,No
59,134.21,6934.56,4,3,4,36,21,Yes
47,59.24,6371.36,33,1,4,24,8,No
33,104.54,7202.85,10,3,7,36,20,Yes
29,62.77,8373.81,36,7,0,24,9,No
34,70.89,8837.86,31,3,8,1,3,No
33,54.07,6605.08,4,7,5,12,2,Yes
29,64.6,8955.07,8,2,8,1,6,Yes
25,73.39,5586.28,27,2,1,36,22,Yes
37,113.65,3134.26,36,4,2,1,22,No
20,86.5,8860.73,9,4,0,12,15,Yes
33,142.66,5643.99,43,4,4,12,4,Yes
47,25.44,9108.31,24,3,1,1,12,No
62,85.4,881.59,37,3,10,24,9,Yes
40,95.95,4276.4,41,7,0,12,23,No
45,139.63,9504.15,26,2,8,12,26,Yes
68,26.39,2871.68,4,6,10,12,1,Yes
57,94.55,9444.59,1,7,8,12,15,Yes
22,130.97,9562.07,20,7,5,24,19,Yes
37,51.45,8880.35,45,3,10,24,0,No
57,133.92,5854.85,69,7,10,36,5,Yes
61,22.48,6645.92,52,2,7,36,21,No
18,115.22,8761.36,64,1,10,36,18,No
47,141.3,7871.02,21,4,8,1,0,Yes
38,105.44,6485.89,72,4,4,1,27,Yes
37,77.07,9831.46,25,5,1,36,4,No
23,25.83,7013.93,67,6,3,12,11,No
39,139.61,9767.08,26,2,2,36,29,Yes
35,81.14,1045.19,27,5,9,1,16,Yes
25,23.77,1820.12,52,4,6,24,18,No
56,109.68,4788.86,63,5,9,12,7,No
49,82.64,4156.35,45,1,9,12,9,Yes
50,36.16,7935.98,58,7,9,12,24,Yes
33,47.86,2025.83,38,5,7,1,2,No
29,28.38,9772.9,35,1,4,12,8,No
55,94.66,3493.13,46,4,1,12,6,No
69,100.86,4574.78,71,3,8,24,23,Yes
51,85.75,3110.08,3,7,0,12,5,No
31,126.22,6003.95,6,2,4,1,14,Yes
53,131.93,1056.97,13,7,2,12,12,Yes
50,100.03,1921.94,46,5,7,1,13,Yes
40,21.66,7585.08,33,7,7,24,4,No
67,110.38,2271.76,62,6,0,24,25,No
62,74.34,2737.39,63,1,3,12,28,Yes
19,93.52,8033.33,56,6,9,36,23,Yes
58,104.38,1386.36,39,4,7,24,27,No
38,65.53,4656.0,60,6,8,12,29,No
19,139.22,719.1,24,6,8,24,29,Yes
44,37.42,3794.67,50,4,1,24,30,No
26,107.3,7140.32,33,3,8,1,29,Yes
18,20.57,1355.98,7,7,7,36,1,No
28,140.2,8939.18,46,6,10,1,6,Yes
20,34.63,9140.24,62,6,10,12,29,No
69,32.33,1497.41,1,6,8,12,0,Yes
40,63.29,9911.96,65,4,8,1,15,No
43,68.56,3326.53,45,6,2,36,6,No
21,47.86,1298.97,55,7,4,36,14,No
35,96.07,548.14,66,4,10,36,5,No
23,77.58,4380.97,67,3,2,24,19,No
52,24.44,6483.19,54,4,5,12,18,No
39,61.55,3655.7,63,6,9,24,8,No
60,125.36,8448.81,54,7,4,1,21,Yes
32,109.66,7307.76,52,1,1,36,29,Yes
39,114.23,3826.53,54,7,2,24,5,No
54,110.76,7475.94,67,6,6,36,28,Yes
69,60.43,9434.63,37,7,9,24,16,Yes
59,32.96,1384.41,12,5,9,12,4,Yes
29,55.42,3407.99,59,5,4,36,14,No
64,128.13,4901.6,20,7,2,24,27,Yes
66,147.46,5230.91,32,1,3,1,6,Yes
59,84.2,5650.86,71,5,5,24,13,Yes
55,21.26,3355.96,44,7,7,1,19,No
35,38.21,6838.97,66,7,6,1,27,Yes
62,61.87,6628.3,55,7,2,36,29,No
52,95.22,5989.3,16,6,1,12,17,Yes
47,29.76,1580.74,71,4,2,1,30,No
41,142.64,5031.19,68,6,4,1,28,Yes
59,67.46,3884.16,52,5,6,12,24,Yes
47,138.64,5164.87,37,5,7,12,21,Yes
31,121.47,9257.73,46,4,5,12,24,Yes
23,118.21,5065.05,41,7,1,1,23,Yes
20,98.87,632.82,5,5,10,12,30,Yes
33,101.48,4668.95,66,4,1,1,16,No
24,102.94,8296.16,5,3,9,1,17,Yes
69,101.73,7910.58,63,6,10,1,1,No
31,91.98,5377.21,3,3,4,12,28,Yes
26,148.23,2872.81,8,5,10,1,17,Yes
32,115.2,4918.34,26,7,4,36,13,No
38,121.0,5855.17,53,3,0,1,3,No
52,133.42,9998.78,29,7,0,12,6,No
19,48.03,6619.69,14,5,8,12,6,Yes
44,30.89,7095.52,5,7,6,1,0,No
19,82.78,5168.81,27,3,7,1,7,Yes
52,86.83,3867.65,68,5,4,1,19,Yes
35,127.79,8223.05,29,2,2,36,23,Yes
31,77.69,5201.86,3,6,2,12,9,No
37,94.21,9949.56,30,1,2,36,8,No
35,88.52,4842.65,9,6,0,12,6,No
27,24.97,1146.0,1,3,10,24,2,No
42,99.98,6984.49,23,4,10,12,11,Yes
19,127.65,943.09,67,1,2,1,2,No
42,40.48,2879.77,32,7,1,12,4,No
50,97.26,3860.51,6,7,7,12,6,Yes
53,97.17,7525.09,49,5,9,24,29,Yes
48,41.34,5195.24,15,7,9,24,11,Yes
31,36.05,772.14,58,1,5,36,22,Yes
18,147.41,6360.07,53,7,4,36,24,No
63,71.18,4408.64,30,4,0,1,30,Yes
33,49.56,9257.43,40,4,1,36,16,No
63,42.27,5245.84,59,6,1,36,13,No
69,106.79,7235.26,63,7,6,24,2,No
20,99.23,2579.25,48,7,6,1,0,No
52,103.66,7729.25,68,5,5,1,21,Yes
58,31.44,7349.08,7,6,7,36,27,No
23,136.16,9088.78,47,3,3,1,25,No
42,70.6,821.31,43,3,8,1,22,Yes
30,60.74,4751.26,16,2,7,24,17,Yes
51,80.11,6951.98,22,6,2,36,13,No
25,70.71,1404.06,63,4,2,1,24,No
38,132.27,4400.74,46,2,8,36,12,Yes
51,140.8,9450.39,45,4,8,36,11,Yes
21,59.45,4641.38,41,2,10,1,4,Yes
42,132.31,9861.35,25,6,4,12,2,Yes
32,121.6,1039.97,50,3,9,1,13,Yes
21,141.0,7319.38,67,4,0,12,6,No
62,51.95,6019.65,52,6,2,24,6,No
29,95.0,5255.13,31,6,10,36,16,Yes
49,55.69,9723.05,37,3,4,12,5,No
49,127.13,1731.68,22,1,3,36,14,Yes
45,20.69,9011.99,27,3,3,24,18,No
30,93.43,7066.78,2,4,0,24,14,Yes
48,64.1,2960.46,22,1,5,12,6,No
31,61.95,9065.86,53,2,9,24,4,No
37,103.84,4578.3,17,5,10,36,14,Yes
35,130.69,8235.16,56,4,3,24,19,No
46,99.2,4193.95,31,7,0,24,12,No
23,130.91,8583.84,43,5,9,12,25,Yes
49,54.4,6547.98,72,5,5,24,6,No
46,87.54,1839.94,53,1,4,1,12,Yes
60,78.57,6671.8,5,2,4,36,12,No
19,21.51,2317.78,2,3,1,12,30,No
40,92.39,4413.26,59,1,0,1,12,No
36,106.0,2117.81,4,2,6,12,22,Yes
48,96.95,709.15,34,7,4,1,7,No
68,115.72,2512.92,67,7,2,24,4,No
22,94.27,5595.53,6,3,5,1,3,Yes
36,28.68,5074.83,58,3,2,1,16,No
51,35.14,5264.22,47,2,5,1,19,No
27,97.54,2853.03,5,3,5,36,13,Yes
42,55.75,7009.03,61,4,8,12,10,No
19,30.35,7190.5,56,4,7,24,9,No
28,75.85,3900.69,35,1,0,24,0,No
67,92.06,8871.12,13,3,6,36,6,No
48,62.74,6618.22,26,3,10,36,5,Yes
32,113.66,7273.87,64,2,8,36,6,No
26,103.69,3134.73,11,4,1,1,23,Yes
40,63.27,505.81,62,5,8,36,14,No
36,118.13,8721.07,47,1,5,36,5,No
26,104.33,8313.03,70,6,2,1,17,No
52,102.87,1670.32,58,4,7,12,1,No
38,91.95,4054.0,10,2,6,36,8,No
26,21.48,6782.72,16,1,7,36,5,No
45,110.55,6695.05,12,5,7,1,21,Yes
63,68.89,8673.33,71,7,6,1,16,No
68,142.54,1832.55,50,6,0,1,23,Yes
24,126.34,4584.43,15,1,9,12,29,Yes
33,96.4,1423.63,59,4,9,36,10,No
33,52.78,4201.15,70,5,9,36,23,No
50,46.48,643.52,62,6,7,1,3,No
21,64.25,9033.59,72,2,4,1,6,Yes
21,81.95,5506.92,62,1,1,36,14,No
56,58.49,8573.12,50,4,1,36,24,No
57,86.94,1069.09,54,2,1,36,29,No
34,41.5,2660.85,54,5,8,1,26,No
54,147.1,2964.11,28,1,4,12,28,Yes
56,34.03,4173.57,51,3,2,12,16,No
69,141.15,8127.23,33,4,5,36,11,Yes
46,138.77,4172.3,1,4,8,24,12,Yes
69,88.3,2444.21,69,3,10,12,20,Yes
53,114.24,1117.41,1,2,8,24,12,Yes
55,76.69,1255.17,55,4,8,24,7,No
56,101.9,7720.45,45,2,10,36,6,Yes
67,64.27,4725.63,40,5,9,1,28,Yes
54,59.15,7398.72,61,3,10,24,25,No
69,95.17,6981.73,36,2,3,36,3,No
52,84.76,1785.94,24,5,4,1,2,Yes
24,95.34,1857.44,14,7,0,12,16,No
44,57.27,7675.75,1,1,10,36,15,Yes
45,67.7,7352.05,47,4,9,12,18,Yes
39,30.91,4091.29,21,3,5,36,30,No
31,26.8,1235.51,39,1,1,24,1,No
24,52.95,614.93,3,7,6,1,20,Yes
54,29.65,3237.49,16,1,3,24,13,No
39,33.49,587.61,68,1,3,36,15,No
22,125.68,2685.69,26,2,8,36,16,Yes
19,25.05,4485.26,54,7,0,24,3,No
44,105.66,1653.45,13,4,5,36,7,Yes
38,55.43,1490.64,61,3,1,12,8,No
55,133.3,9016.16,20,6,5,24,30,Yes
32,83.05,6061.97,27,6,6,1,15,Yes
38,59.72,9377.33,2,4,2,12,15,Yes
27,87.29,3785.35,10,4,3,12,16,Yes
40,69.65,6932.88,60,4,1,36,2,No
56,93.36,2444.57,19,5,6,24,21,Yes
22,34.89,6374.23,15,7,8,36,20,No
18,149.61,1731.06,47,5,4,24,27,Yes
30,75.32,519.77,24,5,10,24,16,No
38,65.27,9349.55,16,5,4,1,17,Yes
43,112.33,5771.5,60,4,8,36,17,Yes
67,67.31,9305.94,49,4,7,24,22,Yes
62,128.33,3671.4,4,6,0,1,5,Yes
38,79.06,3613.97,66,3,1,24,28,No
35,113.54,4306.22,49,6,6,36,30,Yes
54,33.97,7207.39,31,6,2,24,5,No
62,130.0,5875.18,66,3,5,12,0,Yes
49,115.64,9290.87,54,3,0,36,28,Yes
53,47.52,741.69,2,6,7,12,15,Yes
34,38.89,7227.86,61,6,1,1,16,No
52,61.12,3638.11,15,6,0,24,3,No
66,146.89,2212.22,60,3,1,36,15,No
28,53.39,5348.76,43,3,7,1,25,Yes
38,79.3,5298.11,40,5,9,12,30,Yes
69,23.9,1801.6,30,4,4,12,21,Yes
43,71.64,2418.01,63,3,8,12,26,Yes
21,94.27,4377.56,24,2,2,12,21,Yes
51,143.91,4383.71,44,7,7,1,20,Yes
69,87.18,3516.8,14,3,3,24,19,Yes
65,126.48,1911.18,28,3,6,1,1,Yes
35,91.13,541.55,14,4,9,24,22,Yes
57,25.3,9717.23,56,6,9,36,11,Yes
52,60.95,9463.24,34,5,7,12,15,No
58,94.82,5094.68,12,1,2,1,5,Yes
46,143.58,9952.99,56,6,2,36,15,Yes
69,131.69,6899.72,61,6,0,24,6,Yes
46,49.69,1154.15,61,4,7,36,13,No
55,48.61,1618.32,40,5,1,36,2,No
59,46.15,9203.05,20,2,6,24,0,No
38,139.92,6485.5,42,7,10,36,16,No
59,130.85,8510.24,7,7,6,12,19,Yes
30,120.73,9033.56,68,1,6,24,3,No
66,71.06,4755.45,31,7,3,24,6,No
58,85.57,961.0,70,5,6,1,28,Yes
34,80.36,2288.66,47,6,9,36,6,No
26,52.94,1132.43,51,5,10,12,3,No
58,85.65,2293.03,58,4,7,12,6,Yes
18,23.96,4400.06,22,5,8,24,7,No
19,37.14,1622.87,24,3,6,36,8,Yes
65,135.26,2083.97,34,5,5,24,21,Yes
46,117.72,4735.31,63,1,4,12,14,Yes
50,74.97,3731.62,60,5,9,12,3,Yes
27,87.23,4942.75,19,2,9,12,25,Yes
67,68.1,4577.13,24,7,6,24,17,Yes
57,116.3,6622.54,64,3,9,36,24,Yes
38,121.94,9403.3,20,1,1,36,11,No
45,119.23,1524.71,27,1,4,24,22,Yes
28,113.94,1442.97,58,6,7,12,5,No
51,46.59,8601.66,44,4,5,36,3,No
25,63.94,5310.77,65,7,5,12,3,No
39,81.08,7780.85,46,4,0,24,17,Yes
25,63.0,2546.51,54,3,1,36,0,No
66,118.14,8374.19,39,1,2,36,20,Yes
32,62.82,9276.54,7,6,6,24,5,No
34,37.97,6537.09,54,2,9,24,25,Yes
40,71.88,1505.85,43,5,5,36,8,No
41,147.39,9005.3,20,5,4,1,16,Yes
62,49.36,8028.63,25,5,8,12,20,Yes
36,99.58,7633.34,43,4,9,1,10,No
22,76.29,848.92,27,1,6,36,28,Yes
49,29.23,8090.14,25,1,8,1,20,Yes
61,83.42,1810.53,36,2,10,24,8,Yes
18,111.28,2612.67,66,4,10,12,10,No
40,86.72,5982.78,9,2,2,24,26,Yes
54,133.37,3017.32,53,1,10,24,3,Yes
25,57.56,6782.81,21,5,7,24,12,Yes
30,31.21,6276.67,50,7,8,24,28,No
25,141.75,1527.42,16,4,1,12,18,Yes
40,69.17,6732.14,66,4,3,36,2,No
60,94.93,9277.57,26,4,1,36,21,No
18,122.96,2030.54,44,6,6,12,30,Yes
62,62.16,6172.09,29,6,3,24,26,Yes
68,113.1,3747.72,46,5,5,1,0,Yes
41,37.6,4866.31,71,6,7,36,16,No
52,57.87,3226.5,49,4,5,24,16,Yes
41,38.81,3864.24,15,6,3,1,6,No
34,125.46,774.66,17,6,5,1,13,Yes
22,48.94,9824.74,9,3,0,24,4,No
37,113.26,6435.6,32,4,5,12,29,Yes
38,142.63,5256.7,66,6,10,24,13,Yes
57,88.61,4145.3,59,5,9,12,10,No
48,90.2,5624.06,32,6,10,1,30,Yes
63,79.93,4111.01,43,6,7,36,24,No
53,62.37,3919.13,59,7,3,12,27,Yes
28,81.84,4907.49,30,4,8,12,26,Yes
69,98.36,3121.84,11,6,5,12,29,Yes
32,148.18,2210.47,26,3,5,36,30,Yes
36,141.91,5787.76,2,3,3,24,2,Yes
24,132.08,8506.27,34,7,7,1,5,Yes
68,135.59,1951.87,41,6,4,1,6,Yes
45,80.82,810.98,31,4,0,12,18,Yes
68,105.47,2844.71,63,1,6,1,8,Yes
60,136.36,9807.35,55,1,7,12,1,Yes
22,71.08,8373.2,61,2,5,36,27,No
22,145.03,6160.73,36,3,6,12,11,Yes
47,74.05,9327.86,40,1,6,36,6,Yes
49,98.14,4730.15,23,2,3,12,9,No
25,112.27,9841.17,26,1,3,12,19,Yes
27,143.58,3314.87,18,4,0,36,14,Yes
55,51.8,2782.9,34,6,1,24,24,No
64,117.0,6561.46,28,3,2,36,22,Yes
49,87.71,4092.46,49,1,4,12,23,No
65,54.91,6450.47,64,4,9,1,26,No
45,120.96,3397.46,71,2,8,24,25,Yes
34,91.79,6370.22,63,4,4,1,18,No
48,105.93,3119.59,62,2,5,24,5,No
25,61.98,984.23,42,1,6,12,19,No
57,82.57,9165.29,24,6,3,24,12,No
42,100.26,8890.45,35,5,7,1,19,Yes
26,72.64,9722.58,55,6,10,36,11,No
19,45.79,7307.01,49,4,5,24,17,No
32,145.01,6985.85,59,5,10,24,15,Yes
67,86.49,5810.53,22,3,0,12,10,No
20,115.41,1696.45,61,5,5,12,25,Yes
66,73.44,2297.74,30,6,1,24,24,No
53,66.17,3249.96,69,3,3,12,10,No
21,72.93,8956.49,60,7,10,12,0,No
31,73.2,2143.21,6,1,3,36,0,No
58,90.74,9267.3,11,1,9,24,6,Yes
58,90.65,5466.46,24,4,9,1,30,Yes
42,84.63,7297.91,51,5,4,36,25,No
67,37.52,1547.32,19,3,9,12,6,No
27,84.49,3055.82,50,3,1,36,3,No
38,41.98,9605.93,3,5,5,24,13,Yes
53,36.4,3028.42,3,6,10,24,23,No
29,141.24,3316.96,31,7,2,24,4,Yes
44,98.64,2377.18,47,1,8,1,21,Yes
57,105.73,1726.2,8,6,5,1,11,Yes
19,72.23,2715.95,17,1,2,1,3,Yes
30,138.17,6602.11,45,3,2,12,2,Yes
49,102.93,4825.99,60,4,4,24,17,No
48,119.99,5760.68,21,7,5,24,23,Yes
33,67.91,1662.47,70,1,3,1,26,No
49,144.8,8120.11,21,2,4,36,4,Yes
49,126.66,7948.9,58,3,2,36,25,No
51,131.01,705.1,55,5,9,12,5,Yes
28,42.39,4143.39,28,5,3,36,13,Yes
27,55.23,1153.32,46,6,7,12,5,No
32,57.13,8025.0,44,6,7,36,19,No
34,55.22,7504.06,25,3,0,36,24,Yes
57,131.2,9068.89,71,6,3,36,22,No
35,24.15,2745.84,49,6,1,24,11,No
26,29.89,4834.81,46,3,3,1,27,No
42,55.61,2252.63,63,1,4,24,25,Yes
57,45.98,4026.73,12,3,0,1,11,Yes
31,50.14,5461.31,57,3,4,36,28,No
42,123.73,1006.64,64,6,6,1,7,Yes
67,93.21,7291.27,31,2,4,24,22,Yes
39,20.75,5661.29,4,5,6,1,19,Yes
69,75.81,8375.11,54,6,8,1,24,Yes
47,73.03,3081.91,65,1,7,1,1,No
37,34.81,9081.55,6,4,0,36,29,Yes
38,107.9,9987.6,65,1,9,1,4,No
61,111.27,9233.34,22,5,9,36,29,Yes
49,113.72,7889.98,17,4,1,36,17,Yes
68,114.7,8217.5,59,3,5,12,23,No
63,20.01,5950.57,29,2,4,1,24,No
66,144.01,2306.46,67,2,0,36,2,No
38,125.85,6931.89,17,5,1,1,15,Yes
52,137.52,7271.15,2,6,2,1,4,Yes
49,22.03,9861.16,32,5,9,24,8,No
47,141.4,5642.36,22,2,4,12,5,Yes
56,125.27,3078.01,58,7,6,1,18,Yes
66,128.84,6994.89,53,4,5,1,21,Yes
29,32.13,9804.07,47,4,2,36,24,No
58,116.04,2183.53,4,6,5,36,26,Yes
64,144.79,3596.98,38,1,3,24,26,Yes
35,108.21,5647.87,13,3,2,12,15,Yes
38,94.17,2117.04,61,6,3,12,25,Yes
30,142.93,711.1,64,4,10,12,6,Yes
38,77.58,3701.34,33,3,7,1,3,Yes
25,97.91,8721.02,38,5,0,12,15,No
63,81.92,912.95,29,4,2,24,19,Yes
57,141.27,4574.83,61,4,9,24,16,Yes
63,29.89,7740.91,32,4,7,1,18,Yes
24,85.15,9555.23,11,1,9,1,27,Yes
40,109.3,9862.02,18,6,8,1,24,Yes
61,122.95,4508.71,45,5,2,36,16,No
49,95.79,9528.65,21,2,8,1,12,Yes
28,138.16,836.48,12,1,9,24,1,Yes
39,142.46,7586.21,20,1,10,1,1,Yes
39,28.36,6606.09,7,4,9,36,23,Yes
60,72.31,2870.46,71,1,3,1,21,Yes
42,23.05,5319.53,2,6,3,36,22,No
39,62.82,1730.76,43,6,6,36,26,No
45,89.79,8780.17,21,6,5,36,3,Yes
46,138.4,3900.03,29,2,9,1,15,Yes
30,130.05,6447.42,32,1,2,1,26,Yes
35,36.57,2008.37,45,7,7,24,3,No
19,32.09,2458.57,59,6,4,12,19,No
46,96.6,9923.59,3,1,1,1,11,Yes
38,89.18,7654.32,39,4,9,24,21,Yes
32,54.63,9638.73,51,5,2,12,27,Yes
69,136.93,3310.59,8,6,6,24,27,Yes
44,140.56,2063.35,46,2,9,12,28,Yes
67,72.34,5279.15,66,4,8,24,28,Yes
48,135.74,5199.35,6,1,0,1,19,Yes
32,69.91,2161.99,58,6,5,12,13,No
68,115.79,7465.59,41,2,10,36,0,Yes
40,81.87,3936.89,54,7,8,24,16,No
41,35.94,2270.47,41,3,6,1,23,No
61,140.63,3653.84,48,6,2,1,17,Yes
30,79.03,5854.76,70,7,6,12,11,No
39,115.48,7401.47,27,7,1,24,24,Yes
60,67.73,5077.96,47,6,9,1,9,No
54,22.45,5493.15,23,1,1,36,23,No
50,33.07,1819.99,14,5,0,24,14,No
20,84.51,9189.56,61,1,2,1,16,No
36,109.7,9322.88,67,5,0,1,25,No
40,63.52,6992.55,25,3,7,36,10,Yes
46,110.41,667.5,65,4,10,1,23,Yes
47,110.82,5602.21,24,4,7,12,24,Yes
56,111.51,6477.58,53,7,3,24,19,No
61,84.03,9949.22,50,6,0,12,6,No
64,138.94,9962.64,1,4,1,12,19,Yes
42,83.6,8647.31,39,2,1,36,28,No
54,78.53,1106.39,44,5,1,12,18,No
64,45.92,9556.13,5,1,8,12,10,Yes
25,60.0,6320.28,68,2,6,12,0,No
59,25.5,8108.42,72,2,8,1,17,Yes
33,102.36,4368.33,65,1,9,36,22,Yes
25,52.31,3536.86,15,3,9,1,21,Yes
18,59.54,4900.82,50,7,1,1,14,No
61,120.21,1895.31,6,4,4,12,30,Yes
22,62.54,3892.13,66,3,0,1,12,No
20,51.49,8647.37,69,3,1,1,23,No
18,41.98,860.53,39,4,3,1,26,No
21,120.73,1933.34,29,3,9,12,15,Yes
57,36.86,1688.6,46,2,0,24,18,No
52,78.99,4329.22,31,6,7,24,5,No
49,85.9,9971.38,24,1,5,1,27,Yes
59,109.36,2146.9,15,6,0,12,21,Yes
51,102.33,1882.09,20,2,8,36,27,Yes
60,125.39,9193.03,4,6,0,24,15,No
42,25.82,8879.48,58,2,10,1,17,No
27,58.54,806.28,61,5,3,12,0,No
38,56.42,7641.21,10,4,4,24,17,Yes
63,38.98,6726.92,41,4,10,24,8,No
56,57.59,7793.54,53,6,8,12,12,No
44,60.27,5197.77,71,2,1,24,15,No
44,87.84,9918.1,48,4,8,1,21,Yes
19,106.28,916.55,15,5,0,1,18,Yes
58,69.54,2726.53,7,6,3,12,30,Yes
65,113.53,4267.19,72,1,10,12,25,Yes
30,63.7,4772.89,71,3,6,36,22,No
26,57.74,9252.99,43,7,3,36,0,No
69,90.35,5820.04,4,4,7,1,29,Yes
53,23.08,928.55,51,2,6,12,28,Yes
39,30.37,4374.7,71,4,5,36,7,No
59,74.34,4456.66,59,2,4,36,9,No
43,142.58,9672.16,41,6,9,24,6,Yes
29,113.8,6192.37,61,6,2,24,2,No
34,31.46,6538.69,30,3,7,36,12,No
31,130.02,7275.9,18,4,3,24,19,Yes
31,115.2,7815.37,30,3,7,36,10,Yes
51,99.42,6532.99,7,2,0,24,22,Yes
37,126.64,2753.35,52,5,10,12,19,Yes
28,72.53,8803.44,48,5,1,24,4,No
33,48.8,7455.14,23,7,1,12,12,Yes
68,86.56,7547.77,37,1,5,1,11,Yes
48,91.35,9967.29,71,2,4,24,15,No
23,89.98,8124.0,53,2,9,12,16,No
36,93.46,8376.94,45,2,9,36,13,Yes
54,143.33,9538.35,49,6,6,1,20,Yes
21,137.29,1935.77,49,6,1,24,25,Yes
64,133.84,5228.41,47,5,8,36,29,Yes
21,124.18,6015.39,25,5,1,36,9,Yes
37,142.65,3628.12,27,7,0,24,12,Yes
27,32.8,8474.33,12,7,1,24,29,No
41,54.47,7742.99,23,5,10,12,11,Yes
52,84.36,7348.39,17,4,2,12,3,Yes
43,130.05,9972.92,44,4,5,1,18,Yes
54,85.67,2964.12,71,5,6,24,11,No
55,117.24,7486.84,24,3,10,1,24,Yes
38,38.06,5738.34,71,4,5,12,0,No
57,52.81,3473.4,60,6,0,24,9,No
56,115.13,2025.58,53,4,8,36,20,Yes
38,41.42,9010.9,16,4,7,1,25,Yes
27,65.68,6156.83,25,4,1,24,28,Yes
55,54.43,8336.87,66,7,0,36,1,No
63,65.48,5680.78,50,7,6,12,4,No
21,112.08,2589.78,69,1,2,36,20,No
62,67.82,3706.71,40,4,2,1,25,Yes
37,92.18,4124.62,6,3,10,24,26,Yes
34,32.99,9742.88,64,7,9,36,16,No
24,124.65,553.52,28,1,8,24,3,Yes
21,68.09,9863.83,9,6,1,36,6,No
46,104.31,9814.39,6,6,4,24,14,Yes
31,114.3,9963.43,17,4,3,1,0,Yes
20,47.26,5027.59,40,2,0,12,27,No
41,135.01,9656.19,45,1,5,12,28,Yes
54,100.11,4258.19,43,7,5,36,13,No
33,75.73,749.8,46,6,10,1,25,Yes
69,43.7,2631.3,63,4,0,24,14,No
21,142.5,9480.31,1,3,6,1,1,Yes
41,118.16,630.76,59,5,5,1,19,Yes
51,47.04,5686.94,63,6,3,36,25,No
47,63.9,1218.22,18,4,6,12,1,No
35,125.26,3220.77,65,2,2,1,15,Yes
36,110.44,1336.88,20,3,9,36,1,Yes
48,119.55,8665.52,56,6,10,24,15,Yes
36,77.36,6115.17,54,1,5,12,16,No
66,113.14,9070.01,48,3,5,12,17,Yes
63,70.24,7039.36,54,4,9,24,18,Yes
36,47.46,9724.78,16,7,5,1,15,No
39,102.25,5343.84,20,6,2,12,3,No
41,146.88,6567.75,47,6,9,1,16,Yes
62,60.38,5974.93,7,2,4,36,0,Yes
29,79.93,5100.47,23,6,0,24,22,No
47,107.62,8536.61,33,7,5,12,20,Yes
55,90.4,6622.99,40,3,6,24,12,Yes
48,129.65,8112.47,5,6,4,12,6,Yes
53,119.03,7970.46,45,3,4,24,25,No
36,27.58,2314.93,41,5,5,36,8,No
65,149.79,6676.55,8,7,6,36,13,Yes
62,117.81,2396.66,50,5,3,1,30,Yes
53,132.31,6041.54,31,4,6,36,0,No
47,104.66,6935.63,4,1,4,24,7,Yes
66,131.32,9973.73,66,1,6,24,9,Yes
50,34.61,790.15,56,2,0,36,30,No
35,65.21,1366.8,5,7,9,24,3,Yes
69,133.93,1231.75,54,4,1,24,24,Yes
66,46.22,4284.43,1,1,1,24,12,Yes
45,30.17,8305.09,61,6,6,1,17,No
64,122.46,8518.54,7,3,8,1,8,Yes
28,128.61,7501.31,30,4,6,12,7,Yes
62,41.14,9020.34,15,3,5,24,29,Yes
50,131.06,3567.17,4,2,2,1,5,Yes
34,109.28,1337.47,63,7,4,36,20,No
23,87.61,1052.45,70,6,9,24,18,Yes
21,127.93,8595.26,38,4,1,24,15,No
37,74.5,7439.14,47,6,8,12,0,No
65,45.22,7136.85,60,6,5,36,14,No
64,57.03,3726.93,2,7,8,36,5,Yes
44,85.67,4109.1,69,6,8,24,9,No
32,89.07,9602.08,8,2,6,1,4,Yes
23,124.73,1106.15,51,7,4,12,7,No
64,122.88,7850.45,19,5,3,12,0,No
31,95.58,3441.52,31,2,0,12,12,No
28,121.5,871.02,22,6,8,24,25,Yes
56,44.93,7554.42,33,5,5,12,15,Yes
26,26.51,3643.66,72,4,1,1,16,No
43,133.57,7360.4,37,3,6,36,6,Yes
33,29.82,7222.72,12,3,5,1,14,Yes
22,52.07,5580.48,69,3,3,12,23,No
69,110.39,7885.04,64,2,5,36,13,Yes
27,73.23,6019.86,25,4,10,12,25,Yes
67,133.92,3223.05,54,4,5,12,27,No
20,58.74,7474.1,29,5,4,24,16,Yes
30,21.54,6096.83,13,4,0,36,24,No
60,59.09,620.91,26,3,2,12,22,No
66,95.15,9065.62,22,4,6,12,6,Yes
47,68.87,5683.61,10,5,1,24,23,No
62,89.53,8751.96,48,4,9,36,13,Yes
23,133.96,8886.0,42,4,9,12,7,Yes
34,138.62,4727.18,59,3,0,12,12,No
62,54.58,5322.77,53,4,7,1,0,No
68,80.08,4449.67,40,2,6,1,3,Yes
36,91.39,4769.65,62,7,5,1,28,No
59,143.38,9003.9,6,5,9,24,28,Yes
52,149.82,7987.37,4,5,4,1,10,Yes
63,50.6,1701.99,55,5,5,1,8,Yes
43,114.51,6297.92,69,4,0,12,18,No
68,69.14,9961.11,3,2,8,24,21,Yes
22,21.05,6157.73,7,7,0,36,3,No
46,21.2,7965.78,12,6,3,12,0,Yes
54,79.87,7806.08,17,6,2,12,18,Yes
37,83.48,3828.02,67,5,3,24,18,No
66,22.93,4032.57,70,1,0,24,30,No
38,109.3,7378.73,36,6,9,12,28,Yes
27,58.22,5249.84,17,6,3,12,18,No
22,92.79,5920.42,1,3,3,12,10,Yes
53,59.12,7272.61,67,1,2,24,5,No
23,41.73,7886.96,49,1,7,12,24,No
43,72.93,3079.41,51,5,6,12,6,No
21,50.2,1894.54,71,7,8,36,22,Yes
56,89.52,3272.05,43,7,1,1,0,No
56,45.85,5321.61,31,1,9,1,28,Yes
67,86.09,3750.34,24,1,2,1,14,Yes
52,40.46,5899.45,37,6,5,1,24,No
18,107.23,1007.92,65,2,1,1,3,No
41,118.01,5342.63,63,3,1,12,12,No
53,34.35,3995.86,56,4,9,12,23,Yes
23,80.81,5579.33,18,5,1,36,11,No
58,29.21,4514.07,65,6,1,24,0,No
63,97.76,3200.15,29,6,4,36,7,No
61,54.37,9089.03,4,5,0,24,24,Yes
48,88.59,2255.27,12,1,6,24,20,Yes
37,87.27,6972.97,56,4,0,36,22,No
41,140.17,9284.12,48,6,0,12,10,No
42,91.38,5617.36,19,4,4,36,9,No
53,95.79,8825.88,26,4,6,1,1,No
38,72.21,1686.09,38,5,2,36,16,No
47,143.38,5190.99,25,5,6,12,27,Yes
41,121.03,4841.74,56,7,8,12,12,Yes
61,57.1,577.13,28,6,10,24,26,Yes
59,129.75,4710.94,61,6,3,24,21,Yes
47,76.21,4005.78,51,7,4,36,8,No
39,127.73,6863.09,12,7,7,24,15,Yes
45,126.98,9414.13,8,6,8,36,27,Yes
24,44.55,1315.02,58,2,4,24,16,No
52,111.15,3611.03,23,5,4,12,29,Yes
45,57.78,4718.62,37,5,1,24,9,No
31,58.67,4824.26,11,2,8,1,16,Yes
27,58.53,7860.69,17,5,5,12,19,Yes
33,114.32,4712.26,56,1,4,1,9,No
33,49.88,758.03,53,1,4,12,21,Yes
48,20.12,7245.99,67,7,3,36,13,No
59,112.98,8905.88,2,2,0,12,14,Yes
42,42.25,5382.09,29,6,5,24,8,No
30,33.58,6020.53,57,2,0,1,1,No
23,50.88,2047.9,34,1,9,12,13,Yes
61,69.39,2596.14,2,4,1,36,20,No
26,81.87,2734.12,31,5,6,1,6,Yes
62,25.79,4592.05,44,3,0,12,27,No
53,146.17,9317.38,56,3,7,36,3,No
60,113.09,5456.96,54,2,7,12,12,Yes
37,62.02,2324.93,53,3,6,12,21,No
35,61.43,3027.83,46,4,6,1,21,No
60,78.31,4148.14,54,3,0,12,3,No
38,101.41,6420.96,31,1,2,1,3,No
21,39.03,4680.31,24,2,8,1,8,Yes
67,44.56,4228.23,25,6,4,24,10,Yes
50,131.73,5864.92,35,3,4,1,0,Yes
44,53.31,2797.43,57,5,6,12,12,Yes
24,69.43,1249.58,72,7,10,12,20,Yes
23,133.27,731.94,69,7,9,12,26,Yes
32,106.21,2886.96,28,2,7,12,24,Yes
35,64.42,1370.12,33,4,5,1,8,Yes
49,108.88,3695.24,53,1,4,24,24,Yes
28,22.56,7842.87,16,7,0,1,17,No
37,115.63,7304.8,26,3,9,12,6,Yes
41,83.31,6303.81,12,1,9,1,13,Yes
32,125.71,8598.75,31,4,9,24,25,Yes
65,144.1,3179.64,27,7,8,36,23,Yes
24,140.35,8908.01,36,6,5,24,16,Yes
38,138.2,4292.77,59,3,2,24,17,Yes
59,86.58,4308.49,3,6,9,36,0,Yes
43,66.82,4350.84,32,6,6,24,28,No
61,80.45,1431.9,15,2,3,24,8,Yes
31,109.69,9767.16,66,6,2,1,9,Yes
54,134.92,1815.81,63,2,6,24,15,No
38,46.91,3738.41,1,6,5,24,10,Yes
35,139.37,3533.35,5,7,10,12,20,Yes
22,125.97,1209.45,6,5,3,24,3,Yes
20,147.25,1946.47,5,4,9,1,23,Yes
40,134.43,926.15,28,3,7,36,18,Yes
43,56.39,3277.84,69,1,1,12,7,No
54,33.77,8733.24,44,7,5,1,2,No
41,34.59,3724.7,16,1,2,12,21,No
66,57.86,1675.07,71,3,7,24,3,No
36,99.84,6634.09,22,4,10,1,28,Yes
68,124.56,9967.71,23,4,7,12,29,Yes
42,136.9,2707.08,43,6,10,1,30,Yes
38,101.09,3155.92,68,1,10,12,30,Yes
29,20.73,9732.55,43,3,0,24,7,No
58,44.22,2198.37,26,6,1,36,22,No
50,32.96,5356.53,41,3,3,36,11,No
67,67.23,2776.7,70,1,0,1,4,No
21,85.18,9357.34,31,3,2,36,28,Yes
59,25.64,9824.45,17,3,3,1,29,Yes
24,65.3,8239.63,9,6,9,1,30,Yes
39,43.29,3490.45,55,2,2,24,28,Yes
50,104.12,4333.13,6,2,4,24,2,Yes
34,80.36,2801.9,70,5,10,12,4,No
41,84.39,8962.2,64,6,9,1,29,Yes
51,75.6,9188.3,4,5,6,12,3,Yes
45,144.28,4479.27,67,4,7,12,23,Yes
60,47.92,6737.06,56,2,7,24,10,No
58,87.17,2072.76,18,2,10,1,20,Yes
56,115.68,4631.89,32,2,1,24,25,Yes
39,92.39,6499.24,48,2,0,1,25,Yes
66,140.77,4161.33,29,4,5,36,15,Yes
34,69.14,3897.2,32,1,0,36,20,No
51,80.28,509.49,25,4,5,12,17,Yes
23,31.51,8140.79,63,1,6,24,24,Yes
63,99.17,8948.71,9,5,8,24,30,Yes
23,57.47,9709.9,71,2,9,1,5,No
51,40.84,7333.08,14,6,9,12,26,Yes
18,90.79,5713.53,20,6,0,24,15,No
27,89.2,3058.2,10,1,6,12,0,Yes
38,29.86,9993.35,11,7,3,24,18,No
22,110.77,6102.65,39,7,8,36,19,Yes
19,101.09,6970.96,19,7,10,24,15,No
39,44.57,6982.86,19,4,3,24,9,No
65,81.03,8529.89,43,1,1,36,25,No
19,113.64,591.89,61,3,0,12,13,No
27,88.83,2592.35,70,5,6,12,17,No
51,71.41,6822.57,72,5,6,12,12,No
33,61.9,9003.88,65,2,2,36,26,No
65,99.35,7010.72,23,2,4,36,12,No
68,142.08,4428.17,60,4,9,36,25,Yes
56,107.33,3934.78,10,1,6,12,14,Yes
39,29.72,7510.51,63,3,7,12,3,No
29,79.89,7541.76,2,5,8,12,17,Yes
41,135.81,6267.05,36,1,9,12,30,Yes
64,32.28,3268.94,57,3,9,1,14,No
57,148.55,9288.97,66,6,0,36,5,No
55,143.38,5742.86,20,1,8,36,28,Yes
27,30.18,8009.68,42,2,5,36,9,No
52,141.34,2535.93,21,6,5,12,14,Yes
68,67.21,3768.39,66,6,6,12,24,No
66,129.81,8808.51,38,5,8,1,0,Yes
49,74.39,976.02,69,3,6,1,4,No
24,77.31,5367.0,24,7,6,12,8,No
38,102.45,5076.2,26,2,10,12,26,Yes
37,120.68,7636.69,2,6,2,12,22,Yes
43,24.39,3177.99,46,7,9,36,13,No
21,97.11,2581.13,34,4,8,1,10,No
63,44.28,9298.26,62,4,3,36,5,No
69,64.97,5931.24,41,2,5,24,15,Yes
39,65.24,1494.55,15,3,6,24,22,No
32,80.98,2333.84,55,3,8,24,29,No
57,63.44,9988.85,3,5,9,24,28,Yes
38,33.96,2358.29,38,2,2,36,8,No
32,38.93,6299.52,51,4,10,24,2,No
39,24.35,4491.22,17,2,1,12,7,No
69,81.13,8913.19,49,1,1,24,16,Yes
45,144.08,7674.1,21,3,1,12,25,Yes
31,35.04,6171.04,24,6,8,36,21,Yes
44,143.01,602.02,40,1,7,1,8,Yes
58,115.34,8858.05,20,4,8,1,16,Yes
57,102.87,4724.34,35,3,8,24,4,No
45,103.89,9349.99,48,4,0,1,23,Yes
43,127.47,5207.62,33,4,9,12,30,Yes
66,33.9,7095.13,56,4,9,24,25,No
19,85.62,1158.28,41,5,8,24,30,Yes
42,110.62,7578.94,54,4,0,12,10,No
20,96.29,3710.96,44,4,4,12,5,No
25,128.26,3837.91,72,1,3,36,21,Yes
61,29.4,1627.23,11,1,7,12,13,Yes
50,109.79,1895.14,14,1,4,36,2,Yes
59,89.42,2264.71,42,3,8,24,23,Yes
69,69.29,3617.96,12,5,0,1,29,Yes
52,64.24,8973.71,17,3,7,1,16,Yes
23,100.71,3998.47,25,5,5,36,27,Yes
56,135.83,7381.45,26,5,0,1,3,Yes
69,84.5,1286.1,47,2,1,1,7,No
40,127.21,6115.44,25,6,3,24,5,Yes
42,72.28,5077.97,60,2,4,36,10,No
67,33.31,9790.6,60,2,0,12,24,No
60,28.0,8538.97,27,5,9,1,0,Yes
36,26.67,4820.88,43,5,6,24,14,No
22,69.42,7863.86,20,3,3,24,30,Yes
68,63.84,2333.87,63,5,0,1,15,No
28,113.33,5842.2,25,7,5,12,1,Yes
29,116.57,1208.88,27,4,8,12,12,Yes
27,26.61,3806.85,52,4,8,36,11,No
25,48.75,2645.69,10,5,10,36,13,Yes
41,55.65,7329.64,50,4,3,36,0,No
45,91.19,5155.86,30,5,6,24,10,No
58,38.79,7635.17,1,7,9,12,3,Yes
53,37.41,5395.31,54,2,0,36,12,No
54,142.69,1321.6,4,5,9,24,24,Yes
38,124.55,7485.99,7,2,8,12,19,Yes
25,43.49,8415.68,30,7,0,1,24,Yes
26,72.85,9083.55,65,1,8,36,5,No
64,66.23,5933.92,29,4,5,36,4,No
32,122.83,7659.06,25,7,9,12,25,Yes
65,86.33,7644.42,40,1,10,1,3,No
63,36.62,1979.62,26,4,6,1,12,No
57,116.07,2060.1,17,7,3,24,25,Yes
35,71.6,1173.41,31,7,8,36,17,Yes
59,54.18,3539.18,61,6,5,1,12,No
37,68.81,4998.33,8,6,5,24,7,Yes
23,84.71,9980.03,69,6,9,36,18,No
29,64.61,4594.44,1,1,5,36,14,No
19,51.45,7399.3,71,7,3,36,28,No
24,71.81,7087.27,46,6,6,36,0,No
33,22.49,2442.58,20,5,1,1,10,No
20,120.42,1055.82,40,6,1,1,15,Yes
62,42.22,5687.06,2,1,10,1,9,No
20,25.71,7152.9,61,7,10,12,6,No
44,104.98,9983.39,71,4,5,12,30,Yes
67,120.61,3906.8,30,3,8,36,7,Yes
60,125.8,9015.46,30,4,2,1,22,Yes
57,84.16,4128.36,45,3,6,24,19,Yes
55,46.7,7049.41,24,5,8,1,15,Yes
50,115.84,6183.4,56,7,8,24,23,Yes
45,110.96,1003.3,61,4,2,36,9,No
18,52.02,1244.69,13,1,0,36,3,No
25,137.44,697.26,56,5,1,36,30,Yes
54,33.57,4022.92,15,4,10,1,11,Yes
49,147.75,7585.11,11,5,7,1,20,Yes
65,131.83,2141.18,12,7,6,24,15,Yes
60,109.43,6255.6,3,7,0,24,23,Yes
54,142.04,3243.86,24,3,2,12,28,Yes
21,113.9,8071.43,9,5,7,36,17,Yes
47,44.76,8084.76,46,7,6,24,15,No
23,77.48,7866.44,71,1,4,1,12,No
63,29.3,5485.92,60,4,2,24,15,No
36,70.66,3203.38,11,3,6,12,25,Yes
49,116.41,8189.72,10,5,4,1,14,Yes
26,70.24,2267.96,3,2,0,1,7,No
29,62.94,3252.72,19,3,4,1,14,Yes
28,97.4,2247.5,2,3,2,24,20,Yes
63,133.39,6905.0,17,1,1,36,20,Yes
33,26.19,7019.24,2,1,2,36,6,No
18,70.11,6698.84,53,5,9,36,19,No
62,40.57,4448.21,16,2,3,36,18,Yes
38,110.4,1451.62,10,3,0,36,28,Yes
47,33.74,9156.11,68,5,3,1,21,No
30,106.43,5323.44,43,6,8,1,13,Yes
51,57.2,4366.24,58,2,0,24,5,No
21,45.86,6093.84,60,5,10,1,12,No
45,141.73,2331.51,24,3,6,24,25,Yes
55,22.41,1759.21,16,5,7,24,11,Yes
48,76.91,4352.49,9,1,8,12,21,Yes
44,22.81,2658.6,6,1,6,1,6,No
22,82.87,2820.76,65,4,8,24,19,No
42,85.14,8978.86,24,2,9,36,2,Yes
20,61.82,5542.21,10,6,2,36,2,No
50,37.18,5092.96,27,3,0,12,2,No
21,68.93,7050.06,3,2,1,24,14,No
42,107.39,9539.71,38,1,9,1,15,Yes
37,121.71,1565.89,17,6,0,36,12,No
51,89.0,8418.58,48,3,1,36,15,No
43,96.68,6048.18,49,4,8,12,1,Yes
22,46.08,1888.57,43,1,4,36,5,No
52,57.35,3322.92,7,1,3,24,16,Yes
45,41.05,5082.43,68,6,1,12,5,No
46,52.41,7066.18,21,2,2,36,23,Yes
26,49.24,2804.77,25,7,8,1,21,Yes
69,87.53,5581.35,61,5,2,24,17,No
55,93.15,7004.38,28,7,7,36,22,Yes
67,142.84,4763.04,52,2,0,1,11,Yes
23,45.42,8698.75,13,1,4,24,18,Yes
36,103.42,8759.86,34,2,1,36,24,Yes
61,126.24,4971.57,67,5,3,12,11,No
28,92.83,9742.79,4,4,1,1,26,Yes
19,53.15,1218.06,44,3,2,36,23,No
64,54.13,531.94,15,1,4,12,21,Yes
61,25.1,4116.35,8,2,1,24,16,Yes
61,59.71,6210.42,5,1,8,24,1,Yes
26,116.8,6477.4,66,3,7,1,13,Yes
38,26.18,5026.23,46,2,4,1,27,Yes
41,48.51,1686.39,65,4,10,24,12,No
51,111.81,2119.73,66,3,0,12,23,Yes
39,121.74,8595.41,26,5,4,24,5,No
20,79.19,8745.16,31,5,3,36,16,No
29,110.75,6902.04,51,1,8,36,8,Yes
45,70.43,6810.07,41,5,1,12,29,Yes
47,40.79,6177.98,51,2,6,36,7,No
43,71.76,2427.8,19,5,1,36,13,No
65,95.4,4568.38,3,4,10,1,1,Yes
38,143.25,7111.0,38,6,2,36,9,No
45,28.94,5603.9,70,2,2,12,27,No
43,85.96,676.51,45,6,9,24,20,Yes
50,62.76,9558.79,71,1,7,12,2,No
38,86.08,8525.75,41,1,1,1,29,No
52,23.12,2975.18,25,7,0,12,16,No
69,60.69,6356.36,50,5,5,24,6,No
51,126.58,9270.77,1,5,5,24,24,Yes
58,92.01,1412.1,54,1,10,12,11,Yes
68,78.58,5278.78,13,2,0,24,26,Yes
64,57.12,4834.31,40,3,4,1,6,Yes
35,58.75,4396.95,21,1,8,12,2,Yes
28,69.8,8438.09,41,7,9,36,5,No
40,128.62,4116.14,61,4,10,12,2,Yes
65,145.74,1104.8,33,2,9,36,3,Yes
39,77.03,1125.46,29,3,4,36,15,Yes
34,71.14,906.07,55,7,6,12,14,No
22,130.05,4386.88,32,7,5,24,0,Yes
61,75.5,7324.86,11,3,10,36,1,Yes
28,91.76,2435.36,52,7,9,36,0,No
47,50.02,6641.45,36,2,3,12,25,No
32,116.66,7027.34,31,1,1,36,17,No
44,89.16,2924.42,14,3,9,12,3,Yes
52,125.17,6205.3,63,4,4,36,5,No
50,121.5,7006.25,52,6,9,36,10,Yes
37,47.95,4932.83,54,2,8,12,29,Yes
33,113.03,3698.81,50,5,2,12,11,No
51,124.01,6381.94,54,6,2,1,7,No
19,64.99,9789.55,35,1,10,24,29,Yes
52,42.44,4554.99,30,7,6,1,13,No
57,20.34,4221.48,55,2,9,12,9,Yes
45,78.62,4910.54,1,4,1,36,24,Yes
64,65.82,1224.07,15,6,7,24,30,Yes
56,92.14,5755.05,25,6,6,12,25,Yes
23,44.45,3622.63,20,3,7,1,22,Yes
26,131.76,1653.51,71,1,9,36,3,Yes
37,53.51,4929.44,16,1,5,36,14,No
18,49.44,532.15,52,2,4,12,29,Yes
25,82.49,4316.96,65,2,10,36,15,No
40,84.85,1504.49,70,4,3,1,13,No
20,47.96,730.78,1,7,7,36,14,Yes
21,55.34,8332.51,16,7,1,1,22,Yes
42,42.06,9204.36,27,5,5,36,16,No
64,113.4,2472.91,18,2,9,24,26,Yes
55,120.11,5623.33,44,6,5,12,11,No
32,80.1,3140.6,50,2,4,12,29,Yes
38,112.83,5188.99,14,2,1,36,30,Yes
52,115.67,4648.0,52,7,4,12,29,Yes
63,37.98,3055.99,50,4,2,24,12,No
69,145.6,7153.74,17,3,6,1,13,Yes
31,126.73,1701.66,3,5,6,24,25,Yes
53,46.58,1004.19,62,4,7,24,10,No
29,44.2,7792.92,21,2,10,1,10,Yes
34,36.34,6826.34,33,3,9,12,5,No
56,37.99,5236.0,1,2,10,1,0,Yes
26,117.26,4944.0,70,4,8,1,23,No
52,81.06,5225.41,56,1,0,1,19,Yes
30,121.78,4651.73,4,2,3,12,7,Yes
32,117.01,4232.48,22,7,5,1,7,Yes
35,98.6,5247.06,58,3,6,24,29,No
68,109.23,5520.89,44,5,10,1,29,Yes
50,22.39,7073.07,57,1,4,1,17,No
23,60.53,7256.47,40,2,5,36,21,Yes
44,102.92,4087.48,56,2,0,36,12,No
40,21.21,4428.63,63,3,10,24,25,No
44,24.29,4050.12,39,7,4,12,13,No
51,130.75,5597.09,7,7,1,36,29,Yes
63,108.92,4806.86,14,1,10,24,14,Yes
55,54.5,8951.17,18,1,1,36,3,No
31,109.44,7115.43,55,1,0,36,18,No
53,123.02,9037.24,56,2,9,12,12,Yes
25,59.88,7236.8,57,1,8,12,8,Yes
52,24.68,9724.43,58,2,3,36,15,No
36,141.26,6539.5,25,2,3,36,27,Yes
47,64.87,9653.73,70,6,8,12,25,Yes
31,33.84,2002.61,3,1,4,12,27,Yes
37,83.94,998.54,21,4,3,24,8,Yes
66,119.9,6001.69,32,7,6,36,1,No
42,48.81,9843.19,2,5,4,12,20,Yes
57,55.03,4467.25,20,5,7,36,30,Yes
41,51.55,2514.41,18,4,2,24,25,No
31,148.92,5454.64,54,1,7,1,9,Yes
43,45.66,6663.59,36,2,10,36,6,No
55,94.82,3494.2,61,3,5,24,8,No
40,140.28,7290.31,60,4,8,1,7,Yes
39,39.1,9763.59,36,5,5,36,25,Yes
65,146.21,9021.15,44,5,3,24,19,Yes
36,143.17,3270.06,68,2,1,1,18,No
63,134.99,3603.87,66,5,10,24,0,Yes
68,47.89,4029.64,44,5,2,24,0,No
20,102.43,4248.25,29,2,6,24,24,Yes
59,118.92,1453.04,48,1,9,24,19,Yes
36,148.18,7738.65,36,7,4,1,7,No
26,43.46,3970.72,8,6,6,12,3,Yes
45,119.58,8858.29,5,7,6,24,27,Yes
37,64.04,9305.94,47,5,5,1,21,Yes
62,42.83,732.1,43,6,1,24,3,No
24,74.78,9890.78,10,6,4,36,14,Yes
31,123.2,7245.22,10,1,10,36,1,Yes
26,80.43,5443.73,6,3,9,12,16,Yes
36,89.88,4200.51,16,1,5,1,7,Yes
64,149.37,5425.92,60,2,7,36,15,Yes
69,71.88,3583.93,26,2,0,1,5,No
31,100.0,6415.53,21,2,9,36,0,Yes
55,67.48,1383.31,58,5,6,1,4,No
53,71.06,6400.66,41,4,4,24,18,No
57,110.43,3115.78,30,5,6,24,17,Yes
34,141.93,667.53,5,1,2,36,2,Yes
47,90.51,5750.7,10,3,3,12,1,Yes
26,119.89,5995.25,11,3,1,36,25,No
50,31.6,4552.41,63,3,5,36,1,No
69,47.45,1186.72,7,6,4,12,0,No
42,85.28,8986.76,59,3,0,24,2,No
31,22.6,6308.59,12,6,0,24,18,No
28,52.87,1599.28,64,4,7,36,3,No
52,87.26,5353.84,41,7,7,1,2,No
58,21.94,5223.92,60,3,5,36,7,No
31,54.39,1073.82,72,6,10,24,11,No
47,86.82,6265.17,28,5,8,1,28,No
58,94.51,8179.1,63,3,0,12,3,No
21,140.35,7615.58,3,2,9,24,13,Yes
21,103.89,2428.21,32,1,7,12,9,Yes
45,73.92,8691.78,21,5,1,24,16,Yes
25,140.95,3754.15,55,4,7,24,29,Yes
19,122.03,9491.83,18,5,2,1,17,Yes
58,46.0,1181.61,53,2,5,24,6,No
63,37.01,5118.98,61,3,6,36,12,No
39,107.86,6172.68,50,3,2,12,21,Yes
58,92.78,2852.68,8,4,1,24,24,Yes
33,122.66,7828.11,12,7,0,36,12,Yes
46,116.04,6455.51,51,1,4,12,21,Yes
66,101.28,672.04,66,3,0,36,1,No
65,148.23,6279.5,41,6,0,24,7,No
47,89.37,5169.04,22,4,4,36,24,Yes
29,34.7,2362.28,9,7,2,12,20,Yes
52,127.68,9959.61,11,7,9,12,21,Yes
28,52.74,9023.04,13,7,2,12,19,No
63,121.05,3278.82,56,3,10,24,10,Yes
67,144.42,5640.17,28,6,6,1,1,Yes
38,110.58,3506.77,64,7,2,36,11,No
38,97.48,7867.21,64,5,1,12,4,No
22,79.85,9338.15,70,4,2,12,20,No
65,67.37,3908.87,55,4,10,1,29,Yes
37,65.89,8153.05,37,4,3,12,15,Yes
54,102.73,5234.87,33,3,8,12,29,Yes
20,117.67,4267.5,25,4,1,24,0,No
61,108.21,9415.01,23,5,5,1,11,Yes
50,45.79,5348.84,60,1,4,12,4,No
26,84.22,4940.4,56,1,5,24,0,No
26,122.91,6888.13,63,2,4,24,2,No
21,81.84,2981.72,8,5,5,24,26,Yes
52,89.76,3585.53,17,5,3,24,24,Yes
34,120.25,9354.44,57,4,7,1,3,Yes
51,105.96,6946.03,62,7,8,1,8,Yes
41,73.21,8353.05,11,2,9,24,21,Yes
49,136.4,3075.56,67,6,6,1,16,No
18,41.13,5666.01,40,6,10,36,11,No
25,149.42,9728.26,40,5,0,36,18,Yes
62,35.45,3527.69,56,5,4,24,28,Yes
40,21.94,2024.53,53,5,6,12,2,No
64,135.7,5353.42,28,3,4,12,29,Yes
57,51.84,4184.3,42,5,4,36,19,No
29,114.86,2015.98,46,6,4,24,30,Yes
29,125.43,8941.24,18,3,4,36,9,Yes
63,131.67,9911.88,23,7,10,36,19,Yes
64,148.91,5901.53,26,6,4,12,7,Yes
32,58.23,7859.43,29,5,0,36,2,No
58,112.33,8660.86,52,7,5,24,10,Yes
36,35.0,7159.33,46,6,10,12,14,Yes
43,72.89,919.48,1,1,10,12,19,Yes
69,130.24,1997.53,63,7,5,36,27,No
46,67.8,1174.4,16,3,7,1,11,Yes
39,96.84,593.86,25,7,4,36,2,Yes
57,85.49,3406.97,62,3,1,24,6,Yes
38,103.97,4227.38,16,7,6,1,21,Yes
68,146.48,2789.78,69,4,0,24,0,No
55,27.25,1113.74,70,5,4,12,9,No
37,94.61,5533.7,34,2,4,24,16,Yes
46,132.19,3096.53,53,7,2,24,5,No
68,82.58,8062.35,23,2,1,24,18,Yes
21,30.21,576.5,43,2,10,36,24,Yes
24,92.87,8504.01,44,2,3,36,11,No
45,63.17,9570.16,32,1,6,24,28,Yes
45,40.14,7303.28,23,2,9,36,27,Yes
21,130.37,7469.62,20,6,2,12,1,Yes
39,87.81,9368.84,19,4,5,12,11,Yes
29,141.33,2486.18,72,2,6,1,28,Yes
62,124.78,9948.37,29,4,1,36,18,Yes
20,110.09,7848.07,18,3,2,36,8,Yes
39,20.65,7402.42,69,7,8,24,27,No
61,75.62,3930.36,12,6,0,1,5,Yes
19,45.67,5684.89,10,5,7,12,16,Yes
41,138.4,6712.22,37,7,0,12,1,No
51,42.7,6393.26,55,7,2,24,6,No
44,57.19,7197.35,4,2,5,36,5,Yes
58,87.19,1282.63,63,4,10,24,13,No
18,54.24,3878.66,12,6,7,1,16,No
25,47.28,4623.0,18,4,6,12,25,Yes
40,97.88,2975.98,8,5,2,1,17,Yes
55,31.56,2139.96,32,3,5,12,5,No
23,27.56,1819.81,49,2,0,12,11,No
39,68.39,3980.64,63,4,7,1,5,Yes
42,113.69,5187.7,59,7,8,12,21,No
35,92.12,1098.28,67,2,8,12,13,No
34,74.97,9491.35,39,6,3,1,12,Yes
29,93.55,7769.81,50,1,3,12,8,No
23,67.51,7443.09,71,7,6,1,17,No
43,141.7,2142.17,26,4,6,24,9,Yes
44,27.14,6236.11,23,3,10,36,9,Yes
25,107.54,5532.39,63,6,5,36,26,No
36,135.87,9833.45,66,5,6,36,13,No
59,124.51,7602.88,39,4,0,12,8,No
18,43.93,5969.74,66,1,8,1,8,No
46,58.47,8582.72,46,5,5,36,25,Yes
62,113.22,1973.4,15,3,7,12,24,Yes
66,30.96,644.56,16,2,4,12,8,No
52,125.54,7057.22,72,2,6,1,2,Yes
57,113.46,1433.96,16,4,2,24,25,Yes
31,114.85,1596.62,39,5,9,1,8,Yes
52,33.03,7574.47,11,1,0,12,12,No
65,113.31,3070.08,36,1,6,24,9,Yes
62,108.38,6472.0,18,3,4,24,24,Yes
37,128.02,9215.37,23,6,0,36,2,No
66,25.41,3506.51,49,5,8,12,29,Yes
30,23.0,2562.87,42,5,8,1,28,No
55,68.49,1512.35,44,2,5,1,19,Yes
66,39.34,1739.39,1,7,10,36,3,Yes
63,92.59,1091.12,7,3,8,12,13,Yes
66,139.26,1332.6,48,3,6,1,12,Yes
25,70.89,4604.04,16,6,7,1,19,Yes
60,129.84,3548.22,48,3,10,1,6,Yes
37,20.03,7212.33,43,5,1,24,20,No
50,41.91,8767.3,51,7,1,24,6,No
43,23.96,7955.35,66,2,3,36,5,No
56,62.66,5541.05,31,3,0,36,22,No
38,138.06,1473.2,39,2,7,1,7,Yes
66,32.6,7242.79,9,6,4,12,5,No
59,98.83,3946.87,41,3,6,12,24,Yes
60,78.69,1313.68,63,5,1,36,3,No
58,142.0,8503.43,14,2,4,12,27,Yes
26,35.93,3713.06,58,4,8,12,4,No
41,47.56,2573.36,64,7,8,1,24,No
54,23.84,8778.79,28,6,1,1,24,Yes
66,76.41,9070.27,4,3,10,12,17,Yes
58,56.12,3720.22,34,5,1,1,1,Yes
34,133.09,3870.61,4,2,4,12,24,Yes
41,98.64,6006.47,70,1,2,12,21,No
38,99.83,7467.69,58,5,0,24,23,No
68,89.15,1099.92,4,5,10,12,13,Yes
56,31.94,6136.76,50,1,0,24,23,No
58,77.85,9551.79,5,1,4,36,23,Yes
56,149.94,2989.89,45,7,2,12,13,No
30,128.58,9133.86,35,4,8,36,4,Yes
28,136.15,9526.6,27,4,2,1,10,Yes
63,127.02,3056.96,2,4,2,24,26,Yes
36,33.4,7664.92,54,5,2,36,25,No
28,49.57,2768.36,72,7,0,1,19,No
30,20.41,7507.31,48,5,2,12,2,No
63,59.46,8075.49,49,5,4,24,15,No
62,34.12,2848.45,1,4,7,12,19,Yes
18,81.46,7300.76,33,2,6,36,7,No
57,108.03,8214.99,35,7,10,12,19,Yes
61,133.69,3906.5,54,5,3,1,14,Yes
36,117.4,2093.18,56,5,3,36,13,No
29,142.02,1373.66,15,5,3,24,13,Yes
25,27.01,5966.13,69,4,7,1,7,No
25,21.58,9791.93,4,3,7,1,23,Yes
62,105.97,8318.03,64,4,1,24,29,No
29,57.62,4640.48,22,3,6,1,0,No
65,52.96,5597.9,24,4,10,36,15,Yes
50,63.02,3155.51,47,7,4,12,26,No
62,55.07,2049.13,6,2,1,24,26,Yes
43,86.49,5079.77,27,2,2,24,27,Yes
56,77.22,4903.26,10,5,10,36,11,Yes
45,86.62,5458.33,39,4,6,36,13,No
22,107.45,9551.64,37,3,5,24,8,No
25,70.33,6237.01,54,3,5,24,13,No
42,52.67,6254.83,51,2,6,24,12,No
44,41.61,1716.24,60,5,5,24,18,No
63,65.43,9966.64,72,7,10,36,21,No
40,116.43,7842.03,51,3,1,12,29,Yes
47,118.37,8833.43,62,4,7,24,15,Yes
62,106.7,4435.85,49,5,6,1,18,Yes
64,50.42,5270.22,51,6,5,1,24,No
40,96.45,5459.8,28,4,4,1,16,Yes
66,94.19,2343.9,36,4,10,36,22,Yes
64,82.95,7050.15,25,2,5,24,4,No
37,91.5,9078.28,36,7,2,36,27,Yes
35,83.93,2055.21,60,4,1,1,2,No
35,93.51,1320.02,7,1,8,12,27,Yes
19,113.02,7513.08,65,5,0,1,26,No
21,34.25,3095.42,36,1,1,24,22,No
47,117.45,6426.69,30,7,10,12,0,Yes
50,37.67,7109.7,47,4,9,12,21,Yes
53,28.66,3558.15,29,4,9,12,6,No
35,146.89,8243.87,5,2,0,1,24,Yes
54,144.41,5724.9,65,2,7,36,30,Yes
36,27.86,8755.49,69,6,3,1,24,No
64,77.62,7751.29,63,2,5,24,6,No
45,44.21,8751.47,56,6,10,12,20,Yes
57,83.09,691.53,17,7,4,36,22,Yes
37,127.92,2813.31,51,7,7,36,26,Yes
66,143.58,1355.08,37,2,9,24,30,Yes
50,102.45,4699.79,9,6,6,24,16,Yes
29,66.01,8954.62,38,3,0,24,29,Yes
68,98.43,4941.63,53,2,7,12,6,Yes
32,60.56,8572.27,13,4,3,12,12,Yes
58,138.28,3608.19,53,6,6,24,27,No
56,133.15,3725.92,49,4,2,12,28,Yes
19,92.57,9007.84,70,6,1,1,12,No
46,62.22,4545.26,35,5,0,36,9,No
58,58.14,8002.77,16,6,9,12,19,Yes
27,24.34,2748.11,13,1,4,36,1,No
19,126.06,9513.61,11,6,10,1,5,Yes
68,78.55,5958.49,2,6,2,12,6,Yes
28,62.27,7713.57,19,3,10,24,26,Yes
30,81.24,1350.4,45,3,2,24,12,No
27,126.44,5180.31,46,7,7,1,28,Yes
31,36.2,9059.87,47,5,0,1,22,No
35,131.5,8831.87,49,5,1,12,7,No
68,136.68,944.73,42,2,0,1,20,Yes
26,143.07,3385.14,33,5,6,36,12,Yes
56,71.67,4711.54,41,3,3,24,25,No
45,48.23,2136.52,69,1,2,12,10,No
20,68.57,7434.98,19,6,2,1,9,Yes
37,63.28,2252.86,39,1,9,36,28,Yes
23,42.9,3793.08,7,3,10,24,26,Yes
44,98.94,6801.17,39,2,2,24,23,No
19,81.96,5079.85,34,1,1,12,3,Yes
46,132.54,7516.42,44,6,4,12,9,No
55,24.17,9631.48,69,6,0,12,30,No
20,103.7,1607.19,68,1,4,12,16,No
33,119.18,7240.89,63,2,9,1,27,Yes
47,118.73,2688.27,71,1,7,12,7,Yes
57,135.19,4437.53,48,4,6,1,19,Yes
19,114.77,812.2,3,7,10,36,4,Yes
34,140.62,1791.12,34,3,2,36,28,No
58,63.25,3537.88,9,1,8,24,19,Yes
29,85.42,3748.87,61,1,10,36,14,No
52,21.83,9046.06,20,2,9,36,22,Yes
60,20.9,7547.22,40,1,6,12,9,No
18,51.22,9735.74,12,2,0,12,18,Yes
62,33.1,6191.18,28,3,5,12,17,Yes
32,53.83,2796.28,48,4,3,36,25,No
43,43.02,3612.72,7,5,5,12,11,Yes
54,23.71,3538.44,14,3,2,12,1,No
38,138.21,3601.7,19,1,4,12,6,Yes
66,21.07,6893.16,54,7,2,12,10,No
48,115.69,5542.68,60,4,6,1,14,Yes
42,39.78,4161.53,67,5,4,12,11,No
40,138.59,1916.35,34,5,3,36,9,Yes
41,136.06,710.32,41,6,9,12,12,Yes
55,105.01,2578.93,31,6,6,12,21,Yes
45,107.39,1520.98,39,1,6,1,1,No
38,20.69,7961.73,52,6,9,12,23,No
60,148.03,1568.73,47,5,8,12,29,Yes
35,134.12,7380.17,20,5,2,24,14,Yes
53,136.36,4163.76,52,3,10,12,21,Yes
52,105.7,1197.09,71,6,10,36,7,No
62,64.82,8220.94,62,6,9,24,5,No
26,136.17,6006.49,5,3,7,24,3,Yes
55,57.9,2739.73,57,5,6,36,7,No
47,93.15,8999.47,4,2,8,36,19,Yes
61,32.97,929.95,11,1,1,12,21,Yes
51,139.85,2417.29,19,2,5,12,4,Yes
49,38.3,7644.45,27,2,4,12,19,Yes
20,49.24,7239.09,29,5,2,24,22,Yes
20,92.56,3248.08,18,1,6,36,7,Yes
45,119.33,1089.24,37,2,4,1,13,Yes
61,100.52,8651.74,61,7,5,1,21,Yes
32,50.18,3480.13,47,7,3,12,16,No
58,20.12,2359.28,20,7,6,36,22,Yes
40,118.43,5402.59,70,3,6,12,19,No
57,148.08,9147.16,49,3,4,24,1,Yes
28,125.29,913.69,15,1,6,24,18,Yes
65,79.83,7775.14,18,2,6,1,25,Yes
49,137.49,5938.5,38,7,9,36,3,Yes
53,73.28,4541.77,22,4,7,36,13,Yes
50,88.24,7568.76,60,6,10,24,6,No
41,82.03,9675.33,66,4,0,36,24,No
56,78.19,2677.46,26,1,3,1,15,Yes
51,120.77,1864.65,64,6,10,12,9,Yes
45,88.48,9172.38,58,1,0,36,10,No
54,61.17,6855.05,3,4,2,36,21,No
24,53.56,4660.87,30,2,7,1,25,Yes
21,24.91,5945.97,19,2,6,1,4,Yes
54,95.82,7583.33,10,5,2,12,24,Yes
18,49.89,7843.8,46,6,3,1,11,No
18,39.26,9238.99,19,1,1,24,23,No
64,105.0,4555.01,58,2,1,24,23,No
37,108.56,3287.4,6,4,4,12,23,Yes
36,117.78,6576.81,51,6,1,12,14,No
46,85.46,4449.42,14,4,10,36,23,Yes
27,136.23,6148.69,58,3,6,24,23,Yes
35,141.72,4489.87,8,2,0,24,9,Yes
45,124.96,1953.46,2,7,8,24,25,Yes
52,102.63,4959.55,18,7,9,24,22,Yes
60,59.48,7063.72,57,5,0,1,1,No
64,147.78,8093.2,35,5,10,24,17,Yes
48,55.64,5186.6,66,6,0,12,10,No
44,46.35,2069.76,56,1,8,36,4,No
28,77.48,4439.53,43,3,6,36,5,No
66,27.39,7969.79,72,6,9,12,12,No
66,147.2,4422.16,8,4,3,24,24,Yes
55,96.5,7117.04,5,4,2,1,16,Yes
22,92.4,5318.53,13,1,4,24,26,Yes
25,105.25,2791.62,7,5,1,24,15,Yes
51,84.61,8063.43,21,5,5,12,22,Yes
65,24.17,1300.03,37,4,5,36,22,No
69,99.6,5486.46,45,7,0,36,23,Yes
29,113.1,2484.46,52,1,9,36,28,Yes
55,74.18,1137.12,48,6,8,12,0,No
18,118.45,5277.87,62,2,0,1,27,No
48,49.51,5245.84,51,6,5,1,12,No
21,48.77,7215.56,4,3,6,36,9,Yes
66,40.98,7575.13,56,5,7,36,12,No
62,68.36,7414.02,34,6,1,1,19,Yes
67,130.11,4390.81,45,5,10,12,25,Yes
22,127.63,6501.05,16,5,7,1,20,Yes
47,69.77,5980.98,9,2,10,24,17,Yes
41,96.59,4504.84,16,7,9,24,17,Yes
20,113.71,6173.52,31,2,1,12,26,Yes
28,51.36,9498.85,13,6,1,36,3,No
62,41.86,2332.49,5,3,8,24,2,No
21,146.37,9104.83,47,5,6,1,15,Yes
43,100.28,1007.83,39,4,7,24,28,Yes
44,147.58,3429.7,18,5,0,1,6,Yes
63,63.91,3237.38,20,3,9,1,29,Yes
60,111.39,6450.47,2,6,5,1,6,Yes
44,48.94,1746.64,40,3,0,24,30,No
59,53.96,8882.3,30,4,4,12,1,No
68,86.55,8371.24,10,2,1,1,15,Yes
67,61.55,6694.63,64,4,8,24,4,No
23,41.79,4854.93,42,3,2,36,20,Yes
32,54.17,9363.08,53,4,9,12,29,Yes
47,24.65,8392.09,53,5,6,24,7,No
59,111.58,5243.49,40,3,1,12,7,Yes
54,83.98,7167.8,16,7,9,24,10,Yes
54,32.25,5885.83,48,6,3,1,28,No
59,42.32,6085.45,61,2,9,36,19,Yes
54,33.33,3644.27,38,2,2,24,9,No
52,99.64,4889.8,44,4,0,12,0,Yes
40,32.25,1242.15,15,4,9,36,5,No
23,118.06,3894.81,61,7,5,36,27,Yes
21,22.67,7110.37,7,7,4,36,6,Yes
35,52.42,9555.55,30,4,5,1,16,Yes
26,135.79,9649.11,36,6,0,1,23,Yes
66,113.41,5779.37,11,5,10,24,15,Yes
46,29.49,6262.91,70,2,7,1,13,Yes
30,126.75,2264.35,29,3,3,36,24,No
64,84.09,7105.43,6,3,6,12,23,Yes
69,130.08,1171.26,51,2,7,36,2,Yes
34,98.1,3204.51,38,6,2,36,8,No
62,108.64,6849.45,22,7,3,1,9,No
49,149.16,3447.95,54,7,8,12,2,No
65,50.2,973.55,40,4,8,36,11,No
39,101.11,8402.77,7,1,6,12,3,Yes
21,79.84,3448.14,40,4,2,12,11,Yes
22,25.13,1099.5,24,6,10,36,21,Yes
54,21.88,1210.49,41,2,3,1,22,No
58,35.5,2891.71,51,5,6,1,12,No
66,104.38,2191.15,39,4,5,24,23,Yes
30,93.73,7855.85,43,7,5,36,6,No
51,91.95,3556.0,69,3,10,36,18,No
62,24.14,8144.61,59,5,3,12,26,No
39,81.01,2151.54,25,2,9,12,26,Yes
40,140.2,5182.35,25,7,7,24,17,Yes
68,71.69,7036.35,24,1,8,24,26,Yes
20,101.24,6693.91,62,4,9,12,17,No
59,121.38,6210.73,43,5,6,12,29,Yes
51,121.91,9285.81,59,5,7,24,27,Yes
49,87.51,2670.99,54,3,9,1,28,Yes
62,131.53,5190.33,26,7,1,24,8,No
68,70.88,8897.93,54,4,3,12,6,No
66,135.53,1239.99,61,1,2,36,6,No
38,51.23,1030.94,44,5,5,12,20,No
63,56.43,2716.37,9,3,1,1,12,Yes
61,26.91,6513.7,42,7,6,12,5,No
38,123.43,2968.86,29,4,7,12,6,Yes
61,74.22,2307.28,58,4,3,24,12,No
28,49.79,4858.62,63,7,7,1,24,No
56,50.13,6329.18,49,7,7,24,25,No
21,137.18,2861.3,11,7,2,36,19,Yes
68,128.41,3356.57,54,1,0,36,5,No
18,91.96,6328.81,30,3,10,1,16,Yes
45,100.09,9484.52,66,7,2,36,22,No
41,81.66,6910.05,65,1,9,36,19,No
52,70.92,7937.59,58,5,0,12,17,No
30,139.01,3984.7,57,6,1,24,19,Yes
64,36.33,3086.42,37,7,7,24,7,No
51,74.4,4815.54,54,2,3,24,17,No
28,64.79,8167.76,69,2,8,1,14,Yes
53,84.76,4834.85,24,1,6,12,0,Yes
68,79.49,8543.89,63,1,2,12,0,No
34,87.46,9893.33,51,6,0,1,6,No
52,38.19,1184.25,15,6,0,24,15,No
35,86.71,931.4,47,6,0,12,22,No
57,51.51,1921.1,46,6,9,12,19,Yes
39,43.96,4151.51,30,7,2,24,13,No
41,28.43,1744.9,20,2,4,36,27,No
36,119.14,8771.31,57,5,7,1,20,Yes
54,75.57,719.89,49,6,7,12,28,Yes
56,101.46,3500.03,56,6,1,24,11,No
38,114.59,2254.6,56,1,8,36,4,Yes
25,108.31,9349.62,25,6,8,24,6,Yes
45,81.17,6860.07,9,5,6,24,11,Yes
22,70.43,9164.29,22,7,9,36,18,No
34,68.87,9737.12,37,7,4,1,4,No
54,103.21,5222.43,28,5,4,12,6,Yes
53,84.32,2726.03,14,7,7,1,27,Yes
36,130.39,2340.42,30,3,7,1,26,Yes
44,133.71,2617.73,39,7,4,24,6,No
51,42.17,7231.64,57,5,5,24,12,No
28,37.71,884.23,5,6,5,24,24,No
62,101.95,987.93,12,7,5,1,19,Yes
64,59.16,6277.36,35,4,4,12,16,No
29,22.41,6599.54,41,6,8,24,29,Yes
38,135.52,6820.0,63,2,0,36,4,No
28,49.5,4032.86,42,7,9,12,13,No
56,140.81,8156.48,65,7,2,12,10,Yes
45,113.27,5569.43,65,2,6,12,19,Yes
22,119.14,1501.92,43,7,8,36,18,No
34,46.19,8072.44,60,1,1,36,22,No
37,50.45,9554.14,20,1,10,24,24,No
58,87.76,1070.34,63,3,3,12,3,No
63,42.37,4217.84,24,6,7,1,21,Yes
29,59.71,5131.4,72,3,4,1,16,No
23,61.79,1891.47,35,4,10,1,16,Yes
34,40.75,8743.24,41,1,7,24,2,No
68,46.67,3199.42,16,2,10,1,13,Yes
36,122.51,7938.58,6,4,1,12,20,Yes
43,41.74,6874.45,20,7,7,24,5,No
65,23.7,6181.44,56,1,5,24,24,No
61,101.82,2325.36,8,4,4,36,30,Yes
61,146.88,2596.68,6,6,1,12,24,Yes
69,63.06,949.81,8,5,6,1,9,No
49,35.43,2786.77,62,7,0,12,26,No
23,94.15,3781.71,14,7,5,12,16,Yes
53,137.83,8414.88,3,5,2,24,29,Yes
55,121.93,3980.73,2,4,5,1,1,Yes
28,100.93,7668.91,22,1,0,1,30,Yes
50,60.96,4674.7,70,5,0,1,26,No
41,90.44,7956.25,71,5,1,36,11,No
40,31.86,9774.58,6,4,9,12,23,Yes
32,108.26,2778.49,50,5,6,24,20,Yes
44,114.26,8692.25,44,6,3,24,15,Yes
28,145.45,6407.33,8,7,3,24,15,Yes
68,53.85,8264.3,24,2,3,1,2,No
67,22.4,6690.07,27,5,4,1,24,Yes
34,90.93,4527.52,53,6,1,24,17,No
68,111.88,2666.71,51,7,10,12,6,Yes
31,122.75,1165.33,28,4,6,24,9,Yes
44,45.19,5587.42,59,5,2,12,7,No
35,54.03,9908.1,69,5,10,24,27,Yes
45,86.64,7511.4,25,3,2,12,17,Yes
68,62.98,3609.78,44,4,10,24,16,No
64,131.87,8358.45,47,4,1,36,2,No
64,81.59,7805.35,13,6,5,36,7,No
21,123.95,3175.54,53,3,3,1,19,Yes
24,95.48,635.92,53,3,3,1,28,No
62,120.5,1622.55,37,6,7,1,30,Yes
52,63.25,8834.41,63,2,1,1,4,No
65,128.08,8447.35,66,5,6,24,24,Yes
26,55.69,3304.49,40,1,1,36,19,No
25,90.99,3209.36,61,1,5,1,11,No
69,47.82,8032.22,6,3,4,12,24,Yes
62,81.82,9408.51,25,4,7,12,5,Yes
34,61.36,7901.8,46,4,5,1,27,Yes
34,54.67,6253.0,31,6,6,1,22,Yes
66,145.71,2805.38,63,2,5,1,23,Yes
50,40.81,5494.61,68,1,7,24,9,No
49,122.35,2718.36,39,7,1,12,9,No
25,147.94,8176.11,36,7,6,12,0,No
36,22.59,4176.13,7,6,4,12,8,No
55,110.87,8420.12,66,6,8,36,17,No
20,52.88,4125.29,55,4,10,24,2,No
22,25.26,8329.42,72,2,8,36,0,No
30,72.38,3666.52,42,2,7,24,9,No
64,141.58,4681.26,27,3,7,12,26,Yes
63,21.53,6347.14,2,1,3,12,2,Yes
48,96.43,1167.73,70,2,7,36,29,No
33,85.18,9507.97,4,2,1,12,17,Yes
67,133.54,5949.25,21,2,10,1,6,Yes
49,30.92,5324.29,1,7,4,24,6,No
39,108.6,8474.24,38,1,3,12,21,Yes
46,108.41,8724.75,60,3,4,1,9,Yes
39,106.98,5461.47,14,5,4,36,27,Yes
60,142.5,9308.99,17,4,4,12,26,Yes
20,127.0,1115.01,47,7,6,12,12,Yes
27,25.46,1575.65,56,6,0,24,3,No
59,81.24,6169.49,53,6,1,12,11,No
38,71.73,3863.63,18,1,6,24,2,No
33,60.32,4910.14,69,7,0,36,22,No
29,78.67,3616.75,48,1,8,24,15,Yes
19,69.95,4344.89,9,7,2,36,10,No
58,76.2,8315.14,54,6,10,12,2,No
41,147.3,6138.02,35,1,5,1,24,Yes
52,31.52,9974.77,46,5,3,36,25,No
47,139.89,7975.35,1,4,2,12,7,Yes
47,82.43,3099.83,41,4,7,36,6,Yes
64,101.09,3011.28,32,2,1,12,13,Yes
52,127.92,3691.03,40,6,2,12,1,No
36,66.86,8510.97,11,6,7,1,9,Yes
67,75.95,759.23,62,6,2,24,2,No
25,73.24,2686.72,46,2,7,1,23,Yes
43,68.72,9096.72,48,6,6,36,27,Yes
66,140.32,6579.02,43,3,1,1,10,Yes
57,127.76,2655.05,51,7,0,12,18,Yes
24,34.17,2581.88,61,1,0,12,7,No
47,34.06,8694.87,42,3,1,1,19,No
24,75.62,8990.7,26,1,6,36,4,No
20,32.83,2933.25,11,7,8,24,29,Yes
18,100.48,4494.85,25,4,6,24,8,No
53,38.68,8428.66,40,7,2,12,12,No
42,87.91,7824.57,25,6,7,24,10,Yes
54,20.94,8232.2,52,7,7,24,25,Yes
18,61.16,5424.78,3,3,8,36,1,Yes
32,108.03,9159.72,39,4,10,24,11,Yes
54,82.93,3596.54,35,7,8,1,2,Yes
30,147.18,1988.39,40,2,8,36,14,Yes
57,133.63,7232.96,22,6,3,1,27,Yes
25,66.68,5623.87,62,7,9,12,27,No
22,25.91,8618.56,19,4,3,36,0,No
26,129.93,1271.01,14,5,10,24,23,Yes
18,138.46,8515.08,50,3,1,36,27,No
53,126.68,3286.3,62,6,7,12,10,Yes
52,36.63,6721.13,43,6,1,1,24,No
19,149.73,881.22,55,1,2,12,9,Yes
57,53.62,6291.02,40,4,8,36,24,No
40,114.15,7314.08,12,6,1,1,2,Yes
26,138.04,4003.13,65,6,0,1,13,No
51,50.64,2546.4,34,3,4,36,20,No
63,138.07,5607.49,23,1,6,12,15,Yes
31,60.23,8415.31,71,6,3,24,8,No
21,146.93,3573.7,7,6,3,12,13,Yes
47,56.56,2898.46,65,3,10,24,20,Yes
48,143.95,3149.89,18,7,2,12,0,Yes
55,26.96,9516.76,8,3,5,36,0,No
28,112.21,3913.13,42,7,7,12,3,No
52,89.17,534.24,1,5,10,12,22,Yes
25,82.12,7925.97,15,4,10,36,22,Yes
20,49.05,7143.11,28,7,1,36,22,Yes
31,111.73,1721.4,36,5,5,1,28,Yes
30,44.81,9856.59,46,2,7,12,21,No
62,91.87,6276.59,21,6,0,36,28,Yes
49,52.92,5257.41,49,3,3,36,0,No
51,144.23,4131.08,39,7,0,1,26,No
62,23.72,9037.39,38,4,3,36,18,No
36,45.96,2817.65,9,7,10,1,20,Yes
55,51.5,3214.8,20,2,8,36,11,Yes
33,73.83,1662.9,8,6,5,1,19,Yes
19,50.25,7711.63,14,2,5,12,26,Yes
57,83.88,6157.72,62,5,4,36,3,No
34,133.42,6286.13,35,2,2,36,8,Yes
51,112.57,2575.47,55,7,1,12,6,No
59,95.4,6686.1,45,1,8,12,24,Yes
33,31.57,7771.86,21,1,8,12,28,Yes
55,110.22,3899.94,53,1,6,1,13,Yes
19,41.63,8112.8,54,6,1,36,22,No
19,122.23,3813.51,43,2,3,36,25,No
43,52.51,7702.32,6,6,10,24,2,Yes
30,74.22,820.44,55,6,7,24,14,No
64,65.56,5736.06,44,3,9,36,10,Yes
48,131.65,9710.5,68,4,5,1,9,No
51,36.45,9821.82,4,1,4,1,19,Yes
56,93.53,3176.65,63,1,10,24,14,Yes
20,38.47,4693.29,58,1,9,24,24,Yes
25,111.62,1098.29,54,5,1,24,16,No
40,137.66,8796.74,38,5,0,24,18,No
31,76.5,5901.44,60,7,0,24,30,No
44,83.45,4158.46,52,7,0,12,10,No
46,140.56,1571.32,29,1,10,36,19,Yes
56,87.73,9494.29,40,1,5,36,30,Yes
56,83.39,5537.08,71,6,3,24,15,No
18,95.18,3187.82,8,5,10,36,3,No
34,109.6,3827.04,35,4,8,36,6,No
58,33.89,3071.62,16,3,8,12,10,No
47,126.74,6217.19,18,4,2,12,19,Yes
30,76.62,9334.65,59,6,5,1,25,No
38,29.41,8638.59,34,3,5,1,23,Yes
36,122.2,4873.62,4,2,9,24,16,Yes
36,69.0,8351.74,69,2,9,1,18,No
42,33.05,4519.5,65,4,0,24,25,No
39,102.39,2896.92,61,5,8,1,9,Yes
48,134.42,9842.44,46,7,3,36,14,Yes
34,135.41,3386.93,21,7,5,36,5,Yes
40,144.5,3575.38,38,1,9,1,12,Yes
49,132.8,9902.08,60,2,7,36,2,No
27,20.28,1772.31,36,6,0,36,7,No
27,69.43,7725.07,6,7,7,24,6,No
53,126.41,9390.22,39,5,5,36,4,Yes
25,67.61,5362.05,29,5,0,1,17,No
69,98.2,523.96,27,3,8,36,26,Yes
37,98.82,4063.06,69,2,8,24,20,Yes
49,67.45,1559.91,9,4,9,1,15,Yes
67,137.58,4453.78,24,6,7,24,8,Yes
31,85.42,8005.25,63,5,6,36,10,Yes
67,80.42,4667.76,19,4,0,36,20,Yes
45,149.68,4603.29,30,4,10,36,27,Yes
63,84.16,5789.5,58,6,0,12,18,Yes
69,43.19,6026.06,40,2,7,24,13,No
41,86.7,8634.81,68,6,9,1,6,Yes
32,125.82,3429.38,32,4,7,36,11,Yes
39,120.99,8305.88,65,7,0,12,18,Yes
47,122.52,5876.37,34,4,7,12,7,Yes
21,112.04,3355.03,31,1,7,24,20,Yes
30,53.05,3303.7,59,7,9,36,4,No
40,132.07,3930.81,26,7,9,24,5,Yes
25,136.15,6415.59,22,6,2,36,10,Yes
35,45.24,2692.71,34,4,0,36,25,No
29,36.96,9243.17,13,1,2,36,28,Yes
48,146.83,5961.67,55,2,7,12,21,Yes
31,132.88,9240.15,8,4,7,24,2,Yes
51,136.12,940.84,62,5,6,24,10,Yes
35,135.23,3754.81,22,6,1,24,22,Yes
51,90.42,716.67,56,4,4,1,24,Yes
28,104.03,3086.39,21,1,9,1,11,Yes
58,90.9,8689.06,49,5,7,12,0,No
29,26.66,847.79,6,2,2,12,3,No
66,116.92,4643.4,35,6,5,12,19,Yes
32,85.69,1616.89,27,3,1,24,30,Yes
48,104.2,4459.99,40,3,7,24,0,No
66,85.34,8469.09,14,1,8,36,5,Yes
46,83.94,6419.17,52,2,0,24,1,Yes
43,42.33,7499.19,40,2,3,12,26,Yes
35,56.23,3816.49,43,4,5,12,12,Yes
49,40.65,9471.78,58,3,1,36,15,No
39,45.44,7237.99,3,4,5,1,10,Yes
55,146.49,4507.09,15,2,10,24,13,Yes
34,39.9,4551.42,45,1,6,24,5,No
40,55.01,9227.5,11,1,5,1,15,Yes
41,96.78,5975.84,39,5,9,12,16,Yes
67,99.32,7210.6,19,7,9,12,9,Yes
25,40.02,4461.83,20,1,10,12,28,Yes
58,123.18,2625.08,71,7,7,24,20,No
23,122.08,7373.81,56,3,4,1,21,Yes
22,50.85,6274.33,4,5,2,1,25,No
61,57.53,5262.76,9,3,1,12,30,Yes
46,141.94,6428.2,25,4,1,24,12,Yes
45,127.34,2478.71,47,7,1,1,30,Yes
28,110.71,8042.42,49,4,9,24,12,Yes
18,30.69,9507.55,27,1,4,36,1,No
60,74.37,8965.48,28,5,9,12,0,Yes
36,92.71,3553.64,62,3,3,12,22,No
26,44.36,4357.05,16,3,1,36,0,No
44,78.27,8179.82,46,2,4,1,29,Yes
51,98.13,6153.61,46,1,6,12,6,No
61,62.56,5705.19,40,6,4,1,12,Yes
21,121.52,9303.1,34,4,10,12,16,Yes
53,129.26,5592.24,10,7,7,36,8,Yes
35,62.07,5391.92,1,6,5,36,12,Yes
32,129.03,899.18,66,7,8,1,15,Yes
68,33.46,1159.46,17,2,9,12,4,Yes
30,128.9,570.49,47,4,4,12,21,Yes
36,39.86,9175.82,24,7,7,24,29,Yes
66,30.78,4379.67,50,4,5,24,6,Yes
23,103.43,4951.33,29,7,6,12,0,Yes
65,81.35,8531.18,72,3,7,1,7,No
29,138.03,6287.84,13,4,3,36,5,Yes
68,67.21,6290.27,64,5,3,12,11,No
54,57.33,3317.08,28,4,10,24,1,No
34,85.1,8422.13,5,7,5,36,0,No
40,79.27,2075.38,9,5,1,1,14,Yes
43,64.78,1004.92,14,7,8,12,16,Yes
46,110.19,2320.23,10,4,7,12,19,Yes
50,118.74,3043.5,33,2,1,36,2,No
44,130.89,3181.96,40,7,0,36,30,Yes
42,146.47,6869.88,6,3,9,24,29,Yes
27,54.67,2569.33,17,2,3,1,26,Yes
64,113.09,6928.25,36,3,10,36,5,Yes
40,71.25,1365.76,70,7,3,1,15,No
38,108.02,1898.42,61,7,1,1,9,No
38,81.88,5333.8,49,2,4,12,12,Yes
60,149.19,9258.01,69,7,2,36,7,No
30,114.76,8665.89,71,1,2,36,16,Yes
54,143.82,9703.16,24,4,9,24,27,Yes
50,128.55,6679.55,51,4,2,12,6,No
41,137.38,6920.24,42,1,3,36,23,Yes
61,125.87,6437.72,19,1,10,36,4,Yes
28,79.69,6416.78,62,5,4,24,7,No
34,52.73,1897.64,67,2,3,24,28,No
21,68.14,5665.52,30,7,8,1,26,Yes
64,22.63,4167.65,38,4,3,12,0,No
42,88.12,4704.1,6,5,10,1,1,Yes
47,85.66,5474.21,22,7,6,24,3,Yes
26,88.28,1719.76,11,7,9,36,0,Yes
38,146.62,3915.13,72,6,10,36,28,Yes
37,138.49,1102.77,29,4,4,24,20,Yes
36,41.02,9806.85,8,7,9,1,9,Yes
36,67.95,1626.02,35,1,8,1,2,Yes
29,75.11,2955.99,72,5,8,24,1,No
54,66.87,8967.28,72,6,7,36,6,No
59,123.8,5085.75,45,5,5,12,1,No
34,88.12,1788.55,33,5,10,1,24,Yes
54,94.37,4150.19,5,2,5,12,5,Yes
65,130.89,1600.75,62,6,1,36,7,No
56,124.77,2402.05,37,5,6,24,2,Yes
45,37.19,994.28,17,4,8,1,20,Yes
58,112.81,4663.16,22,2,8,1,18,Yes
52,76.61,8163.04,32,4,1,36,8,No
64,58.3,6066.71,14,6,8,24,0,No
65,26.5,6260.28,20,5,6,1,7,Yes
35,83.34,2405.55,22,5,4,36,5,No
31,66.21,3766.99,30,6,4,1,22,Yes
52,52.7,8529.8,54,4,5,12,1,No
61,110.31,1334.63,33,7,7,1,22,Yes
58,120.03,8650.34,5,3,1,36,13,Yes
24,51.82,5095.06,18,5,2,12,0,No
58,26.43,8452.9,63,5,9,1,6,No
30,130.34,3521.06,46,7,6,1,10,Yes
35,21.29,3719.01,7,2,2,24,15,No
54,141.82,7640.25,29,4,0,24,23,Yes
30,101.59,7957.46,57,7,5,1,1,No
53,61.84,2681.62,47,7,6,12,30,No
48,52.04,9742.28,9,5,8,24,25,Yes
19,21.17,1302.66,59,4,0,24,17,No
33,50.61,1150.78,71,2,10,24,18,No
26,37.9,6157.29,71,4,8,36,9,No
26,99.58,7366.04,43,4,9,1,3,Yes
55,41.65,9628.42,59,7,6,12,23,No
28,88.72,4346.98,6,2,7,12,27,Yes
39,96.72,740.27,53,5,2,1,2,No
50,58.75,6227.52,64,4,4,24,12,No
53,24.56,3252.11,4,3,2,12,5,Yes
62,24.84,4613.0,1,5,6,36,28,Yes
40,23.43,5140.46,70,7,1,36,9,No
62,116.09,1112.87,31,2,5,12,26,Yes
62,61.34,5116.83,65,1,9,36,7,No
51,123.52,4550.04,69,6,1,1,9,No
26,76.13,7269.17,19,3,8,36,1,Yes
41,78.89,6633.83,69,5,5,36,19,No
25,86.67,2259.55,69,6,4,12,14,No
24,112.69,2458.32,49,2,5,36,0,No
53,55.56,2884.56,31,3,5,12,10,No
35,35.81,2200.03,60,5,5,24,23,Yes
20,92.29,6743.53,71,6,9,24,0,Yes
45,62.51,9947.09,55,1,5,36,27,No
23,77.52,6695.03,38,5,8,24,24,No
61,104.1,6263.47,33,1,6,12,21,Yes
61,84.24,4394.32,6,1,10,24,15,Yes
38,100.64,3469.51,13,4,0,1,11,Yes
45,90.75,9155.2,20,7,9,24,29,Yes
57,116.17,9705.52,37,2,8,24,28,Yes
18,111.77,5219.37,45,4,5,12,11,No
53,89.44,3256.9,59,1,9,24,18,No
38,108.26,7816.16,52,2,7,36,12,Yes
60,133.56,1758.34,18,2,2,1,7,Yes
52,76.2,7773.09,25,2,2,24,1,No
30,73.66,8280.01,1,3,8,24,26,Yes
66,119.35,1686.59,41,5,8,36,18,Yes
27,95.73,9780.18,18,1,4,1,13,Yes
61,29.23,9862.37,1,2,4,1,22,Yes
64,135.97,9398.84,39,6,2,24,26,Yes
27,24.0,5212.33,31,3,6,12,0,No
63,117.29,2837.7,71,3,6,1,24,No
30,118.64,6029.09,38,6,2,1,25,Yes
54,143.9,4489.37,8,1,7,12,8,Yes
55,27.04,2456.51,34,4,5,1,18,No
41,97.59,4524.93,27,3,2,1,13,Yes
19,75.62,6806.95,41,1,5,12,3,No
39,62.98,1173.68,7,3,0,24,1,No
34,31.74,3667.47,32,1,5,12,9,No
53,93.15,669.05,16,2,6,36,26,Yes
31,82.28,7620.21,2,7,3,36,28,Yes
27,33.59,6586.57,43,4,3,24,14,No
52,99.62,1095.39,31,6,2,36,30,No
42,115.93,9665.01,47,3,4,36,0,Yes
20,119.75,714.9,33,6,10,1,28,Yes
64,137.7,6104.63,17,3,0,1,10,Yes
55,73.23,7875.49,54,3,5,24,15,No
34,143.9,7985.01,54,7,1,36,12,No
29,132.51,825.71,51,5,3,36,7,Yes
69,58.55,9110.94,52,5,5,12,26,Yes
41,40.71,9225.29,7,7,10,1,8,Yes
46,76.6,5833.21,54,6,10,12,14,Yes
60,72.25,5079.79,11,2,5,36,24,Yes
42,94.84,926.24,62,3,9,24,25,No
53,95.84,5838.56,30,4,6,36,28,Yes
43,117.5,4389.1,57,5,0,24,30,No
55,86.29,7841.66,46,1,5,24,4,No
18,33.63,4336.89,70,1,8,12,20,No
37,131.58,6994.02,66,1,7,36,30,Yes
45,60.27,1463.38,55,2,7,12,20,No
33,146.27,1763.05,58,7,10,36,21,Yes
64,35.32,1827.25,10,3,5,24,19,No
34,144.57,932.49,4,3,3,1,17,Yes
57,31.83,5642.62,62,6,0,36,1,No
45,50.03,8042.69,43,5,4,24,27,No
29,26.06,6298.91,42,1,4,1,21,Yes
44,111.66,5962.07,24,2,6,36,4,Yes
59,130.54,6965.93,5,6,0,1,19,Yes
64,76.43,3726.63,68,4,10,36,15,Yes
47,140.71,3938.56,45,3,5,36,15,No
58,96.74,3485.57,59,3,6,1,21,Yes
51,101.9,7265.03,65,2,0,12,28,No
54,129.9,2035.58,63,6,2,1,3,No
23,58.58,623.74,67,6,9,1,25,Yes
24,66.05,6163.87,49,5,8,24,19,No
49,137.77,9452.62,32,7,7,1,21,Yes
49,137.13,6289.38,50,2,9,36,10,Yes
42,146.94,7937.76,58,6,5,36,28,No
50,137.24,6891.51,52,5,7,1,19,Yes
24,36.56,5225.65,23,6,1,24,28,No
69,127.08,7324.73,30,3,6,36,15,Yes
29,73.28,8328.99,70,5,1,12,24,No
33,148.8,2634.95,71,6,2,1,30,Yes
33,81.4,3693.24,30,7,1,12,28,No
60,92.0,2625.39,37,7,10,24,22,Yes
53,88.87,4795.64,48,5,4,12,11,No
30,61.83,8908.11,32,7,9,1,28,Yes
24,29.75,3779.47,70,5,4,12,5,No
53,136.43,4057.44,35,7,5,36,15,Yes
64,124.35,8673.49,68,6,5,12,30,Yes
68,38.14,5396.06,32,5,6,24,18,No
26,120.98,5586.77,59,7,7,24,10,No
49,101.36,8677.61,35,1,3,24,11,Yes
28,73.19,5160.0,16,7,8,36,3,No
25,53.02,6974.8,52,1,2,24,12,No
50,131.76,1313.62,66,6,4,36,1,No
40,111.02,2197.0,6,1,2,24,18,No
42,91.21,4341.57,14,1,1,24,10,No
25,99.24,5200.97,29,2,10,24,0,No
62,31.84,9674.47,26,7,4,36,8,No
39,81.61,9721.19,18,4,8,24,9,Yes
21,45.18,8586.37,4,6,5,36,2,No
57,47.09,3498.19,57,5,3,36,7,No
20,105.97,9658.27,53,2,6,36,15,Yes
46,138.46,7048.74,25,6,9,12,3,Yes
58,72.49,4232.93,47,1,4,24,10,Yes
46,47.01,7165.91,52,5,6,36,7,No
51,104.34,656.97,34,4,1,12,6,No
51,133.25,1888.47,16,6,1,1,19,Yes
45,117.28,8382.01,36,5,8,36,14,Yes
30,132.94,6632.95,28,7,3,36,22,No
32,89.75,3959.85,65,7,0,24,27,No
40,117.74,5256.33,72,3,8,36,7,No
61,38.21,9098.85,53,3,0,1,9,No
43,65.28,6499.99,42,6,10,36,18,Yes
21,70.64,4282.42,19,2,1,36,4,No
43,86.47,1643.1,44,4,8,24,30,Yes
57,140.78,3290.59,30,2,10,36,26,Yes
26,133.66,9794.23,44,5,2,1,30,Yes
22,37.49,4654.95,27,4,10,12,2,No
49,42.46,4982.47,34,6,0,24,6,No
37,66.49,5236.68,24,2,2,12,5,No
67,57.8,8898.99,56,5,8,1,16,Yes
28,99.92,6237.32,7,1,1,36,9,No
32,137.36,7089.93,68,5,4,12,20,Yes
49,145.1,4199.43,51,7,0,24,28,Yes
45,104.97,776.33,8,2,9,12,28,Yes
39,128.96,9344.24,56,6,0,36,19,No
58,88.28,9516.71,58,6,6,12,14,No
34,47.08,9516.95,69,4,9,1,1,No
43,88.21,9465.03,8,4,9,36,0,Yes
61,92.16,8244.8,66,1,2,36,11,No
24,116.52,7003.66,24,2,0,36,12,Yes
59,48.58,8522.84,42,7,0,1,11,Yes
43,67.88,6205.19,54,6,10,24,11,No
42,67.32,1776.51,16,6,10,1,6,Yes
27,144.73,4216.57,4,1,4,36,6,Yes
62,77.71,9727.3,59,3,2,36,5,No
36,118.16,3835.81,46,6,10,12,12,Yes
28,117.61,8744.37,13,5,3,1,20,Yes
30,54.52,1385.51,37,3,5,24,8,No
25,94.34,3674.75,54,3,1,36,15,No
57,136.26,3834.06,49,1,6,1,1,Yes
21,81.78,990.22,58,1,4,36,26,No
64,142.87,1631.4,19,5,7,24,10,Yes
48,47.88,2335.07,18,1,3,24,29,Yes
45,29.64,8459.25,60,1,7,12,2,No
28,135.89,1102.32,17,1,3,12,8,Yes
60,130.2,3337.66,11,6,10,12,11,Yes
18,149.04,596.66,15,1,4,24,28,Yes
66,108.32,7108.46,72,1,2,1,1,Yes
64,141.77,6392.88,17,7,10,1,18,Yes
69,127.5,6627.33,5,3,3,24,5,No
55,129.78,4056.64,61,3,8,24,25,Yes
41,93.99,2478.54,4,5,4,1,22,Yes
64,69.71,7343.04,56,4,3,36,17,No
48,141.49,8205.62,48,5,3,1,12,Yes
58,76.18,1816.71,48,6,6,24,13,No
63,90.05,5124.88,35,6,1,1,7,No
67,77.99,2862.8,33,6,3,1,8,Yes
43,93.43,2097.02,21,2,2,24,12,Yes
66,81.17,7476.09,5,5,6,36,29,Yes
67,26.24,5611.92,64,7,3,24,16,No
22,134.67,2553.76,69,5,7,12,5,No
37,77.77,3445.0,21,1,4,12,19,No
69,96.56,9683.21,32,1,8,1,9,Yes
58,38.09,8562.46,18,1,8,24,10,Yes
28,20.44,8859.49,58,4,2,36,9,No
50,51.89,4870.11,24,7,8,1,20,No
67,111.6,6426.17,5,7,3,24,5,Yes
55,32.9,4079.29,53,6,8,1,5,No
44,138.16,1238.26,55,1,1,1,14,Yes
51,47.95,4310.16,5,2,4,24,6,No
32,46.6,6142.82,69,7,5,36,24,No
49,43.6,3227.87,41,3,2,36,11,No
38,21.82,8555.53,7,2,1,12,19,Yes
63,120.33,1935.45,1,7,0,36,8,Yes
22,133.75,3987.73,52,7,10,12,0,Yes
23,99.84,1686.59,26,4,6,24,24,Yes
55,44.47,4345.91,63,1,3,1,27,No
39,57.09,876.78,12,5,7,1,23,Yes
35,81.87,3089.22,70,7,7,36,15,No
31,144.06,4306.98,19,3,7,1,30,Yes
27,52.16,5042.57,4,6,1,24,17,No
63,115.11,5665.12,5,4,4,36,30,Yes
30,77.13,3112.42,54,2,7,36,22,No
48,58.72,5468.89,70,7,9,12,6,No
47,79.27,5335.54,57,1,1,24,17,No
20,29.26,3503.69,52,4,1,12,7,No
47,123.83,8386.9,18,4,0,36,21,Yes
23,51.63,5683.59,64,5,5,12,14,No
46,114.3,3656.56,10,6,4,24,5,No
25,28.89,9499.72,23,5,0,12,27,No
61,144.16,8528.57,68,5,10,36,26,No
62,45.09,9834.58,52,6,7,12,30,Yes
60,134.76,7076.22,47,2,7,36,20,Yes
61,125.23,4093.12,70,5,4,36,11,Yes
50,145.82,3168.18,26,6,10,12,26,Yes
34,82.13,6801.52,70,4,2,1,14,No
65,114.56,9817.76,43,7,7,24,23,No
28,68.19,6453.79,69,4,2,36,14,No
30,43.97,8875.34,63,6,3,1,28,No
67,77.6,3626.48,66,4,10,24,9,Yes
28,41.55,4366.06,63,7,6,1,8,No
48,147.67,9109.61,13,3,6,12,13,Yes
45,32.51,7690.23,51,3,3,36,20,No
61,96.6,9823.4,5,6,8,1,13,Yes
23,101.44,7860.26,47,6,5,1,16,No
58,89.95,4760.9,36,2,7,24,10,Yes
33,106.08,5545.15,36,7,6,24,5,Yes
21,35.1,9054.9,50,6,3,36,11,No
52,92.15,5740.64,56,5,1,1,27,Yes
65,57.34,2926.28,19,4,10,36,16,Yes
43,142.22,4638.39,20,5,1,24,28,Yes
29,119.07,5405.0,22,6,7,36,4,No
28,146.43,1418.84,31,4,7,12,5,Yes
54,24.88,7565.75,62,3,0,36,2,No
42,57.07,1538.86,44,4,0,12,27,Yes
35,45.4,4346.72,68,2,3,36,0,No
36,21.45,8143.91,67,1,0,36,17,No
40,51.5,4941.92,49,7,9,12,13,No
55,108.24,8499.15,59,4,0,24,11,No
35,50.04,3747.87,4,6,9,36,11,Yes
43,86.17,9597.54,39,2,10,24,10,Yes
23,135.42,2489.95,7,3,4,1,27,Yes
21,110.19,863.51,71,3,0,24,18,No
61,71.3,8788.05,49,1,9,1,2,No
68,68.42,7645.93,15,6,5,24,1,No
46,79.25,2703.85,7,5,3,24,21,Yes
51,43.02,9855.05,47,5,9,1,6,No
34,102.42,5271.66,68,4,10,12,20,Yes
60,67.34,9535.12,45,3,10,24,22,No
60,130.81,5297.77,19,2,4,1,11,Yes
33,118.35,4982.81,47,1,8,24,18,Yes
19,99.37,4766.82,53,5,1,24,30,No
51,67.35,3681.32,27,4,2,24,26,Yes
25,47.29,5570.16,5,4,2,24,20,No
30,120.9,4799.27,60,3,10,36,12,Yes
59,83.23,849.1,62,2,8,24,18,Yes
25,49.22,2974.13,59,2,2,1,3,No
47,45.37,2524.67,61,5,9,24,21,No
49,41.5,8740.64,56,4,4,1,11,No
53,121.03,6189.26,47,3,5,1,29,Yes
64,49.77,7754.99,48,2,5,12,3,No
47,88.46,9589.85,10,4,5,1,12,Yes
18,78.7,6618.37,32,2,0,1,19,No
60,95.35,9834.79,65,1,5,12,6,Yes
56,134.03,3461.76,24,2,0,24,5,Yes
34,132.81,2269.54,29,2,5,36,11,Yes
37,78.64,4331.44,7,4,9,12,11,Yes
41,22.0,4972.59,17,2,5,36,15,No
67,75.44,9005.93,25,2,2,24,12,No
39,98.81,5819.43,36,1,2,24,16,Yes
46,92.51,3275.72,61,2,5,36,7,No
39,104.67,7555.03,71,2,1,36,0,No
61,40.03,5305.4,35,4,4,1,11,No
26,104.05,2040.25,50,3,9,24,24,Yes
54,43.74,5979.79,56,1,2,12,19,No
27,117.57,9158.25,65,2,4,12,6,No
53,64.08,8504.91,41,3,2,24,20,No
54,112.29,6074.69,25,4,1,36,11,No
45,26.22,4082.29,34,1,3,36,25,No
45,73.02,1326.3,8,6,4,12,18,Yes
59,111.65,4961.66,56,4,5,36,12,No
60,49.49,7644.75,30,3,1,12,23,No
38,123.39,3922.6,68,1,2,1,29,Yes
41,102.0,2736.74,21,2,2,1,9,Yes
59,96.38,9348.11,10,3,5,1,1,Yes
57,65.96,8304.78,33,4,0,24,30,No
19,82.72,6563.62,4,1,6,36,26,Yes
25,97.66,1799.44,23,3,7,1,25,Yes
65,81.42,1876.63,69,7,6,12,2,No
44,110.78,1480.59,53,6,3,1,11,Yes
39,76.38,6354.82,5,3,6,36,4,Yes
54,46.3,1597.85,18,4,0,12,4,No
44,47.81,8504.96,17,4,7,1,4,Yes
46,20.75,9933.17,58,2,9,36,6,No
20,59.12,3980.31,67,2,9,12,7,No
61,117.36,4809.86,72,3,2,1,23,Yes
30,123.24,7260.84,56,4,8,1,26,Yes
62,46.32,9402.95,40,7,0,36,18,No
27,144.68,8993.89,2,3,5,1,23,Yes
53,85.31,1047.12,21,7,0,36,15,No
26,139.21,2106.18,52,5,7,1,9,No
44,111.88,7668.67,24,6,2,12,12,Yes
51,113.92,7044.48,53,4,3,1,1,No
68,31.06,1765.58,38,7,5,24,3,No
18,48.6,5269.61,20,5,3,1,1,No
49,21.15,7917.74,50,7,7,36,20,No
42,113.1,2578.42,39,5,8,1,2,No
46,64.78,8777.23,60,4,4,24,9,No
24,122.26,1003.23,39,2,0,12,25,No
66,64.06,7930.85,71,3,7,24,10,No
20,126.51,6350.28,33,1,1,12,2,Yes
37,36.99,3494.39,29,1,5,24,4,No
37,42.54,7348.86,10,6,5,24,19,Yes
47,64.31,7932.48,67,7,10,24,5,No
52,73.1,9372.04,3,4,6,12,20,Yes
52,65.33,3993.86,31,7,8,1,25,Yes
66,119.27,7017.16,27,2,0,36,12,No
56,32.6,6224.85,70,2,9,1,4,No
44,65.66,5489.46,27,2,7,24,2,No
43,128.84,8958.96,9,1,10,12,19,Yes
31,28.68,530.09,6,5,4,12,29,Yes
34,142.5,3180.06,6,6,5,1,11,Yes
35,148.22,5613.63,26,7,7,12,28,Yes
62,31.51,2193.79,43,1,7,12,2,No
69,57.87,9124.73,19,2,10,24,18,Yes
46,68.41,6652.15,16,1,6,12,14,Yes
37,120.93,5039.89,23,1,6,12,9,Yes
44,97.47,8239.67,29,6,0,24,24,Yes
35,103.77,4783.42,38,3,7,1,25,Yes
21,118.48,5807.2,59,4,2,36,5,No
18,35.34,526.13,48,7,4,36,15,No
67,128.32,3974.16,20,5,3,36,14,Yes
18,111.73,1818.51,21,7,9,1,25,Yes
43,95.05,7052.04,28,3,2,12,1,Yes
62,135.67,5050.76,50,4,9,24,16,Yes
37,111.04,3366.7,33,2,4,1,15,No
69,46.22,4944.41,40,6,2,36,2,No
40,75.87,2491.48,54,6,8,12,18,No
27,84.23,9288.32,10,3,10,36,3,Yes
28,27.18,1012.74,34,7,8,36,19,No
58,144.1,8721.46,36,4,5,36,28,Yes
58,36.72,5357.91,7,6,2,1,29,Yes
22,110.67,6379.99,16,3,4,12,4,Yes
18,85.81,3374.75,51,6,10,36,12,No
34,23.33,9683.63,61,1,7,1,19,No
39,140.22,3177.58,31,1,8,24,27,Yes
51,130.74,6094.34,32,3,2,24,1,No
62,88.15,9937.46,45,7,4,1,26,Yes
58,49.76,8870.4,27,3,1,24,11,No
46,35.81,5595.13,22,7,1,36,16,Yes
21,67.24,9908.56,15,5,1,1,9,No
22,53.21,7163.01,8,2,5,1,22,Yes
28,85.87,2482.65,68,1,2,24,8,No
68,145.63,4353.16,8,6,9,12,8,Yes
38,94.74,3677.69,16,3,4,24,26,No
52,135.69,3768.13,48,4,7,36,16,No
29,104.61,7724.34,34,6,4,12,8,No
43,81.78,6050.5,57,2,1,12,13,Yes
68,131.1,861.88,5,4,5,36,16,Yes
36,81.28,8835.76,44,6,1,12,16,Yes
62,132.92,3319.56,71,2,7,1,1,Yes
24,57.9,9972.21,37,4,1,12,25,No
64,36.75,9564.81,28,1,6,12,26,Yes
24,131.19,9435.04,68,3,3,24,14,No
43,96.36,8205.71,38,7,3,1,10,No
57,135.58,2595.83,46,6,7,36,21,Yes
22,141.92,5560.01,26,3,3,1,24,Yes
38,26.97,2630.87,53,5,7,12,4,No
31,85.13,2966.92,63,6,8,24,8,Yes
21,68.75,6304.04,63,3,7,36,8,No
40,101.36,887.92,38,7,3,36,13,No
59,123.17,9709.86,15,6,4,12,7,Yes
37,56.48,9227.4,9,1,5,1,10,No
32,92.38,4117.29,22,2,8,24,11,Yes
67,112.13,5396.51,70,2,4,1,6,Yes
69,37.48,4928.13,56,3,1,1,2,No
62,125.83,8880.9,37,4,6,36,25,Yes
46,98.79,7041.72,57,3,5,1,2,No
25,143.44,3142.06,60,6,10,1,13,Yes
58,64.14,4744.99,12,2,2,36,3,Yes
65,34.06,4575.18,7,7,7,36,24,No
36,85.85,9613.68,66,6,2,1,27,No
65,31.16,2165.45,41,5,9,36,13,No
56,146.04,1350.98,24,2,10,24,13,Yes
63,25.03,8865.88,25,4,3,24,2,No
45,117.96,9018.52,62,4,8,1,12,Yes
63,88.26,8781.52,44,5,3,12,7,No
44,67.92,5354.28,2,6,1,36,23,Yes
21,28.56,6767.57,42,6,8,12,5,No
32,100.88,5851.95,33,6,9,36,1,Yes
52,96.08,1159.75,17,7,7,36,5,No
54,56.51,6160.43,63,4,3,1,19,No
18,138.33,629.33,22,3,10,24,13,Yes
20,59.53,3587.38,1,3,5,12,30,Yes
64,78.46,9356.78,70,7,5,24,6,No
41,90.69,3388.43,54,7,10,24,26,Yes
44,33.03,9428.35,14,7,1,12,16,Yes
57,141.18,2876.27,53,2,8,36,2,Yes
53,68.69,3488.34,6,1,5,12,29,Yes
51,30.5,6469.87,64,3,4,24,13,No
46,70.35,7735.46,33,3,1,12,23,No
41,98.03,5263.18,72,6,9,1,0,Yes
41,86.77,8880.1,44,7,0,36,28,No
59,110.29,882.28,34,6,6,36,25,Yes
21,27.21,9260.85,34,7,3,12,11,No
20,56.99,2364.92,24,5,10,36,2,Yes
51,126.5,8900.27,2,3,6,36,18,Yes
66,30.39,4308.2,8,7,4,24,11,No
40,131.21,8411.19,25,2,0,24,23,Yes
69,31.95,6880.82,32,7,4,36,13,No
40,128.48,2171.45,56,6,3,36,0,No
62,66.9,9221.45,7,5,0,24,25,Yes
22,99.59,2832.42,48,3,9,36,4,No
48,39.88,2819.33,54,2,1,36,6,No
58,28.6,8234.7,63,5,8,24,19,No
23,48.07,1505.8,2,1,0,24,30,Yes
54,36.62,2609.34,35,6,9,24,25,No
27,60.61,5284.94,22,2,3,1,18,Yes
57,86.87,8389.53,64,3,7,24,25,Yes
24,96.54,1901.1,59,5,4,36,5,No
56,122.68,5702.85,49,1,9,24,20,Yes
55,105.31,7256.79,52,2,6,1,17,Yes
38,99.14,8675.65,21,1,10,24,5,Yes
37,73.53,9387.87,12,2,1,24,10,No
20,81.6,7954.08,11,3,3,1,28,Yes
68,73.89,6701.87,54,2,3,12,28,No
39,129.48,4619.39,70,3,0,12,28,Yes
64,49.9,1565.05,14,2,7,24,2,Yes
21,20.74,7242.5,33,7,10,12,8,Yes
45,104.67,9931.0,26,5,2,12,2,Yes
29,46.32,7499.23,14,2,3,36,24,No
55,135.71,658.76,48,2,1,36,5,No
68,131.68,5214.47,65,4,9,36,23,Yes
53,29.97,6339.14,46,4,4,1,8,No
64,33.83,7051.9,55,2,4,12,30,Yes
58,84.37,7337.4,68,4,2,24,7,No
22,99.2,5802.03,12,3,7,1,26,Yes
30,55.74,2621.92,54,4,0,12,29,No
40,113.18,9450.91,64,2,1,24,1,No
67,97.34,7118.33,47,6,0,1,18,Yes
47,62.23,2749.98,37,1,5,36,23,No
54,23.3,3562.06,41,6,3,24,15,No
42,117.52,9258.31,27,6,9,36,4,Yes
65,47.92,8931.11,42,6,0,12,9,No
44,128.48,4348.89,68,6,6,24,19,No
68,74.64,863.92,29,1,8,36,21,Yes
31,95.02,960.73,36,2,4,36,11,No
65,133.48,3197.22,57,2,6,12,11,No
64,132.27,6476.66,12,1,3,12,28,Yes
53,68.3,6049.85,45,7,3,12,30,Yes
56,47.16,6521.36,20,7,3,12,5,Yes
33,120.77,7314.19,45,5,4,12,13,Yes
39,76.3,680.81,23,4,7,1,6,Yes
38,44.97,1498.31,62,5,3,36,20,No
38,137.58,3915.09,34,3,6,12,0,No
25,45.75,1971.17,21,6,8,36,13,No
66,23.35,1215.54,51,7,5,1,14,No
33,22.64,6589.16,9,6,3,24,12,No
48,100.9,8245.7,10,1,4,36,30,Yes
59,106.02,7649.95,52,1,7,36,23,No
27,60.44,8261.88,45,5,3,36,29,Yes
49,61.6,6825.64,52,3,3,24,0,No
51,64.13,7485.78,30,5,6,1,19,Yes
26,108.42,3081.9,64,3,5,36,18,No
34,27.56,9933.58,2,2,0,1,18,No
28,140.79,2240.07,49,6,8,36,5,Yes
49,48.93,2537.69,45,2,4,36,23,No
27,149.96,3244.76,17,1,9,36,4,Yes
39,42.3,9765.66,28,2,10,24,21,Yes
34,120.3,9888.74,45,5,1,1,27,Yes
21,49.04,8051.49,17,3,4,1,21,Yes
65,30.51,6476.05,59,1,7,12,27,Yes
69,133.74,5440.59,14,2,5,36,16,Yes
64,131.64,9720.9,10,1,7,24,30,Yes
42,72.46,7108.42,18,1,4,36,14,Yes
38,111.31,9474.94,35,3,3,1,6,Yes
54,92.42,3507.23,48,5,9,1,16,Yes
55,130.88,3670.86,58,6,2,36,11,No
66,60.96,8619.88,18,5,1,1,29,Yes
18,88.08,1923.62,52,4,8,36,30,No
42,83.1,9486.31,30,5,0,36,6,No
68,66.01,5321.01,37,2,9,12,28,Yes
53,135.89,9300.93,40,4,1,24,12,Yes
34,41.56,3699.53,6,4,5,24,7,No
58,39.44,7301.61,35,4,5,1,3,No
41,95.0,5087.31,26,4,0,1,7,Yes
19,105.47,6454.63,30,5,7,12,21,Yes
57,45.3,5291.54,24,7,10,1,15,Yes
32,70.79,9687.6,55,4,3,1,15,No
49,143.05,7075.0,9,2,6,36,21,Yes
56,52.06,2887.53,62,2,9,12,10,No
23,106.89,9141.93,18,1,8,36,26,Yes
18,116.22,3293.28,51,7,1,36,8,No
64,78.26,4030.25,19,7,6,1,21,Yes
40,141.88,1470.18,69,2,0,36,27,Yes
56,115.77,9049.68,33,6,2,24,10,Yes
34,79.53,3218.06,38,1,3,24,4,No
51,94.01,2959.72,13,2,2,24,9,No
58,110.04,9242.49,49,4,7,12,25,Yes
46,96.98,8152.51,53,3,10,12,5,Yes
26,134.23,1840.25,1,4,6,24,15,Yes
30,66.4,7808.58,12,5,2,24,11,No
23,58.99,9173.81,24,1,6,36,7,No
23,47.8,1245.86,1,3,1,12,24,Yes
37,24.91,8339.54,68,7,10,1,25,No
69,25.59,5700.49,7,2,10,1,28,Yes
20,133.11,6857.38,69,4,2,12,12,No
34,108.19,5182.12,39,7,6,36,12,Yes
66,105.87,7129.13,32,1,9,24,15,Yes
29,99.9,823.93,49,1,4,36,25,No
65,130.4,7745.71,31,7,8,36,10,Yes
64,82.43,816.77,3,2,7,12,23,Yes
62,133.15,4825.35,47,1,5,24,7,Yes
18,66.73,1934.17,15,2,3,12,22,Yes
34,140.47,8323.96,51,7,2,12,12,Yes
20,110.83,3479.78,21,2,5,36,0,Yes
43,53.43,4813.89,41,4,8,12,19,Yes
32,93.33,4573.13,3,1,4,12,19,Yes
53,89.29,7838.77,1,7,6,12,27,Yes
49,37.93,5070.87,21,5,6,12,18,Yes
49,96.86,7995.1,21,5,6,36,3,No
21,60.92,1198.33,49,4,8,24,27,Yes
35,26.81,2320.14,65,7,1,24,1,No
66,143.33,5739.58,41,4,7,36,18,No
36,103.39,9497.34,67,2,1,1,18,No
60,134.0,1210.2,42,7,10,12,9,Yes
69,107.89,909.3,69,5,0,36,16,No
52,66.41,1987.23,57,1,9,1,22,Yes
57,86.65,6590.95,43,5,5,1,19,No
31,107.85,4290.43,12,4,1,12,7,No
50,144.83,8342.75,64,4,4,36,8,No
31,52.98,1183.36,51,7,0,12,17,No
51,133.75,2365.93,60,7,6,1,1,No
21,140.13,3350.25,71,7,0,1,17,Yes
41,107.15,6453.94,28,7,7,12,7,Yes
46,141.06,7009.14,71,2,4,12,1,No
36,71.72,1679.93,14,1,4,12,21,Yes
23,143.89,9466.14,32,4,2,24,15,Yes
50,111.36,3739.92,8,6,1,36,4,Yes
66,25.46,7275.1,27,1,5,36,9,Yes
57,137.89,5479.97,50,5,3,36,8,No
36,82.98,2616.2,59,2,9,1,1,No
18,79.84,8539.17,57,7,3,36,15,No
22,93.64,8273.26,3,5,5,36,15,Yes
44,39.42,4262.68,27,7,1,1,16,No
33,80.99,6091.77,34,6,1,1,1,No
23,128.05,2949.34,26,4,9,24,25,Yes
57,22.01,7053.59,40,4,9,1,4,Yes
30,55.48,3435.75,32,1,3,12,30,No
65,20.32,8518.75,41,7,5,24,7,No
52,74.04,2565.16,2,4,1,1,23,Yes
36,114.68,640.63,72,6,6,36,1,No
29,123.84,3050.83,7,1,10,24,11,Yes
33,142.87,2315.0,19,6,7,24,12,Yes
60,99.11,5328.72,33,3,8,36,15,Yes
27,53.1,2435.18,2,4,5,36,4,Yes
42,140.14,7750.3,67,5,1,36,11,No
37,120.79,2793.02,15,5,5,12,14,Yes
48,94.68,7216.2,21,1,7,24,29,Yes
21,110.43,5995.47,59,6,9,12,30,Yes
61,140.16,9869.37,39,6,0,12,28,Yes
40,112.61,9999.06,20,6,10,36,1,Yes
19,67.89,8760.5,1,6,5,1,11,Yes
39,112.69,7719.84,9,3,10,12,22,Yes
68,25.24,4171.34,51,4,0,1,9,No
54,70.23,7656.13,38,6,5,1,7,Yes
25,72.82,9588.42,15,2,9,36,20,Yes
24,41.69,722.09,41,2,3,1,10,No
31,23.0,5610.19,47,7,2,12,11,No
20,37.34,2570.98,26,7,2,1,16,No
67,105.1,5799.83,54,5,3,12,28,Yes
33,124.3,4931.25,70,4,2,36,6,No
36,148.47,5969.8,39,2,8,12,14,Yes
68,65.03,5734.14,17,1,3,1,18,Yes
35,97.92,9621.02,70,4,0,12,28,No
69,141.83,5745.77,9,5,3,1,1,Yes
33,41.72,8539.2,46,7,0,1,29,No
25,113.29,3538.29,6,3,9,36,5,Yes
50,118.15,4661.96,68,1,9,1,1,Yes
66,31.57,4968.93,16,1,2,24,13,Yes
29,131.96,3147.92,29,6,3,12,25,Yes
28,125.7,4108.01,41,4,3,24,7,Yes
22,24.34,6185.87,68,7,8,24,15,No
44,31.84,6011.78,62,3,5,12,18,No
29,26.39,6546.14,40,1,2,36,17,No
34,63.52,3842.27,62,3,6,12,23,No
23,86.21,3500.4,24,5,10,36,28,Yes
50,89.21,6310.37,6,1,3,1,12,Yes
22,54.8,1762.19,40,7,6,24,5,No
45,138.51,2903.8,70,2,1,12,28,Yes
31,67.87,900.21,58,7,6,1,3,No
22,25.92,1189.8,14,5,7,12,20,No
50,59.03,2812.14,45,5,6,12,9,No
67,89.04,685.53,6,6,5,1,14,Yes
65,73.07,2831.4,23,1,3,12,22,Yes
58,55.6,6722.28,62,2,8,1,11,No
36,37.07,1080.52,17,3,0,24,27,No
39,126.49,4649.0,70,2,4,1,19,No
22,149.5,9174.53,28,5,10,12,11,Yes
19,62.84,8017.21,13,1,0,24,29,No
47,69.61,3401.66,29,2,10,24,26,Yes
64,100.34,9285.65,45,7,9,1,6,Yes
56,113.4,3631.64,20,2,10,36,5,No
21,70.96,1188.9,58,5,0,1,4,No
50,137.64,9943.53,54,3,5,36,18,No
30,92.8,8765.21,64,2,5,1,13,No
37,78.55,4926.36,52,6,10,24,0,Yes
24,104.07,6830.58,43,2,6,1,23,Yes
32,143.86,6876.67,18,4,9,36,10,Yes
40,123.29,2347.58,54,5,8,12,29,Yes
31,25.2,2400.46,60,4,5,36,22,No
40,63.2,4961.02,71,5,1,24,30,No
36,81.17,9159.94,1,5,3,1,21,Yes
46,60.89,594.94,37,4,8,24,3,No
37,111.02,7933.8,49,7,1,12,20,Yes
46,127.41,1046.5,35,3,6,12,13,Yes
41,115.07,5043.11,67,3,3,12,20,No
35,148.61,6559.79,35,5,9,1,17,Yes
27,55.43,7024.21,9,7,10,36,5,Yes
58,133.75,1055.55,37,7,5,1,26,Yes
25,119.66,4476.73,60,4,0,24,4,No
43,67.08,6046.45,56,2,10,1,16,No
46,115.44,1127.43,12,5,7,24,24,Yes
27,33.53,1783.4,71,6,5,1,6,No
34,122.61,6804.67,71,5,10,36,29,Yes
19,89.2,5455.56,4,1,6,12,10,Yes
23,58.0,2037.37,61,3,5,1,13,Yes
22,105.25,5584.77,45,4,6,36,29,Yes
45,103.41,9170.58,50,2,4,1,1,No
58,47.23,648.08,50,6,2,1,21,No
22,23.95,6605.02,48,7,5,12,29,No
35,76.37,1199.68,23,2,9,24,30,Yes
43,94.04,561.27,8,6,8,36,16,No
37,133.96,1931.22,29,5,5,1,1,Yes
58,140.67,4517.61,43,2,8,12,30,Yes
66,88.74,8122.27,53,2,1,1,14,No
44,117.99,3176.96,6,5,10,1,6,Yes
66,77.11,6443.9,24,3,0,12,2,No
29,116.99,4405.99,14,1,3,1,22,Yes
24,46.62,2726.15,52,3,4,1,5,No
20,68.24,5385.35,70,3,9,36,20,No
27,102.45,8075.91,4,1,6,36,25,Yes
51,22.36,8408.68,58,5,7,36,29,No
42,113.92,8541.94,37,3,0,1,8,Yes
52,128.62,3716.3,48,4,5,1,9,Yes
33,71.89,8037.83,39,4,0,36,20,No
19,78.23,2515.7,66,1,7,1,29,Yes
41,130.67,7515.04,13,4,0,12,20,Yes
27,120.84,9509.65,66,5,3,12,7,No
55,57.46,630.57,60,2,2,1,6,No
39,62.12,4683.46,41,5,1,1,0,No
43,108.25,6653.82,32,1,7,24,9,Yes
60,93.22,7166.87,52,2,5,12,17,Yes
56,41.09,2172.83,5,4,3,1,15,Yes
44,60.29,9735.74,67,3,2,24,3,No
46,137.0,6345.02,66,7,5,12,8,No
64,109.46,2061.24,52,4,5,24,22,No
55,148.18,694.96,49,5,4,36,17,No
37,119.71,7941.01,29,5,2,24,10,Yes
44,142.46,1257.2,38,7,10,36,11,Yes
58,48.1,1839.98,70,1,9,1,7,No
37,120.29,5960.89,8,3,8,1,0,Yes
61,22.63,6233.3,59,3,5,12,7,No
36,107.2,7025.43,55,2,4,24,4,No
37,81.01,4238.38,2,2,10,24,0,Yes
52,65.08,7852.04,26,5,6,1,2,No
64,132.11,9756.41,63,1,0,12,26,Yes
19,131.05,3075.4,17,7,6,1,12,Yes
47,22.9,7178.77,59,5,0,12,28,No
51,99.24,9320.45,16,6,8,24,28,Yes
39,67.82,7019.72,58,3,5,36,15,Yes
20,74.04,6970.54,64,3,6,12,22,No
23,128.17,2625.84,50,5,6,24,11,Yes
32,60.28,5583.74,26,7,0,12,6,No
44,142.6,5843.97,17,3,1,36,7,Yes
27,43.35,7151.23,46,7,9,36,10,No
26,106.15,9969.8,68,2,2,1,12,No
50,107.37,819.62,50,3,7,36,10,Yes
49,52.79,1119.71,43,2,8,36,3,No
65,62.22,1240.53,48,4,10,1,5,No
23,128.52,7558.3,68,7,7,36,30,Yes
58,119.03,1795.36,19,1,5,1,27,Yes
53,62.78,6413.29,25,1,1,12,22,No
19,89.41,3584.35,72,3,1,24,23,No
46,28.02,4844.54,18,1,9,1,29,Yes
21,47.14,2548.8,51,6,6,12,18,No
18,83.16,8728.01,18,4,8,36,20,Yes
36,31.18,6068.43,58,3,5,12,7,No
43,129.63,9473.35,64,2,0,1,5,No
42,113.34,5958.66,71,4,8,1,16,No
27,142.67,1677.13,57,7,6,1,17,No
32,110.15,2123.27,17,6,2,1,2,Yes
39,142.25,9896.2,59,4,1,12,29,Yes
68,92.09,7392.87,67,1,2,24,11,No
65,98.03,968.15,15,6,1,24,14,No
38,147.01,7185.92,26,2,10,12,6,Yes
39,103.48,4415.64,48,5,9,24,12,Yes
53,24.0,3418.48,14,4,1,36,29,Yes
51,114.09,1963.58,9,1,3,12,9,Yes
47,137.71,8479.09,7,7,5,12,18,Yes
42,123.43,1106.49,55,7,2,12,8,No
62,95.9,3253.44,12,4,8,24,24,Yes
45,107.27,3410.64,17,2,4,12,27,Yes
18,148.72,2028.6,8,7,4,12,11,Yes
66,31.79,5327.76,42,2,6,1,27,Yes
62,106.74,611.17,37,3,8,1,10,Yes
21,56.84,3359.27,20,5,0,24,23,No
24,103.21,9369.48,1,5,8,1,24,Yes
66,98.99,3450.03,9,1,1,36,7,No
26,39.95,3924.36,24,5,2,1,8,No
53,46.88,4995.07,34,2,4,1,3,No
36,100.81,5836.09,36,5,9,12,19,Yes
18,36.67,8182.73,4,1,3,36,30,Yes
27,54.47,2308.05,29,4,4,36,4,No
53,128.58,8781.59,16,5,9,1,6,Yes
26,62.52,7696.72,8,5,4,24,8,No
62,83.45,7365.18,39,7,4,12,3,No
63,142.35,1324.64,58,2,9,24,22,Yes
59,49.53,705.59,12,2,9,24,11,Yes
49,70.65,6143.12,44,7,9,24,11,No
49,98.84,8699.77,4,4,4,36,5,No
23,118.19,6052.19,25,7,10,24,12,No
65,137.21,2525.73,70,6,1,24,8,No
55,139.01,1359.94,67,6,10,36,24,Yes
34,120.96,7146.17,39,3,0,1,8,Yes
27,49.68,7356.82,24,5,9,36,20,Yes
67,23.23,2139.05,6,2,10,36,2,Yes
44,69.89,767.81,72,3,7,1,12,No
67,38.4,4378.69,33,5,2,24,30,No
52,112.35,6035.83,48,5,6,24,5,Yes
69,105.95,7207.02,67,3,7,1,17,Yes
38,25.72,8194.48,2,2,10,24,22,Yes
42,128.76,6300.11,38,4,5,1,13,Yes
45,52.34,1553.37,40,6,5,36,30,Yes
64,76.19,6984.53,56,5,10,24,28,Yes
32,106.83,9849.68,21,7,2,24,22,Yes
21,75.82,9103.05,35,1,8,12,1,Yes
46,77.37,8780.85,67,1,2,24,30,No
26,28.53,3370.62,60,1,4,12,5,No
44,72.19,7632.49,23,7,5,24,19,No
43,119.43,8585.48,65,4,0,12,6,Yes
36,138.97,6944.1,63,6,10,1,7,Yes
45,73.75,2880.34,23,5,8,24,9,Yes
34,75.07,9561.42,42,2,6,1,12,No
60,111.34,4782.78,64,2,10,12,26,Yes
58,142.56,1733.15,66,7,0,12,0,Yes
59,54.72,1542.89,41,6,5,12,4,Yes
67,77.22,6651.43,20,4,6,12,24,Yes
37,123.48,4658.24,9,6,4,36,29,Yes
62,99.26,1397.6,57,5,4,1,1,No
57,34.38,7533.46,17,3,6,12,3,No
56,101.61,8093.59,18,3,2,24,23,Yes
66,44.28,7391.45,63,5,2,12,11,No
40,86.33,2421.48,72,5,0,1,4,No
64,88.78,7052.87,72,2,7,36,23,Yes
49,133.91,601.87,26,4,1,1,14,Yes
69,80.12,3398.57,72,4,2,24,9,No
64,56.33,4288.8,72,6,6,36,25,Yes
50,50.03,8434.85,13,7,9,1,16,Yes
63,133.65,4208.75,17,7,9,12,13,Yes
22,42.23,607.06,26,2,10,24,6,Yes
60,75.36,3847.29,6,1,7,24,21,Yes
65,44.33,5239.78,4,3,8,36,1,Yes
51,120.53,9515.55,7,5,7,1,22,Yes
57,81.67,9439.83,17,6,6,24,2,Yes
28,65.65,2218.3,50,3,9,36,3,No
67,66.94,2258.89,6,3,0,12,29,Yes
20,130.79,2052.12,30,6,0,12,15,Yes
50,91.99,7994.76,56,4,10,36,15,Yes
28,113.32,557.21,39,2,7,1,26,Yes
33,136.62,1708.18,14,1,6,12,21,Yes
35,137.23,5610.62,54,1,1,12,2,No
47,62.71,2851.84,22,6,8,36,16,No
65,143.82,1377.39,57,6,9,1,25,Yes
27,23.23,3918.84,41,2,6,12,16,No
35,68.99,3104.97,10,3,8,1,21,Yes
55,136.45,5355.49,2,2,10,36,19,Yes
36,55.7,9802.72,67,7,0,1,6,No
53,55.5,1680.89,48,2,10,1,24,Yes
30,59.34,4040.9,42,7,2,24,29,No
63,99.6,9353.86,11,5,9,12,7,Yes
20,76.98,8830.29,12,5,1,12,18,Yes
27,114.48,4245.57,14,3,5,12,6,Yes
55,136.34,7140.06,30,4,9,1,0,Yes
18,107.65,1334.64,60,1,3,36,15,No
44,46.58,7269.14,30,5,1,1,17,No
63,141.25,9742.15,38,3,1,12,24,Yes
25,54.38,5606.14,65,6,5,12,25,Yes
68,39.49,5235.66,47,2,8,12,7,Yes
63,31.7,2279.53,39,7,5,12,30,No
59,93.24,6520.99,49,5,3,36,6,No
34,34.79,6109.15,58,2,8,24,26,No
26,38.04,6693.36,17,2,1,1,9,No
23,59.0,747.79,6,5,5,36,1,No
60,56.61,5712.87,15,7,6,24,14,Yes
42,98.55,6151.88,67,3,2,12,13,No
56,126.18,2471.54,28,6,3,36,1,No
66,118.98,2479.16,44,7,6,36,6,No
45,54.12,3124.07,18,1,8,36,22,Yes
50,51.89,7261.36,32,3,4,1,21,Yes
54,145.55,6259.53,69,4,10,24,25,Yes
26,21.07,8534.75,44,7,1,24,11,No
35,134.36,3308.76,70,7,7,1,4,Yes
38,45.96,9164.65,63,7,8,24,5,No
19,143.15,7565.21,58,4,10,12,15,Yes
60,64.5,4252.61,47,1,10,36,11,No
55,77.25,1404.99,17,7,1,24,8,No
57,111.93,2941.34,39,6,9,24,19,Yes
53,96.4,9589.3,59,7,9,36,11,No
67,61.33,3448.45,7,4,0,12,9,Yes
60,92.0,3634.06,63,2,3,12,16,Yes
54,114.99,2301.09,57,4,0,24,24,No
32,25.5,8165.08,34,5,0,12,23,No
45,21.46,3118.62,53,7,4,1,10,No
35,79.55,3637.45,66,2,6,36,17,No
51,37.14,4436.31,48,7,2,36,3,No
39,106.36,4620.42,60,3,6,1,2,Yes
28,47.83,4407.74,43,6,4,12,18,No
30,76.27,5285.57,4,1,9,12,5,Yes
21,45.7,8237.87,52,5,10,36,22,Yes
39,91.3,8283.21,32,5,7,1,7,Yes
24,35.09,8083.97,51,1,6,1,6,No
60,23.0,1460.69,10,4,0,36,14,No
41,26.65,8096.95,12,1,0,24,11,No
21,144.05,1642.39,39,1,6,36,14,Yes
45,38.5,1684.88,68,4,5,24,8,No
32,112.1,9504.7,10,7,8,24,1,Yes
18,28.83,8284.28,10,3,7,24,25,No
20,34.06,5747.9,23,6,5,36,19,No
31,86.15,8812.22,13,1,5,1,14,Yes
55,80.43,9898.96,48,4,8,1,17,Yes
67,143.71,6301.1,44,5,3,1,12,Yes
18,142.83,6322.54,64,1,8,36,15,No
55,121.35,7667.06,40,6,10,36,14,Yes
55,98.27,2705.32,6,7,10,12,10,Yes
38,79.14,2087.69,72,7,7,36,2,No
65,66.3,7716.02,43,1,2,1,28,No
46,143.12,3776.6,32,7,10,12,9,Yes
22,98.38,1783.17,49,3,3,36,16,No
66,95.28,3491.34,19,3,6,36,29,Yes
27,50.15,3907.05,52,5,2,36,7,No
45,26.07,9669.66,52,3,2,12,4,No
38,142.87,7130.62,34,7,7,12,20,Yes
67,60.79,5543.14,59,6,4,24,7,No
24,77.54,9704.29,5,5,4,12,14,Yes
20,34.9,9079.83,66,7,7,1,30,No
62,128.8,5364.01,41,1,5,1,10,Yes
64,23.59,9103.96,34,4,4,36,8,No
37,128.42,4340.89,54,3,0,1,24,Yes
36,38.24,2689.0,20,5,4,1,25,Yes
52,135.25,2710.44,54,3,7,1,24,Yes
21,114.87,6792.0,66,3,8,1,1,No
22,41.41,5260.17,18,2,5,12,6,No
18,93.56,6760.03,44,1,10,1,15,Yes
21,60.65,7017.72,48,3,9,36,6,No
29,43.17,712.07,35,4,2,12,3,No
44,131.69,1013.38,39,6,7,24,4,Yes
59,72.46,5560.44,3,2,4,1,13,Yes
40,71.81,2314.84,19,5,1,24,21,No
42,42.09,6509.07,18,5,0,24,6,No
38,69.8,5745.76,5,4,10,36,12,Yes
69,133.31,6064.72,55,4,7,24,17,Yes
41,67.21,3373.33,13,6,1,1,9,Yes
42,143.71,6578.51,34,1,10,36,1,Yes
62,143.02,8380.18,18,4,2,36,30,Yes
63,38.84,9981.68,68,5,8,12,12,No
49,43.05,8465.22,72,1,0,36,1,No
49,132.15,5796.24,43,4,7,24,28,Yes
22,71.06,2337.58,65,4,1,1,29,No
53,20.57,6973.74,41,7,7,12,14,No
63,55.6,9407.71,38,5,1,24,4,No
59,97.69,2512.73,38,1,6,36,21,Yes
66,123.9,2931.96,13,2,2,1,30,Yes
59,37.34,1915.58,22,2,3,36,10,No
56,34.37,7498.86,29,6,10,12,30,Yes
33,139.87,4362.33,9,1,0,12,5,Yes
50,117.65,1095.61,68,4,9,1,18,Yes
66,96.67,8812.02,17,4,0,24,27,Yes
38,119.99,5797.88,37,1,10,1,14,Yes
26,75.75,3645.4,64,2,9,24,3,No
23,118.6,3767.84,67,6,10,1,6,Yes
68,68.33,3257.39,4,7,7,12,22,Yes
62,51.73,4827.06,40,7,7,12,30,Yes
52,114.77,3701.9,16,3,1,36,21,Yes
56,74.56,5705.49,11,5,3,12,16,No
39,147.58,7848.41,26,1,1,36,9,Yes
58,65.43,6907.38,72,6,7,12,21,No
22,139.82,3297.34,65,3,6,12,29,Yes
59,141.29,5523.04,2,5,6,36,28,Yes
40,51.44,8481.2,45,3,9,1,16,No
34,123.77,1147.96,43,3,2,1,10,Yes
29,76.3,1243.82,3,5,10,1,20,Yes
40,139.28,5783.62,34,3,4,24,21,Yes
33,78.52,6571.59,65,2,0,24,15,No
20,116.76,2508.42,64,6,9,12,6,No
47,80.71,7579.59,7,1,10,12,7,Yes
39,49.61,6639.5,35,7,3,12,15,Yes
26,45.92,9271.25,22,6,3,36,15,Yes
46,75.31,2105.06,48,7,0,24,24,No
64,118.21,7638.06,32,2,6,24,21,Yes
54,98.66,1294.61,26,2,4,1,26,Yes
40,109.52,5870.28,6,7,0,24,22,Yes
30,56.7,5743.0,46,5,4,36,30,No
49,82.59,4189.66,55,5,7,36,3,No
63,25.77,8523.43,55,5,9,36,25,Yes
69,126.28,541.52,57,3,7,36,6,Yes
64,148.69,5441.7,63,3,1,12,25,Yes
65,72.89,2562.96,1,7,0,36,16,No
40,21.43,7563.24,21,1,1,1,2,No
62,42.07,909.14,20,3,5,36,16,No
34,104.83,8399.77,29,1,4,24,10,Yes
57,99.57,8461.88,43,2,3,36,7,No
38,122.42,8412.23,45,1,7,1,18,Yes
19,53.0,1949.4,65,1,4,24,6,No
54,119.27,6488.86,3,5,3,24,17,Yes
23,109.44,636.49,20,3,10,24,27,Yes
61,61.97,8555.64,37,4,7,12,27,Yes
35,90.91,7368.26,38,4,0,24,20,Yes
47,39.15,5545.96,45,5,8,12,14,Yes
39,78.83,7440.62,42,6,1,36,18,No
50,134.56,1396.08,46,6,7,1,25,Yes
47,74.75,5522.23,60,6,8,24,2,No
34,129.14,3267.13,13,2,9,36,29,Yes
60,96.73,9739.88,31,2,7,12,15,Yes
49,44.94,8642.62,68,2,8,12,14,No
59,95.54,7466.12,62,1,3,1,4,No
68,85.78,9370.6,49,7,10,36,13,Yes
31,71.82,3795.01,18,3,1,1,23,Yes
27,35.55,9058.36,53,2,2,1,1,No
64,74.17,3589.76,18,4,7,24,26,Yes
68,29.46,7461.57,51,1,4,24,3,No
53,32.84,7495.96,41,2,10,1,19,Yes
51,74.07,674.32,67,2,3,24,12,No
26,59.7,3930.07,65,6,2,36,15,No
59,140.32,684.61,6,6,10,12,30,Yes
45,68.84,9972.37,37,3,2,12,29,Yes
28,118.52,1660.87,12,3,9,24,11,Yes
31,88.93,5656.7,2,1,9,36,26,Yes
56,111.53,8010.28,53,4,6,24,4,No
64,53.82,2412.0,25,5,10,36,21,Yes
36,142.45,5108.0,28,6,7,12,24,Yes
32,88.91,6270.57,45,4,4,36,20,Yes
45,128.07,2021.95,37,7,7,12,11,Yes
41,67.46,7896.28,17,6,8,24,25,Yes
25,33.03,3343.7,69,3,3,36,7,No
60,107.58,2504.72,56,3,1,24,4,No
26,21.01,5803.74,58,5,4,1,2,No
64,81.79,4397.98,4,4,1,1,21,Yes
50,45.06,9242.72,55,4,9,24,12,No
50,101.56,8860.6,49,5,1,12,3,Yes
36,147.32,5091.83,38,3,5,36,20,No
20,80.37,3913.01,45,1,9,24,7,No
27,126.27,3592.42,30,4,10,12,26,Yes
57,86.01,3041.85,37,2,9,36,26,Yes
64,84.46,5673.2,56,4,0,24,3,No
59,140.96,8147.3,27,7,1,24,6,No
18,135.7,3452.19,32,4,4,12,2,Yes
46,122.15,2305.89,11,7,9,36,3,Yes
67,58.51,5017.1,58,4,4,36,23,Yes
51,90.85,1155.83,35,3,9,12,7,No
68,49.11,7162.15,17,2,2,24,12,No
30,77.71,5424.4,30,7,4,12,12,No
18,82.95,5215.56,18,4,8,12,8,Yes
51,128.11,3354.23,30,1,1,24,19,Yes
46,136.48,9094.4,16,6,5,36,25,Yes
65,73.9,1359.62,54,7,7,1,19,No
64,22.3,8763.33,4,6,2,1,4,No
30,132.03,4078.7,15,2,1,12,13,Yes
65,42.66,8865.92,27,5,10,36,4,No
66,100.84,7423.23,4,1,0,24,2,Yes
46,23.25,1489.62,35,5,0,36,0,No
56,71.94,8399.59,63,4,10,12,9,No
41,148.17,6980.68,66,7,3,36,14,No
43,33.09,806.87,39,3,5,36,16,No
34,75.08,1770.18,28,4,6,24,11,Yes
24,59.93,6538.47,34,4,7,1,13,Yes
30,137.66,6794.7,33,5,7,36,23,Yes
22,133.01,7593.19,50,4,9,36,3,No
43,50.9,7342.33,60,1,0,1,28,Yes
66,30.55,6765.44,72,3,7,36,10,No
20,101.53,7779.27,72,5,9,36,25,No
24,63.73,5963.31,42,2,0,36,14,No
66,107.37,2977.52,28,6,2,1,13,Yes
56,24.18,9167.58,27,4,4,12,26,Yes
18,37.34,673.03,1,6,10,1,17,Yes
66,109.23,3982.34,8,7,9,1,21,Yes
34,47.61,7424.27,46,5,9,12,8,No
60,131.49,4557.98,24,6,7,24,14,Yes
42,27.62,735.93,40,4,7,1,20,Yes
20,48.01,1126.82,51,7,5,36,2,No
32,149.81,6662.06,24,4,3,24,19,Yes
46,76.3,9666.21,22,5,3,24,30,Yes
60,111.39,5742.7,68,1,7,12,12,Yes
49,43.75,5314.2,8,2,10,24,1,Yes
43,99.28,3524.09,58,4,2,36,14,Yes
33,114.39,2938.56,15,1,7,24,13,Yes
42,60.88,699.36,8,4,3,36,6,Yes
45,127.76,3093.07,42,4,9,12,28,Yes
26,98.44,4766.55,39,1,8,24,3,Yes
18,70.59,2380.52,35,4,1,1,3,No
46,92.49,1329.81,41,2,9,12,23,Yes
39,94.98,7318.41,48,6,0,12,9,No
33,41.52,8998.89,71,5,3,36,20,No
58,72.36,9399.33,44,7,8,12,18,No
68,64.65,6370.99,35,7,6,1,12,Yes
61,72.12,1001.36,27,6,8,24,30,Yes
68,118.94,7538.19,65,1,8,24,27,No
58,82.73,1545.91,70,6,9,24,5,No
24,142.24,6862.61,66,3,8,36,7,No
31,58.18,7903.98,71,7,8,1,9,No
46,74.04,7395.71,72,4,6,36,16,No
36,122.3,9542.9,63,5,7,24,8,No
36,90.98,7512.39,29,2,1,24,13,Yes
19,91.11,7085.49,31,2,8,1,28,Yes
58,26.93,2986.56,64,3,1,36,19,No
62,71.82,9285.3,53,6,7,1,4,Yes
32,55.2,2205.67,68,2,1,24,25,No
20,149.91,9096.52,25,6,10,1,2,Yes
28,60.09,3470.29,13,5,7,1,8,Yes
63,134.98,1736.55,40,3,2,36,28,Yes
47,107.91,8353.49,72,6,1,36,11,No
57,64.32,523.71,7,1,5,1,21,Yes
35,90.66,8404.84,32,6,5,12,30,Yes
68,129.27,2991.96,24,6,0,12,30,Yes
65,134.84,8904.85,1,3,6,36,0,No
19,40.85,7069.05,47,1,10,24,24,Yes
49,64.14,6828.74,51,2,0,24,10,No
25,63.58,3970.54,36,7,3,36,4,No
39,25.47,1064.33,27,5,5,36,18,No
23,97.77,8385.69,70,6,7,1,3,No
29,131.13,2123.59,42,4,10,24,11,Yes
64,69.6,4036.46,68,3,10,12,15,No
57,116.2,6203.37,70,2,7,36,15,No
53,101.6,5081.41,13,6,9,36,20,Yes
32,68.83,2387.28,25,5,6,24,0,No
45,38.34,1835.86,22,4,10,24,25,Yes
69,112.21,1670.84,21,3,4,12,2,Yes
66,131.09,8698.57,15,5,5,36,22,Yes
62,109.16,799.82,67,2,7,12,24,Yes
35,22.32,9781.64,37,7,2,1,21,No
19,48.11,2386.02,45,6,5,1,19,Yes
30,29.03,1548.06,26,6,3,36,14,No
62,94.15,5981.23,55,6,2,1,19,No
32,118.34,1259.87,50,3,2,24,24,Yes
37,34.38,6223.31,35,6,3,24,16,No
46,128.98,8580.95,41,3,5,24,21,Yes
59,92.22,955.03,72,6,10,12,3,Yes
46,109.7,8098.75,11,1,0,24,2,Yes
20,146.28,4247.54,8,7,1,12,10,Yes
36,30.88,2015.16,54,6,3,36,0,No
20,137.16,2172.92,1,1,9,36,4,Yes
31,36.39,9228.26,20,3,8,24,3,Yes
57,71.08,1550.75,34,5,7,24,25,Yes
21,130.69,8734.44,57,2,9,36,19,Yes
69,137.81,5670.32,13,4,7,12,7,Yes
28,85.83,871.03,54,1,10,12,10,Yes
48,97.23,4912.52,53,2,6,12,10,Yes
60,112.06,8265.77,52,6,5,1,17,Yes
49,128.26,7398.93,6,3,6,1,26,Yes
44,35.8,5143.43,36,2,5,24,9,No
47,125.31,8670.47,25,2,2,24,26,Yes
60,82.57,1643.47,58,7,5,36,29,No
19,78.58,9144.44,55,7,6,24,25,Yes
66,75.11,8541.19,3,6,5,36,12,No
26,86.2,7228.63,28,2,10,1,19,Yes
45,142.86,8269.93,68,3,1,24,15,Yes
48,91.27,5666.25,38,7,5,12,26,Yes
51,143.91,6914.04,34,1,1,36,16,Yes
32,43.44,5825.68,13,4,0,12,17,Yes
65,114.14,3876.57,5,5,9,1,25,Yes
42,125.59,5904.18,60,1,9,12,25,Yes
53,108.29,2945.92,17,4,9,12,2,Yes
25,98.9,4682.65,57,3,4,24,27,Yes
26,93.43,3167.37,31,4,3,12,0,No
54,131.92,1667.43,65,3,8,12,1,No
65,126.81,3557.69,66,4,8,1,22,Yes
62,35.9,8593.88,33,7,8,12,25,Yes
56,130.32,4120.27,4,1,2,36,25,Yes
49,73.83,7606.03,55,6,9,12,5,Yes
69,52.98,2164.38,24,6,2,36,17,Yes
34,133.07,4531.98,32,6,2,24,16,Yes
52,76.16,1591.13,47,3,10,36,25,Yes
54,125.09,1816.9,16,2,9,36,13,Yes
36,54.24,6365.65,21,6,4,24,24,Yes
61,20.51,6271.08,67,3,5,24,16,No
46,84.41,2527.03,31,7,5,1,25,Yes
24,33.03,5007.02,14,3,2,36,20,No
45,118.07,8701.41,6,4,1,24,24,Yes
26,55.89,2154.91,69,3,5,12,28,No
45,77.67,682.5,29,4,3,1,8,No
23,31.31,6693.95,55,7,8,12,21,No
46,57.27,1008.23,37,1,1,12,30,Yes
34,121.59,9809.43,59,3,3,24,18,Yes
33,39.71,6291.39,36,2,10,1,1,No
40,104.13,4968.77,59,2,10,1,2,Yes
48,139.27,4584.93,64,1,1,24,15,Yes
20,108.38,5944.17,43,7,4,36,15,Yes
38,125.43,1360.93,42,6,2,1,0,No
43,34.17,9335.18,60,2,3,12,18,No
53,52.6,6443.6,62,4,8,36,17,No
59,136.29,2247.8,64,3,9,1,23,Yes
54,112.96,5844.52,58,5,10,12,30,Yes
39,103.14,1765.94,2,7,4,1,9,Yes
59,106.29,666.75,71,3,8,1,22,Yes
29,73.85,6489.91,8,7,4,24,16,Yes
59,25.79,6660.59,56,7,9,24,0,No
30,121.98,6045.12,36,3,8,36,4,Yes
28,108.23,2243.09,69,5,7,1,3,No
33,81.46,6232.58,13,6,0,36,30,No
25,136.97,1036.85,39,7,2,12,23,Yes
57,63.7,6287.76,6,2,4,24,23,No
57,58.26,5763.16,19,2,2,24,30,Yes
62,133.46,6724.92,25,3,9,36,18,Yes
19,123.61,9007.02,3,2,0,36,20,Yes
47,86.95,8578.4,53,7,10,24,6,No
47,37.0,9816.21,28,7,1,36,7,No
29,47.96,9774.29,26,4,1,1,18,No
27,105.31,7837.04,47,7,3,12,7,No
61,70.06,9585.99,8,4,5,36,25,Yes
28,128.74,8739.2,57,5,1,12,8,No
32,143.49,7412.03,55,7,5,1,18,Yes
33,124.73,1216.15,1,3,10,12,27,Yes
34,69.08,965.97,40,6,0,24,17,Yes
43,122.53,8457.2,23,4,7,12,13,Yes
19,65.69,5151.73,54,1,2,36,17,No
67,41.72,8238.76,42,2,7,36,4,No
29,24.34,3472.72,50,6,2,24,27,No
68,70.14,4277.67,4,3,0,24,25,Yes
43,137.46,7151.77,8,4,3,1,27,Yes
40,51.07,9195.6,36,5,2,24,0,No
35,46.85,1333.73,10,4,7,12,5,Yes
49,146.08,8684.04,30,1,0,12,6,Yes
66,23.25,8033.62,16,4,8,12,27,Yes
55,122.15,3497.62,30,3,10,12,28,Yes
64,61.78,3874.56,64,5,8,12,4,Yes
20,24.87,941.38,11,7,5,24,26,No
55,139.31,649.54,34,5,4,1,7,Yes
20,38.15,5031.56,55,1,10,1,5,No
47,91.73,1407.63,4,3,4,36,0,No
18,55.63,2343.02,49,1,5,12,24,Yes
47,28.48,8544.29,44,1,6,24,11,No
62,26.49,5924.77,31,1,7,36,4,No
49,35.02,6519.51,48,4,2,1,28,No
45,29.28,2281.05,26,2,9,12,4,Yes
38,118.87,8372.29,70,4,0,24,14,No
63,83.12,8745.81,12,3,4,1,16,Yes
30,64.58,5471.61,45,6,10,24,4,No
44,74.39,9169.3,8,1,0,12,18,Yes
53,140.76,8525.87,9,1,1,24,9,Yes
24,138.4,7447.58,1,2,7,1,28,Yes
39,113.04,7473.72,5,5,2,1,2,No
27,135.01,1501.24,71,1,10,36,10,No
56,61.55,3072.94,54,4,9,24,25,No
32,69.54,1135.05,24,7,3,36,7,No
32,99.78,582.47,26,1,10,1,24,Yes
21,101.07,2003.94,10,3,5,36,12,Yes
49,82.62,8864.63,61,7,7,36,5,No
40,72.09,2778.8,40,2,0,24,2,No
23,148.2,9716.46,44,6,1,24,23,No
41,126.75,6174.26,12,5,10,36,18,Yes
37,76.55,2753.96,22,6,5,12,6,Yes
54,114.55,5222.74,27,3,7,12,1,No
37,55.04,2581.4,67,4,7,24,21,No
29,33.02,9847.75,69,6,2,1,23,No
50,65.82,8549.02,14,3,3,12,18,Yes
45,72.39,749.27,25,6,9,1,12,No
25,22.15,9503.87,52,1,3,24,24,No
18,125.92,7350.12,59,2,3,1,10,Yes
54,66.7,1282.62,38,1,1,36,8,No
39,95.45,6871.06,20,2,5,1,18,Yes
23,29.62,6645.8,20,4,7,24,18,Yes
38,42.75,2578.49,56,3,8,12,20,No
49,135.66,7705.24,30,6,0,36,24,Yes
52,99.13,1327.11,41,2,0,12,13,No
32,143.54,5149.73,71,3,8,1,11,Yes
22,149.84,594.27,63,7,10,24,28,Yes
63,68.34,9703.01,69,6,3,24,0,No
67,58.84,7639.85,29,7,10,12,0,No
65,131.59,2009.09,44,7,6,36,16,Yes
23,149.82,3745.9,57,2,1,24,30,Yes
42,101.85,2025.34,24,1,9,24,3,Yes
63,123.37,7782.87,19,2,0,1,12,Yes
57,121.63,1059.52,17,2,10,36,22,Yes
46,66.19,8483.86,69,5,6,36,27,No
24,94.66,9450.87,61,6,5,1,10,No
57,128.3,6927.97,4,6,2,12,17,Yes
30,109.45,2523.17,22,7,9,12,11,Yes
55,22.75,3920.86,6,4,3,1,18,Yes
35,63.77,5033.78,30,6,0,24,19,No
19,38.78,6243.94,11,1,6,24,0,No
25,50.29,6852.3,48,1,8,1,17,No
28,137.71,5765.04,46,3,0,1,1,No
50,24.8,3837.48,27,2,1,1,29,No
55,48.57,8963.71,19,2,1,1,10,Yes
65,60.24,1273.22,59,6,5,24,14,No
44,100.19,4929.43,68,2,4,36,14,No
37,89.43,7867.87,54,1,5,24,5,No
29,48.38,1078.29,17,5,0,12,3,No
60,41.35,7200.68,50,3,5,1,11,No
48,50.78,8287.26,40,2,10,12,22,Yes
44,85.33,6777.9,11,5,5,24,27,Yes
49,55.25,622.9,14,6,6,12,10,No
27,143.19,2211.3,13,4,1,24,27,Yes
20,80.3,3750.07,28,1,5,24,7,Yes
62,27.64,2720.06,44,4,8,12,1,Yes
44,114.8,9645.2,63,1,8,12,15,Yes
52,62.75,6690.14,61,3,1,36,1,No
48,104.95,3321.22,17,6,4,1,20,Yes
32,56.35,9332.13,50,4,6,36,3,No
33,94.2,7535.64,26,3,4,36,27,Yes
30,120.38,3203.77,7,7,2,24,29,Yes
66,140.64,4099.37,16,7,0,1,25,Yes
52,53.95,2394.57,17,3,6,1,1,No
69,63.53,9725.2,35,3,7,24,24,Yes
28,80.35,5414.32,23,4,5,12,8,Yes
38,140.53,9012.54,69,4,6,1,28,Yes
68,137.18,3791.75,9,4,8,1,25,Yes
28,31.68,8678.0,18,7,1,36,12,Yes
47,37.15,1011.93,48,7,4,24,27,No
65,84.42,9829.86,72,2,2,36,19,No
52,33.86,9164.33,66,3,1,12,1,No
39,64.93,3950.43,23,6,2,36,18,No
55,39.29,7859.86,10,2,3,12,7,Yes
48,102.69,7646.45,38,1,1,1,28,Yes
31,143.43,9061.92,59,7,1,24,10,No
41,149.58,3418.92,68,4,7,36,7,No
67,68.78,4922.44,43,6,2,36,15,No
66,97.87,8717.5,12,5,2,1,27,Yes
49,131.31,7896.5,53,1,3,12,29,Yes
53,35.27,4237.93,14,3,10,1,22,Yes
49,109.64,8534.39,52,7,4,24,28,Yes
32,73.15,946.06,72,7,2,36,19,No
60,46.8,7929.44,61,3,5,1,16,No
52,72.36,2464.28,41,6,9,12,25,No
20,29.87,3218.15,21,2,2,36,24,No
33,110.4,5185.54,48,7,7,24,14,Yes
22,52.86,4772.48,56,4,3,36,6,No
38,60.48,5445.42,35,7,4,24,28,Yes
27,35.74,5675.37,44,6,2,24,0,No
36,132.41,3649.51,39,4,4,24,13,Yes
42,84.15,2164.66,15,7,10,36,30,Yes
21,94.38,7800.57,12,1,6,24,15,Yes
46,94.03,4299.77,8,6,2,36,20,Yes
36,73.36,5305.49,67,1,2,1,2,No
60,45.03,6624.62,1,1,0,24,17,No
19,116.87,9141.56,42,5,1,12,18,No
27,36.52,7221.75,31,5,3,36,5,No
60,33.5,931.86,30,3,8,24,27,Yes
42,112.32,8466.32,43,7,2,12,22,No
37,47.15,9898.87,26,3,9,36,25,Yes
65,59.88,4988.61,12,3,4,12,8,No
36,81.78,9711.11,59,6,8,12,12,No
40,78.42,5699.62,69,4,3,12,25,No
41,112.12,4866.35,11,3,3,12,11,Yes
28,101.05,3648.35,47,2,5,1,14,Yes
63,103.77,6746.77,23,1,6,12,26,Yes
51,112.83,2683.29,43,6,10,12,6,Yes
45,58.04,1496.88,39,4,5,12,11,Yes
22,61.9,758.75,55,7,10,1,16,Yes
22,76.94,3277.61,18,5,3,36,12,Yes
68,59.97,4259.82,42,1,6,24,22,Yes
38,148.04,5744.73,26,3,10,12,28,Yes
29,125.83,3281.12,18,5,9,1,16,Yes
67,41.41,9848.57,41,5,2,1,28,No
21,20.73,3271.58,42,5,2,1,7,No
66,25.56,4689.27,33,6,6,24,17,Yes
59,51.73,1481.12,43,1,5,1,1,Yes
37,34.86,2975.95,14,4,1,12,16,Yes
55,89.33,959.16,55,1,0,12,24,No
42,131.54,5815.33,58,2,5,12,11,Yes
31,115.78,7635.11,10,3,8,24,12,Yes
28,48.03,2359.24,28,6,2,1,14,No
49,71.91,3995.15,14,4,8,12,29,Yes
28,86.03,657.85,26,6,5,12,10,No
35,125.33,8475.46,17,4,3,36,23,Yes
44,129.09,7909.65,34,3,9,36,8,Yes
35,138.26,1100.91,14,7,9,36,7,Yes
40,86.2,3966.24,26,2,9,12,19,Yes
28,110.26,9575.22,34,5,1,24,24,Yes
38,34.53,4224.26,24,3,8,12,14,Yes
61,93.49,5498.98,70,5,4,1,23,Yes
22,52.33,3874.81,20,3,4,36,16,No
40,76.12,6163.25,39,1,1,1,25,Yes
58,102.43,9792.49,45,6,4,36,13,Yes
42,53.41,9976.27,34,2,5,24,4,No
58,26.78,7859.79,22,6,1,24,29,No
27,21.33,4340.96,71,2,0,24,15,No
39,22.88,5197.11,33,3,5,1,24,Yes
36,21.09,3888.95,6,2,8,24,28,Yes
18,34.35,9862.96,16,5,8,24,27,Yes
24,51.13,7223.72,72,2,8,36,7,No
21,48.76,4764.85,23,2,4,1,16,No
18,148.28,615.1,18,6,9,12,21,Yes
32,59.78,5444.59,14,2,0,24,10,No
57,36.56,9847.32,50,7,2,12,21,No
29,90.92,5469.08,61,4,7,12,17,No
39,131.53,2233.05,36,7,8,12,26,Yes
39,108.15,709.89,15,3,3,12,1,Yes
67,58.49,3869.69,5,1,10,24,0,Yes
64,93.01,9223.17,53,1,2,24,21,No
34,112.93,9967.26,48,4,1,24,8,No
46,114.65,9481.0,11,6,4,1,7,Yes
63,106.65,7429.49,2,4,1,1,20,Yes
31,133.21,5802.36,24,1,10,12,23,Yes
67,133.11,6111.52,68,5,8,36,1,Yes
37,95.26,5620.42,12,1,9,1,11,Yes
67,75.88,7216.97,59,1,10,12,26,Yes
65,103.4,4479.3,67,7,8,12,5,Yes
50,126.37,6857.44,32,3,2,24,27,Yes
60,20.73,1655.32,36,1,3,24,1,No
32,148.96,3024.11,21,1,8,1,23,Yes
29,43.78,8442.03,70,7,0,24,11,No
57,81.13,9085.61,66,2,6,1,17,Yes
37,133.36,5620.58,9,4,1,24,4,Yes
47,49.26,800.54,44,7,8,36,12,No
55,81.98,9306.25,59,1,10,24,27,Yes
20,37.24,7169.61,24,1,2,1,22,No
45,71.36,4433.27,63,5,5,12,22,No
43,43.03,6184.6,41,7,4,1,3,No
47,67.27,4582.86,2,1,1,24,7,Yes
30,68.55,4920.72,28,3,8,12,29,Yes
30,149.11,8924.69,16,6,2,24,22,Yes
19,149.33,2030.3,59,5,5,24,9,Yes
54,34.92,1484.86,1,1,8,24,20,Yes
66,114.38,525.92,1,6,7,12,13,Yes
55,26.73,3483.0,31,3,9,24,19,Yes
19,23.92,1900.43,22,4,4,36,29,No
53,33.69,2589.86,59,1,5,1,1,No
43,145.51,606.77,28,4,2,36,1,No
28,142.31,2658.36,27,1,4,36,3,Yes
25,45.21,3660.76,1,5,5,1,23,Yes
61,41.02,799.89,2,5,2,1,10,No
57,51.27,6275.09,66,6,9,12,21,No
60,87.02,5903.6,49,3,1,36,8,No
39,94.06,1421.84,19,2,9,36,17,Yes
37,48.81,6152.59,28,7,8,1,28,Yes
25,118.36,9987.21,70,6,6,24,22,No
46,60.24,9472.46,39,6,3,36,29,No
57,139.88,525.37,19,3,2,12,16,Yes
43,105.37,8056.09,64,1,3,24,1,No
47,76.73,3859.25,58,4,8,36,29,No
34,122.69,1104.69,17,4,8,24,26,Yes
37,126.33,3311.84,70,1,5,36,24,No
69,57.76,3556.5,41,2,10,24,28,Yes
33,64.16,5470.82,5,2,8,36,23,Yes
63,141.67,6780.3,23,2,8,1,24,Yes
60,41.42,7616.03,69,1,5,1,29,Yes
24,25.48,2836.08,10,7,4,12,6,Yes
33,79.03,3556.82,68,5,10,36,11,No
62,124.16,3429.63,12,6,2,12,15,Yes
64,120.32,3946.0,10,5,0,1,9,Yes
65,139.54,9996.73,60,1,3,36,30,Yes
44,89.32,7890.46,30,5,0,1,27,Yes
40,33.01,9762.41,24,7,0,24,10,No
41,96.53,7084.56,69,2,5,1,8,Yes
26,121.19,4359.57,13,5,10,24,3,Yes
52,32.13,4202.57,9,1,4,1,15,Yes
68,42.45,5141.52,18,6,6,24,18,Yes
37,21.6,4460.26,35,5,0,1,19,No
54,97.17,8369.1,4,5,0,1,4,No
59,135.28,4917.52,41,5,7,36,11,Yes
34,107.19,3308.34,26,5,5,36,9,No
64,147.67,7861.17,44,6,7,36,13,Yes
48,28.19,8616.99,42,1,5,12,19,No
25,137.39,4494.08,10,3,5,12,19,Yes
32,125.83,6844.18,1,5,9,24,11,Yes
48,60.85,1058.64,54,3,6,12,22,Yes
47,146.56,5529.92,16,6,1,12,3,Yes
63,57.43,927.32,46,1,2,1,19,Yes
37,135.61,777.31,13,4,3,24,24,Yes
56,134.5,6322.79,64,7,0,12,8,No
29,118.5,3381.69,55,3,8,36,13,No
66,93.25,7554.1,63,1,8,36,30,Yes
34,35.6,9012.78,18,4,3,12,4,Yes
59,89.16,1824.22,61,5,0,1,8,No
47,66.38,7382.97,20,6,0,36,26,Yes
46,122.99,5387.94,65,6,5,36,1,No
36,118.56,1565.13,64,1,1,1,11,No
63,138.38,6690.13,64,2,0,36,27,No
28,21.93,6289.93,13,4,9,1,11,No
51,125.18,5398.6,68,2,10,24,12,Yes
67,142.0,9301.48,70,6,1,1,20,No
24,122.61,5450.26,57,6,6,24,10,No
61,36.93,9909.89,45,5,3,1,22,No
51,30.57,5337.67,38,5,6,12,7,Yes
37,22.71,1600.59,54,3,6,36,27,Yes
67,101.74,4969.48,36,6,3,24,20,Yes
55,101.86,2232.12,67,5,1,36,11,No
41,148.3,6172.77,11,3,8,1,8,Yes
27,71.75,7084.76,27,4,9,1,11,Yes
49,63.15,4950.14,17,2,9,36,10,No
69,101.18,1428.18,33,4,2,12,18,Yes
32,127.33,4952.09,5,7,0,12,28,Yes
54,141.78,1273.82,62,2,10,36,27,Yes
37,124.41,6980.2,65,1,7,12,7,Yes
20,75.47,8008.5,71,4,3,1,26,Yes
54,102.54,9642.61,67,7,8,36,24,No
57,131.32,1913.62,44,1,7,36,6,No
25,83.78,5557.99,14,2,10,36,20,Yes
57,48.17,5891.6,57,6,10,36,24,No
61,42.06,9263.53,48,6,6,12,26,No
40,20.02,6459.13,17,3,8,12,13,Yes
57,113.37,1882.34,44,4,1,24,28,No
28,34.44,4645.34,4,4,3,24,23,No
63,51.7,6720.24,30,3,4,24,27,Yes
25,58.72,7152.7,55,3,4,1,23,No
46,92.85,8699.2,30,5,0,24,21,Yes
47,71.73,2214.82,18,7,8,36,1,No
27,107.71,9539.65,44,6,8,1,19,Yes
56,27.23,1061.82,62,5,4,12,30,No
45,36.11,9845.74,31,2,9,1,11,No
66,84.9,8648.79,16,6,2,1,0,No
53,63.81,6772.59,23,4,7,36,27,Yes
30,58.46,7482.46,14,3,6,12,25,Yes
49,28.71,1190.57,2,3,4,24,20,Yes
53,136.44,894.06,12,7,0,24,28,Yes
54,109.94,1466.78,58,6,6,24,29,Yes
43,35.81,1329.92,56,1,10,12,9,Yes
39,28.46,5700.12,24,7,0,1,0,No
21,146.73,2546.72,37,7,0,36,21,Yes
48,108.55,8671.95,29,5,8,12,9,Yes
35,74.27,4734.61,42,6,5,36,7,No
55,111.23,7107.35,18,6,6,12,12,Yes
41,118.32,6702.29,3,1,1,12,13,Yes
40,121.4,3538.6,13,3,10,12,9,Yes
39,82.12,2810.09,29,4,7,1,0,No
19,75.88,3753.33,66,4,6,36,5,No
48,21.43,8068.25,59,1,4,24,11,No
28,140.45,6069.63,48,7,7,36,19,No
45,98.43,2908.62,4,5,1,24,14,Yes
63,46.41,8269.54,51,2,5,36,12,No
49,139.55,1020.21,5,6,3,12,14,Yes
22,138.94,7142.24,39,4,6,1,24,Yes
55,148.59,4671.46,41,2,5,12,27,Yes
27,133.63,7447.26,5,6,5,1,15,Yes
57,149.71,9310.88,8,5,4,12,23,Yes
63,51.81,7625.32,56,1,10,24,11,No
41,129.49,4698.67,25,7,4,24,19,No
52,126.99,1934.27,52,5,1,12,10,No
61,50.02,8160.33,52,3,10,36,11,No
65,32.8,4876.7,7,5,6,24,26,Yes
40,147.32,1215.47,61,1,6,12,1,Yes
34,58.48,7331.03,47,1,7,1,28,Yes
18,133.22,3272.59,66,5,3,1,28,Yes
48,20.54,964.44,59,6,10,1,21,No
48,22.73,9076.13,5,1,10,1,29,Yes
59,80.56,5089.46,44,3,10,36,2,Yes
59,51.03,3169.13,42,2,8,36,16,Yes
51,109.68,7305.67,61,5,9,36,29,Yes
26,93.52,8916.07,63,1,2,12,13,No
39,30.07,502.92,50,7,2,24,26,No
30,41.14,7034.6,38,6,1,1,6,No
42,70.45,7786.61,54,6,9,24,19,Yes
65,44.13,2494.31,44,6,6,12,13,No
35,122.99,5151.43,24,2,9,24,30,Yes
68,74.09,1348.22,63,3,1,24,8,No
29,32.15,7594.12,39,5,6,24,30,No
57,82.96,8550.83,12,1,2,36,28,Yes
34,31.81,1527.77,63,2,0,12,9,No
32,36.76,8256.37,9,3,10,12,25,Yes
59,51.15,7829.92,22,4,7,12,10,No
32,131.74,3795.68,36,1,7,24,29,Yes
32,140.2,7057.75,28,6,9,36,10,Yes
56,127.41,500.46,56,6,0,1,26,Yes
30,63.43,9352.08,29,3,10,36,18,Yes
34,55.42,5728.64,5,7,5,1,30,Yes
49,91.39,6393.22,4,7,3,24,28,Yes
26,113.84,6814.26,51,2,4,36,27,Yes
57,149.14,5833.01,15,7,7,36,12,Yes
37,37.1,8639.26,60,6,7,1,9,No
43,26.41,6292.17,26,5,6,1,15,No
44,110.27,9123.72,23,2,4,24,30,Yes
38,128.19,6032.15,29,6,5,36,9,No
35,130.03,2125.66,57,5,7,36,30,Yes
30,108.2,9178.84,62,3,4,36,9,Yes
33,144.02,6975.46,59,3,2,12,27,Yes
26,86.43,7142.77,48,2,8,1,11,Yes
29,138.8,9862.08,35,2,8,36,0,Yes
61,145.82,1214.37,46,5,9,12,27,Yes
55,130.13,4571.63,33,7,0,36,17,Yes
36,60.27,2771.41,71,1,6,1,19,No
24,45.51,6489.05,10,2,3,36,27,Yes
52,91.26,8164.71,48,6,5,36,27,Yes
65,78.89,9679.95,44,1,6,24,10,Yes
35,134.11,4818.66,70,1,7,24,6,Yes
33,33.0,7969.07,63,7,10,36,13,No
56,53.51,9211.99,49,1,4,12,7,No
21,117.73,6991.59,72,3,4,12,29,No
42,32.35,2805.96,41,3,5,12,3,Yes
49,61.7,6274.61,39,1,6,36,2,Yes
57,70.33,9714.54,23,1,4,12,9,No
30,100.94,9881.76,13,3,4,24,8,Yes
62,40.56,6602.42,53,5,3,36,14,No
34,131.88,8926.38,70,7,0,24,30,Yes
66,78.18,2403.32,57,7,6,24,7,No
54,139.21,2837.75,67,6,6,12,12,Yes
23,80.82,9552.43,48,7,5,24,21,No
36,55.76,1784.74,20,4,9,24,24,Yes
30,38.44,2315.51,62,2,1,1,23,No
43,20.49,4495.21,45,1,1,1,6,Yes
31,89.18,6101.05,63,3,5,1,12,No
48,33.93,6236.26,8,7,8,12,5,No
21,70.92,3273.77,26,1,4,12,9,No
56,96.61,9245.83,38,1,6,24,18,No
25,55.84,9193.45,41,1,1,24,27,Yes
42,42.78,4224.65,2,7,5,12,10,No
30,120.71,4625.77,7,1,10,36,28,Yes
49,143.08,7173.72,25,5,5,36,15,Yes
55,33.06,6798.46,51,2,9,36,21,No
55,40.23,4131.82,50,2,5,1,19,Yes
45,144.8,4435.32,64,3,5,24,20,Yes
47,24.91,3806.37,12,5,3,36,22,No
20,147.09,2736.16,53,5,4,1,28,Yes
45,20.6,4852.31,10,2,3,24,13,Yes
20,133.58,7021.12,61,3,5,36,22,Yes
62,59.95,7548.68,55,5,8,36,27,Yes
51,142.02,7899.3,68,3,4,1,8,Yes
33,61.2,4059.95,42,2,4,36,15,No
39,105.06,7764.04,66,1,2,24,8,No
49,30.4,561.9,44,6,10,36,5,No
55,51.5,5031.97,28,6,6,1,5,No
25,120.58,8042.09,58,6,4,36,28,No
25,88.73,6485.42,2,5,1,1,17,Yes
23,140.64,5003.6,55,3,8,12,23,Yes
31,75.74,6624.1,34,1,4,36,18,Yes
49,133.08,9115.99,20,2,6,24,16,Yes
52,78.36,5880.63,47,7,6,36,3,No
27,147.3,8097.97,26,4,9,1,20,Yes
20,144.78,9817.06,1,6,7,12,18,Yes
29,62.79,7202.9,65,5,3,24,29,No
66,135.17,5946.59,15,7,6,36,22,Yes
48,130.19,856.12,14,5,2,12,26,Yes
46,47.39,4057.54,55,3,8,1,20,Yes
22,101.16,5871.71,1,2,7,24,10,Yes
69,29.45,8073.46,33,6,9,1,25,Yes
42,128.77,4662.0,70,2,8,36,20,Yes
58,42.69,9620.55,56,5,1,1,21,No
48,29.21,3082.04,23,5,3,12,10,No
38,72.03,7573.39,54,6,0,1,10,No
37,95.0,4480.8,3,6,7,24,21,Yes
56,131.14,5116.89,46,3,3,12,24,No
39,146.65,8123.77,6,3,3,36,18,Yes
21,77.13,3314.04,25,4,6,1,7,Yes
30,27.86,1419.71,17,1,5,1,26,Yes
62,117.39,5442.43,28,3,2,36,22,Yes
59,93.47,5523.55,32,1,7,36,15,Yes
67,78.23,8073.09,23,5,1,1,24,Yes
66,60.2,9699.03,16,4,0,36,20,No
37,85.31,1025.36,26,4,1,12,22,Yes
69,64.03,6121.05,33,7,8,24,7,No
30,118.41,6972.15,58,7,4,12,8,No
34,90.71,9865.11,48,7,4,1,23,Yes
53,133.99,9454.61,55,4,5,12,11,No
50,90.66,7268.28,41,2,2,1,11,Yes
18,50.97,5457.0,62,6,0,12,1,No
32,130.64,2034.48,17,7,7,1,26,Yes
30,92.44,4149.68,59,6,6,36,5,No
34,46.89,6058.66,14,5,7,12,3,Yes
41,101.06,7389.4,21,2,8,1,28,Yes
25,66.5,6536.3,63,2,1,36,12,Yes
67,129.77,7284.17,46,4,4,1,29,Yes
44,78.93,4576.95,55,2,1,12,3,No
62,114.44,7412.46,62,5,7,12,8,Yes
40,32.42,1865.54,39,5,3,1,6,Yes
63,71.48,2044.57,42,7,10,36,5,No
25,147.82,2046.91,48,2,3,24,17,Yes
25,125.1,8963.22,28,6,9,1,14,Yes
43,40.79,1222.32,6,5,7,1,15,Yes
64,56.11,8114.33,59,6,6,24,0,No
30,62.88,2718.92,70,1,0,1,9,No
56,104.55,4950.08,39,2,6,12,29,Yes
54,118.41,9201.59,57,4,9,12,3,No
66,117.44,6066.4,54,7,2,36,30,No
45,86.28,2496.12,60,4,4,24,24,No
42,125.41,3198.86,17,5,7,1,3,Yes
33,76.82,9244.24,40,5,5,12,17,No
19,36.1,4557.87,66,4,7,1,12,No
35,93.38,6076.36,54,1,4,24,23,Yes
34,143.8,4869.36,71,4,9,12,21,Yes
47,123.09,4095.16,44,2,8,24,0,Yes
56,95.23,2621.15,67,4,10,1,19,Yes
30,104.08,7018.82,57,3,5,36,9,No
49,140.97,7323.3,36,1,10,1,20,Yes
67,75.68,3111.41,57,7,8,1,0,No
46,63.08,7995.6,43,1,3,24,1,No
63,147.04,8618.08,44,4,1,12,8,Yes
47,132.25,9246.41,62,3,7,24,0,Yes
35,62.0,2031.52,61,2,4,12,14,No
30,80.29,3387.27,11,4,1,1,26,Yes
60,73.96,8673.36,33,2,5,1,14,No
38,39.38,2386.13,66,3,2,36,23,No
47,144.52,532.95,23,7,0,36,27,Yes
38,72.56,8772.86,49,4,5,24,26,Yes
65,133.79,3601.27,20,4,10,12,24,Yes
34,44.62,4437.73,15,2,7,36,1,No
57,91.22,4740.17,66,4,0,36,11,No
36,23.11,8558.61,30,3,2,1,17,No
69,119.35,3709.98,4,4,5,1,22,Yes
32,95.52,8976.66,64,7,9,24,9,No
26,101.33,6360.92,65,7,2,24,29,Yes
69,26.72,5509.22,8,5,6,12,12,Yes
27,47.43,3593.34,52,3,5,36,8,No
61,29.66,2815.26,14,1,8,1,25,Yes
48,57.56,6428.56,58,2,5,12,24,No
40,101.57,4745.49,11,6,6,36,2,Yes
69,93.6,9149.9,59,6,1,12,22,Yes
47,99.58,5170.57,24,3,9,12,21,Yes
50,91.4,5362.05,32,6,3,24,7,No
69,55.49,4458.87,46,1,4,36,13,No
26,51.79,7998.0,28,1,1,12,23,Yes
64,37.82,4535.97,16,3,10,12,23,Yes
18,130.38,3058.75,42,1,9,12,23,Yes
61,100.14,8689.29,16,1,9,24,26,Yes
52,44.25,6169.87,12,6,9,24,25,Yes
28,43.04,6119.35,62,5,6,1,15,Yes
51,133.49,6302.81,34,4,3,24,5,Yes
33,116.56,7328.98,38,6,8,24,8,No
26,105.72,3474.15,47,6,7,36,20,Yes
49,72.89,821.52,22,5,9,36,3,Yes
32,54.06,8200.64,3,4,8,12,22,Yes
29,147.33,1724.6,1,1,7,1,18,Yes
50,123.64,7357.29,53,4,4,24,23,Yes
62,59.23,1282.0,64,7,8,36,14,No
31,130.18,4065.42,44,7,4,1,30,Yes
25,118.66,1098.75,47,5,7,36,23,Yes
25,58.62,5461.03,38,2,3,12,10,Yes
44,75.45,6704.79,63,2,4,24,20,Yes
29,44.17,2128.61,41,4,10,12,9,No
18,34.44,4030.46,21,7,3,12,7,No
60,113.96,9337.28,45,2,1,36,2,No
57,54.78,4702.7,13,3,3,1,18,Yes
59,126.61,8124.16,66,2,10,24,3,Yes
68,149.43,9308.26,66,4,4,1,28,Yes
28,29.96,9756.29,43,1,5,12,12,No
56,81.49,9034.06,62,5,3,24,8,No
60,124.27,3515.35,48,2,10,12,20,Yes
48,122.56,9644.44,26,4,9,36,21,Yes
34,118.8,8217.75,61,7,3,1,19,Yes
50,65.37,8453.17,62,5,5,1,29,No
49,79.0,644.14,14,3,6,12,12,Yes
46,97.35,9565.27,54,1,6,1,8,No
38,146.61,7891.86,41,6,3,1,19,Yes
38,62.58,7795.69,60,5,4,12,18,No
57,140.01,1274.48,9,6,2,24,15,Yes
40,55.02,2709.4,44,7,4,36,17,No
23,148.58,9641.49,56,5,9,24,18,Yes
39,107.13,5256.43,3,4,4,24,16,Yes
67,80.26,4279.65,59,3,3,36,11,No
55,99.74,8479.44,13,7,5,12,10,Yes
54,55.43,1329.73,30,2,4,12,23,Yes
62,55.64,4460.95,53,3,7,36,16,No
68,34.76,4069.16,51,1,1,1,5,No
25,34.83,3823.59,42,6,5,24,30,No
58,65.2,3423.08,26,2,1,1,26,Yes
66,119.17,2495.71,59,6,5,12,14,No
52,99.04,2142.65,69,3,3,24,1,No
68,33.34,6583.86,3,1,0,12,13,Yes
28,130.79,9234.25,41,5,5,36,26,Yes
41,98.18,5334.09,1,5,2,36,26,Yes
66,144.91,3330.76,65,6,6,1,2,No
38,107.12,2012.02,70,6,2,1,24,No
68,42.77,8386.36,50,5,9,12,11,No
19,81.59,9729.17,59,7,3,12,28,No
57,104.3,3816.98,63,6,8,36,24,Yes
36,23.67,3264.03,25,5,6,24,5,No
56,21.94,6214.18,10,7,3,36,22,No
45,36.82,7865.63,1,6,1,12,4,No
34,52.72,4826.33,14,2,4,36,6,No
23,75.84,6485.69,21,6,7,1,5,Yes
36,83.37,7307.22,58,5,1,1,20,No
55,37.94,9625.63,38,2,8,12,18,Yes
45,107.54,2067.85,1,2,4,36,13,Yes
19,97.5,9975.13,5,3,5,12,17,Yes
55,58.28,4225.49,44,5,6,24,20,No
54,21.78,7370.4,65,7,8,1,13,No
68,30.09,5937.94,57,4,6,36,7,No
69,70.92,5123.35,45,6,3,1,13,No
21,40.02,7131.72,60,5,4,36,20,No
39,68.99,4259.66,66,4,2,1,18,No
43,101.66,1698.04,47,5,0,12,25,No
66,91.14,5144.49,26,2,2,1,30,Yes
60,50.05,5458.2,9,5,0,36,2,No
53,64.7,2418.07,51,5,4,12,14,Yes
30,99.82,9388.38,8,7,6,36,20,Yes
69,131.91,2661.02,5,5,8,24,29,Yes
49,117.92,4387.66,39,5,3,36,15,No
34,91.94,1971.83,68,3,9,36,24,Yes
58,67.1,5590.07,40,6,9,12,14,No
53,67.46,3422.56,36,3,0,36,13,Yes
63,134.32,5148.09,21,2,6,24,14,Yes
36,25.1,2633.86,26,2,2,24,23,Yes
52,148.44,1010.86,56,4,0,12,6,No
63,106.37,7902.65,57,2,3,24,4,No
57,108.55,6590.32,59,3,10,12,8,No
45,24.94,3737.02,7,2,8,1,15,Yes
18,98.72,951.2,42,4,5,36,27,No
59,83.02,8722.96,13,4,5,36,1,No
35,33.75,2113.05,34,3,6,36,21,No
65,56.13,9342.05,53,7,0,36,22,No
57,135.74,5046.66,46,2,4,12,6,Yes
50,91.5,3733.67,57,6,3,36,11,No
29,73.74,7546.72,61,4,3,24,26,No
25,29.45,8829.97,56,7,6,24,28,No
41,112.84,4021.78,29,7,1,1,15,No
33,111.37,4369.77,14,2,4,12,3,Yes
67,99.83,4615.0,68,2,6,1,1,Yes
21,86.33,9262.07,71,6,2,36,16,No
55,76.39,7079.36,13,7,1,24,16,Yes
61,97.13,2852.64,17,3,0,12,2,Yes
44,50.34,2257.5,29,3,4,24,15,No
26,142.36,2688.49,2,2,4,12,22,Yes
64,96.54,3003.86,62,5,3,1,26,Yes
33,60.46,2686.74,20,5,7,36,4,No
29,78.46,6755.81,56,1,1,1,6,No
48,124.74,1601.37,52,1,3,36,27,No
41,41.01,4179.91,25,1,4,24,12,No
31,58.07,6438.01,62,3,8,1,8,No
62,108.34,3263.17,17,2,2,1,7,Yes
42,61.01,1120.11,39,6,0,24,0,No
51,123.03,1277.33,10,6,3,24,29,Yes
20,36.96,1696.68,59,4,9,24,3,No
41,119.15,8440.51,25,2,5,12,20,Yes
59,28.89,6749.7,28,2,6,24,6,No
26,21.64,1112.96,61,1,3,12,10,No
43,136.77,4215.15,58,2,3,24,7,Yes
37,95.57,3146.56,44,6,5,12,7,Yes
57,65.74,5991.38,23,1,0,24,19,Yes
27,50.24,5466.66,17,2,4,12,29,Yes
36,100.2,5070.68,38,4,10,36,10,Yes
20,86.17,3487.87,30,5,2,36,6,No
41,148.91,1809.1,19,5,7,1,27,Yes
22,147.82,7552.58,32,3,4,24,10,Yes
20,102.55,8858.64,20,4,6,24,17,Yes
44,77.57,9469.43,64,6,7,12,24,Yes
33,83.85,1056.88,36,2,7,1,21,Yes
66,108.72,7529.13,65,4,1,36,3,No
32,33.2,7401.78,43,2,1,1,5,No
52,62.69,9497.54,26,4,9,12,30,Yes
29,29.79,2902.69,7,4,4,24,6,No
58,29.54,7550.7,34,5,2,1,9,No
61,45.46,1018.95,36,4,9,24,7,No
43,83.08,6496.83,6,3,0,36,3,No
64,122.02,3833.05,37,2,7,12,8,Yes
51,83.11,7804.64,62,1,5,24,5,No
40,63.61,8701.39,60,4,2,1,16,No
48,30.71,3965.8,64,1,7,12,18,No
67,91.54,5493.07,50,5,10,36,13,Yes
37,55.26,1615.34,52,1,0,1,0,No
29,99.94,4460.62,17,3,2,24,5,Yes
40,147.03,3927.6,60,3,8,24,21,Yes
21,34.47,2239.67,54,5,5,12,6,No
40,47.58,8997.55,10,6,0,36,0,No
65,81.5,1906.83,25,3,8,1,16,Yes
65,145.92,6539.52,18,2,6,36,20,Yes
18,120.34,8956.36,64,6,0,1,20,No
42,136.77,9163.7,59,3,0,1,16,Yes
19,63.38,8035.78,27,6,4,12,6,No
47,148.97,2173.34,58,4,10,24,13,Yes
20,33.37,8265.6,61,7,3,24,6,No
38,26.89,3127.37,71,3,7,24,21,No
42,131.23,9262.78,43,6,1,36,12,No
37,140.54,7236.32,11,2,5,1,22,Yes
66,31.78,7960.04,5,5,7,12,27,Yes
69,34.75,1307.81,58,3,0,36,21,No
39,24.31,6036.27,39,2,2,1,25,Yes
38,33.59,8300.85,48,4,0,12,17,No
50,47.22,8685.11,20,7,6,1,20,Yes
69,146.11,772.0,19,1,0,12,6,Yes
55,106.82,9422.01,60,1,8,36,1,No
32,121.21,911.72,26,5,7,1,20,Yes
63,120.9,6337.93,25,5,10,1,18,Yes
69,89.56,7087.18,15,1,2,36,13,Yes
32,123.67,1519.78,21,1,3,12,24,Yes
63,97.45,956.11,47,5,8,24,25,Yes
42,60.89,7956.67,35,1,9,24,0,Yes
38,92.94,4154.37,44,3,5,12,15,No
41,89.36,1517.57,6,6,4,12,6,Yes
22,127.05,7745.34,23,7,4,24,25,Yes
23,147.62,8567.05,39,7,0,1,15,No
66,73.44,6080.17,18,2,0,36,19,No
60,119.24,2031.75,40,6,2,24,11,No
65,32.97,644.61,36,5,1,12,4,No
61,120.99,7157.62,28,2,9,1,16,Yes
64,68.28,5726.33,64,4,0,12,20,Yes
40,25.12,6682.57,58,4,4,24,26,Yes
21,67.22,8225.25,38,3,10,36,23,Yes
44,99.38,4625.16,44,4,2,36,12,No
35,35.5,1682.9,2,5,6,1,13,Yes
38,140.12,9429.84,35,3,7,36,30,Yes
45,30.1,5679.99,1,6,9,24,21,Yes
52,140.9,6345.29,46,3,5,24,28,Yes
39,111.93,9367.41,60,7,4,24,15,No
57,62.86,9350.04,63,5,9,1,12,No
40,70.8,5934.9,45,1,4,24,17,No
20,116.31,3327.31,57,7,0,36,17,No
57,98.19,9972.58,37,2,5,1,26,Yes
67,107.31,6967.76,7,5,5,24,8,Yes
27,70.59,4380.15,16,7,2,24,27,Yes
42,83.42,5818.45,50,1,3,12,30,Yes
69,148.68,4450.42,14,1,3,24,0,Yes
66,47.81,8938.9,6,4,5,1,27,Yes
25,74.32,5083.74,61,6,7,12,1,No
28,57.94,8323.52,21,7,8,1,7,Yes
22,119.46,8481.67,10,7,8,24,30,Yes
62,119.32,8331.16,32,3,4,36,12,Yes
54,58.02,7360.79,6,3,7,12,5,Yes
62,30.58,8621.34,2,4,7,12,18,Yes
55,21.49,4178.68,39,4,9,12,30,Yes
46,75.57,1589.3,49,3,3,1,18,No
22,73.34,8503.31,27,5,3,12,29,Yes
26,148.49,5232.6,56,5,2,36,26,No
65,81.07,1710.07,14,5,4,36,24,Yes
19,53.33,1595.47,23,5,7,12,1,No
18,135.86,2012.8,51,4,7,1,30,Yes
57,83.84,7634.25,25,2,8,1,9,Yes
68,97.89,7253.14,53,2,0,1,4,No
47,32.44,2436.28,11,3,3,24,22,Yes
28,69.78,8545.77,35,2,5,1,21,No
45,142.75,3172.3,55,5,4,1,29,Yes
61,96.64,8033.36,58,4,3,12,0,No
29,64.79,5143.66,68,5,10,24,12,Yes
56,101.34,7449.71,37,1,2,12,11,Yes
43,138.35,4123.18,9,4,1,1,9,Yes
30,55.62,3797.84,28,1,8,1,2,Yes
25,85.67,8492.92,55,1,9,12,14,No
45,144.63,835.37,46,7,2,24,29,Yes
47,42.41,9760.0,70,3,3,24,4,No
26,113.56,6657.71,27,1,0,12,27,Yes
56,99.88,4608.59,10,7,0,1,18,Yes
48,108.36,6466.52,23,2,9,24,18,Yes
38,65.66,1666.04,21,2,8,24,20,Yes
64,60.8,5383.5,45,1,10,36,28,Yes
51,108.95,9858.41,3,3,3,12,12,Yes
48,48.02,2735.06,59,1,9,24,7,No
69,74.56,7361.64,43,7,3,36,25,No
42,44.46,4632.23,7,4,5,36,7,No
29,21.08,6698.35,27,4,1,36,29,No
18,146.11,2446.43,62,4,5,1,23,Yes
39,76.12,4969.42,42,4,6,12,5,Yes
57,146.02,9810.88,4,1,0,24,8,Yes
54,38.24,2355.23,62,5,7,36,13,No
64,96.36,6546.23,8,5,5,1,4,Yes
18,46.13,5968.18,17,6,8,1,15,Yes
18,122.71,5867.99,5,4,3,12,13,Yes
59,121.88,6343.67,63,7,10,12,9,Yes
59,34.64,5271.26,9,7,1,1,22,Yes
38,138.57,660.84,8,6,8,1,16,Yes
32,45.3,9050.92,7,6,7,36,30,No
34,99.69,8356.3,37,3,1,36,15,No
39,148.13,2154.59,55,3,7,24,19,Yes
55,134.71,4426.1,67,1,10,36,16,Yes
52,144.35,7820.22,8,5,7,36,15,Yes
62,64.54,9810.59,69,7,4,36,9,No
33,33.72,9535.8,5,7,6,24,17,No
25,44.49,9043.91,17,1,6,24,5,Yes
64,85.06,2004.55,58,2,3,24,16,No
34,123.12,9187.51,63,7,5,24,8,No
34,39.52,8845.23,27,7,9,36,21,Yes
43,105.77,4081.02,68,4,5,12,7,No
30,62.07,4247.96,28,2,5,24,30,Yes
34,64.36,4869.13,58,2,8,24,25,Yes
55,106.05,6733.67,50,6,1,24,25,Yes
34,80.71,2977.94,67,7,9,36,7,No
65,125.56,718.01,31,3,7,1,11,Yes
31,40.27,1841.68,12,7,7,36,17,No
62,122.69,4681.1,55,5,0,24,1,No
23,28.35,3179.02,4,6,10,36,2,No
52,45.23,7762.91,42,6,1,12,26,No
63,105.3,1513.56,54,4,3,36,23,Yes
31,131.14,9215.92,22,1,4,1,10,Yes
64,52.85,9005.61,1,4,4,1,23,Yes
25,62.53,9133.19,48,1,5,24,20,No
32,89.83,7526.29,43,1,6,1,29,Yes
44,47.5,1516.5,20,5,0,24,12,No
30,125.45,4662.31,18,2,6,36,17,Yes
66,120.57,1748.35,70,1,5,36,10,Yes
48,38.89,9883.14,49,5,4,24,13,No
52,80.3,3663.87,17,2,5,24,19,Yes
23,120.73,6060.64,53,6,10,36,3,No
22,63.85,7904.23,22,6,7,12,22,Yes
39,102.3,9245.85,10,2,5,1,3,Yes
66,26.53,7677.7,24,4,4,1,9,No
40,99.13,6907.79,12,4,5,1,21,Yes
42,39.84,4926.83,4,7,8,1,26,Yes
51,127.98,6251.3,42,4,0,36,1,No
43,66.21,1394.56,5,7,2,1,30,Yes
64,56.6,8897.26,26,7,2,36,30,No
22,129.32,5665.88,59,3,8,24,17,Yes
43,26.52,881.28,62,2,2,36,27,No
37,71.56,9239.07,5,3,5,24,10,Yes
23,68.1,5148.37,26,4,8,24,4,Yes
23,57.02,8751.6,6,5,9,12,16,Yes
67,138.53,8640.44,24,4,4,12,1,Yes
35,117.62,8249.64,53,1,9,12,2,Yes
21,28.31,1083.33,7,5,10,12,24,Yes
34,112.91,2847.13,10,7,8,1,24,Yes
31,88.55,8817.7,39,7,8,12,6,Yes
31,137.11,9040.42,28,5,5,1,28,Yes
30,60.68,4851.65,42,7,7,1,20,No
24,94.64,4680.39,62,2,8,1,1,Yes
61,85.1,2163.84,52,3,8,24,1,Yes
32,83.64,9699.9,22,1,7,24,7,Yes
36,79.29,2524.82,57,5,3,1,15,No
60,46.73,2313.9,11,3,7,12,2,No
64,118.24,6776.93,14,3,1,1,22,Yes
61,78.67,2807.02,31,1,2,24,28,Yes
52,144.61,9418.33,4,1,8,12,21,Yes
34,53.91,603.62,22,4,9,24,30,Yes
52,108.76,554.66,64,7,3,12,28,No
36,142.29,5296.33,61,7,1,24,5,No
37,106.25,5136.59,6,4,2,1,18,Yes
53,133.27,2051.96,68,5,6,36,21,Yes
52,127.57,5197.94,6,5,8,36,12,Yes
49,66.82,4410.78,66,5,6,24,3,No
65,98.02,8958.13,36,4,7,12,16,Yes
61,40.31,587.91,15,5,2,24,27,No
57,89.62,9774.56,40,5,6,36,23,Yes
41,49.95,6431.73,41,4,0,12,8,No
34,116.69,1942.51,7,4,5,24,29,Yes
24,88.65,944.22,22,5,2,36,2,No
60,73.46,5612.0,72,5,1,24,26,No
67,54.94,2731.46,11,3,3,1,0,No
18,149.83,3361.07,2,2,10,12,0,Yes
52,29.32,2828.76,30,4,8,12,16,No
49,25.66,6676.64,68,2,5,1,24,No
53,48.24,5758.53,53,7,8,36,25,Yes
30,146.24,1240.76,21,4,7,24,12,No
23,147.3,5502.0,25,6,4,36,4,No
31,105.14,8016.3,72,7,7,12,18,Yes
54,134.41,1271.35,5,7,1,36,25,Yes
65,47.82,8952.52,66,3,7,12,24,Yes
32,146.37,5993.91,49,7,0,12,9,No
64,38.56,9530.93,8,2,10,1,8,Yes
21,33.15,1907.34,27,3,2,1,5,No
57,34.59,9938.87,2,1,6,12,20,Yes
33,94.51,6620.59,28,7,3,24,16,Yes
45,121.53,5891.19,11,2,10,24,21,Yes
33,67.67,5395.16,46,2,6,1,20,Yes
21,147.13,724.72,21,6,0,24,24,Yes
62,76.47,9426.57,42,2,6,1,29,Yes
43,39.56,6617.95,32,1,2,12,6,Yes
45,80.58,1370.45,32,7,1,12,15,No
49,108.27,699.05,71,1,8,12,18,Yes
62,128.19,982.44,22,7,1,1,4,Yes
19,79.64,6289.26,21,3,2,24,21,Yes
48,97.17,6333.15,22,1,2,12,26,Yes
20,54.75,5246.84,34,4,3,36,17,No
25,103.97,3414.28,10,5,10,24,6,Yes
41,148.18,5551.56,65,2,6,24,24,Yes
32,26.38,5404.87,65,7,6,1,25,No
60,135.25,684.45,67,3,8,1,24,Yes
48,93.1,3183.46,43,3,9,24,4,No
26,52.77,1005.26,41,7,7,24,7,No
56,144.14,9051.47,13,3,5,12,8,Yes
62,82.84,7389.62,4,3,5,12,21,Yes
19,63.12,9963.09,23,2,4,36,27,No
25,43.59,3370.63,70,3,1,12,19,No
24,51.78,8845.62,34,2,5,24,3,No
61,128.27,6229.02,41,3,5,1,2,Yes
68,99.87,4804.69,18,3,4,36,11,Yes
56,138.72,2614.44,33,5,5,24,8,No
59,50.16,7514.73,25,7,4,36,9,No
33,35.75,9089.34,52,4,10,36,10,No
52,20.79,2735.43,17,1,3,36,15,No
47,86.02,2166.21,51,1,2,12,28,Yes
27,149.78,7114.11,3,1,0,12,30,Yes
55,110.35,9781.25,55,4,10,1,10,No
35,60.09,7624.57,56,2,3,24,21,No
67,133.99,3203.52,35,1,8,36,7,Yes
22,121.62,4489.58,68,1,6,12,13,No
46,22.0,4151.02,59,1,6,1,1,No
56,126.19,8594.9,59,7,6,12,30,Yes
51,59.07,7828.02,13,2,3,1,3,Yes
60,39.46,6095.27,62,4,6,24,14,No
62,49.42,3112.11,47,4,10,36,17,Yes
40,80.92,9410.89,3,6,1,1,10,Yes
22,75.23,6706.49,21,6,7,36,26,No
47,57.56,9719.53,65,2,9,24,18,No
23,42.39,6011.11,18,7,7,24,17,No
63,119.09,8301.33,13,5,8,12,8,Yes
61,148.71,8224.5,71,3,4,24,24,Yes
21,121.11,3704.62,45,2,9,36,21,No
46,58.47,9658.2,62,3,7,12,27,No
40,51.83,708.44,30,4,1,36,22,No
23,48.3,7802.75,14,3,9,12,29,Yes
49,37.77,9672.79,53,6,9,36,4,No
59,91.67,3719.63,10,1,7,24,9,Yes
35,98.7,6657.05,72,3,9,1,16,No
32,111.72,5841.12,31,6,8,24,19,Yes
57,108.43,7734.32,6,3,5,36,12,Yes
49,58.0,8728.69,19,4,5,24,3,No
26,62.94,6228.92,12,7,3,1,27,Yes
54,108.6,8251.09,64,7,7,36,29,Yes
27,65.43,3466.71,55,5,6,36,13,Yes
37,47.64,2671.58,67,3,8,12,7,No
23,68.66,4591.34,9,7,0,12,20,No
65,55.37,6938.5,6,4,9,24,14,Yes
20,31.48,2278.85,1,1,7,1,2,Yes
59,127.92,6963.35,42,3,7,1,16,Yes
28,130.9,4243.89,55,3,8,1,14,Yes
60,48.57,8057.97,49,1,6,1,0,No
34,28.42,849.94,30,6,8,36,4,No
49,116.05,6845.84,35,7,9,24,7,Yes
21,47.5,6673.31,63,6,7,36,8,No
21,71.15,9438.89,22,6,8,24,25,Yes
34,28.34,7276.99,43,2,8,12,25,No
58,49.42,8064.87,28,5,0,1,1,No
36,123.08,9093.61,18,1,2,24,4,No
22,124.57,6912.99,32,7,5,36,29,Yes
49,46.92,3256.46,69,6,10,36,3,No
39,63.67,8762.85,54,1,6,36,11,Yes
23,37.45,7601.99,34,1,3,36,18,No
52,29.64,4532.16,31,2,9,24,26,Yes
39,148.98,7250.03,4,1,1,1,23,Yes
18,105.23,8743.04,14,2,3,36,1,Yes
37,90.47,9768.7,15,5,5,1,15,Yes
39,119.51,9547.34,60,2,3,12,1,No
65,129.21,3590.61,20,5,9,1,20,Yes
28,124.87,4506.09,20,5,1,12,9,No
30,22.15,1540.6,49,5,8,12,25,Yes
59,44.29,2851.67,68,4,0,1,9,No
20,105.14,8883.0,18,5,9,1,16,Yes
26,68.85,3928.07,24,2,6,24,11,Yes
29,147.72,6395.25,27,4,8,36,6,Yes
40,106.5,6826.67,33,7,2,1,8,Yes
31,144.35,7927.38,64,7,10,1,13,Yes
50,46.19,2236.6,25,1,5,12,17,No
35,132.31,3395.72,69,7,8,1,30,Yes
66,61.78,4759.2,18,1,8,36,9,Yes
58,148.64,3965.99,45,3,3,24,15,Yes
26,40.5,9837.6,20,5,7,36,0,No
40,87.12,8431.94,35,7,7,36,8,No
27,123.07,5057.02,6,3,10,24,12,Yes
36,76.24,8853.05,9,5,6,1,28,Yes
64,80.85,3802.7,52,7,5,1,15,No
22,148.23,7965.37,28,5,2,12,15,Yes
64,75.29,2624.92,19,7,3,1,1,Yes
69,98.53,7837.06,63,6,8,12,8,No
40,27.09,4836.31,7,2,9,1,29,Yes
47,129.49,1521.24,37,2,6,12,12,No
42,104.26,3095.99,36,1,10,24,7,Yes
45,72.52,4321.61,17,4,7,1,22,Yes
51,22.1,7618.28,37,1,5,1,10,Yes
62,96.92,1193.34,60,5,0,36,16,No
65,21.65,6765.7,49,6,10,12,19,Yes
64,20.16,7302.13,56,4,8,12,30,Yes
42,100.09,6712.25,34,3,10,36,10,No
27,44.57,7726.36,30,5,2,1,10,No
31,44.95,2192.6,27,2,2,12,15,Yes
59,104.93,6077.48,51,1,8,1,6,Yes
63,26.98,9440.88,9,1,3,24,21,Yes
47,60.74,6302.45,20,3,7,12,0,Yes
58,39.43,6307.7,47,1,10,1,22,Yes
42,95.42,7496.18,19,1,3,24,29,Yes
31,106.03,3665.44,68,7,1,1,14,No
52,113.75,7154.52,12,4,4,1,17,Yes
69,53.18,9204.22,5,5,10,24,27,Yes
65,31.6,603.51,69,4,2,12,28,Yes
51,30.23,8766.07,25,4,3,36,13,No
27,75.4,2576.87,31,1,2,36,12,No
52,142.96,4831.27,46,7,0,24,23,Yes
28,48.3,8597.3,34,5,3,1,1,No
28,53.38,8327.17,41,1,8,36,19,No
38,33.12,8973.31,68,6,6,24,21,No
38,98.72,9433.96,38,7,5,36,23,Yes
39,108.38,4747.99,46,6,9,1,27,Yes
62,103.58,6735.46,69,7,8,24,10,No
24,131.95,4209.55,27,1,3,12,18,Yes
34,83.24,3831.81,43,4,5,24,27,Yes
19,37.48,4600.16,71,6,2,24,21,No
29,57.62,7559.22,45,2,2,36,29,No
59,106.12,5263.69,18,6,9,36,5,Yes
35,99.71,8233.57,32,2,9,12,16,Yes
28,89.03,7579.58,2,7,7,36,21,Yes
33,108.79,694.55,41,4,4,36,0,No
66,102.86,6487.26,20,4,7,36,24,Yes
68,134.57,4647.43,58,1,8,1,19,Yes
35,96.18,4837.98,38,5,1,24,4,No
52,121.22,8274.54,1,6,6,36,0,Yes
43,52.33,5702.28,69,1,1,1,12,No
33,108.16,8913.41,54,1,6,24,0,Yes
23,137.29,7271.65,14,3,10,12,11,Yes
61,70.15,5751.98,25,1,2,24,8,No
60,121.28,7668.11,9,5,7,1,21,Yes
64,114.22,864.32,61,1,3,1,28,Yes
64,27.74,757.29,52,4,8,12,25,No
65,95.6,1291.82,8,5,3,1,29,Yes
59,36.92,4656.87,16,6,1,12,12,No
29,145.75,2736.78,8,4,3,12,9,Yes
30,125.48,9850.48,23,7,4,1,15,Yes
21,34.26,5651.76,34,3,7,1,5,No
56,35.83,6792.95,18,3,2,36,20,No
19,97.28,3148.79,44,5,8,36,21,Yes
43,64.84,3557.07,15,6,8,12,29,Yes
44,24.54,3686.89,15,7,10,1,7,Yes
44,90.41,7137.99,23,2,9,36,22,Yes
32,70.42,5000.21,65,7,2,36,6,No
25,33.14,5417.99,71,2,7,36,24,Yes
24,124.25,6124.03,32,5,5,36,24,Yes
64,138.96,7803.71,32,5,10,12,12,Yes
63,118.36,1358.51,33,7,5,24,24,Yes
57,126.91,7880.3,43,7,1,1,16,Yes
29,48.14,5850.73,13,4,7,1,11,Yes
30,54.26,6856.41,9,3,6,36,26,Yes
60,47.11,3611.74,62,5,1,12,10,No
34,119.46,4389.17,57,1,3,24,5,No
34,143.23,2696.08,48,4,4,24,14,Yes
53,113.19,9803.35,43,3,8,1,4,Yes
38,134.59,5221.53,67,4,9,12,15,Yes
25,103.03,9962.73,32,3,1,12,23,Yes
22,70.4,5152.97,60,1,6,1,10,No
43,75.35,2587.64,1,3,4,24,9,Yes
33,29.79,5320.8,57,4,1,12,28,No
53,24.09,876.16,69,7,9,36,7,No
45,110.41,9095.31,69,3,2,12,23,Yes
46,77.0,8276.23,68,4,4,1,4,No
64,91.79,7395.29,61,5,9,1,9,Yes
29,92.5,6293.35,8,1,0,36,26,Yes
54,56.06,6008.43,7,4,6,24,9,Yes
47,81.87,9968.92,37,2,0,24,0,No
40,81.2,3140.98,42,2,5,36,12,No
33,70.5,7907.0,32,6,5,12,19,No
31,126.69,6023.35,17,6,0,1,22,Yes
27,78.65,9770.87,28,3,6,36,17,Yes
24,98.47,8364.13,70,5,7,1,22,No
62,136.42,9985.99,48,5,2,1,4,Yes
69,132.61,6089.09,54,2,9,36,15,No
54,135.75,2443.17,42,3,0,24,5,Yes
46,55.1,5285.03,36,5,1,24,21,No
20,24.55,7255.56,66,5,0,36,30,No
32,53.94,7856.42,31,7,8,36,20,No
53,56.23,504.84,65,3,3,12,9,No
64,138.22,5297.76,3,4,6,36,6,Yes
63,104.4,2734.73,13,2,4,1,19,Yes
69,30.62,8811.66,31,6,8,24,28,No
36,37.6,1952.6,29,7,8,1,15,Yes
30,40.24,6831.33,57,5,5,24,0,No
59,101.95,3027.59,33,7,4,1,24,Yes
38,115.6,3887.15,53,7,9,36,6,No
54,131.75,9435.31,10,4,0,36,24,Yes
44,142.28,2784.26,63,4,3,12,11,Yes
69,46.22,1402.53,65,4,4,24,26,No
46,60.27,1158.21,2,4,8,36,24,Yes
37,51.24,5293.84,2,1,1,24,22,Yes
42,66.64,6596.26,69,1,1,36,14,No
23,138.91,3609.29,37,6,2,12,1,Yes
53,94.76,7057.47,2,3,2,36,26,Yes
19,115.96,1079.82,61,2,6,36,17,Yes
39,83.72,8644.68,40,3,0,12,3,No
49,23.75,8257.39,63,7,1,1,24,No
33,28.35,9862.21,25,1,10,24,12,No
35,89.93,9396.8,38,3,0,1,22,No
22,113.44,3883.87,37,3,8,1,8,Yes
53,47.99,4293.12,27,4,9,1,3,No
47,113.85,7586.67,50,5,8,24,8,Yes
62,125.39,1773.79,34,1,2,12,22,Yes
36,73.55,3483.14,44,1,2,36,23,Yes
40,117.03,1626.14,72,3,0,36,0,No
51,72.52,4821.42,4,5,4,1,24,Yes
30,108.19,5744.04,52,3,2,24,27,No
60,119.32,2506.02,55,2,1,1,7,Yes
46,148.95,753.0,12,1,2,12,0,Yes
53,64.9,7333.88,14,4,7,36,29,No
39,73.44,690.05,35,4,7,36,28,Yes
69,41.53,9747.32,6,4,0,36,15,No
69,46.53,2605.27,47,6,1,36,23,Yes
64,110.14,6807.05,23,6,0,12,14,No
53,139.22,4630.14,68,1,7,24,14,Yes
26,71.3,1066.9,65,1,0,24,4,No
56,43.38,4985.74,59,4,5,12,18,No
68,57.06,5409.23,9,7,9,36,23,Yes
36,79.16,8619.49,58,1,10,24,10,Yes
55,57.78,7457.32,48,4,7,12,26,No
23,50.37,1253.37,63,2,7,1,18,Yes
69,115.68,2487.05,9,2,6,12,23,Yes
64,21.02,3462.93,44,2,7,36,20,Yes
32,90.1,1605.87,46,3,7,36,23,Yes
37,123.19,4840.54,15,3,9,36,2,Yes
26,54.61,9850.94,53,5,2,1,25,No
49,98.43,5388.82,48,5,1,24,21,No
21,106.96,7547.88,72,5,3,36,27,No
67,105.15,6987.91,42,2,4,1,21,Yes
35,77.96,8574.16,17,2,1,12,3,No
22,65.06,2549.37,35,2,10,24,20,Yes
37,128.67,7661.35,31,1,7,24,15,Yes
40,118.6,8872.87,4,1,7,12,11,Yes
28,61.76,2129.34,48,2,3,24,27,No
54,33.39,3794.62,14,4,4,12,6,No
39,29.33,9715.97,25,5,10,1,0,Yes
21,32.26,7917.48,46,3,4,36,23,No
46,95.77,3184.61,48,5,4,1,10,No
61,26.72,5857.45,40,4,8,36,14,No
51,63.8,4341.1,50,6,8,24,18,No
30,117.92,5154.67,7,1,10,12,22,Yes
59,58.27,3874.08,60,7,3,12,14,No
26,119.23,3153.64,35,2,0,1,8,No
59,116.91,6910.25,63,1,7,1,12,No
48,51.96,7896.15,20,1,10,24,17,Yes
24,114.75,8802.59,16,4,0,12,28,Yes
21,117.21,1975.63,22,1,6,36,25,Yes
36,71.67,8317.13,36,1,3,24,25,Yes
59,47.35,2920.61,19,7,0,24,22,Yes
47,87.77,4559.7,2,5,3,24,16,Yes
48,139.78,9063.72,68,5,6,12,4,No
52,103.15,4817.78,7,6,7,1,26,Yes
38,42.48,2372.1,47,4,1,12,15,No
48,108.76,2018.75,49,7,8,36,6,No
36,75.54,4993.35,43,2,4,12,29,Yes
48,96.9,7745.39,32,7,10,36,20,Yes
49,115.43,9973.45,17,5,7,36,4,Yes
19,86.94,7980.38,14,7,1,36,21,Yes
69,125.82,8831.61,32,6,1,12,25,Yes
27,113.88,7604.41,60,1,3,36,25,No
19,99.96,9006.63,60,6,3,36,10,No
19,39.6,1224.79,52,6,2,24,15,No
41,128.67,9334.35,66,3,4,24,29,Yes
34,141.67,4265.86,4,5,1,12,29,Yes
49,37.81,9255.34,63,6,0,24,26,No
33,83.47,1219.46,33,6,3,24,21,Yes
33,53.66,7294.81,1,3,5,1,25,Yes
63,118.09,7489.04,64,2,5,12,12,No
56,113.81,9970.65,37,1,1,12,1,No
48,38.32,7804.13,70,5,5,24,11,No
60,134.01,4134.45,7,7,3,12,11,Yes
41,43.53,5793.86,24,2,9,12,9,Yes
18,123.64,3982.23,68,7,0,12,26,Yes
28,79.41,2362.18,55,7,0,12,25,No
38,62.68,2860.77,3,4,1,24,12,Yes
21,40.57,2609.1,23,2,3,1,11,No
24,41.79,5713.75,36,4,7,24,24,Yes
43,106.05,9108.53,57,4,2,1,18,Yes
64,91.56,9170.9,48,5,10,12,16,Yes
67,35.87,1020.26,13,3,4,36,26,No
29,34.65,1259.04,61,4,2,12,15,No
48,29.4,2828.63,24,1,7,12,16,Yes
34,116.69,2923.06,43,5,3,36,24,Yes
50,112.54,1401.45,33,6,10,12,5,Yes
28,27.6,4190.4,24,6,7,12,22,No
45,92.84,6083.39,22,4,7,36,17,Yes
49,31.01,5992.54,52,5,8,12,10,No
18,137.49,5662.58,6,1,1,12,29,Yes
64,137.93,3717.38,19,5,10,1,11,Yes
45,110.77,7211.33,29,7,9,24,16,Yes
59,140.4,8351.6,64,5,6,12,1,No
24,125.49,3789.61,14,7,9,12,12,Yes
19,127.71,1312.59,30,6,0,12,18,Yes
59,94.06,3315.14,71,4,3,1,18,Yes
41,59.79,1805.0,21,2,3,12,23,Yes
21,48.31,4939.91,65,5,3,24,3,No
61,62.54,1981.38,4,4,6,36,0,Yes
36,101.7,4897.03,46,6,4,1,1,Yes
43,42.45,2599.53,8,1,4,36,24,Yes
28,53.62,7517.95,18,7,2,1,17,Yes
57,80.85,761.9,60,1,9,12,11,Yes
67,50.3,5770.09,45,2,4,1,8,No
60,96.52,2110.14,72,1,4,12,4,No
28,140.01,509.42,31,4,7,36,15,Yes
62,117.25,8757.4,28,2,10,36,3,Yes
20,106.64,6879.51,64,7,1,24,19,No
29,95.75,1439.96,37,6,7,24,2,No
20,83.43,6808.69,67,4,3,1,17,No
59,44.25,6310.65,68,6,8,1,7,No
44,136.31,4996.89,35,6,7,12,21,Yes
66,52.31,4482.95,36,2,4,36,24,No
19,31.87,8927.16,57,2,4,36,1,No
66,117.5,2828.91,70,4,8,1,11,Yes
33,42.83,4283.95,4,2,4,36,0,Yes
19,68.35,3626.6,49,4,8,24,23,No
47,23.68,7826.41,39,1,5,1,23,Yes
37,37.82,9206.42,18,7,10,24,20,Yes
55,42.52,8572.93,60,1,10,12,17,No
45,27.07,8078.19,10,7,0,24,9,No
42,105.37,9874.5,23,5,10,1,20,Yes
49,128.81,7122.87,68,3,7,24,7,No
27,68.53,7635.01,59,3,0,24,29,No
59,133.69,9836.62,7,1,1,1,29,Yes
57,47.74,566.41,13,5,5,12,3,No
50,62.3,6523.46,3,3,4,24,29,Yes
30,39.6,7520.23,40,4,1,1,17,Yes
58,100.67,9219.36,11,4,5,24,2,Yes
59,74.58,8896.52,51,2,6,24,2,No
64,99.73,8498.63,23,3,2,36,24,Yes
54,119.02,9485.02,32,6,10,24,28,Yes
33,90.94,5605.1,41,4,7,12,11,Yes
62,101.59,565.74,42,3,3,24,18,Yes
39,141.58,605.02,38,2,9,1,16,Yes
37,58.88,5674.07,67,1,8,1,22,Yes
67,66.69,4635.09,72,5,6,36,16,No
60,113.3,4786.83,72,6,2,36,21,Yes
44,99.47,4303.85,42,2,4,24,25,Yes
58,43.21,9218.4,43,2,8,36,3,No
33,68.9,3912.12,33,2,8,12,6,Yes
51,80.82,8634.16,37,5,7,36,22,Yes
49,74.52,9077.22,57,4,7,1,30,Yes
43,43.18,5245.27,64,3,8,36,6,No
42,140.18,4745.91,64,1,4,12,29,Yes
19,119.1,7729.7,60,7,10,12,21,No
29,82.58,7225.73,52,1,8,36,6,Yes
57,108.41,3621.08,72,6,5,36,7,No
26,136.65,1474.21,68,5,5,36,18,No
29,37.7,3016.1,27,1,10,1,20,Yes
43,52.55,1744.77,59,6,9,1,29,Yes
26,90.55,3299.96,19,6,5,12,25,Yes
27,123.87,2987.3,3,5,6,36,26,Yes
49,24.71,6558.26,39,5,8,24,8,No
51,147.92,9567.71,66,3,2,12,23,Yes
65,79.14,7014.57,56,3,5,1,21,No
37,66.7,9303.17,6,5,9,12,28,Yes
56,58.05,7949.26,28,3,4,1,8,No
19,42.67,7414.84,48,4,3,24,13,No
18,122.9,4433.59,48,2,7,36,25,No
68,144.2,3585.55,67,1,2,36,28,No
53,73.77,8539.64,54,1,1,36,20,No
41,143.81,9101.24,16,7,3,24,17,Yes
44,127.09,4792.88,35,1,2,24,30,Yes
19,82.54,586.1,30,1,6,24,8,Yes
48,107.62,8029.05,48,4,3,24,29,Yes
31,76.55,3208.15,69,4,9,1,4,Yes
19,92.63,593.93,8,2,8,12,7,Yes
46,27.55,8147.39,51,5,10,24,23,Yes
32,110.51,5415.43,10,3,4,1,3,Yes
29,26.87,7009.5,28,2,2,12,19,No
54,126.22,9189.55,36,7,1,12,13,No
45,127.24,5641.15,60,1,5,24,16,No
37,50.82,5280.34,10,3,5,24,20,Yes
56,62.08,3261.29,14,7,0,12,30,Yes
41,82.57,3399.34,63,2,6,12,15,No
38,97.57,8067.15,47,1,4,1,8,No
27,57.36,4765.78,69,2,6,24,27,No
63,97.02,2053.5,56,1,3,12,4,Yes
31,58.71,1398.02,6,6,4,12,4,Yes
54,27.21,4992.74,19,1,6,36,29,No
35,20.33,4917.07,52,6,5,24,5,No
41,33.15,6707.85,62,4,0,1,5,No
31,122.99,4975.14,49,1,0,1,7,No
51,144.99,1863.02,11,2,1,36,15,Yes
29,75.51,5324.13,46,3,10,24,13,Yes
39,86.65,9114.5,69,4,10,1,0,No
23,39.09,2014.69,45,6,2,36,15,No
53,91.63,7052.67,58,3,0,1,14,No
62,38.81,6141.66,32,6,9,1,4,No
53,99.46,7611.56,10,7,1,36,8,No
39,141.32,1930.7,13,5,1,12,30,Yes
31,45.44,9445.25,13,3,6,12,2,No
33,119.39,6399.18,36,5,10,1,30,Yes
53,23.06,8547.18,19,7,5,24,26,No
42,68.81,2842.76,7,5,8,24,6,Yes
49,34.4,7524.42,15,4,9,24,6,No
50,65.82,7919.79,46,3,4,36,15,No
62,42.56,4275.64,48,6,2,1,27,No
53,68.53,4147.56,66,1,0,36,27,No
37,74.28,6749.06,4,4,0,24,25,Yes
35,59.08,1387.37,3,4,1,36,2,No
55,105.36,7488.43,3,1,10,12,14,Yes
20,139.45,907.42,69,3,10,24,6,Yes
40,72.08,2310.61,28,6,2,24,2,No
49,45.0,6809.37,23,4,10,12,15,Yes
62,55.19,1434.07,30,5,9,12,30,Yes
33,131.02,9732.5,62,1,9,1,5,Yes
22,94.31,8749.76,51,6,4,36,7,Yes
21,79.15,6449.87,41,2,6,1,15,Yes
38,39.45,8281.05,64,4,3,1,23,No
57,78.46,8932.01,43,6,9,1,5,No
68,56.2,2965.02,58,5,10,1,15,Yes
31,142.61,8569.41,59,3,5,12,1,Yes
56,134.93,2350.54,40,3,5,12,0,Yes
48,30.91,4426.75,46,1,10,36,18,No
31,87.16,5803.47,62,5,1,36,13,No
23,49.26,7281.96,49,1,5,36,18,No
29,73.4,786.34,23,4,4,12,22,Yes
33,133.99,3259.84,44,1,10,24,3,No
34,88.58,6280.93,44,2,5,24,1,No
62,63.45,3895.0,19,1,3,36,1,No
40,47.03,7862.74,44,1,0,24,11,No
31,124.04,6690.7,11,4,8,1,22,Yes
24,101.19,2726.81,60,5,2,36,23,No
63,80.85,1886.33,38,6,0,24,10,Yes
49,48.27,6475.95,3,6,3,1,20,Yes
32,63.45,4779.44,16,2,6,1,17,Yes
61,144.78,2105.09,9,1,3,1,18,Yes
34,87.61,3600.55,41,4,10,1,16,Yes
58,72.09,3378.94,38,4,3,24,30,Yes
64,87.78,1527.25,69,6,8,12,25,No
61,121.27,5695.64,65,4,10,1,3,Yes
51,64.21,7754.66,35,5,5,36,22,No
22,43.23,5966.94,35,1,8,24,25,No
62,96.04,8349.77,48,3,1,1,11,No
44,106.48,1711.9,8,6,6,36,24,Yes
69,112.65,4638.31,27,7,6,1,2,Yes
40,134.66,6289.44,9,7,7,12,15,Yes
57,68.25,6922.01,30,6,9,1,3,Yes
31,29.8,7109.97,14,2,10,12,27,Yes
32,144.59,7425.17,23,3,8,36,5,Yes
60,76.55,6688.58,29,5,7,24,0,Yes
50,101.02,1395.17,26,7,1,1,4,No
48,106.62,7105.4,15,6,2,12,9,Yes
52,91.05,7385.44,67,1,1,36,30,No
34,46.68,9938.06,16,3,0,1,13,No
45,118.17,7086.94,13,3,6,1,4,Yes
36,124.49,7024.89,24,7,7,1,9,Yes
63,91.89,5390.73,62,6,4,12,24,Yes
40,83.51,8745.27,57,3,9,24,8,No
49,34.81,9969.93,36,2,10,36,12,No
57,30.91,7900.93,60,1,8,12,16,Yes
30,64.14,6318.75,22,4,3,24,18,Yes
37,60.41,1250.07,3,1,0,36,28,Yes
52,143.98,7404.02,36,7,3,12,19,Yes
22,121.87,7231.33,36,6,4,12,27,Yes
26,105.79,7867.9,10,3,10,24,0,Yes
46,87.29,1683.28,21,1,7,36,8,No
23,41.76,6710.46,49,4,4,24,17,No
42,147.2,3309.38,9,2,9,24,30,Yes
48,68.76,7722.58,52,1,8,12,4,No
39,33.9,2783.55,48,1,5,24,13,No
19,84.19,6997.8,60,2,7,1,28,Yes
62,133.62,3302.43,50,2,2,1,18,Yes
22,135.35,585.45,39,6,2,1,14,Yes
44,21.43,6516.9,16,3,8,1,3,Yes
42,135.22,1576.06,28,3,5,36,30,Yes
25,55.29,6763.27,6,6,3,24,3,Yes
18,25.07,9293.29,61,2,7,24,26,No
37,130.21,9707.84,6,4,3,1,17,Yes
61,132.3,2741.27,66,3,10,36,26,Yes
40,97.51,8187.91,40,4,3,24,17,Yes
49,94.68,3858.76,71,2,6,1,7,Yes
28,125.71,9054.34,62,1,6,12,1,Yes
56,122.22,7981.15,28,6,7,24,15,Yes
64,135.71,1202.26,47,7,9,12,30,Yes
41,91.86,4367.8,9,2,6,24,13,Yes
28,145.79,3704.52,52,2,7,24,25,Yes
46,149.5,7959.22,15,5,7,24,22,Yes
43,35.15,4397.71,34,2,6,12,0,Yes
33,130.44,7003.59,20,3,0,36,16,Yes
52,84.98,6223.13,60,7,3,12,9,No
37,70.38,9768.57,58,1,2,1,15,No
63,99.7,9408.96,67,4,8,36,2,No
20,27.28,4563.15,2,5,9,12,18,Yes
18,85.84,7373.99,50,7,7,12,10,No
64,133.22,8379.87,14,6,8,1,24,Yes
18,47.75,9039.41,56,3,4,12,29,No
34,75.43,1147.28,69,1,4,36,14,No
19,142.13,3369.75,44,7,9,12,17,Yes
46,75.71,3542.19,46,4,4,36,19,No
37,66.59,4627.24,6,1,1,1,18,Yes
23,77.27,2108.02,8,3,6,36,6,No
25,87.53,5213.96,39,6,7,12,30,Yes
46,102.16,6800.54,44,6,4,1,5,Yes
65,124.09,5224.96,27,1,7,36,8,Yes
68,78.77,6825.03,16,2,5,36,12,Yes
50,126.27,1131.2,39,1,3,24,7,Yes
20,89.38,8821.88,1,2,6,24,17,Yes
52,64.0,9421.16,51,7,7,12,2,No
22,105.53,6370.12,63,6,8,24,0,No
44,113.3,8873.21,33,3,4,12,23,Yes
61,92.55,1748.74,50,5,8,1,28,Yes
29,27.36,8075.76,54,2,7,36,17,No
37,42.08,1631.91,27,6,0,1,3,No
62,57.09,4376.1,19,7,7,1,17,Yes
37,56.74,3576.28,28,1,7,24,15,Yes
26,107.54,6063.12,23,6,6,36,17,Yes
56,22.39,3364.39,64,1,0,1,30,Yes
21,118.24,6554.48,39,1,5,36,2,Yes
68,54.49,3990.18,49,6,1,36,13,No
36,60.3,8677.51,59,3,5,1,9,No
55,88.63,6521.9,20,4,10,36,28,Yes
44,48.07,2545.33,61,1,1,12,4,No
62,134.98,3693.23,9,1,1,36,7,Yes
60,31.1,8550.5,23,2,6,12,25,Yes
30,77.77,4171.56,7,5,10,12,17,Yes
30,130.42,5590.09,31,6,9,12,29,Yes
39,100.06,6664.95,60,1,0,1,28,No
45,58.0,3804.19,61,7,4,12,4,No
69,74.7,3292.8,26,3,0,36,26,Yes
64,111.87,5014.92,54,4,8,24,11,No
62,146.52,2541.37,31,4,4,24,28,Yes
39,136.11,3200.0,41,7,4,24,3,No
60,64.52,1089.75,28,4,3,12,11,No
36,149.77,3387.72,6,3,2,1,12,Yes
25,20.46,3546.69,34,4,7,12,13,No
69,23.59,9637.42,9,6,6,24,13,No
25,127.1,6102.42,12,4,8,36,18,Yes
59,45.93,7980.13,16,2,5,12,9,Yes
43,27.9,931.08,71,4,0,24,21,No
65,50.83,1512.1,31,2,4,36,8,Yes
68,75.39,8238.1,33,2,4,1,23,Yes
43,114.97,6423.72,7,2,6,36,17,Yes
40,101.16,2314.33,3,3,9,1,16,Yes
60,50.89,4345.56,20,1,0,36,23,No
30,85.43,5617.39,5,5,0,1,4,Yes
45,140.41,8514.29,67,7,5,1,1,No
26,125.95,1073.91,38,7,5,1,9,Yes
37,62.01,6168.86,56,6,8,12,0,No
36,147.69,7311.84,23,6,2,36,26,Yes
65,112.12,9789.97,2,4,4,1,7,Yes
56,28.12,8168.02,21,5,4,36,7,No
68,24.57,3124.16,14,1,0,12,5,No
29,41.89,7241.0,62,2,5,24,20,No
32,114.62,7751.14,11,2,3,24,4,Yes
48,43.89,7432.49,4,7,5,1,21,Yes
31,86.49,8291.37,47,2,7,12,20,Yes
28,32.12,9085.43,20,7,7,36,17,Yes
43,139.72,1435.08,52,2,2,1,6,No
59,64.71,1495.26,16,4,8,24,3,Yes
44,138.06,8065.8,45,1,10,12,22,Yes
28,142.83,2897.54,8,7,3,24,0,Yes
55,20.8,1056.14,62,1,0,12,21,No
51,80.34,4311.68,21,7,8,24,1,Yes
60,23.21,8288.83,64,7,4,1,18,No
36,138.13,1702.37,30,1,7,1,2,Yes
23,87.39,6882.5,36,5,6,1,25,Yes
63,29.74,534.35,5,6,4,24,0,No
69,34.34,1542.51,38,7,7,36,29,Yes
55,69.86,3833.08,19,2,0,24,20,No
66,142.23,1294.22,27,3,10,24,12,Yes
59,110.08,8536.07,13,6,3,36,7,Yes
45,132.79,8708.67,9,1,4,1,11,Yes
18,67.64,7677.92,17,5,3,24,29,Yes
52,25.62,2803.56,44,4,5,24,7,No
57,146.66,5470.85,45,2,8,1,25,Yes
25,22.23,2249.79,42,5,0,24,27,No
69,143.19,3172.15,51,6,9,36,26,Yes
64,67.93,5402.05,58,3,10,12,6,Yes
24,21.31,7482.63,58,3,1,24,22,No
28,109.59,1399.22,30,4,0,36,7,No
56,147.47,3318.62,5,1,6,1,28,Yes
21,145.53,9302.9,8,1,1,12,23,Yes
42,40.92,4576.67,37,5,8,1,14,No
29,43.56,9419.26,47,7,7,1,29,Yes
43,93.52,9918.31,45,6,9,1,20,No
55,102.85,5503.27,5,5,0,12,6,No
63,116.12,3236.42,63,6,2,36,11,No
29,43.54,8012.38,47,1,5,36,17,No
60,144.67,2013.45,25,1,10,36,3,Yes
68,103.04,2894.45,50,5,2,36,5,No
54,130.12,7956.36,45,2,8,12,10,Yes
63,90.21,4619.64,30,6,9,1,29,Yes
41,73.86,2414.61,48,6,9,24,9,No
33,147.03,6685.69,51,3,1,12,29,No
30,95.68,7461.24,55,3,5,1,18,No
42,132.69,1688.18,55,4,1,24,17,No
69,143.93,3131.31,46,3,2,1,11,Yes
21,107.8,2602.13,31,6,9,36,16,Yes
28,91.36,4108.62,34,7,8,12,19,No
49,20.46,7752.73,68,5,8,12,1,No
66,25.2,7280.23,33,2,1,24,29,No
24,46.11,6793.98,56,5,7,12,18,No
63,44.18,559.71,58,1,2,1,11,No
28,53.12,1850.36,57,6,1,1,25,Yes
45,59.64,2621.33,17,1,10,24,10,Yes
58,66.81,3083.58,11,6,9,24,14,Yes
40,74.67,1891.05,71,3,7,24,10,No
62,32.85,4398.0,17,2,2,24,10,No
40,25.51,1214.22,10,6,7,36,21,No
67,107.61,7625.21,26,4,5,1,9,Yes
45,89.85,7983.35,6,5,0,1,18,Yes
60,77.74,5955.53,16,4,1,1,2,No
64,102.48,1352.2,4,4,1,1,3,Yes
43,127.6,8955.79,62,4,6,36,2,No
42,75.6,9673.54,64,4,5,24,14,Yes
46,103.35,2422.45,56,5,1,12,5,No
36,143.96,7194.08,23,1,0,1,8,Yes
50,129.15,8498.42,33,5,4,12,7,No
53,75.38,5628.51,31,1,10,36,1,No
31,103.81,3571.57,7,1,1,36,18,No
31,43.02,5046.31,5,5,9,24,14,Yes
52,92.87,5366.55,37,5,9,36,30,Yes
47,147.57,4306.05,1,5,5,24,7,Yes
45,87.38,9333.5,70,6,1,12,18,No
34,140.59,7566.89,45,1,10,36,4,Yes
20,72.95,2792.37,47,5,8,24,11,No
33,149.85,6062.79,68,2,4,12,26,Yes
63,95.3,7042.55,30,3,6,1,11,Yes
47,25.49,1831.49,60,3,3,24,27,No
69,96.28,3905.04,24,2,1,24,8,No
46,55.69,9102.71,31,3,2,12,17,No
62,24.22,5888.14,28,1,4,12,24,Yes
32,126.71,2561.48,45,5,0,12,9,No
63,55.84,1666.46,4,5,3,12,4,No
42,123.55,5423.16,61,7,3,12,14,No
68,57.47,5703.01,39,6,1,24,24,No
55,45.26,3676.94,24,5,8,12,19,Yes
59,146.61,6488.95,71,2,5,1,23,No
64,67.01,1152.5,46,2,8,12,23,No
69,98.18,1878.83,53,1,5,36,18,Yes
55,99.3,5689.6,48,2,1,24,20,No
40,92.86,1087.25,9,6,0,1,9,No
42,138.91,8868.63,22,5,3,24,16,Yes
59,107.68,1850.39,2,6,0,36,28,Yes
24,72.49,6902.24,16,7,7,12,5,Yes
39,132.11,4216.43,5,1,10,24,8,Yes
34,43.54,4297.98,12,1,0,24,27,No
35,90.75,7766.45,52,5,4,12,29,Yes
66,143.57,5244.89,26,4,8,24,16,Yes
58,101.3,7393.73,15,5,0,24,17,Yes
27,126.21,5299.32,67,1,3,24,13,Yes
27,104.96,6132.6,59,4,7,36,22,Yes
24,129.12,7726.79,39,5,7,36,5,No
65,142.78,6269.43,63,5,0,36,25,Yes
67,55.48,6348.34,25,4,7,1,10,No
55,42.06,7997.59,41,4,10,24,18,Yes
44,82.92,9516.32,28,3,2,12,15,Yes
69,111.24,4078.8,21,6,10,12,1,Yes
50,49.53,5982.61,61,7,6,24,6,No
18,20.53,1319.59,57,4,9,12,25,No
61,64.58,3908.64,11,2,10,1,25,Yes
51,145.95,4414.47,19,4,0,12,20,Yes
21,110.35,8434.75,1,1,4,36,5,Yes
34,72.17,5377.23,32,7,3,36,14,No
21,45.03,7445.13,34,4,3,36,24,No
60,66.29,680.57,17,5,4,36,12,No
43,42.08,4912.68,55,2,2,12,6,No
21,33.82,9062.52,19,7,6,24,19,Yes
18,137.88,2630.98,42,7,1,1,26,Yes
24,149.69,799.46,59,4,0,1,24,Yes
47,41.33,4617.38,38,2,5,12,2,No
67,27.09,7192.1,31,6,0,12,14,Yes
26,62.87,4817.4,66,7,10,36,19,Yes
52,80.02,4869.79,69,7,6,24,25,No
25,46.63,6863.15,50,3,7,36,2,No
41,59.19,2916.69,30,2,1,24,25,Yes
36,46.11,7642.95,35,5,3,36,26,No
53,120.65,1954.58,59,3,6,1,14,No
67,112.64,4259.63,17,4,10,24,27,Yes
69,102.54,6732.08,66,6,5,1,2,Yes
60,70.34,8369.51,21,7,1,36,27,Yes
44,138.18,8019.55,52,6,3,1,14,Yes
49,146.04,7356.01,65,7,2,12,0,No
31,42.57,3911.42,14,6,8,1,20,No
35,48.99,1661.89,16,2,5,1,19,Yes
45,88.33,2559.93,55,3,1,36,10,Yes
46,31.86,8715.92,9,4,1,1,24,Yes
33,76.74,8644.65,8,6,2,1,30,No
52,95.63,9539.83,34,6,4,12,3,No
64,87.87,1221.89,33,6,5,24,18,No
48,63.02,5599.69,7,6,4,24,21,No
21,90.52,6662.49,21,4,0,1,27,Yes
54,144.64,7251.25,5,2,0,24,27,Yes
34,46.78,6616.7,71,6,6,24,9,No
56,105.13,7815.11,12,6,9,1,26,Yes
65,25.64,3914.98,59,2,6,36,20,No
63,28.63,2204.61,58,3,9,1,3,No
43,91.74,2443.54,37,2,5,24,15,Yes
65,33.64,613.8,45,4,8,12,0,Yes
56,22.91,3828.06,25,5,1,24,26,No
58,42.3,1371.57,27,7,0,36,12,No
21,93.43,3554.14,51,3,10,1,18,Yes
47,111.43,6468.0,42,5,5,24,13,Yes
47,46.32,8997.54,71,6,5,24,12,No
39,106.87,8476.25,42,5,8,12,28,Yes
28,43.72,2900.41,60,4,10,36,3,No
19,99.75,1773.79,72,5,9,24,9,No
61,73.55,2334.19,58,1,0,24,26,No
29,104.99,9724.37,72,3,10,1,7,Yes
47,149.36,5720.01,22,4,0,36,8,Yes
53,141.92,2233.77,58,2,9,12,13,Yes
35,20.56,8487.09,11,7,5,24,7,No
43,135.11,4254.32,6,4,4,36,24,Yes
24,28.64,9042.61,22,2,10,36,25,No
18,143.9,2976.43,12,4,5,36,0,No
43,56.64,4235.61,27,1,5,36,10,Yes
40,69.66,5297.0,1,3,3,24,15,Yes
43,31.91,8979.85,64,6,9,36,0,No
62,34.6,8753.2,39,6,7,1,29,No
23,114.48,5956.37,60,5,4,1,18,Yes
23,142.76,2606.87,70,7,5,12,28,Yes
61,99.4,4331.89,54,4,1,12,19,Yes
25,113.06,9768.51,25,3,0,36,17,Yes
41,119.06,6273.85,20,3,7,12,25,Yes
39,54.17,7920.43,36,3,5,36,6,No
36,25.88,4773.71,23,3,8,1,8,Yes
54,20.24,5554.07,1,3,4,1,26,Yes
35,65.58,4575.06,27,7,7,1,5,Yes
48,51.39,7177.75,52,5,6,1,19,No
54,28.1,8588.97,2,6,10,12,5,Yes
47,43.34,5319.95,21,5,9,12,0,Yes
59,36.18,5068.24,9,4,0,36,5,Yes
50,138.93,3732.72,48,6,6,12,15,No
27,38.23,2182.42,39,6,3,1,3,No
54,89.89,9422.85,42,2,5,1,2,Yes
29,97.1,3502.76,71,4,8,36,21,No
47,90.65,8106.57,45,7,8,1,8,No
44,32.88,7295.8,2,3,8,1,23,Yes
56,61.44,8013.72,67,2,4,36,23,No
26,26.67,9399.3,43,6,3,36,24,No
38,71.44,6422.02,18,7,5,24,21,No
29,44.52,9030.53,39,7,9,12,7,No
46,93.01,2093.12,6,4,4,12,6,Yes
50,110.07,6453.77,42,2,9,36,11,Yes
60,89.18,7836.62,52,6,4,24,0,No
32,76.45,3080.59,27,5,7,12,21,Yes
19,70.35,7537.16,15,3,9,1,11,Yes
69,129.42,7895.53,19,7,4,36,15,Yes
56,48.52,8396.29,62,2,0,36,13,No
61,115.45,3472.39,64,1,4,12,29,Yes
35,118.47,6975.26,51,3,4,1,10,No
20,74.5,3390.41,47,5,4,1,19,Yes
24,58.65,7520.88,57,5,2,36,18,No
60,81.17,4898.25,20,4,8,36,18,Yes
35,32.12,6176.67,20,7,4,1,12,No
61,25.97,4450.48,64,6,1,36,11,No
55,34.51,2038.84,38,1,4,24,9,No
54,44.33,2191.28,38,2,8,12,14,Yes
50,85.54,1236.9,65,7,7,1,28,No
61,130.39,6371.69,5,4,5,12,28,Yes
48,50.63,8562.06,64,5,8,24,27,No
28,141.57,697.95,27,2,6,36,12,No
21,144.14,1129.28,20,5,1,12,12,Yes
35,144.66,4845.94,60,5,0,12,23,No
21,128.88,7508.35,40,1,2,36,14,Yes
66,67.3,1998.22,6,3,10,12,16,Yes
51,29.45,3080.69,36,2,3,12,30,No
46,93.95,2704.06,65,1,8,24,22,No
41,92.63,4290.99,11,6,4,12,10,Yes
39,130.5,2637.49,49,7,1,36,9,No
19,149.48,3849.69,28,5,9,36,3,Yes
61,86.06,7421.15,22,5,4,36,30,Yes
23,64.88,6304.59,47,1,1,1,16,No
59,44.17,1271.23,66,6,8,24,13,No
42,20.62,6558.58,25,2,5,12,29,Yes
38,86.18,5032.23,67,5,4,12,1,Yes
33,92.22,9378.37,32,6,1,36,30,Yes
48,127.24,3248.39,17,2,6,36,6,Yes
31,85.6,7398.58,40,1,6,36,15,No
56,139.14,7443.18,30,5,1,36,25,Yes
45,101.65,2604.26,59,4,9,1,16,Yes
49,129.24,9080.62,28,4,5,24,21,Yes
45,39.28,5166.24,47,5,9,24,3,No
68,131.19,6949.39,23,3,9,1,2,Yes
66,107.77,1885.63,57,5,2,12,22,Yes
26,42.13,2949.14,1,5,7,12,24,Yes
62,44.67,6068.02,29,5,4,24,4,No
39,140.45,3530.76,50,1,7,24,5,Yes
49,24.19,5247.08,64,5,6,12,22,Yes
22,80.13,4053.05,37,5,10,1,25,Yes
40,60.75,6585.26,61,1,7,1,28,Yes
22,106.46,5127.88,7,5,0,12,27,Yes
59,129.15,543.79,64,4,5,1,5,No
49,66.85,6671.97,18,4,10,36,5,No
27,75.5,4510.15,29,7,2,24,18,No
56,147.65,3746.13,60,6,4,12,10,No
32,121.91,1394.39,54,7,1,36,18,Yes
24,136.64,2593.51,72,7,10,36,13,No
46,77.04,2625.84,21,5,3,1,14,Yes
64,50.43,9386.01,21,1,5,1,30,Yes
20,73.54,4608.87,58,5,0,24,4,No
36,113.09,899.63,49,5,1,24,22,No
27,34.23,1818.76,36,6,1,12,11,No
45,55.16,1250.81,17,2,8,24,12,Yes
46,26.06,6094.26,53,7,10,36,21,No
32,76.21,2272.9,15,6,4,24,17,Yes
52,127.57,5236.3,40,3,4,36,2,No
23,23.21,4015.59,51,1,5,36,11,No
29,107.79,8136.83,65,7,9,12,4,No
64,141.22,3544.65,13,3,2,1,30,Yes
55,50.8,4853.52,38,2,8,24,12,Yes
30,110.17,7352.21,26,3,2,12,22,Yes
46,146.76,4616.84,15,5,3,24,28,Yes
36,145.1,8035.55,5,4,8,36,12,Yes
20,50.54,6786.0,2,1,9,24,5,Yes
25,33.04,4400.03,65,1,7,1,28,No
25,39.28,5287.83,60,5,5,24,15,No
37,111.26,9688.43,56,6,7,24,25,No
64,114.35,6785.31,38,7,0,36,2,No
21,107.65,9097.45,57,7,3,24,6,No
68,63.69,2198.21,51,7,9,1,20,No
38,42.07,5090.74,41,3,10,24,9,No
20,95.5,9132.29,70,1,3,36,29,No
62,82.88,3564.81,52,6,1,12,30,Yes
25,114.75,9692.81,1,7,1,36,3,No
40,77.38,1422.24,18,7,10,36,11,Yes
33,64.02,9075.38,27,2,9,36,5,No
30,58.15,4729.52,72,7,8,12,17,No
20,47.49,1200.57,42,2,5,1,6,No
65,54.55,8855.46,6,3,6,36,1,No
26,32.33,2893.43,24,2,10,36,22,No
31,65.09,711.38,45,7,10,1,7,No
30,24.75,1790.17,71,4,3,1,17,No
24,44.23,6761.59,7,5,2,24,23,No
32,117.08,9789.21,16,7,2,1,27,Yes
24,62.31,1558.89,58,1,4,12,12,No
55,106.87,4888.51,57,6,10,36,22,Yes
51,113.19,2216.05,42,5,5,36,30,Yes
58,95.55,7577.85,14,3,1,12,2,Yes
39,144.63,1621.56,56,5,6,24,12,Yes
41,22.79,2778.5,12,1,6,36,6,No
66,116.02,2365.86,15,7,0,36,0,No
54,144.64,5748.94,8,6,6,24,17,Yes
61,132.1,8795.25,58,1,3,24,20,Yes
18,41.83,5355.36,53,3,3,24,15,No
27,62.49,1053.31,9,1,2,12,10,No
60,42.42,5852.19,46,2,8,12,28,No
33,98.17,8076.45,7,6,2,1,24,Yes
63,112.58,1755.48,44,6,3,24,16,No
25,61.22,1190.76,14,5,2,12,4,Yes
66,90.14,2284.17,6,4,7,12,5,Yes
42,109.82,7587.82,35,4,7,1,13,No
67,74.77,6120.96,70,4,9,12,13,No
29,131.02,5635.65,61,3,7,36,18,No
42,120.3,2870.06,24,4,4,12,4,Yes
34,28.41,3656.25,2,6,6,24,17,No
43,100.75,9675.91,51,7,2,1,10,No
63,50.59,2785.94,31,6,7,24,23,No
65,92.48,9065.63,27,5,9,24,11,Yes
31,144.4,6015.05,31,1,1,1,18,Yes
58,134.28,1671.32,70,2,7,36,20,No
53,72.59,4939.47,43,7,5,1,28,Yes
40,57.9,9511.21,52,4,1,36,27,No
60,50.47,4476.37,14,4,5,36,16,Yes
23,89.23,8702.17,59,7,10,24,20,No
64,34.85,2936.07,20,4,9,24,16,Yes
22,91.41,5923.76,52,2,1,24,24,No
60,20.17,8516.59,40,5,2,24,1,No
42,62.1,9246.54,68,7,10,1,5,No
35,48.59,5115.32,44,7,4,12,24,No
30,146.26,6577.04,6,4,0,1,18,Yes
60,114.54,528.31,57,1,8,12,5,Yes
31,65.45,2905.62,58,3,9,1,0,No
45,32.07,3147.76,72,2,2,24,13,No
35,87.18,1388.18,30,5,0,12,30,Yes
45,47.75,3157.1,52,6,5,1,22,No
68,89.74,3550.66,11,1,0,1,1,Yes
44,128.6,9703.28,47,2,2,36,20,Yes
49,100.05,6851.72,5,6,6,1,20,Yes
64,102.39,4547.05,3,2,3,24,11,Yes
26,90.33,9886.52,15,3,8,1,16,Yes
57,140.54,1955.71,2,3,6,1,26,Yes
49,141.15,5022.49,2,6,4,24,30,Yes
37,86.65,6647.09,72,6,8,12,22,No
45,59.75,1028.02,54,5,2,12,3,No
50,79.75,7311.49,46,4,10,24,3,No
21,44.25,1448.74,41,7,7,12,6,No
63,102.72,1832.68,69,6,7,36,25,No
51,85.01,2017.05,30,3,3,1,12,No
65,33.43,9324.45,44,5,0,1,16,No
20,45.69,6990.74,10,2,3,12,13,No
43,82.35,6726.56,30,7,8,12,21,Yes
25,135.39,5777.19,49,4,9,12,16,Yes
23,93.63,3281.66,35,1,0,24,28,Yes
33,108.6,6398.45,65,2,2,36,15,No
41,64.07,4396.42,17,7,7,36,15,No
65,94.28,1881.45,31,5,2,12,5,Yes
56,78.16,7051.17,70,1,1,24,25,No
47,105.69,1731.03,52,7,0,12,30,Yes
62,26.57,2311.35,26,2,8,24,1,No
30,84.13,8268.14,5,3,10,24,25,Yes
22,58.48,6771.11,14,5,9,1,26,Yes
42,62.4,6494.42,51,1,2,12,16,No
37,144.92,4472.93,15,6,6,1,23,Yes
35,43.75,4264.66,12,3,9,1,22,Yes
64,60.46,7057.49,46,6,2,36,1,No
35,86.29,7530.05,64,6,7,24,17,No
19,132.19,5347.03,72,1,8,24,20,Yes
27,74.17,9708.06,59,4,7,24,19,Yes
62,116.7,9579.15,26,7,4,24,11,Yes
67,131.33,4418.08,29,7,10,1,3,Yes
64,60.3,8295.91,4,4,9,24,8,Yes
29,71.06,5661.04,50,5,1,36,10,No
64,66.35,5361.68,25,1,5,36,16,Yes
30,128.27,1022.16,40,7,7,1,29,Yes
67,25.77,5952.76,32,4,1,1,12,No
64,60.09,9055.49,37,2,5,12,25,Yes
28,108.32,7911.27,10,2,6,12,24,Yes
36,93.51,7970.01,38,4,8,24,27,Yes
52,76.72,2019.33,61,7,10,1,18,Yes
56,90.19,3905.27,27,6,8,1,7,Yes
43,45.69,2715.45,7,6,1,36,4,No
63,75.99,3501.2,9,4,0,36,9,Yes
31,85.22,6005.62,59,5,6,36,14,No
62,137.15,3965.45,36,6,5,1,18,Yes
61,53.91,5826.63,30,5,9,12,24,Yes
41,132.82,4665.76,19,2,9,1,8,Yes
58,103.75,3222.85,41,3,9,1,15,Yes
18,22.64,1406.33,55,1,3,1,15,No
68,114.2,8972.47,6,3,10,12,7,Yes
60,24.62,608.05,22,5,10,36,2,Yes
39,149.66,515.7,70,6,8,24,2,No
40,133.44,8354.58,24,3,0,24,9,Yes
36,58.65,9969.7,62,5,6,24,30,No
35,53.46,7407.48,42,7,4,12,11,No
29,69.59,645.1,22,3,4,12,14,No
45,66.3,2653.56,16,2,5,24,14,No
45,68.4,9732.32,13,5,1,24,26,No
50,61.38,8181.74,37,2,10,12,25,Yes
36,100.75,5884.6,52,3,10,24,18,Yes
45,41.35,2750.18,24,4,2,1,13,Yes
69,129.98,636.52,17,4,10,36,10,Yes
66,125.61,698.18,16,1,8,12,5,Yes
54,81.94,6313.82,1,7,3,36,11,No
43,130.85,707.4,1,4,5,24,17,Yes
52,52.13,9939.49,30,7,2,24,24,No
51,22.28,2242.15,24,1,2,12,1,No
52,100.5,7251.72,46,3,8,12,25,Yes
57,79.53,1973.07,2,1,8,1,23,Yes
33,93.73,5630.89,15,1,2,12,25,Yes
55,136.91,1265.81,29,1,2,36,15,Yes
30,146.09,7784.4,62,7,5,12,3,Yes
40,102.48,6056.75,13,2,0,1,3,Yes
39,119.33,1318.58,65,7,4,36,20,No
33,30.9,8561.57,45,7,8,24,29,Yes
45,40.89,5696.68,47,1,8,12,16,Yes
65,115.32,9255.13,16,6,7,24,19,Yes
52,76.08,9207.92,3,5,5,1,21,Yes
62,77.98,9244.82,70,3,8,12,27,No
63,60.12,1238.96,5,2,2,1,9,Yes
25,98.96,1649.1,26,5,8,24,17,Yes
61,44.07,9883.21,15,3,7,36,29,Yes
39,101.5,5132.21,55,7,0,1,26,No
38,42.59,2763.03,22,2,8,12,18,Yes
43,28.3,7811.81,37,7,7,12,10,No
57,62.95,3010.71,29,3,7,24,13,No
38,50.05,7408.55,26,4,5,24,3,Yes
42,135.57,8454.21,70,3,8,24,15,No
58,27.14,7950.5,11,4,7,24,2,No
18,42.96,3103.45,20,7,1,12,24,Yes
23,91.33,4315.38,70,4,5,12,21,No
40,82.54,4425.88,33,6,10,12,10,No
68,25.96,5167.09,30,3,7,1,4,Yes
40,20.94,2090.04,50,7,5,36,20,No
60,148.45,4798.47,34,7,10,36,1,Yes
60,105.65,5352.44,5,4,8,36,11,Yes
40,67.5,5551.24,12,6,4,1,29,Yes
49,81.16,8289.05,52,2,7,24,12,No
47,54.65,5414.68,51,4,9,24,24,No
30,64.83,2692.45,21,1,1,24,1,Yes
60,104.38,6799.72,71,2,4,12,4,No
35,134.77,8074.48,58,7,0,1,22,No
40,43.94,3534.03,64,6,4,36,18,No
32,129.25,6630.41,6,2,6,24,28,Yes
50,35.8,1895.91,49,2,0,36,23,No
38,47.95,3748.3,72,7,9,24,4,No
56,24.83,9137.63,37,1,2,36,25,Yes
40,38.31,9157.43,10,1,5,12,27,Yes
44,139.25,5965.58,66,1,0,1,2,Yes
62,79.73,7172.34,56,1,2,24,18,Yes
61,30.1,8613.15,71,6,7,24,30,No
35,144.76,9606.26,66,1,8,24,18,Yes
41,134.27,5153.92,45,6,6,24,10,Yes
68,118.11,5834.97,68,6,3,1,11,Yes
64,141.35,4448.59,64,5,6,1,18,No
57,48.62,1183.83,16,7,6,24,19,Yes
68,128.73,4516.63,10,5,10,36,9,Yes
59,109.7,8010.96,21,1,6,12,16,Yes
24,133.07,8146.41,12,6,7,24,11,Yes
67,123.6,8977.58,13,2,10,12,2,Yes
65,65.04,988.93,10,4,3,36,25,Yes
37,120.67,5507.97,13,4,3,24,25,Yes
44,54.12,1520.53,34,5,8,24,20,Yes
23,62.72,2407.05,59,1,7,12,28,Yes
44,34.03,9052.06,49,3,10,24,7,No
26,141.56,5219.52,6,4,3,36,7,Yes
62,57.83,7706.18,12,7,5,1,24,Yes
48,87.68,1111.65,29,7,8,12,24,Yes
38,70.87,4459.85,26,6,5,1,12,Yes
43,144.79,6905.28,68,7,10,12,21,Yes
57,63.56,1767.36,16,6,4,1,12,Yes
65,121.21,3595.27,53,4,6,36,9,No
62,131.2,1113.2,19,2,1,36,14,Yes
30,76.63,6687.73,47,4,7,24,22,Yes
66,69.16,9723.47,32,5,10,36,27,Yes
40,117.21,8356.93,70,7,6,36,15,No
37,138.68,9758.92,70,1,5,24,12,No
54,118.14,8533.25,61,1,2,12,10,No
45,49.53,8624.36,5,6,8,36,11,No
34,135.48,5983.18,59,4,1,36,13,No
45,70.39,5423.4,2,3,3,1,19,Yes
58,94.91,4359.42,2,5,1,36,2,Yes
19,128.09,8271.9,3,6,5,24,14,Yes
42,44.49,2229.64,70,4,6,36,10,No
67,121.99,1034.14,43,5,8,1,2,Yes
58,97.5,9504.99,5,3,5,36,17,Yes
23,136.13,535.89,50,6,5,1,7,Yes
28,42.36,9779.88,10,7,4,36,22,Yes
55,74.69,7424.11,27,5,9,12,7,No
23,128.27,3620.74,24,6,10,24,12,Yes
62,22.5,7129.29,22,5,9,36,5,Yes
28,34.59,8269.81,3,5,3,12,28,No
31,148.77,2830.94,16,7,9,12,9,Yes
19,56.45,7823.51,30,6,10,24,14,No
57,146.82,8141.51,43,1,3,1,27,No
20,43.73,2868.87,4,7,3,12,25,Yes
52,66.94,898.3,40,3,4,24,4,Yes
50,117.87,2439.16,16,6,0,36,0,No
41,105.51,2406.14,72,1,1,1,7,No
36,95.55,1119.78,16,2,2,1,1,Yes
35,88.89,7397.07,66,4,6,1,0,No
66,129.65,4109.76,55,6,0,12,24,Yes
69,50.54,8901.67,20,1,2,12,29,No
41,77.52,2895.63,51,6,6,24,26,Yes
62,40.21,4805.71,57,6,5,1,26,Yes
52,97.47,6570.67,51,6,1,1,23,Yes
18,52.57,8835.92,18,7,3,24,26,No
53,63.4,5483.9,59,5,0,36,15,No
42,81.26,4048.48,28,2,4,1,24,Yes
62,23.48,8736.64,69,3,1,1,4,No
66,31.95,3447.34,28,3,7,24,18,No
60,109.17,1254.53,13,6,9,24,29,Yes
51,75.77,4727.9,6,1,5,12,10,Yes
42,132.42,7958.39,29,7,0,36,7,Yes
33,110.31,792.42,9,6,1,12,3,Yes
51,21.05,6065.88,29,5,3,12,13,No
46,100.17,6147.41,38,5,2,24,16,Yes
36,32.18,9321.15,65,6,8,12,8,No
40,121.52,3221.42,56,3,0,36,26,Yes
36,148.9,3148.95,30,5,6,1,3,Yes
42,89.06,4684.59,59,4,8,12,27,Yes
33,108.76,3890.69,58,1,8,12,1,No
68,50.85,7495.29,10,1,5,12,9,Yes
26,76.89,6596.64,21,5,6,36,18,Yes
18,131.29,7709.75,56,3,7,36,21,No
59,41.76,8290.4,26,7,2,36,8,No
36,54.52,9268.32,15,6,4,24,21,No
50,77.91,4593.9,35,4,3,1,27,Yes
51,112.59,9854.63,15,4,8,24,15,Yes
33,68.86,2548.78,6,6,8,1,27,Yes
61,140.61,7286.47,28,7,3,12,19,Yes
57,32.28,5573.09,63,4,1,36,16,No
35,68.2,8260.56,29,2,0,36,30,No
51,112.16,5029.32,48,5,2,36,1,No
42,49.38,7947.42,63,4,1,12,22,No
62,105.33,9336.6,58,7,4,1,18,No
23,41.35,7456.8,21,5,5,24,1,No
38,27.28,7872.9,22,3,8,24,15,Yes
23,35.73,1138.17,27,3,3,12,15,Yes
49,140.9,2447.1,57,6,3,1,27,Yes
58,91.73,9755.89,10,3,3,36,21,Yes
65,123.52,7085.28,22,2,0,1,13,Yes
60,63.25,5833.77,44,3,2,1,19,No
56,97.05,3986.28,28,5,3,36,0,No
48,84.34,921.7,50,1,0,1,30,Yes
59,142.95,4006.79,51,1,4,12,8,No
27,117.18,5239.67,1,5,9,24,14,Yes
47,114.97,2508.87,34,1,8,12,14,Yes
69,26.03,2144.8,35,4,0,1,24,No
35,91.46,5329.96,61,1,6,36,10,No
41,80.71,6066.09,30,7,1,24,4,No
69,140.62,2779.22,68,2,9,12,7,No
26,53.45,6080.2,40,3,10,1,21,Yes
48,55.08,9053.23,65,1,8,36,6,No
32,73.48,4995.15,37,1,3,12,28,No
21,51.64,8645.21,64,7,2,1,5,No
57,36.79,9309.08,1,6,10,36,30,Yes
26,131.46,1377.74,15,2,6,12,30,Yes
62,92.58,1410.21,13,6,5,36,6,Yes
26,131.98,5022.42,29,2,10,12,18,Yes
43,128.05,6086.97,55,1,9,12,13,Yes
21,56.67,4545.89,45,4,7,1,10,No
34,91.21,3601.28,4,1,8,24,18,Yes
33,30.82,6589.44,64,4,6,24,25,No
32,138.98,519.77,15,6,5,36,13,Yes
52,72.55,9696.7,48,7,7,36,18,No
69,71.18,2704.75,56,3,8,36,25,Yes
22,59.36,9212.44,70,5,7,36,5,No
22,79.89,1535.64,15,3,5,36,0,No
37,52.73,2761.83,39,1,7,1,13,Yes
32,68.73,2731.3,69,1,8,36,11,No
35,123.99,9963.45,60,4,5,24,28,No
64,128.45,543.71,44,2,5,24,11,Yes
19,59.54,6576.56,43,6,1,12,28,Yes
46,80.97,8762.02,4,6,8,12,8,Yes
30,133.6,6886.6,50,6,7,1,28,Yes
21,26.85,3945.97,39,4,4,1,8,No
59,135.59,9603.94,54,2,9,36,13,No
62,48.49,8988.45,23,2,2,12,19,Yes
27,108.21,4622.57,60,7,8,1,1,Yes
48,95.73,5946.62,35,2,10,1,13,Yes
58,91.88,9691.43,54,2,9,24,22,No
25,131.72,9834.32,58,1,6,1,29,Yes
20,33.2,4773.32,62,5,8,1,28,Yes
65,65.11,8549.83,48,6,6,12,6,Yes
63,89.97,3368.81,7,5,7,36,14,Yes
26,125.47,4032.22,45,3,9,36,21,No
47,48.14,2065.81,13,3,4,1,7,Yes
28,124.38,2487.25,53,3,9,12,18,Yes
52,71.95,6740.3,39,4,9,36,1,No
54,44.56,5352.43,18,3,5,36,25,Yes
59,118.67,2695.75,22,6,7,1,0,No
30,31.82,4327.64,36,7,6,36,27,No
53,86.92,4045.24,53,3,0,36,18,No
30,28.3,9879.92,72,3,9,24,23,No
29,66.33,8608.88,3,7,3,12,27,Yes
54,98.14,4185.68,62,1,7,1,7,Yes
27,92.3,9182.21,29,3,10,1,30,Yes
26,72.61,3755.04,8,7,8,24,6,Yes
69,75.78,6845.06,46,5,5,1,27,Yes
24,49.48,9683.17,56,1,10,24,17,No
19,79.26,4207.65,49,2,3,12,18,Yes
40,143.92,6958.91,43,4,1,36,12,Yes
56,130.56,3311.28,10,1,8,36,15,Yes
57,38.88,3029.97,13,1,0,12,22,Yes
56,23.87,5954.49,57,5,4,1,10,No
38,141.36,9803.01,2,7,7,12,23,Yes
40,88.48,4804.77,65,6,3,36,24,No
46,89.92,9407.55,42,6,0,24,21,No
31,121.49,9186.45,58,3,3,24,9,No
43,60.91,2910.74,10,2,4,1,18,No
68,82.65,4317.28,63,7,4,36,24,No
22,145.93,6611.37,71,5,0,24,4,No
48,107.38,5421.44,61,7,1,24,11,No
42,39.99,1411.61,1,7,5,24,3,Yes
48,37.32,9940.13,26,5,9,1,24,No
67,46.55,7650.21,5,1,4,36,25,No
37,119.67,4658.09,35,2,8,12,27,Yes
61,58.4,6372.6,13,7,6,24,15,Yes
34,22.78,1331.94,27,5,4,12,1,No
62,142.74,5205.37,12,6,8,12,25,Yes
19,42.06,9342.91,50,4,0,1,3,No
42,21.24,9017.71,59,7,2,1,28,No
30,50.83,3705.12,31,4,1,12,15,No
56,50.55,5547.99,69,5,6,1,21,Yes
45,74.86,7125.14,37,1,8,12,10,Yes
59,139.65,3730.09,2,7,1,24,5,Yes
23,134.29,1116.35,71,4,5,36,27,Yes
20,79.4,5301.7,65,1,1,12,10,No
52,73.42,6215.54,3,3,2,36,9,Yes
35,92.15,555.5,20,3,0,12,14,Yes
28,51.65,1407.97,2,7,5,24,20,Yes
37,26.78,2469.26,42,1,1,1,25,Yes
22,142.1,3806.5,43,5,2,12,6,No
36,44.27,5639.99,21,3,5,1,20,Yes
39,45.79,3291.51,45,6,5,24,14,Yes
36,81.42,3123.75,20,7,3,36,21,No
64,83.91,8758.82,43,7,0,12,29,Yes
33,22.4,1877.98,50,3,6,12,29,No
41,39.23,5206.87,43,6,1,36,0,No
58,69.16,9551.83,24,4,5,12,7,Yes
21,108.88,6437.63,60,5,6,12,29,No
32,49.69,7313.45,32,1,1,36,4,No
42,74.99,4596.75,5,3,5,1,20,Yes
61,92.45,689.36,2,7,0,1,29,Yes
52,135.52,6638.24,26,5,5,36,25,Yes
31,62.39,6503.28,25,3,7,24,5,No
66,37.36,1549.06,50,4,7,36,21,No
36,83.61,4890.52,39,5,6,36,23,Yes
55,117.07,9195.62,11,2,3,1,3,Yes
53,34.28,2448.31,63,7,3,12,14,No
24,75.21,4880.44,68,4,4,24,3,No
47,22.31,4880.48,18,1,7,12,30,Yes
36,24.36,8202.23,28,5,3,12,2,No
66,82.78,8333.47,42,6,8,24,24,No
42,58.77,7713.06,60,3,2,36,15,No
33,129.86,3971.81,22,6,8,36,15,Yes
64,98.28,1184.35,40,5,1,12,7,No
57,79.01,3820.09,62,1,5,12,20,Yes
68,73.03,6958.02,3,6,4,24,26,Yes
25,84.64,7176.09,71,6,4,1,23,No
35,25.26,9667.5,63,6,10,24,5,No
45,136.06,4809.59,20,7,5,24,20,Yes
33,149.78,6508.14,71,5,9,24,12,No
69,43.59,5622.31,71,3,6,1,8,No
36,35.65,1930.88,26,7,3,36,8,No
59,38.67,4881.42,41,6,3,24,30,No
34,105.93,5675.93,3,4,8,1,10,Yes
62,105.99,9532.12,43,4,3,12,7,No
30,130.23,3982.12,17,3,7,24,27,Yes
24,117.74,9810.94,53,7,9,12,12,Yes
44,78.46,5651.85,52,2,0,12,25,No
27,99.67,2803.46,33,2,3,1,18,Yes
51,109.48,2320.81,60,4,1,12,28,No
53,86.66,1846.1,68,6,10,12,30,No
42,81.83,4802.86,56,1,9,24,24,Yes
23,103.86,708.3,64,5,4,12,21,No
41,92.47,4727.93,8,7,1,24,24,Yes
35,103.71,9889.84,69,3,6,12,0,No
40,99.67,6866.01,33,1,9,36,16,Yes
23,113.5,7717.97,25,7,6,36,5,Yes
46,103.56,1630.55,71,6,8,1,11,Yes
42,87.57,4994.46,7,5,3,12,3,Yes
34,108.63,3219.12,59,7,4,1,20,Yes
63,78.43,8993.93,33,4,2,24,15,No
41,51.42,2222.28,41,7,6,24,20,No
28,20.18,4857.97,33,3,4,12,2,No
43,92.8,6086.45,29,1,8,12,24,Yes
68,96.79,5383.39,39,5,6,36,30,No
51,146.37,8387.31,57,4,3,24,16,Yes
45,66.99,2698.81,64,4,6,24,21,No
20,71.24,4085.22,66,5,0,24,17,No
28,46.23,8024.8,9,2,1,1,17,Yes
55,29.17,5516.68,29,7,2,12,24,No
31,120.46,4320.12,28,7,4,24,25,Yes
68,52.46,779.7,53,2,4,24,17,No
43,99.16,7657.16,46,5,6,12,24,Yes
65,109.41,9735.73,39,5,8,12,27,Yes
38,81.26,6392.73,58,5,9,1,27,Yes
56,133.93,8637.14,54,4,8,36,7,No
47,77.69,5410.32,6,6,5,24,22,No
25,57.04,2700.97,45,7,6,36,7,No
68,136.48,637.2,40,6,7,12,12,Yes
37,132.0,6707.28,23,7,3,36,11,Yes
65,41.33,5184.53,42,3,6,1,24,No
49,23.37,7929.93,38,4,5,36,14,No
39,31.7,7099.48,16,7,7,24,9,No
24,57.25,9885.55,47,4,0,1,8,Yes
26,146.39,5347.97,21,2,4,12,2,Yes
62,92.61,4558.16,21,5,2,1,30,Yes
18,68.52,3224.03,25,4,8,24,9,Yes
46,135.53,5030.18,61,4,8,12,16,No
25,78.91,8792.28,54,5,2,36,14,No
21,60.98,903.18,60,6,9,24,23,No
52,142.36,9790.05,42,3,1,1,28,Yes
20,130.44,9936.42,61,2,4,1,28,Yes
62,129.68,6179.3,32,1,3,1,9,No
57,86.6,3649.67,53,6,6,12,19,Yes
24,122.63,2618.97,44,4,7,1,20,Yes
44,43.32,3126.66,11,3,3,12,13,No
18,94.52,976.0,47,1,2,1,26,Yes
44,147.9,5013.55,60,7,8,1,15,Yes
33,57.82,1044.58,36,6,7,12,21,Yes
55,123.27,7325.51,60,7,10,12,5,No
24,83.76,4033.33,33,6,10,12,6,Yes
61,25.17,2393.96,42,5,6,24,29,No
40,119.19,5676.11,13,1,10,36,9,Yes
58,41.91,9750.71,14,5,7,1,18,Yes
28,102.09,7103.74,58,7,7,24,17,No
59,31.14,5171.6,40,6,9,36,27,Yes
50,143.09,7880.69,65,6,7,1,8,Yes
67,57.92,7506.03,5,6,10,1,29,Yes
53,49.44,8971.49,30,3,0,1,1,No
54,36.79,2444.36,45,6,3,36,8,No
58,142.98,8659.34,58,1,9,1,25,Yes
34,112.55,3359.75,39,2,6,24,30,Yes
52,116.42,9439.49,12,3,5,1,3,Yes
65,84.92,3170.12,34,1,2,24,10,Yes
22,81.71,9305.06,14,4,2,12,16,Yes
65,34.3,9656.01,38,1,3,36,2,No
49,92.78,1882.17,16,7,9,24,25,Yes
20,52.1,9757.75,61,1,5,1,14,No
69,147.03,1314.37,59,2,0,24,29,Yes
64,123.56,2576.39,67,3,9,24,1,Yes
52,73.69,4719.6,11,4,3,12,15,Yes
69,39.67,9939.17,11,6,8,36,3,No
31,122.09,5141.35,16,3,6,12,17,Yes
65,35.87,5728.89,38,3,10,36,27,Yes
48,44.61,7097.04,30,4,5,12,9,No
48,47.5,9698.79,41,7,10,36,5,No
34,92.4,7941.84,1,4,4,1,10,Yes
41,122.32,2629.46,38,2,1,24,9,No
69,60.86,3378.41,60,7,1,24,0,No
40,31.01,1427.47,19,5,5,12,15,No
35,80.39,6622.3,59,2,8,1,4,Yes
67,117.25,2217.03,68,7,8,1,8,No
31,48.82,2945.35,10,7,0,1,30,Yes
67,48.59,8937.08,17,6,6,12,16,No
32,143.14,3604.18,72,4,6,36,3,No
32,144.04,5883.14,29,1,9,1,1,Yes
23,148.76,4276.88,6,1,1,1,26,Yes
44,125.0,1203.3,66,3,9,36,30,Yes
32,44.46,3947.21,63,3,3,36,1,No
67,47.56,4376.65,31,5,7,1,4,No
53,64.23,9009.16,25,7,5,12,1,No
25,61.36,3582.28,21,5,10,12,12,Yes
32,144.35,4102.79,16,5,6,24,4,Yes
20,122.58,7937.52,4,5,9,24,0,Yes
64,114.12,7710.09,46,1,10,24,20,Yes
30,44.18,8083.71,8,7,10,12,28,Yes
58,138.24,9560.82,6,4,5,24,29,Yes
51,127.62,8057.8,53,6,8,1,14,Yes
41,41.27,4372.28,64,6,10,12,30,No
57,133.25,8304.33,51,5,9,12,18,Yes
49,55.39,5332.41,63,7,9,24,13,Yes
49,30.51,3138.28,6,2,8,1,11,Yes
47,105.39,3377.71,62,6,5,1,1,No
69,104.99,2626.5,33,5,5,12,26,Yes
66,32.34,1877.43,2,1,8,12,19,Yes
30,61.45,2252.66,41,3,9,24,0,Yes
18,149.07,1100.19,16,2,8,1,2,Yes
51,108.2,8940.28,59,5,2,12,10,No
32,114.91,9344.57,9,1,6,36,16,Yes
61,47.68,6074.32,69,3,2,1,23,Yes
31,30.24,8484.65,10,5,3,36,4,No
46,56.0,2243.93,7,1,8,12,16,Yes
51,52.36,9065.9,66,1,9,24,17,No
35,50.49,5310.43,20,4,7,12,24,Yes
24,45.06,1138.07,63,1,5,12,22,No
46,94.72,1842.47,4,5,5,36,2,Yes
48,62.65,3435.28,28,7,7,12,14,No
42,126.64,913.8,72,1,1,24,15,No
55,43.91,3438.29,35,2,4,36,14,Yes
31,80.4,1069.34,2,1,6,36,16,Yes
25,21.78,2742.26,41,1,2,24,17,No
44,82.62,3023.86,28,6,7,36,22,Yes
19,27.26,9946.51,1,2,2,24,7,No
34,147.1,2737.69,27,5,3,36,20,Yes
54,122.78,2772.27,67,3,9,12,28,No
31,83.71,7024.5,39,4,9,12,27,Yes
42,31.26,8663.9,40,6,5,1,13,No
47,97.02,4177.03,28,3,5,36,3,Yes
46,118.64,8818.37,24,5,1,24,9,Yes
37,44.79,3731.35,51,5,1,24,19,No
38,93.87,2371.65,56,6,2,36,20,No
39,125.85,3631.57,26,2,2,12,30,Yes
52,119.87,6288.89,52,3,3,24,6,No
54,124.39,3987.86,6,1,3,1,29,Yes
33,134.31,6892.49,59,2,3,24,28,No
67,141.9,2750.89,12,2,9,24,22,Yes
66,72.72,7159.43,63,4,9,24,19,Yes
60,93.94,3800.66,36,2,10,1,0,Yes
34,122.79,4830.75,9,3,2,1,20,Yes
33,110.63,5798.58,67,5,0,24,6,No
19,149.42,7019.14,29,6,8,1,11,Yes
21,21.78,2767.78,71,4,1,12,3,No
38,66.17,8441.48,8,6,2,24,6,Yes
56,56.53,7357.51,43,6,1,1,23,No
51,54.1,2723.93,35,1,5,1,14,Yes
47,48.93,9762.26,22,7,5,1,1,Yes
23,112.19,6815.57,66,3,0,12,1,No
34,31.02,4798.06,21,1,3,1,4,Yes
56,116.41,1996.51,71,7,9,36,2,No
42,110.15,5565.6,41,7,4,36,15,No
22,52.6,2065.37,41,2,5,12,3,No
22,52.87,4580.17,49,3,4,12,14,No
37,101.75,4382.77,4,6,2,1,16,Yes
33,119.08,7339.43,65,7,2,12,10,No
68,133.94,2327.64,10,4,2,1,3,Yes
58,130.78,8307.78,67,6,5,1,26,Yes
54,145.43,3598.26,10,4,3,1,3,Yes
57,95.58,4717.89,17,1,3,36,3,No
26,138.13,7837.24,67,5,2,36,18,No
22,125.11,6441.23,53,7,3,24,1,No
59,136.31,3426.24,35,6,7,12,15,Yes
19,21.51,4168.93,4,4,2,36,19,No
26,145.57,3404.97,68,1,9,12,12,Yes
60,81.56,6150.32,11,5,2,1,7,No
53,123.76,3659.93,44,3,5,12,18,Yes
39,36.54,7394.13,60,4,0,1,21,No
39,71.47,6007.98,70,4,9,12,1,No
39,55.29,1884.21,62,6,5,36,16,No
51,57.92,3447.55,32,6,10,12,22,Yes
46,36.02,2603.75,46,1,8,1,11,Yes
55,124.75,4207.98,23,4,2,36,13,Yes
63,21.2,5401.85,37,7,1,1,11,No
50,60.63,5314.25,58,1,2,1,21,No
35,42.67,7667.97,43,4,2,36,12,No
24,96.58,2297.13,15,1,1,12,9,No
18,53.05,9491.49,67,7,10,24,3,No
50,53.67,3757.03,2,7,3,24,6,No
18,83.48,3352.36,71,4,7,12,21,Yes
41,104.85,7009.2,5,3,6,12,1,Yes
21,35.77,8152.41,53,6,9,36,14,No
21,42.82,4095.48,45,3,8,1,3,Yes
35,52.13,7595.05,41,7,7,36,29,Yes
44,146.59,8895.49,63,1,6,36,8,Yes
60,71.63,7784.63,72,7,5,1,23,No
49,97.87,824.87,32,3,2,1,5,No
50,51.4,8360.0,2,1,9,12,28,Yes
45,83.76,7857.57,10,6,3,1,16,Yes
59,29.64,6858.26,43,7,7,1,6,No
58,24.52,7720.21,43,1,1,12,15,No
53,80.94,9804.54,67,6,5,36,16,No
23,71.83,4595.57,23,2,0,24,29,Yes
33,37.79,1138.62,60,3,6,1,7,No
51,109.39,4878.45,6,2,3,36,2,Yes
40,149.08,941.12,13,7,0,36,24,Yes
67,71.43,3295.38,21,6,4,24,28,Yes
59,101.19,6075.36,58,6,4,1,20,Yes
41,145.19,3441.42,28,2,5,36,21,Yes
66,128.1,7011.25,70,7,7,36,19,No
30,80.26,8308.87,8,6,3,1,5,No
35,115.87,4494.17,58,4,6,1,24,No
30,36.66,9051.31,40,1,10,36,22,No
66,86.57,1258.47,1,5,3,12,17,Yes
54,56.28,8481.08,65,2,1,12,10,No
60,40.95,8371.44,10,4,7,36,5,No
56,75.42,3558.94,60,3,4,1,26,No
59,37.03,3337.79,69,5,9,1,26,Yes
34,110.87,3398.4,20,6,3,12,12,Yes
32,79.31,8208.24,62,1,1,12,28,Yes
35,89.05,8400.71,13,4,6,24,27,Yes
40,39.03,3632.36,58,5,4,12,8,No
68,38.17,6129.61,37,1,8,1,7,Yes
47,95.84,1819.87,10,1,6,12,12,Yes
51,148.05,4953.4,3,5,8,36,26,Yes
21,32.51,9988.53,34,4,9,24,28,Yes
20,57.15,2008.97,34,6,9,24,13,Yes
24,133.03,9501.85,30,5,4,1,0,Yes
35,29.4,8330.42,37,2,10,36,4,No
59,133.87,9736.04,68,1,5,12,5,Yes
24,88.16,2206.0,34,3,7,24,8,No
57,73.07,2528.43,32,6,9,24,19,No
23,60.26,660.24,58,7,5,36,12,No
39,58.63,7384.67,24,7,10,24,0,No
18,59.75,6618.9,9,5,3,36,29,No
21,135.02,2191.62,41,5,1,1,21,No
63,114.09,8015.88,24,1,5,24,24,Yes
66,107.06,3342.36,25,1,8,12,5,Yes
69,123.84,1782.46,36,5,7,36,6,Yes
67,53.42,4514.35,8,7,2,1,9,Yes
60,100.35,1364.21,59,3,4,12,3,No
46,79.81,3000.81,35,1,5,36,28,Yes
38,121.72,4027.67,38,1,6,12,17,Yes
43,60.2,8592.71,32,2,1,24,28,No
31,103.61,8029.21,51,4,5,1,15,No
26,134.69,4706.17,28,2,1,36,18,Yes
64,72.28,7383.46,56,3,7,36,10,No
29,28.66,5902.17,8,7,6,1,16,No
59,87.09,3738.0,41,4,1,12,1,No
68,64.98,7395.81,23,7,3,1,6,Yes
68,107.39,6993.24,54,5,6,1,8,No
23,143.63,6381.4,23,7,8,1,24,Yes
37,83.13,6370.58,32,3,2,1,30,Yes
41,80.6,6988.33,10,3,9,24,24,Yes
44,105.1,4153.18,35,2,9,36,26,Yes
55,33.45,8756.22,63,4,7,12,30,Yes
25,52.96,2041.92,67,3,8,12,13,No
18,139.47,8896.91,36,4,7,1,16,Yes
66,107.09,3751.68,49,7,3,1,14,Yes
66,21.75,1687.8,46,6,3,12,6,No
41,46.6,6200.26,27,7,10,12,29,Yes
64,108.77,4071.87,31,5,6,24,6,No
24,119.37,8247.25,34,4,3,1,13,Yes
36,129.18,4592.46,59,2,10,12,30,Yes
39,57.98,6851.34,54,7,9,36,8,No
52,141.03,3428.45,66,2,9,24,8,Yes
47,91.88,2489.8,30,3,6,24,16,Yes
46,110.55,4186.47,23,4,8,1,25,Yes
39,97.58,6264.67,9,7,8,24,20,Yes
28,35.96,6740.99,55,2,8,24,1,No
37,145.2,5992.96,1,1,9,36,11,Yes
46,35.97,9886.53,56,2,9,24,21,Yes
68,53.13,7065.36,39,5,5,36,15,No
58,125.77,9349.44,18,1,0,24,1,Yes
59,100.42,1620.37,42,4,7,24,14,Yes
51,128.96,1083.04,65,6,5,1,5,No
18,87.05,3454.45,33,3,6,1,22,Yes
48,69.01,1797.59,30,1,1,1,29,Yes
47,139.84,5495.75,5,2,2,1,21,Yes
65,24.71,5430.32,50,7,5,12,27,Yes
35,131.3,5962.95,65,7,2,1,10,No
34,50.01,7579.66,10,3,4,1,30,Yes
55,130.34,9727.63,60,6,3,1,28,Yes
31,38.1,8843.46,27,6,4,24,16,No
40,95.43,1624.49,72,3,7,24,3,No
42,135.45,3715.88,28,3,3,24,18,Yes
32,81.56,2930.32,45,3,8,1,4,Yes
63,117.05,2179.76,52,4,2,36,22,Yes
39,124.61,5674.89,66,4,6,12,11,No
20,115.74,5756.01,62,4,6,36,18,Yes
36,140.29,2658.83,60,7,0,36,0,No
61,78.09,7263.02,40,2,2,36,26,Yes
51,42.51,7462.69,15,4,9,36,10,No
52,26.22,699.31,7,3,0,12,24,Yes
67,52.04,4259.7,39,1,7,36,21,No
18,38.62,8956.34,51,1,9,1,5,No
69,92.53,5443.03,7,6,4,36,3,Yes
38,44.04,3802.46,12,1,3,12,26,Yes
46,25.06,2909.92,14,1,2,12,16,Yes
23,24.68,2811.87,34,1,6,36,11,No
54,128.1,1447.8,39,6,7,1,24,Yes
18,96.89,8263.65,64,5,7,36,9,No
68,66.55,1323.25,12,7,0,24,22,Yes
18,136.25,3276.8,34,1,6,12,27,Yes
44,29.13,933.92,27,1,4,36,25,No
38,147.44,7923.17,22,1,1,24,13,Yes
33,100.12,873.19,18,7,7,1,6,Yes
61,43.85,3428.86,46,6,1,24,26,No
57,108.28,5946.33,44,2,5,12,22,Yes
43,119.24,4390.83,18,5,4,24,22,Yes
33,75.81,3181.58,37,7,5,24,23,No
45,132.01,3114.3,7,1,10,24,10,Yes
18,39.6,8079.01,68,6,9,1,23,Yes
53,56.25,9752.79,60,6,7,1,2,No
27,32.15,3806.39,48,4,8,1,7,No
60,47.41,871.88,51,7,2,1,19,No
34,51.03,847.37,52,7,2,36,22,No
40,139.29,7712.53,52,2,6,24,4,Yes
24,30.15,5747.51,54,6,2,12,27,No
61,75.56,7944.13,41,6,10,24,3,Yes
24,89.21,7126.22,42,5,9,36,12,No
61,136.83,9121.31,22,4,4,24,3,Yes
32,149.7,8915.33,39,4,9,24,5,Yes
51,117.94,7989.11,23,2,3,12,1,Yes
63,146.2,5014.3,48,6,10,12,28,Yes
62,122.32,3427.2,33,4,8,12,4,Yes
21,145.22,5316.75,41,3,10,24,14,Yes
31,111.95,5269.68,30,2,7,36,7,No
31,30.37,6297.62,47,2,8,1,1,Yes
33,72.25,2267.93,57,3,5,1,20,Yes
24,104.06,6728.39,72,2,1,24,22,Yes
49,65.59,4837.71,57,4,7,1,4,Yes
36,55.54,6391.95,62,4,0,1,25,No
19,95.06,2776.25,57,7,10,24,8,No
27,141.36,4626.75,68,4,4,24,24,No
67,24.55,2496.91,72,3,1,36,7,No
34,120.0,8815.4,25,7,6,1,13,Yes
54,113.95,5135.63,40,4,4,24,15,No
29,145.31,2637.32,17,3,9,1,24,Yes
23,140.99,891.48,48,3,2,12,1,No
39,119.09,6919.52,39,3,6,12,2,No
49,87.65,2539.12,15,7,2,36,3,Yes
58,46.55,9901.03,17,2,5,24,14,Yes
37,90.88,5570.15,35,5,3,1,4,No
18,119.5,3245.28,33,6,9,12,14,Yes
64,136.44,6747.94,18,3,1,24,25,Yes
23,122.66,3114.59,30,4,8,12,27,Yes
36,45.38,8292.61,37,3,5,12,17,Yes
35,97.96,3428.24,7,6,4,24,12,Yes
23,63.18,9888.35,28,1,4,12,10,No
62,21.2,6248.88,18,2,7,24,9,No
50,46.03,8521.91,47,4,4,36,3,No
40,34.72,1191.75,23,2,7,24,29,Yes
40,129.55,3808.84,20,2,7,12,19,Yes
43,53.61,7506.13,31,1,0,12,4,No
30,57.01,6723.06,14,3,3,1,30,Yes
24,144.79,2345.31,23,4,8,36,21,Yes
32,69.28,3883.93,2,5,1,12,0,Yes
61,21.25,3002.71,29,2,10,36,12,No
44,56.9,6327.02,50,6,3,1,13,No
43,35.51,3773.4,59,5,3,36,21,No
50,33.37,3436.02,33,5,0,24,15,No
32,30.07,2470.09,48,7,9,36,12,No
53,97.12,4385.76,44,3,9,12,14,Yes
62,44.62,2357.27,12,5,6,12,8,Yes
44,66.96,9644.41,42,4,0,24,2,No
22,132.06,1967.77,35,3,4,12,1,No
19,75.16,9176.39,41,6,7,1,11,Yes
50,139.04,4570.49,55,5,3,12,23,Yes
33,84.73,4089.73,13,3,4,1,17,Yes
40,71.85,2697.54,39,4,10,36,23,No
55,117.55,6539.69,66,2,9,36,25,No
33,29.51,7012.52,35,1,2,12,3,Yes
31,31.63,4941.92,72,3,4,12,24,No
46,104.76,1029.22,33,6,2,24,19,No
43,83.3,9225.85,36,1,3,36,14,Yes
52,122.75,9813.13,13,7,10,1,0,Yes
32,139.12,4594.91,56,2,2,24,7,No
20,70.49,6329.78,46,6,4,24,16,Yes
40,97.53,4777.84,46,4,1,36,4,No
46,85.09,3557.86,44,6,8,24,6,No
51,147.61,1234.53,46,2,2,1,2,Yes
50,128.04,4832.64,69,1,9,24,5,No
58,138.53,8274.65,31,4,0,1,12,No
58,53.06,661.8,24,6,4,1,15,No
40,120.43,6030.02,32,5,3,12,26,Yes
24,54.51,8867.34,67,5,1,36,16,No
20,47.14,2566.72,16,3,7,36,5,No
49,142.75,2240.93,57,5,8,36,29,Yes
48,22.51,7836.63,24,6,5,36,4,No
35,145.5,2923.32,34,1,7,1,17,Yes
60,39.4,2323.85,52,5,1,36,3,No
24,126.53,4090.9,48,3,10,36,11,Yes
58,55.87,4228.77,53,4,5,1,27,Yes
18,65.59,8803.96,55,5,0,12,15,No
31,48.18,6375.21,38,3,9,36,10,No
69,96.12,4356.63,2,5,2,24,27,Yes
49,65.25,5576.69,69,7,6,12,26,No
23,105.46,9562.67,53,5,0,12,10,No
56,22.03,1575.54,50,6,5,12,22,Yes
27,28.37,2473.3,29,1,6,36,5,No
24,32.96,9644.02,55,3,2,1,26,Yes
43,74.47,9594.59,61,3,10,36,25,Yes
51,125.92,2183.07,50,2,7,36,15,Yes
47,135.46,1878.53,16,2,7,12,5,Yes
53,51.83,4500.31,70,3,4,1,8,No
38,94.67,972.32,44,6,10,36,17,Yes
34,119.89,6721.58,16,1,1,36,0,No
50,57.55,1236.21,28,5,1,36,17,No
27,73.17,1051.28,57,4,4,36,18,No
68,88.12,5109.28,26,6,3,1,8,Yes
64,37.53,9598.97,11,5,3,1,13,Yes
59,23.38,4554.56,1,4,4,1,11,Yes
68,39.86,3886.57,69,1,0,24,9,No
29,101.49,9980.59,43,2,6,1,8,Yes
33,29.57,5553.71,46,3,2,1,11,No
58,44.66,4064.79,36,1,9,12,4,Yes
49,63.92,4165.68,66,4,9,36,22,No
32,30.12,2352.12,57,6,7,36,18,No
44,44.92,5366.12,6,3,8,12,9,Yes
45,138.47,4669.12,62,4,7,1,1,Yes
34,22.51,3072.56,27,5,10,36,5,No
63,104.95,2025.13,26,5,1,24,21,No
67,69.97,3456.77,13,6,6,24,4,Yes
19,107.44,5332.49,18,5,3,12,0,Yes
53,96.53,1054.17,38,3,4,24,25,No
67,49.05,1960.57,6,2,10,12,17,Yes
24,130.14,9502.74,28,2,9,24,22,Yes
30,83.95,5657.13,5,4,4,24,25,Yes
32,126.93,1102.77,59,2,10,24,30,Yes
42,72.78,7084.33,45,2,8,12,14,No
40,148.01,1087.13,53,4,1,36,1,No
39,120.16,7519.31,2,4,1,12,20,Yes
43,145.57,7624.65,49,4,2,1,14,Yes
50,86.86,6685.25,63,3,4,1,10,No
28,81.58,7455.94,70,7,3,24,25,Yes
27,118.21,1335.67,58,4,9,24,12,No
42,134.44,7404.42,4,3,9,36,19,Yes
54,145.34,1798.54,30,3,8,36,14,Yes
65,62.19,3725.31,57,3,2,36,9,No
60,123.83,9456.08,47,7,0,24,16,No
55,47.38,5277.32,18,4,4,12,4,No
58,90.92,9690.55,44,2,7,24,0,No
62,43.38,1344.76,52,6,0,1,18,No
41,65.16,5036.79,49,6,0,24,11,No
57,141.08,1092.82,30,7,5,36,24,Yes
63,38.99,6487.0,52,2,6,1,6,No
50,102.21,1247.72,37,7,7,24,1,Yes
34,97.08,2165.99,63,4,7,36,20,No
41,35.7,2958.89,12,2,2,24,14,No
54,62.38,7613.07,17,7,3,24,19,Yes
19,93.19,2057.64,34,4,8,36,12,No
49,44.33,8543.0,28,7,10,1,6,Yes
41,124.08,1753.09,4,3,4,1,13,Yes
26,146.38,834.82,46,5,10,12,30,Yes
21,47.92,4252.93,14,1,8,1,19,Yes
34,44.3,9804.7,13,7,4,24,15,No
34,79.14,1548.25,58,6,4,36,29,Yes
67,117.21,1466.33,49,7,8,1,8,Yes
65,56.61,7636.08,50,4,5,24,18,Yes
47,22.58,3465.54,67,3,2,24,21,No
57,90.36,7314.18,21,5,4,1,4,No
28,144.36,2400.1,51,3,0,36,9,Yes
38,70.87,4870.68,38,1,8,36,7,Yes
38,74.62,3020.25,26,6,9,12,28,Yes
35,145.96,4789.52,6,2,9,36,13,Yes
46,110.3,7806.42,18,2,10,36,10,Yes
41,113.49,7739.09,6,3,6,1,29,Yes
27,93.15,5399.84,41,1,0,1,0,No
62,146.7,9319.53,57,3,10,24,9,No
34,109.55,3005.95,50,2,10,1,1,Yes
35,136.35,2782.96,25,3,3,12,6,Yes
59,110.92,6331.16,48,5,1,24,16,No
65,115.57,6402.32,24,1,2,36,4,No
37,57.75,942.13,30,2,3,1,23,Yes
54,59.45,6273.89,45,6,1,12,9,No
62,121.79,4057.14,43,6,9,24,4,Yes
35,58.57,7600.7,72,3,0,12,4,No
34,93.16,8177.0,56,1,10,12,8,No
26,52.42,5745.46,70,3,3,36,10,No
31,126.21,516.2,33,2,8,24,14,Yes
66,34.37,6545.48,45,1,10,1,26,Yes
46,127.83,7614.37,7,2,10,36,4,Yes
48,98.35,2865.34,18,5,8,12,30,Yes
21,44.3,4914.14,70,5,8,24,16,No
35,90.46,9674.4,45,6,2,36,18,Yes
37,56.72,3332.1,37,4,0,1,13,No
64,62.05,2619.96,21,1,0,12,20,Yes
60,65.7,2503.12,44,5,2,24,23,No
61,28.23,5808.61,30,4,9,36,25,Yes
26,148.18,9522.98,11,6,7,36,1,Yes
30,24.1,6282.56,8,1,3,12,13,Yes
32,106.12,3381.57,5,2,10,36,19,Yes
44,68.26,6566.41,8,3,7,1,27,Yes
32,103.98,6436.0,5,3,6,1,3,Yes
45,66.31,6170.79,10,2,7,1,2,Yes
54,107.59,2014.55,15,5,1,24,14,No
36,114.8,6528.38,56,3,7,36,21,Yes
43,109.77,4586.56,55,2,8,1,15,Yes
69,34.82,676.62,3,4,9,1,9,Yes
43,105.4,5627.76,41,4,10,24,17,Yes
42,56.4,9898.03,10,2,5,36,18,No
43,23.74,3822.53,7,1,2,1,1,No
43,73.93,9672.81,63,5,6,1,9,No
63,76.36,1413.95,63,5,8,1,28,Yes
45,80.73,7458.28,26,2,7,24,23,Yes
66,111.63,1586.13,34,3,7,36,1,Yes
35,60.15,3098.93,72,6,10,1,15,No
49,60.99,5922.99,39,5,6,12,4,Yes
20,27.87,6131.41,60,5,4,24,3,No
19,109.29,7864.51,69,4,1,12,16,No
50,93.82,6345.46,26,4,4,36,12,No
59,65.43,6139.34,62,4,4,24,22,No
36,111.67,9167.35,10,6,1,24,21,Yes
34,89.86,4795.53,54,5,10,24,25,Yes
61,81.0,2640.02,31,5,9,36,11,Yes
50,86.47,2036.99,38,6,0,12,16,Yes
29,102.73,4299.95,25,7,4,1,8,Yes
66,105.8,7271.15,65,5,5,36,27,No
20,57.56,904.16,50,3,6,1,19,No
60,38.3,1726.01,24,3,10,1,0,No
66,40.36,1508.08,27,3,1,1,23,No
43,103.12,6059.88,50,7,5,24,0,No
52,133.47,2807.21,50,1,7,24,1,Yes
25,73.23,2079.46,15,5,5,12,13,Yes
69,42.04,6131.32,17,6,2,36,4,No
53,118.36,7732.44,29,5,2,1,28,Yes
24,128.22,3655.47,5,6,10,36,0,Yes
63,134.48,5992.94,11,7,6,36,0,Yes
63,98.89,1432.18,52,2,1,36,14,Yes
53,131.89,9384.31,34,2,2,24,21,Yes
33,22.0,3700.51,33,1,6,1,29,No
41,33.94,9976.3,49,2,8,1,26,Yes
18,32.03,9796.58,31,3,0,36,0,No
66,112.64,7898.82,18,1,4,12,20,Yes
42,29.05,690.64,5,1,1,24,15,Yes
27,84.53,5663.01,30,1,4,36,9,No
33,81.45,1324.95,45,4,5,36,26,Yes
33,60.39,9003.81,38,7,7,1,4,No
25,133.15,8001.54,29,2,6,12,1,Yes
46,42.16,9737.23,36,5,4,36,29,No
56,65.82,6279.64,9,4,10,12,13,Yes
45,120.64,5460.64,23,6,4,1,10,Yes
23,23.95,5430.25,3,3,1,1,18,No
33,107.48,4171.26,56,4,5,36,18,No
37,126.13,4952.56,40,3,2,12,18,No
33,141.19,6536.42,56,7,5,36,2,Yes
24,133.92,9363.0,58,5,2,36,10,No
58,61.52,6160.9,31,5,1,36,19,Yes
31,96.23,8642.6,11,2,7,36,29,Yes
60,30.05,8696.41,42,6,3,12,25,No
43,53.52,5428.91,3,4,4,36,28,Yes
43,32.25,3800.96,57,5,8,1,15,Yes
31,60.97,6575.95,14,7,3,1,16,Yes
24,133.77,4735.83,46,3,0,12,28,Yes
50,65.13,1273.69,19,5,10,36,19,Yes
43,93.05,4089.19,60,2,5,36,3,No
62,76.34,9943.69,31,3,10,24,14,No
37,79.66,960.86,36,1,10,36,23,Yes
20,146.04,7118.34,32,6,4,12,10,Yes
69,58.5,8491.29,63,2,9,12,15,No
21,101.55,6662.9,26,7,2,24,19,No
43,74.61,5912.61,65,7,10,1,20,No
28,27.95,7221.77,2,7,10,12,3,Yes
19,83.61,4578.76,70,7,4,36,4,No
31,125.73,1367.94,45,2,7,36,18,Yes
61,32.84,9642.53,25,1,0,1,15,No
47,29.05,4606.86,40,6,3,24,18,No
66,39.97,6821.2,18,7,2,12,23,No
29,119.37,5547.45,12,5,3,36,27,No
43,114.12,1019.39,24,2,1,1,29,Yes
61,93.45,9551.09,43,1,1,1,15,No
50,80.87,8029.1,32,6,1,1,0,Yes
30,135.48,1916.43,47,1,2,36,2,No
31,119.67,9825.66,45,6,8,1,1,Yes
41,125.55,7500.56,35,2,4,1,9,Yes
51,125.72,4987.06,9,4,3,1,30,Yes
61,103.55,6308.02,10,7,3,12,26,Yes
43,79.54,1514.0,65,2,2,36,5,No
38,132.41,5823.91,59,7,8,12,7,No
45,140.38,1199.78,57,6,10,24,5,Yes
65,23.09,5676.12,10,4,9,1,19,Yes
53,26.7,5750.61,19,5,0,36,18,No
57,144.64,8807.17,50,1,5,24,15,No
19,56.03,7388.05,68,3,3,12,3,No
59,133.54,2870.75,5,2,7,24,15,Yes
26,70.54,8940.05,29,3,6,12,28,Yes
40,35.48,5945.81,5,5,2,36,23,Yes
32,30.46,6260.61,60,2,4,12,8,No
30,40.35,2105.32,65,3,10,24,23,No
40,52.49,8648.85,28,5,10,12,8,Yes
34,83.51,9344.17,1,4,3,12,7,Yes
65,111.19,7862.41,29,5,3,24,28,Yes
19,148.23,9437.15,51,2,9,24,4,No
37,77.4,3371.85,36,6,7,1,20,No
37,87.36,8680.63,32,6,8,24,16,Yes
63,87.84,5144.48,64,7,10,12,23,Yes
20,90.13,2057.21,14,7,3,36,26,No
29,87.31,6853.61,32,6,1,36,15,No
57,21.14,6999.14,9,2,0,1,17,Yes
19,20.22,3225.78,11,2,9,12,21,No
53,32.7,761.19,48,5,3,24,5,No
31,33.2,2398.55,51,2,7,12,27,No
33,111.64,4297.89,4,7,4,24,9,Yes
36,46.64,2091.85,41,5,1,24,19,No
51,136.31,2343.28,25,6,10,24,24,Yes
61,140.72,4218.21,17,7,3,1,15,Yes
63,146.87,9636.97,47,1,3,24,18,No
23,142.08,7760.31,8,1,9,12,7,Yes
30,55.35,3537.61,58,7,4,1,17,No
53,86.27,9540.24,1,7,1,1,4,No
39,42.81,6633.64,2,1,6,36,28,Yes
35,124.81,4826.77,10,3,4,1,12,Yes
29,135.5,4948.85,27,1,3,12,30,Yes
69,130.67,4402.07,13,1,7,36,14,Yes
47,76.34,2713.42,63,5,1,24,30,No
68,118.63,4173.01,11,5,0,36,5,Yes
57,32.69,5515.02,14,6,5,1,1,No
24,25.23,5516.26,26,7,9,24,22,Yes
49,117.92,7736.5,69,2,9,24,14,Yes
65,75.3,3908.58,39,2,7,12,26,Yes
36,149.42,7309.58,28,2,6,1,10,Yes
23,32.64,5991.87,17,6,8,12,4,Yes
37,131.23,9637.53,37,5,0,1,9,Yes
44,82.4,4160.21,27,5,2,1,28,Yes
60,127.53,9061.56,67,1,8,24,19,No
54,126.23,8296.1,68,4,4,24,19,Yes
65,139.08,6557.81,47,5,5,36,17,Yes
24,58.72,6717.89,34,6,10,1,11,Yes
22,143.47,1304.17,18,4,6,1,24,Yes
28,39.72,9527.13,35,5,2,24,16,No
32,30.66,1515.89,18,6,6,1,16,Yes
20,76.11,5850.72,70,5,2,1,3,No
22,127.68,3635.67,34,3,5,1,18,Yes
40,81.54,4583.59,33,4,7,12,24,Yes
54,127.81,6296.74,72,7,6,36,28,No
26,114.86,9134.09,43,7,4,36,22,Yes
32,47.23,4846.89,27,3,5,1,26,Yes
20,143.35,9883.43,48,1,3,1,17,Yes
46,27.9,6131.71,69,3,1,24,19,No
23,136.78,2025.26,71,3,6,36,20,No
34,59.58,2305.09,22,6,3,36,9,No
43,85.02,7303.05,34,7,5,24,27,Yes
38,74.91,978.78,43,1,9,36,13,No
25,42.34,5063.24,16,4,1,12,19,No
38,66.56,1908.08,14,2,1,24,12,No
28,45.08,4615.58,39,5,5,1,13,Yes
55,46.51,7624.22,71,6,7,12,3,No
25,44.32,4858.72,12,4,0,36,3,No
59,83.57,2052.79,55,1,9,1,23,Yes
41,123.73,2893.29,6,3,6,36,22,Yes
52,93.97,3991.63,40,2,5,36,3,No
31,136.12,1160.83,13,3,4,1,10,Yes
31,102.75,6051.21,69,5,9,1,0,No
27,109.61,6271.57,24,1,7,12,5,Yes
29,106.79,1090.44,59,2,0,36,4,No
55,78.43,4321.96,46,4,4,24,26,Yes
61,109.61,4433.01,44,4,5,24,4,Yes
63,29.06,3671.29,11,1,3,24,26,Yes
51,131.78,5798.53,61,1,9,36,30,Yes
58,121.12,3786.6,36,6,10,36,11,Yes
27,51.88,4455.89,72,3,9,1,14,No
34,119.84,8076.47,10,2,1,12,5,Yes
34,21.64,2040.04,1,5,7,36,11,No
20,48.24,6381.59,63,1,4,24,23,No
48,28.47,5303.15,12,2,9,36,21,Yes
68,121.43,3398.18,5,6,5,12,13,Yes
18,118.26,7411.58,36,7,8,36,21,Yes
29,125.77,5736.29,17,1,1,12,22,Yes
56,20.58,5034.93,58,1,4,1,10,No
21,85.16,6842.86,22,4,0,12,7,No
59,111.63,8121.76,31,7,2,24,19,Yes
30,40.2,9740.35,26,2,5,36,6,No
51,104.47,6478.83,13,4,7,36,23,No
59,30.93,8807.18,63,6,4,24,5,No
38,43.57,510.37,67,4,3,12,24,No
39,81.85,5537.24,63,7,4,36,12,No
21,104.96,2539.15,11,6,3,36,5,Yes
35,38.96,1394.83,69,7,1,12,19,No
22,44.08,5553.72,64,2,0,12,29,No
36,46.58,7594.85,68,6,7,12,21,No
19,51.03,4416.59,32,6,0,36,1,No
29,49.45,6866.02,10,4,1,24,10,No
34,71.37,5152.33,54,7,4,24,7,No
27,104.99,4652.32,55,3,7,1,29,Yes
51,76.94,3257.44,62,7,9,12,26,Yes
23,120.88,4134.64,55,5,2,24,21,No
25,113.5,3823.06,35,5,10,12,3,Yes
68,36.45,6638.78,67,3,10,36,6,No
28,26.35,1602.18,65,1,8,24,14,No
29,134.13,1380.05,17,4,5,36,23,Yes
26,30.38,6770.12,42,5,10,1,18,Yes
19,39.28,5689.83,59,2,2,24,9,No
25,22.88,4586.9,70,6,9,24,2,No
28,101.68,1948.21,11,6,6,1,9,Yes
53,95.71,4404.76,28,1,6,12,18,Yes
27,148.3,8002.45,39,5,6,24,2,No
38,135.3,8951.4,54,7,3,1,17,Yes
37,73.41,7174.48,11,4,5,36,4,No
65,68.31,1069.17,58,5,2,1,21,Yes
25,58.59,6868.89,40,4,3,36,0,No
53,39.81,2789.36,4,1,2,1,5,No
46,37.95,3494.89,64,7,2,24,6,No
59,37.2,2360.8,48,7,0,12,1,No
29,34.83,7869.68,70,7,4,24,16,No
31,51.27,6661.72,31,6,2,24,22,No
65,59.87,6312.43,2,3,0,36,21,Yes
67,145.01,6845.74,43,6,8,24,29,Yes
38,95.2,2749.34,41,4,10,1,2,Yes
39,148.39,4724.12,60,4,3,12,28,Yes
38,68.42,6515.91,46,1,8,24,1,No
61,79.49,6547.64,40,1,1,12,28,No
67,62.2,8022.59,59,2,1,36,17,No
47,43.78,3227.49,45,6,3,24,13,No
56,38.61,7818.19,42,6,3,12,15,No
37,142.86,4681.75,21,1,4,1,11,Yes
41,148.29,6866.64,3,5,10,12,17,Yes
40,25.84,4829.33,66,4,0,1,7,No
24,39.54,9511.8,11,7,4,1,0,No
26,75.06,2203.37,24,3,9,36,27,Yes
18,44.22,6912.55,50,1,1,12,2,No
43,67.3,5977.08,21,7,4,24,23,No
55,36.78,2140.94,25,4,9,24,21,Yes
55,79.35,1127.06,4,3,9,24,6,Yes
61,55.32,8091.87,43,2,5,24,1,No
39,65.75,1995.79,47,5,2,12,15,No
61,32.26,2271.81,23,2,3,36,29,Yes
27,75.66,9795.13,60,1,4,24,8,No
23,147.82,7313.98,21,5,5,24,22,Yes
34,62.75,2879.62,66,2,8,1,2,No
68,133.94,6114.02,51,4,8,12,24,Yes
67,129.62,5574.06,15,1,5,1,18,Yes
55,143.77,8522.5,58,6,0,1,13,Yes
41,122.71,7428.55,26,2,5,36,25,Yes
68,105.75,8401.35,59,5,9,24,23,Yes
27,131.36,2509.31,45,5,2,24,14,Yes
25,29.83,6582.08,66,6,4,12,22,No
38,80.17,882.29,35,7,4,1,30,Yes
23,148.6,1154.94,64,3,9,24,28,Yes
38,120.05,7278.51,27,5,3,36,15,Yes
56,145.07,731.99,31,5,2,1,18,Yes
41,121.35,6007.77,12,7,0,36,14,No
50,133.73,8483.85,45,1,6,36,13,No
35,111.85,4109.45,32,5,7,36,4,Yes
45,118.87,925.98,54,3,4,24,6,No
69,88.01,7281.55,66,5,7,36,2,No
49,140.15,9332.02,32,3,3,36,28,Yes
29,127.26,7313.13,15,7,7,24,1,Yes
65,129.71,5995.25,55,4,2,24,24,Yes
59,107.49,2685.27,41,3,7,24,15,No
44,59.6,646.07,40,1,5,12,1,No
27,24.63,7099.39,72,2,8,1,2,No
63,141.64,2694.75,49,6,4,1,30,Yes
69,96.2,8652.55,38,2,0,12,11,No
59,58.76,4930.46,56,4,7,12,0,Yes
49,39.39,5541.04,34,1,10,12,14,Yes
59,127.84,7662.4,1,4,2,24,28,Yes
43,128.75,7904.59,10,4,10,36,0,Yes
42,125.89,6605.18,40,5,4,24,0,No
28,103.86,9415.1,16,5,1,36,14,Yes
40,67.58,9831.84,46,1,6,1,25,Yes
51,59.53,9495.41,24,2,4,36,2,No
69,21.11,8329.7,14,3,6,12,13,Yes
57,128.37,7203.44,39,5,6,1,21,Yes
40,31.37,6801.6,18,1,4,36,9,No
46,102.0,1485.63,41,1,4,12,2,No
48,85.53,3079.1,56,7,8,36,19,No
24,88.47,554.04,36,2,2,36,17,No
57,140.47,1805.39,24,1,7,36,22,Yes
50,24.11,4672.68,29,6,0,1,3,No
38,120.54,1892.1,22,1,3,36,26,No
19,26.77,9065.8,11,2,1,12,16,No
35,24.96,8154.14,41,5,2,36,19,No
64,75.88,1180.31,49,2,10,12,3,Yes
50,28.2,2864.68,11,4,5,24,14,Yes
54,122.59,8281.18,52,5,3,1,10,Yes
51,88.84,8128.94,67,4,0,24,2,No
37,23.78,9481.78,8,1,4,24,23,No
52,25.27,9976.7,31,4,2,1,6,No
68,99.65,9774.57,6,2,1,24,9,Yes
67,124.79,4396.31,71,2,3,12,25,No
35,76.91,2878.12,13,7,3,12,18,Yes
63,92.1,7704.9,6,3,2,12,19,Yes
41,123.98,3343.09,67,7,4,12,7,No
25,99.37,8160.8,27,7,4,24,14,Yes
47,49.22,5572.57,45,6,7,1,12,No
61,99.7,8042.31,26,7,9,24,25,Yes
27,101.68,3120.86,4,1,6,1,2,Yes
40,115.43,5326.26,37,2,10,1,20,Yes
69,100.71,5858.23,21,5,8,24,20,Yes
66,146.0,9459.53,28,7,6,24,14,Yes
28,45.65,3032.68,32,7,1,12,20,Yes
19,143.64,9398.54,53,7,2,1,20,Yes
43,89.98,8146.16,33,2,5,1,24,Yes
53,107.35,7443.49,26,5,0,36,9,Yes
50,32.93,7975.27,17,1,7,1,28,Yes
64,69.47,6251.54,56,6,6,12,20,Yes
30,120.02,2818.76,30,3,5,1,14,Yes
57,111.9,2300.2,5,3,4,36,26,Yes
42,25.22,8730.24,6,4,9,36,29,Yes
21,91.06,7388.82,62,2,4,1,26,No
59,31.48,2525.44,10,1,7,12,13,Yes
36,149.46,6343.39,70,4,7,36,8,No
35,136.65,4751.69,10,1,2,36,28,Yes
54,22.74,2007.22,44,1,8,36,24,No
47,131.62,5552.64,56,4,2,24,14,No
36,139.53,3174.43,4,1,9,12,13,Yes
40,65.96,1414.32,13,4,7,12,14,Yes
33,113.54,4936.1,19,7,6,24,26,Yes
18,77.47,6106.03,70,7,8,1,13,No
29,105.18,945.61,62,6,10,36,9,No
41,64.24,4319.88,9,2,8,36,11,Yes
51,61.93,2947.79,46,4,10,24,19,Yes
25,75.18,791.18,56,2,0,1,13,No
35,38.92,1693.79,40,7,0,12,24,No
65,128.05,1820.82,67,3,2,1,26,Yes
22,65.33,2237.31,62,4,6,12,14,No
43,72.02,8132.09,46,7,2,36,11,No
47,136.23,4675.17,6,6,2,1,28,Yes
30,84.56,1897.32,29,3,3,12,1,Yes
36,90.75,1452.82,19,4,7,1,18,Yes
46,144.34,3330.43,15,1,0,1,16,Yes
20,135.27,8081.15,57,3,3,1,14,Yes
43,42.03,3962.37,38,5,3,24,26,Yes
57,81.52,2019.02,21,5,7,12,22,Yes
29,146.27,4339.1,51,5,6,12,9,No
19,68.41,5775.46,39,3,3,36,29,Yes
28,68.3,781.05,20,2,7,12,10,No
61,45.35,6462.6,2,4,10,36,13,Yes
45,34.86,4253.46,32,1,2,24,8,No
35,116.24,592.4,4,1,9,36,28,Yes
30,120.1,6901.95,7,7,6,36,2,Yes
54,145.97,7267.68,3,3,8,24,23,Yes
39,120.54,6473.98,25,5,5,24,0,Yes
29,51.64,3748.34,9,6,3,24,5,No
19,25.22,5531.25,26,7,3,1,5,No
54,148.11,4178.0,64,1,0,12,4,No
24,64.26,7155.91,18,6,5,1,3,No
43,60.56,6044.01,2,7,2,36,2,No
43,137.77,1277.09,1,6,2,24,12,Yes
41,96.06,6609.39,48,1,0,24,29,Yes
29,47.93,7028.76,63,2,6,1,3,No
33,135.58,4021.67,36,1,8,36,22,Yes
40,149.14,8819.96,63,7,2,12,29,Yes
57,31.27,8508.64,26,1,6,36,6,No
26,132.09,2164.08,6,4,8,24,18,Yes
49,70.77,9090.53,26,1,2,36,10,No
32,88.13,4688.29,43,4,8,1,9,Yes
54,138.93,7375.62,1,7,10,36,18,Yes
30,146.54,8233.92,9,5,1,1,18,Yes
22,54.08,5298.57,27,2,2,36,4,No
28,47.67,4291.47,71,7,10,36,0,No
27,30.47,9196.79,3,6,3,1,25,Yes
69,93.03,2693.11,61,7,6,1,10,Yes
30,21.77,2941.22,2,1,10,12,12,Yes
58,73.55,3935.39,31,2,8,12,29,Yes
63,29.54,8664.92,65,7,0,36,30,No
67,72.68,9418.49,18,6,8,24,29,Yes
32,25.19,2590.64,6,7,9,24,22,No
59,128.58,8706.77,42,7,4,12,28,Yes
24,47.27,2952.93,68,2,3,12,7,No
57,62.68,9721.09,4,6,10,36,22,Yes
45,133.11,6175.37,4,6,5,1,15,Yes
49,117.01,567.32,65,2,9,1,23,Yes
52,48.47,824.23,41,3,4,1,8,No
32,29.35,1901.1,43,4,4,24,3,No
65,113.04,2281.94,55,6,4,24,18,Yes
53,70.79,7792.38,19,6,7,24,6,No
38,119.59,2616.28,21,6,9,24,11,Yes
23,77.89,9706.85,58,6,7,1,8,Yes
18,64.98,6543.06,30,2,9,36,12,Yes
21,78.66,7078.92,7,6,3,36,11,No
28,117.31,2569.26,69,5,8,24,8,No
61,137.29,8980.71,64,1,7,24,11,Yes
43,26.47,6844.24,2,7,5,1,23,Yes
54,88.13,8711.85,67,6,1,1,29,No
40,24.27,9586.57,9,2,8,36,15,No
46,80.89,1693.59,23,7,5,12,12,Yes
38,135.09,1417.58,14,6,7,36,2,Yes
65,67.01,8132.37,54,2,5,36,5,No
62,141.22,8728.2,45,6,4,36,13,Yes
62,101.98,6045.73,16,1,6,1,1,Yes
66,141.44,3977.01,72,6,3,24,21,No
44,118.43,6699.98,57,5,9,1,20,No
56,33.45,3403.81,8,6,10,24,30,Yes
57,50.05,2764.66,25,6,2,12,19,Yes
30,71.24,5137.38,41,7,10,12,2,No
40,42.11,2553.46,62,7,6,12,15,No
33,84.34,5095.18,18,2,1,24,7,Yes
47,81.28,9587.76,50,2,9,36,25,Yes
21,144.31,8477.95,41,6,2,24,5,No
57,76.38,9445.49,34,5,0,12,24,No
33,122.13,8160.13,12,2,10,36,2,No
48,142.45,3870.13,42,7,0,12,4,Yes
59,134.01,8214.43,55,5,1,24,3,No
42,47.13,9267.7,59,2,0,36,5,No
61,84.48,9496.84,51,1,1,24,1,No
29,65.21,6990.38,53,5,0,24,21,No
43,71.98,2507.98,9,1,2,24,2,No
54,66.9,877.43,3,1,8,36,7,Yes
65,127.43,1898.4,8,2,8,12,14,Yes
50,78.78,9672.7,59,7,7,12,9,No
45,88.08,4889.92,30,5,8,36,14,Yes
26,147.72,8622.37,67,3,3,1,25,Yes
29,27.8,4917.92,55,1,7,36,26,No
22,83.43,6777.77,34,7,10,1,30,Yes
69,120.63,729.34,43,1,4,24,5,No
45,39.65,2873.72,28,1,3,12,11,No
52,99.5,4644.56,37,2,3,24,7,No
22,51.13,6490.99,30,2,1,1,22,Yes
51,132.76,2129.45,71,1,9,36,5,No
63,62.52,7763.24,62,7,8,24,24,Yes
51,62.78,3961.84,29,6,8,36,26,Yes
30,97.77,8265.64,2,2,0,36,24,Yes
56,43.86,1430.71,57,2,3,1,25,No
59,57.04,6957.69,57,2,8,36,15,Yes
62,74.16,3286.62,42,4,3,1,25,Yes
65,65.97,8056.14,49,5,1,36,14,No
31,88.23,4320.62,57,7,1,36,19,No
28,97.95,6820.82,71,2,9,36,14,No
59,93.67,9375.9,18,4,8,12,7,Yes
55,105.04,695.95,70,4,10,36,18,Yes
21,60.01,605.61,27,2,3,24,13,No
50,36.44,7817.65,54,7,0,12,26,Yes
24,118.9,6640.73,24,6,0,1,20,No
58,130.6,3283.31,34,4,0,36,15,No
25,53.41,5196.77,22,3,7,1,11,No
54,72.92,898.39,63,4,0,24,2,No
68,84.81,2328.23,36,5,4,24,25,Yes
27,89.33,4532.72,61,4,8,24,19,No
60,105.73,8423.42,42,2,3,24,4,Yes
32,25.41,5056.84,33,7,10,36,12,No
55,113.79,6070.44,9,6,8,1,14,Yes
32,28.06,8800.66,25,1,4,1,7,Yes
22,80.88,3433.78,13,7,8,1,13,Yes
46,127.6,7156.64,47,7,1,12,25,No
36,78.66,8685.84,45,3,7,12,14,No
68,39.38,2424.85,5,4,6,36,23,Yes
27,148.05,3886.54,31,6,6,12,29,Yes
29,135.61,9808.2,31,3,2,24,18,Yes
21,120.27,9840.58,71,7,9,36,7,No
48,73.5,2620.68,41,7,1,36,9,No
35,43.9,1131.24,46,5,10,36,12,No
33,142.38,3073.76,52,7,9,1,3,Yes
57,89.21,4278.45,5,4,0,12,10,Yes
53,130.81,4689.55,12,4,0,24,1,Yes
42,64.47,6378.66,21,3,6,36,29,Yes
40,63.59,9045.28,9,4,8,24,18,Yes
29,148.12,3638.31,17,7,0,36,23,Yes
51,87.84,8574.85,24,4,9,24,27,Yes
53,38.29,1388.05,27,1,3,1,20,No
54,48.56,897.81,8,3,1,24,17,No
20,82.65,5288.43,44,2,7,12,22,No
26,25.52,1066.79,62,7,8,24,20,No
35,80.13,4228.65,29,2,2,36,5,No
60,74.46,9019.39,24,5,2,36,13,No
52,121.31,2794.09,34,1,6,1,17,Yes
51,66.14,7206.77,60,3,8,1,10,No
58,147.73,3372.47,31,3,6,36,6,No
31,43.5,926.74,4,1,6,36,14,Yes
21,96.83,5788.56,9,1,1,24,0,Yes
46,31.66,8431.11,54,5,10,36,25,Yes
58,115.4,4389.95,1,2,0,1,9,Yes
62,149.32,6364.29,61,6,1,1,20,No
67,126.49,9050.22,31,3,5,12,8,Yes
32,92.24,8002.1,45,6,9,12,22,Yes
45,83.02,2341.83,60,1,7,36,29,Yes
59,128.55,7467.15,42,3,7,24,15,Yes
33,141.68,5267.98,27,2,5,36,15,Yes
29,148.6,7586.68,58,3,1,1,24,Yes
69,71.55,5197.9,69,6,8,1,24,No
22,148.82,1715.6,34,3,9,1,16,Yes
51,40.27,5914.14,10,1,3,36,23,No
59,52.96,5175.27,66,1,4,36,11,No
18,31.57,5420.26,25,1,0,12,6,No
56,55.33,8849.57,3,2,8,1,26,Yes
49,119.83,9000.95,34,7,10,12,1,Yes
43,130.88,4808.6,71,7,10,1,2,No
34,121.26,4829.45,28,7,10,12,5,Yes
65,102.04,5394.28,9,4,9,36,26,Yes
44,86.82,5436.1,11,2,0,24,26,Yes
41,112.13,9528.68,39,1,6,24,18,Yes
52,70.81,6669.3,13,5,10,1,7,Yes
63,129.37,3135.84,11,3,8,36,3,Yes
59,108.03,5549.6,35,3,2,1,28,Yes
56,110.71,6458.62,8,6,1,12,6,No
43,89.67,6577.83,7,3,9,36,3,Yes
66,135.08,6059.92,69,7,7,12,17,Yes
55,52.76,2188.49,70,6,3,12,6,No
40,69.55,819.14,57,3,0,1,23,No
39,121.09,3709.51,35,5,7,12,0,No
21,84.06,4561.46,11,6,5,1,4,Yes
66,135.6,1087.14,38,1,5,12,9,Yes
26,65.03,8242.19,49,4,3,1,13,Yes
21,68.01,3768.74,35,7,5,12,23,No
24,135.54,9179.51,29,3,1,12,0,Yes
40,80.37,1966.9,41,6,5,12,11,No
19,87.1,1040.88,6,4,1,1,18,Yes
66,63.26,5082.0,10,6,5,36,1,Yes
41,55.97,2296.73,23,2,8,24,13,Yes
57,105.27,9405.29,46,2,6,24,2,No
48,35.58,597.88,12,7,3,1,18,Yes
64,134.31,4419.89,55,3,0,1,2,Yes
48,121.3,9304.1,13,1,8,24,12,Yes
64,44.8,4151.97,7,5,0,36,16,Yes
57,110.22,1384.54,12,6,4,36,2,Yes
65,98.34,3377.5,61,3,6,24,13,No
68,43.99,5231.1,25,2,9,12,1,Yes
60,55.52,2258.94,2,2,9,12,12,Yes
51,73.17,4932.34,26,6,5,1,8,Yes
41,110.9,8445.26,51,6,2,24,9,No
66,103.03,8789.87,69,6,10,24,7,Yes
43,89.19,967.98,62,7,7,1,28,Yes
33,119.89,2028.58,72,4,10,36,28,Yes
64,118.53,3115.26,39,5,6,36,21,Yes
30,100.32,6151.23,11,6,8,24,6,Yes
32,122.31,3929.45,64,7,0,12,29,No
44,63.45,8518.39,42,6,7,24,0,No
21,134.56,7308.38,10,3,3,24,22,Yes
33,99.94,1454.33,19,1,6,12,7,Yes
47,126.91,6433.3,4,4,6,24,30,Yes
61,91.02,1573.62,3,5,3,36,7,Yes
47,48.4,2922.84,14,4,7,36,5,Yes
53,90.51,2189.77,10,7,0,12,22,Yes
20,68.24,2144.09,6,6,4,36,26,Yes
39,110.67,6355.76,31,1,3,12,17,Yes
66,81.85,5854.25,31,6,3,12,3,Yes
39,128.69,2172.27,48,2,2,24,23,Yes
67,108.15,9906.64,9,7,0,12,10,Yes
67,108.99,4507.45,26,6,4,36,30,Yes
66,48.23,1422.16,2,3,7,36,19,Yes
29,147.95,1645.41,4,3,9,1,23,Yes
38,129.42,6046.99,6,7,5,36,25,Yes
21,122.57,9801.16,30,1,0,24,15,No
48,62.93,5933.54,55,6,4,12,29,No
61,89.63,9515.89,28,3,5,36,11,Yes
48,37.82,4719.26,61,3,8,1,3,No
40,90.0,4640.49,55,6,8,1,8,Yes
37,38.97,5250.07,36,4,4,12,0,No
32,91.89,7125.54,5,1,2,36,5,Yes
40,104.33,3992.35,29,7,5,36,0,No
45,70.73,8706.92,12,4,10,1,27,Yes
33,84.81,778.17,22,3,7,36,21,Yes
54,133.83,4677.76,59,7,10,36,19,No
38,34.11,5354.42,39,7,4,12,23,No
32,122.93,6266.81,2,6,7,36,28,Yes
34,42.2,3122.68,14,7,0,36,7,No
67,24.77,4561.06,10,5,7,1,12,Yes
54,44.12,5103.11,48,6,1,24,30,No
30,119.46,7025.64,64,5,6,36,24,Yes
36,72.67,7848.67,3,4,1,12,22,Yes
47,133.43,7509.36,72,2,2,1,28,No
62,88.21,3745.04,60,6,4,1,26,No
35,22.89,9994.78,68,2,9,12,28,Yes
31,113.17,8562.32,21,1,6,24,23,Yes
53,34.33,2970.22,19,5,8,36,28,Yes
53,122.62,2353.51,20,7,4,36,26,Yes
37,41.85,3483.2,58,5,10,12,18,No
69,64.91,4797.28,42,4,0,1,25,No
36,118.97,8582.59,10,7,10,12,19,Yes
62,144.05,7894.44,23,6,2,24,3,No
61,68.29,8586.84,12,3,4,1,21,Yes
24,127.82,3083.59,9,1,2,24,6,Yes
61,44.8,6137.88,29,4,7,24,24,Yes
21,124.93,3190.87,20,2,7,1,29,Yes
51,105.47,1535.72,65,6,10,24,25,Yes
19,45.06,6999.88,3,3,0,1,21,No
22,59.33,1858.48,8,7,7,24,17,Yes
27,37.13,6843.13,39,1,3,24,9,No
49,69.79,6655.66,64,6,10,1,30,Yes
59,46.47,8197.36,31,3,5,24,25,Yes
58,103.72,1825.77,72,2,9,24,22,No
30,149.29,7943.06,22,4,7,36,14,Yes
56,21.56,9993.13,5,4,1,24,12,Yes
22,90.32,8584.9,58,5,7,12,25,No
27,94.58,7642.21,63,6,6,24,29,Yes
27,138.85,6790.57,61,7,3,12,24,No
55,85.78,4506.92,52,4,4,1,23,Yes
44,90.68,7439.75,33,5,5,1,19,Yes
68,81.31,7379.69,22,4,2,36,17,No
38,54.96,6499.23,51,1,1,1,23,No
25,27.28,8064.64,11,6,1,12,21,Yes
18,73.13,4763.26,58,7,3,1,11,Yes
45,26.84,1651.9,50,2,6,1,14,No
66,91.56,5811.14,70,6,0,24,7,No
56,59.95,3017.91,17,6,0,12,10,No
31,89.37,4152.11,46,3,3,12,24,Yes
38,37.46,665.44,44,2,8,12,2,Yes
47,141.24,4136.51,57,2,4,1,23,Yes
38,136.29,8183.61,5,5,0,12,13,Yes
66,44.7,5655.86,39,5,2,1,25,Yes
26,64.65,593.11,58,1,10,1,7,Yes
34,99.75,4963.52,9,3,5,36,20,Yes
22,32.44,3268.79,23,4,2,36,5,No
48,66.09,5036.73,47,4,10,1,20,Yes
69,52.64,4344.58,36,2,5,1,21,Yes
57,139.02,9353.8,31,6,5,24,0,No
55,130.83,891.18,23,1,4,36,25,Yes
60,95.38,6994.09,56,6,9,12,9,No
36,87.65,8584.75,71,3,4,36,25,No
53,140.99,9612.77,46,4,8,36,1,Yes
67,141.22,2187.54,58,2,2,36,7,Yes
50,146.01,5547.4,36,1,10,12,13,Yes
30,36.3,914.1,68,3,9,1,0,No
31,40.87,5242.24,60,6,6,36,24,No
50,107.98,1691.85,14,2,3,36,6,Yes
46,90.39,8460.02,25,2,1,1,0,Yes
60,22.4,1581.77,71,7,9,1,29,Yes
66,28.06,5376.24,44,6,2,24,4,No
53,135.45,5450.41,46,1,2,36,17,No
61,132.95,9730.68,13,1,2,1,29,Yes
27,66.45,6722.32,62,1,2,12,26,Yes
48,135.84,3234.48,19,1,9,12,27,Yes
23,97.18,2787.59,12,3,5,24,16,No
18,124.77,1718.36,48,1,5,36,16,Yes
24,75.57,7686.89,33,1,10,1,29,Yes
44,34.74,7062.19,37,1,8,12,12,Yes
38,76.38,6293.83,6,7,7,24,20,Yes
45,79.45,887.98,43,3,9,36,3,Yes
33,91.62,7746.87,50,4,6,12,20,Yes
63,33.73,6597.93,46,2,1,24,21,No
40,148.88,9656.94,28,5,9,1,15,Yes
69,51.74,6078.42,67,6,1,12,16,No
37,45.81,3387.54,11,7,0,36,17,No
55,88.48,4124.45,20,2,6,12,1,Yes
42,89.84,2170.49,30,3,6,1,20,Yes
45,77.18,7367.68,36,6,0,1,11,No
22,120.35,7223.36,68,1,5,24,30,No
38,87.17,2406.18,36,3,10,1,9,Yes
35,99.26,2005.65,58,7,6,36,8,Yes
64,114.09,1231.55,28,7,0,36,22,No
23,23.25,9163.77,39,4,5,12,25,No
46,94.18,2714.16,66,5,9,12,3,No
36,134.95,3769.55,43,4,8,1,14,Yes
50,22.26,3164.79,5,1,0,1,20,Yes
18,72.67,4429.43,13,3,1,1,26,Yes
62,140.41,7283.46,9,3,1,1,22,Yes
20,65.91,8770.66,57,1,9,12,29,No
59,79.63,2234.69,27,1,2,36,9,No
38,147.6,7020.92,61,5,3,24,8,No
52,45.91,3849.34,50,4,6,12,27,Yes
58,28.48,9815.01,34,1,2,12,25,Yes
57,131.72,3339.73,65,1,6,36,6,Yes
20,132.9,568.33,45,4,4,24,10,No
42,81.37,5398.58,34,1,4,36,28,Yes
62,86.85,1931.95,8,6,6,1,1,Yes
55,128.65,922.7,48,5,6,24,19,Yes
62,116.01,7133.56,36,5,6,12,25,Yes
37,54.47,7456.46,66,7,8,1,28,No
69,22.2,4876.64,11,4,0,1,19,Yes
61,82.36,6930.41,52,7,0,1,29,No
62,131.66,5613.27,36,2,2,1,26,Yes
51,136.46,6483.11,31,5,5,1,24,Yes
38,144.31,6168.69,24,3,1,1,23,Yes
65,134.34,6825.32,21,3,8,24,15,Yes
40,95.41,2396.49,30,2,0,1,5,No
23,77.8,3052.71,72,5,4,24,7,No
68,120.73,4679.65,64,7,6,24,22,Yes
30,116.18,4738.22,39,1,9,36,23,Yes
66,89.96,7856.91,1,6,2,36,28,Yes
40,31.35,3990.24,42,2,1,24,30,No
26,140.39,2043.8,5,1,2,1,22,Yes
34,79.23,2888.93,12,6,6,36,17,Yes
19,67.23,2539.97,29,3,0,1,10,No
36,101.84,7450.77,3,6,7,1,27,Yes
36,107.6,4968.23,61,2,2,36,21,No
24,47.39,7231.99,51,5,4,36,3,No
59,128.8,4454.09,36,3,9,36,3,Yes
59,57.69,8952.49,2,5,10,1,30,Yes
37,44.27,9843.44,29,1,4,12,9,No
26,72.83,6863.5,41,5,5,12,21,No
34,114.97,8706.22,29,6,6,36,15,Yes
44,145.51,5325.37,64,2,10,1,23,Yes
64,125.21,9378.9,58,1,0,12,20,Yes
19,142.25,8400.07,10,2,5,36,29,Yes
53,38.28,9921.9,11,6,1,1,2,No
36,29.25,6419.39,7,1,9,1,11,Yes
34,92.5,7902.46,61,7,2,1,16,No
22,57.74,5657.25,66,7,4,1,4,No
56,127.65,2961.64,53,2,0,1,2,Yes
35,107.36,3870.17,65,3,6,1,15,No
24,146.19,8993.05,27,7,0,1,18,Yes
34,53.12,1031.51,7,2,7,36,3,Yes
56,83.15,6119.06,65,3,10,36,8,No
53,85.16,4038.6,58,6,5,24,3,No
57,51.09,4173.58,25,4,10,36,20,Yes
62,96.71,8903.43,48,5,0,36,9,Yes
21,77.63,8611.31,4,7,6,24,20,No
55,78.07,6189.0,8,1,9,36,30,Yes
42,67.16,3092.73,68,5,2,12,16,No
22,22.2,5016.84,60,6,6,12,15,No
47,87.87,4378.79,4,3,10,36,6,Yes
29,63.58,3859.37,8,7,7,36,14,No
21,20.17,1476.46,16,3,9,36,17,No
41,60.03,5659.58,19,3,2,36,5,Yes
46,56.22,3367.4,1,2,4,24,29,Yes
26,71.15,6777.68,34,5,9,24,14,No
21,37.14,3532.44,45,7,1,36,10,No
68,86.0,4596.05,63,3,1,36,19,No
41,110.02,997.42,6,4,0,24,30,No
31,101.92,9929.11,36,6,2,12,29,No
22,124.49,5322.3,66,3,3,1,4,No
35,78.76,730.26,8,7,2,36,15,Yes
59,87.48,5641.69,67,5,10,12,11,Yes
36,125.35,8768.36,27,3,7,1,20,No
29,75.6,7839.25,34,3,0,1,3,No
35,111.21,7158.61,28,1,4,12,29,Yes
34,76.5,1824.91,31,3,6,36,1,No
47,74.31,6748.5,17,5,8,1,27,Yes
41,118.83,7779.83,55,6,0,36,15,No
28,42.73,5937.98,9,1,8,36,7,Yes
52,64.02,8981.12,57,1,10,12,30,Yes
40,49.14,3131.4,45,3,8,24,30,Yes
34,66.68,2800.37,6,3,3,36,30,Yes
18,49.95,8760.91,14,4,9,24,16,Yes
32,95.32,6441.28,31,7,4,12,8,No
49,123.76,513.75,54,7,5,12,5,No
26,122.26,3854.75,11,5,3,12,3,Yes
32,67.39,8649.63,69,6,5,12,21,No
45,148.54,759.54,2,7,4,1,26,Yes
41,97.2,530.86,17,5,2,24,24,No
52,71.92,3171.96,36,2,2,12,12,No
39,128.62,9183.0,3,6,8,12,13,Yes
44,114.88,9064.04,63,2,4,36,11,Yes
36,117.41,5428.24,43,5,10,24,27,Yes
62,45.5,5755.75,33,3,2,12,24,No
29,80.88,3654.08,29,1,7,24,2,Yes
37,132.04,2815.5,23,4,7,24,28,Yes
18,85.52,8244.61,59,3,2,12,14,Yes
38,108.85,1509.8,49,6,6,1,14,Yes
66,96.43,5129.87,55,6,8,12,14,Yes
62,129.51,6526.77,28,1,2,1,14,Yes
18,56.99,1484.96,71,6,7,12,7,No
27,94.81,5436.27,72,5,0,1,16,No
64,36.02,5986.45,25,7,2,36,24,No
49,109.73,7553.71,7,6,3,24,22,Yes
56,115.16,2730.94,34,3,2,24,13,Yes
39,25.57,3286.61,22,6,8,12,25,Yes
35,107.85,5910.45,67,4,9,12,30,Yes
65,73.91,9839.7,50,7,4,1,22,Yes
63,36.13,2566.19,48,6,2,1,5,No
49,74.59,9866.09,72,7,2,1,16,No
44,45.25,7286.25,70,2,10,1,28,Yes
45,74.02,8347.78,57,1,1,1,1,No
35,69.96,1351.59,25,3,9,12,10,Yes
56,115.99,3353.99,66,4,5,24,15,Yes
66,120.65,1048.49,16,3,8,1,18,Yes
46,98.91,4029.7,58,5,6,24,16,No
35,22.95,9822.25,41,1,1,24,20,No
61,141.03,1500.09,51,5,8,12,26,Yes
25,109.21,5842.54,21,6,2,36,20,Yes
48,24.45,557.67,56,5,6,1,5,Yes
51,126.45,7270.49,47,6,9,1,13,Yes
24,46.03,2373.33,43,2,6,1,12,No
53,95.3,1731.05,31,5,3,1,22,Yes
35,80.66,3701.67,15,4,3,12,25,Yes
55,74.58,7824.92,48,1,1,36,24,No
26,135.66,1512.82,62,2,1,12,28,Yes
26,76.86,2683.47,70,7,1,1,6,No
63,29.79,580.41,3,3,10,1,12,Yes
25,143.06,9699.94,38,5,4,24,5,Yes
68,139.67,6125.38,58,3,2,24,28,No
52,108.98,7339.05,67,2,9,36,30,Yes
35,80.83,6688.14,45,3,6,1,24,Yes
22,32.07,1871.46,44,4,6,1,1,No
31,122.8,6151.93,8,2,5,36,21,Yes
45,29.81,1748.45,66,1,7,24,4,No
47,28.92,4311.75,71,1,10,24,11,No
21,89.86,5905.15,61,7,3,1,14,Yes
56,40.82,5809.37,17,1,8,24,5,No
37,21.0,1631.2,71,1,9,36,30,Yes
42,75.0,827.14,36,2,9,12,30,Yes
45,37.84,8083.23,68,2,4,24,25,No
29,40.87,7396.26,21,6,3,36,0,No
19,30.0,1277.28,46,2,2,1,10,No
60,46.66,1710.45,46,5,8,12,20,Yes
31,113.01,8979.55,16,6,3,36,11,Yes
39,125.16,7806.72,22,2,8,12,23,Yes
48,78.83,9963.52,6,2,10,24,2,No
40,85.85,2912.88,56,7,0,1,29,Yes
65,24.25,5134.13,45,2,4,24,18,No
37,29.01,2746.37,58,1,0,24,12,No
55,53.48,6416.6,28,4,8,36,28,Yes
21,90.71,1596.44,17,1,6,36,10,Yes
32,116.14,1708.81,36,6,9,24,22,Yes
41,98.65,1182.93,12,7,8,36,6,Yes
42,70.98,7089.07,50,4,4,36,11,No
18,35.38,5193.69,59,7,9,12,17,No
24,121.5,6368.45,12,4,8,24,28,Yes
48,67.29,8853.36,62,7,3,24,15,No
29,115.69,7533.12,40,4,2,36,7,No
59,86.69,4886.37,2,7,1,24,30,Yes
22,116.03,9851.38,25,6,3,24,20,Yes
61,137.95,4834.43,31,6,2,36,24,Yes
67,139.73,1568.28,47,1,8,1,12,Yes
59,89.56,9930.22,60,5,7,36,16,Yes
55,86.5,716.8,41,7,0,1,26,Yes
29,54.54,5723.89,50,3,1,1,3,No
56,141.65,3436.41,23,5,2,12,23,Yes
35,79.53,5283.75,12,1,5,1,8,No
19,36.59,5807.77,71,4,4,24,8,No
27,76.25,2780.91,22,3,10,36,9,No
32,36.52,5790.16,56,5,4,24,10,No
47,85.33,7682.58,16,7,5,1,0,Yes
61,92.97,3031.84,58,6,7,36,16,No
34,63.91,4142.55,72,7,0,36,6,No
21,29.31,3048.31,51,6,4,36,10,No
24,142.66,8295.32,6,2,5,36,12,Yes
58,120.54,7387.33,2,6,10,12,27,Yes
48,129.05,8776.37,62,5,9,12,5,Yes
68,67.69,2115.47,42,1,10,12,29,Yes
56,118.91,1199.01,43,3,5,36,22,Yes
51,83.1,1634.14,52,2,8,24,7,Yes
23,46.14,2029.67,58,7,9,1,26,No
67,36.18,5564.29,20,6,6,12,21,Yes
55,64.86,9723.66,56,6,3,24,9,No
62,37.88,3893.74,67,7,6,12,13,No
68,149.77,9605.83,59,3,6,12,25,Yes
51,26.39,862.91,48,3,10,1,11,No
61,77.35,9305.29,35,7,10,36,25,Yes
32,78.77,2220.95,8,5,5,24,22,Yes
31,59.08,9168.51,32,6,7,12,10,No
23,94.28,1034.16,45,4,7,36,6,Yes
67,39.5,9508.08,67,6,9,24,22,No
54,121.91,2407.58,27,5,5,12,12,Yes
67,63.22,3375.78,3,2,10,36,29,Yes
49,96.87,5163.95,57,1,1,1,1,No
20,113.03,4116.85,65,6,4,12,2,No
20,135.58,6841.52,20,5,0,36,25,Yes
39,128.65,9760.67,71,4,9,1,24,Yes
39,99.08,6261.05,41,4,9,36,0,No
27,70.49,7354.11,1,5,9,12,28,Yes
68,85.42,1336.05,4,2,10,1,23,Yes
20,119.94,6464.22,71,4,8,12,22,Yes
29,134.08,4811.57,10,4,3,36,5,Yes
46,33.49,8914.93,29,6,0,36,0,No
65,70.03,4188.01,15,6,2,12,24,Yes
34,120.9,6954.81,19,7,9,12,1,Yes
24,76.11,2667.46,58,2,1,24,9,No
30,63.19,2964.04,53,2,8,24,11,No
19,73.47,4073.16,46,2,6,12,4,No
21,98.37,3388.6,18,7,9,36,8,Yes
27,149.97,2911.85,3,2,9,36,11,Yes
56,84.09,971.85,70,5,5,36,7,No
41,47.1,8449.09,22,5,3,24,9,Yes
34,41.17,1110.86,55,3,10,36,30,No
69,25.51,8929.97,64,7,3,24,13,No
23,92.65,1691.92,41,3,6,36,19,Yes
36,90.79,1119.99,8,7,7,12,14,Yes
22,46.68,5848.55,65,3,3,36,7,No
49,110.39,5273.2,3,4,6,12,8,Yes
27,116.34,5166.73,29,2,2,12,27,No
26,53.68,5957.79,70,5,8,36,30,No
44,64.73,3227.04,18,5,2,24,26,Yes
30,148.76,6798.02,58,2,2,24,4,No
36,68.65,5272.82,1,3,9,24,0,Yes
38,118.9,3680.06,22,6,1,36,10,No
41,78.85,8351.76,23,7,2,12,21,Yes
55,123.13,7413.35,8,4,7,24,3,Yes
21,119.97,4239.3,29,5,1,24,5,No
41,106.81,8552.37,44,1,0,1,16,Yes
52,131.12,9242.45,62,4,4,36,3,No
20,142.1,5600.23,19,4,7,36,4,Yes
21,95.4,2542.05,59,3,5,36,21,No
54,50.87,9200.03,19,2,1,1,13,Yes
57,71.82,2300.06,22,7,8,12,20,No
65,118.58,960.02,68,7,3,12,17,No
52,104.61,3611.13,5,1,2,24,2,Yes
48,43.11,7406.18,5,3,3,1,20,No
61,26.66,9271.1,25,2,2,1,10,No
42,108.79,6554.21,24,7,7,12,14,Yes
57,52.64,9542.47,1,1,0,24,6,No
30,84.96,1377.52,28,6,0,36,3,No
21,117.08,1077.16,47,6,8,36,26,Yes
63,93.15,6239.82,60,5,6,36,5,Yes
31,30.83,9678.11,19,1,8,12,24,Yes
30,44.13,5275.85,14,3,2,36,9,No
44,48.51,989.39,70,1,2,24,6,No
23,53.52,2601.58,8,1,1,1,2,Yes
34,93.5,2825.53,37,1,1,24,14,No
53,85.52,3709.64,72,5,10,1,26,Yes
57,46.41,914.23,10,6,8,36,20,Yes
66,28.78,9096.48,67,6,1,1,24,Yes
52,42.29,5397.86,13,2,3,36,15,No
34,147.97,6873.84,39,1,10,1,20,Yes
58,80.91,1138.14,64,7,3,12,2,No
19,132.75,1014.1,30,4,8,12,23,Yes
30,130.34,6071.44,4,7,2,12,22,Yes
69,86.5,8929.31,45,3,9,24,11,Yes
19,111.87,5520.58,6,4,1,12,4,Yes
69,45.06,8839.28,16,7,2,1,4,No
45,109.49,8204.42,22,2,8,36,0,Yes
60,55.41,1220.61,21,3,4,12,23,Yes
43,128.17,2418.6,65,2,4,36,5,Yes
39,30.88,6748.25,30,7,6,1,14,Yes
64,120.51,4713.26,24,3,0,12,20,Yes
60,32.99,3261.65,64,6,9,24,12,No
20,134.55,4477.02,13,6,4,24,6,Yes
52,59.55,4729.4,26,4,8,1,17,Yes
29,105.07,9150.25,20,4,5,12,18,Yes
41,83.38,1482.85,61,7,7,12,24,Yes
22,67.62,3157.44,6,5,9,1,20,Yes
37,103.91,5606.87,43,7,7,24,5,No
56,143.18,7133.73,49,7,0,12,7,Yes
56,25.37,6491.05,9,7,7,12,29,Yes
30,139.45,9445.61,37,2,5,12,2,No
58,99.18,8058.28,16,4,3,36,16,Yes
62,124.95,5792.23,4,3,2,36,13,Yes
29,69.9,2539.49,32,1,4,24,28,Yes
30,81.34,4783.31,17,7,4,12,19,Yes
27,132.95,7087.13,41,1,6,24,13,Yes
50,73.93,8460.64,45,1,8,36,1,No
57,89.51,9617.49,16,5,10,36,24,Yes
33,22.63,6251.8,20,7,0,12,3,No
62,40.62,5505.73,42,4,8,24,8,Yes
52,103.42,668.07,10,2,2,1,22,Yes
20,113.21,1184.94,52,2,5,24,30,Yes
22,95.74,1983.0,60,7,5,1,15,No
43,38.63,1020.22,48,7,3,12,22,No
28,77.9,4308.2,23,5,1,36,0,No
24,66.16,3700.35,33,3,4,12,1,No
27,84.44,6554.86,25,6,2,36,22,Yes
59,133.14,5588.82,50,7,3,12,11,Yes
69,120.86,6161.72,70,4,5,1,15,Yes
51,30.92,4983.78,55,4,10,12,20,Yes
20,135.74,3138.5,68,3,6,24,22,Yes
25,81.33,9551.84,4,3,1,24,14,Yes
48,116.7,1320.89,28,4,10,1,18,Yes
28,38.21,9419.46,29,4,2,24,23,No
62,107.19,3456.76,48,1,6,1,19,No
24,50.72,5370.28,72,7,4,1,23,No
62,76.99,1534.0,13,7,3,36,5,Yes
19,22.19,1173.85,43,7,3,36,24,No
23,39.71,4580.68,9,2,8,12,21,Yes
58,31.97,7546.13,40,1,8,36,19,No
49,51.17,3058.97,46,1,9,1,18,No
37,33.0,5842.3,58,2,6,36,14,No
51,109.95,3147.18,56,5,0,24,29,No
67,23.78,4191.82,12,6,0,24,3,No
33,100.31,9111.24,25,5,2,12,15,Yes
42,38.29,8630.48,16,5,2,1,10,No
29,142.87,5402.17,51,5,6,12,6,Yes
24,141.3,2762.0,72,3,1,12,23,No
56,49.32,2335.25,53,1,7,36,1,Yes
34,99.87,9563.83,52,3,0,12,24,Yes
62,23.64,2425.81,67,7,10,36,6,No
28,141.13,8177.6,24,3,7,36,22,Yes
23,87.99,4005.22,14,2,8,12,28,Yes
40,25.62,9863.77,22,5,4,12,11,No
44,64.52,3997.48,31,4,10,1,25,Yes
63,29.99,3839.41,58,5,3,36,13,No
23,71.08,6555.9,69,1,5,24,14,No
55,107.09,9634.41,19,3,5,1,19,Yes
19,81.09,9773.99,53,1,7,36,6,No
39,69.88,7218.46,2,3,7,36,17,Yes
37,35.49,7668.76,53,3,0,36,10,No
42,51.84,5852.32,67,3,8,36,9,No
32,33.02,7679.87,47,4,9,36,13,Yes
66,124.97,8667.91,53,7,0,1,29,Yes
46,37.58,5117.91,57,5,2,36,2,No
25,97.4,6388.69,25,3,6,12,17,Yes
54,64.56,5604.51,35,2,4,24,11,No
66,49.38,5843.47,29,6,5,1,20,Yes
69,103.13,8955.46,17,6,7,1,0,Yes
50,79.41,3878.36,49,3,3,24,29,No
39,72.02,2477.75,56,5,3,1,12,No
67,97.07,4834.66,3,5,7,36,1,Yes
64,83.86,2476.81,22,7,2,36,14,No
22,59.45,5234.8,14,7,5,24,30,Yes
56,92.68,9083.33,3,4,3,1,10,Yes
35,107.03,6365.62,38,3,5,12,5,Yes
55,23.47,8626.61,21,2,3,24,5,No
54,80.56,2078.81,51,4,1,1,27,Yes
47,27.5,9058.3,24,4,9,1,23,No
68,44.23,6216.98,45,3,10,24,24,Yes
48,92.87,801.72,69,3,10,36,24,Yes
27,132.6,6514.63,44,4,2,24,22,Yes
32,134.76,9538.27,47,4,10,24,11,Yes
59,29.09,1252.09,57,4,7,24,15,No
65,74.48,6033.33,19,1,0,24,15,No
61,95.79,9197.05,34,4,10,24,9,No
35,39.12,592.1,3,5,9,36,16,No
40,119.51,6493.67,39,6,5,12,19,Yes
50,116.75,5011.57,60,2,8,36,22,Yes
33,137.43,3796.4,10,2,0,12,1,Yes
55,21.1,6461.6,40,6,3,36,27,No
52,48.17,1000.67,2,3,6,24,24,Yes
51,127.53,7654.1,45,7,5,1,12,Yes
45,107.18,542.56,27,4,5,12,16,Yes
19,136.27,3415.89,53,2,8,12,8,Yes
47,27.43,5287.61,9,2,7,1,14,No
30,97.61,4081.71,1,5,4,12,6,Yes
58,93.98,3421.02,33,5,10,36,12,Yes
33,24.64,8392.93,38,1,10,12,9,Yes
22,86.76,9380.91,57,6,1,36,21,No
45,99.24,8800.27,33,1,2,24,29,Yes
56,44.87,5463.1,48,2,9,12,27,Yes
62,55.53,8899.56,3,3,2,12,22,Yes
37,103.25,9248.18,32,2,3,12,17,Yes
41,80.88,4387.76,21,3,1,36,9,Yes
44,131.54,3192.74,68,7,7,24,27,Yes
47,64.51,1433.52,17,2,7,1,17,Yes
62,54.67,5051.37,42,5,7,1,13,No
44,148.03,9489.82,68,4,9,1,18,Yes
43,138.45,5828.62,12,2,4,36,21,Yes
24,23.77,6841.84,45,1,9,1,0,No
59,120.19,1572.4,36,7,5,12,26,Yes
64,34.34,1863.44,51,7,5,24,3,No
55,23.57,4912.5,7,3,6,24,23,No
22,55.58,9537.02,33,3,0,36,23,No
40,55.01,3927.45,48,2,9,12,13,No
45,126.51,8836.1,66,3,2,1,4,No
51,112.39,1642.74,33,1,10,24,22,Yes
32,147.61,6361.66,27,5,2,12,4,Yes
49,112.5,6205.82,47,4,10,12,19,Yes
43,74.37,8668.81,66,4,6,36,21,No
65,110.86,531.51,43,3,5,36,13,Yes
48,149.93,2304.35,19,2,8,12,7,Yes
36,112.32,2587.03,68,3,8,36,11,No
26,119.02,9524.68,10,7,8,12,25,Yes
46,141.99,1960.09,22,1,3,36,16,Yes
68,34.77,851.14,66,6,2,24,2,No
56,111.62,5577.38,2,2,3,36,3,Yes
21,130.6,5521.31,18,5,2,12,4,Yes
20,144.07,8518.45,19,1,6,24,0,No
46,47.43,9514.17,30,5,10,12,24,Yes
69,85.51,5616.18,6,2,2,12,23,Yes
28,108.47,9334.94,27,5,0,36,1,No
50,52.17,7389.01,15,1,7,24,4,Yes
55,98.06,3013.31,31,1,5,12,24,Yes
28,53.49,9320.0,44,3,4,1,28,Yes
44,63.35,6840.71,10,6,7,36,18,No
50,77.4,4433.91,21,2,10,24,4,No
38,88.79,6962.3,47,4,7,24,24,Yes
56,78.42,4312.47,55,7,2,12,21,No
48,84.12,1584.75,36,6,2,24,12,No
55,58.82,7330.3,58,4,9,24,4,No
63,40.67,8328.83,19,5,6,1,7,No
19,26.16,7423.66,64,4,2,24,29,No
44,45.48,2676.59,10,4,8,1,20,Yes
53,95.65,9588.03,49,7,7,36,8,No
28,122.2,739.92,54,1,7,36,14,No
64,42.0,3660.51,61,1,8,36,26,No
35,34.11,2970.88,59,1,7,24,28,No
18,117.41,957.2,2,4,3,36,2,Yes
52,59.67,4354.43,8,5,6,1,0,Yes
52,143.69,6419.59,19,2,5,24,19,Yes
48,112.86,8884.25,68,7,0,24,6,No
45,62.48,9902.05,14,3,4,1,12,No
56,57.64,8176.85,22,5,1,1,2,Yes
18,88.08,4952.46,17,7,8,1,28,Yes
42,30.29,7375.19,63,7,10,36,9,No
60,35.3,8514.43,26,1,2,24,23,Yes
55,42.86,4920.42,36,5,6,12,17,No
37,120.71,7958.02,45,2,1,12,15,Yes
20,86.8,5085.2,30,6,6,24,8,No
68,21.37,4171.71,21,1,3,24,14,Yes
19,107.56,5497.86,20,2,10,1,13,Yes
35,75.08,6920.62,42,6,5,36,18,No
61,86.41,7405.38,56,3,8,1,26,Yes
27,47.84,3888.99,12,5,7,1,29,Yes
22,91.73,5927.54,8,3,8,12,5,Yes
26,147.29,9143.77,63,7,4,36,6,No
19,29.55,9774.97,56,4,4,24,4,No
51,56.91,2658.86,7,5,3,24,25,Yes
55,51.59,2331.9,62,7,8,12,12,No
48,52.31,6928.51,61,6,9,1,4,Yes
27,69.23,4439.5,10,4,7,36,13,Yes
67,126.35,730.11,50,2,5,1,0,Yes
29,138.67,3795.19,20,4,9,36,19,Yes
53,46.29,8164.08,28,6,5,1,0,Yes
38,90.58,8075.56,14,6,5,36,8,No
66,102.8,5199.51,8,2,5,1,8,Yes
64,87.84,4989.49,7,3,6,12,14,Yes
23,76.43,6005.32,5,1,5,36,4,No
65,44.96,2584.27,1,3,7,1,20,Yes
66,83.47,5497.41,10,7,6,36,28,Yes
20,72.16,604.94,58,4,1,1,20,Yes
27,123.42,5017.82,65,2,9,12,30,Yes
22,119.27,3692.48,60,4,3,36,6,Yes
63,37.42,6911.26,20,6,10,1,30,Yes
43,31.51,6564.36,58,7,6,12,21,No
38,138.06,4117.94,43,7,1,1,1,Yes
62,89.62,569.09,29,1,3,24,10,No
43,131.51,2896.6,2,5,1,1,9,Yes
55,27.56,6516.8,26,5,1,24,18,No
61,88.45,1187.55,59,5,6,12,4,Yes
43,90.13,1522.6,1,4,10,1,22,Yes
25,131.89,6646.83,31,5,1,36,14,Yes
22,32.69,7679.79,38,2,3,36,1,No
32,51.26,3554.72,22,1,6,36,10,Yes
33,72.85,5151.89,66,7,5,36,3,No
18,132.56,9484.26,47,6,3,1,16,Yes
33,142.05,9482.66,1,3,8,1,22,Yes
54,149.05,3421.28,50,6,4,24,30,Yes
20,144.7,8194.88,36,2,1,1,30,No
69,20.77,6142.47,45,1,6,12,26,No
64,26.2,9767.1,36,3,9,36,29,No
48,39.19,5037.33,34,5,1,1,1,No
30,65.35,7859.72,9,3,7,12,23,Yes
33,127.89,7797.3,4,7,6,24,9,Yes
60,136.05,5225.61,63,4,8,12,27,Yes
38,44.29,8058.49,4,4,5,24,10,Yes
19,100.56,2979.88,5,5,6,36,0,No
44,139.26,1661.4,10,5,9,24,17,Yes
55,80.29,4539.06,44,2,8,24,23,Yes
43,33.46,9464.49,40,2,6,12,4,No
55,79.52,5257.07,36,6,8,36,29,Yes
63,68.85,6534.96,35,7,7,12,4,No
42,95.1,6429.54,59,4,4,36,26,No
28,77.03,1759.44,65,1,6,12,22,Yes
25,22.25,4207.82,31,2,6,1,29,Yes
25,149.22,7215.92,46,1,0,12,3,Yes
50,90.66,9733.91,49,6,3,24,8,No
24,81.57,2096.17,6,4,4,12,18,Yes
55,144.1,4399.2,70,2,5,24,23,Yes
38,40.26,1403.39,19,1,6,12,2,Yes
25,44.6,2802.58,42,6,4,12,14,Yes
68,125.04,4079.21,30,1,1,24,23,Yes
38,53.91,5636.11,26,2,4,36,13,Yes
37,123.9,2690.39,3,5,4,12,0,Yes
25,55.3,2661.85,33,6,6,1,9,Yes
63,24.31,7889.38,50,6,2,1,12,No
48,87.21,9645.1,31,3,0,24,25,No
67,45.57,3574.32,68,5,5,24,22,No
46,118.52,7035.92,10,6,6,24,11,Yes
65,103.36,2951.76,22,3,10,1,0,Yes
26,140.07,9315.55,63,1,9,24,1,No
32,121.79,6892.57,54,2,7,24,26,Yes
47,43.5,8125.43,51,6,6,36,10,No
43,124.02,968.86,4,4,6,1,11,Yes
27,103.43,6185.81,37,2,6,36,27,Yes
46,106.96,5512.32,71,5,0,36,0,No
33,128.19,3283.47,63,3,8,24,9,Yes
53,94.6,2993.08,51,2,8,36,2,Yes
37,80.58,6010.24,8,3,6,12,8,Yes
62,102.76,7211.61,1,5,8,12,16,Yes
54,58.73,815.14,8,5,10,12,18,Yes
39,43.74,5890.32,55,2,3,36,17,No
24,100.16,2119.37,9,6,6,12,4,Yes
40,50.4,1833.45,51,4,1,1,27,No
58,30.39,6419.64,16,6,5,12,30,Yes
57,20.07,3453.27,53,7,1,12,6,No
46,99.08,4688.36,59,4,9,36,14,Yes
33,67.08,3919.99,45,3,2,1,5,No
55,117.8,6659.2,37,2,10,36,25,Yes
45,68.77,4966.14,66,1,10,1,4,Yes
65,83.18,9652.86,64,5,0,1,28,Yes
55,72.92,3847.64,36,6,6,36,18,No
48,104.57,7532.7,50,3,1,12,12,No
31,66.3,2944.28,53,5,2,24,6,No
50,145.29,5333.15,57,3,0,24,27,Yes
26,141.7,5749.41,19,2,2,12,24,Yes
44,130.24,3626.54,26,3,10,24,1,Yes
41,139.64,4981.92,68,3,3,24,5,Yes
30,78.39,3153.15,43,7,6,1,14,Yes
43,89.74,557.01,58,1,5,36,27,No
46,116.47,2548.66,59,3,0,36,4,No
68,110.5,7150.61,46,4,10,12,24,Yes
66,135.79,7824.15,68,3,3,12,23,No
60,113.12,3161.93,40,3,8,36,24,Yes
45,149.73,4376.41,13,2,2,24,22,Yes
45,65.31,854.97,9,3,5,12,4,Yes
25,128.29,2752.1,66,7,10,1,3,Yes
40,110.69,7902.58,53,1,1,36,29,Yes
46,109.88,6256.87,4,2,4,24,12,Yes
22,62.36,2454.82,14,7,8,1,23,Yes
59,122.13,2945.7,8,5,1,36,17,No
24,137.05,8259.62,62,4,2,36,0,No
59,48.41,2486.3,45,4,1,24,2,No
53,101.31,3674.5,67,5,1,12,6,No
58,70.98,6811.41,62,3,5,1,0,No
44,148.64,5830.57,70,1,5,1,20,Yes
63,82.25,4878.27,36,1,4,1,13,No
19,49.68,9047.54,1,1,1,36,14,No
42,69.64,2587.25,60,1,0,24,15,Yes
26,105.0,7543.49,13,7,2,24,4,No
44,29.89,2011.11,12,3,2,36,2,No
18,98.47,6349.47,17,5,8,1,26,Yes
40,141.06,8770.92,47,7,3,1,16,No
27,130.55,4850.07,53,7,8,24,4,No
59,28.8,7380.8,67,5,10,12,23,No
69,149.14,8293.74,10,4,0,36,24,Yes
42,110.83,1792.25,46,5,2,12,27,Yes
20,41.1,7205.36,4,1,0,1,28,Yes
23,21.61,9238.49,57,3,5,36,21,No
23,42.27,5975.52,38,7,0,36,0,No
19,128.96,2268.16,12,2,1,12,29,Yes
35,22.81,1705.95,31,2,8,36,12,No
40,50.31,2967.49,2,1,10,24,30,Yes
19,118.45,1483.38,1,6,0,12,20,No
29,96.19,5377.24,25,4,3,24,17,Yes
39,121.76,1162.19,5,7,5,1,0,Yes
54,117.0,2622.34,48,2,1,12,28,Yes
37,26.58,4679.15,14,6,0,36,18,No
56,136.03,5002.19,52,1,3,12,26,Yes
41,49.51,5871.29,21,7,2,24,25,Yes
65,91.94,7203.34,25,7,6,24,20,Yes
37,103.76,948.67,67,7,6,1,24,Yes
18,41.92,1265.9,50,3,9,36,22,No
18,146.91,1078.16,33,2,10,36,5,Yes
34,83.46,4519.93,17,1,6,1,8,Yes
18,27.49,897.56,70,2,8,24,13,No
69,141.84,7587.77,34,3,8,36,29,Yes
62,96.21,2618.5,26,5,3,36,21,No
47,110.9,9422.52,42,5,8,24,10,Yes
58,88.27,5120.84,31,3,10,1,3,Yes
64,128.52,4740.09,51,3,6,24,6,Yes
20,24.31,7915.12,36,5,5,36,28,Yes
63,54.89,7274.96,13,3,10,12,17,Yes
28,81.05,6269.44,13,7,8,1,17,Yes
41,29.96,9383.89,32,3,3,12,5,Yes
39,111.77,4511.46,5,3,0,24,28,Yes
61,71.18,8181.05,12,5,5,1,4,Yes
62,55.45,4110.88,59,5,0,1,5,No
43,20.44,8464.28,41,6,9,1,1,No
30,113.58,2965.01,37,2,8,24,1,Yes
18,128.4,3248.04,68,5,4,1,0,Yes
41,71.36,6939.76,48,2,1,1,17,Yes
27,93.35,2520.78,43,7,7,36,29,Yes
52,49.6,2676.96,41,7,9,1,26,Yes
41,100.89,3399.99,56,5,10,36,9,Yes
45,21.58,6949.82,69,4,5,1,6,No
53,83.52,8949.19,11,2,2,24,1,Yes
33,103.75,6908.39,9,3,10,1,18,Yes
57,139.36,8364.24,28,4,1,1,26,Yes
33,69.57,5663.83,22,6,9,24,28,Yes
34,119.47,1154.77,6,5,10,1,21,Yes
68,97.7,1454.43,26,5,3,12,21,Yes
32,140.51,5766.72,16,6,0,1,9,Yes
33,71.79,3614.11,14,4,0,1,26,Yes
32,61.48,2595.4,35,1,4,36,24,Yes
51,135.33,4929.44,42,7,9,36,11,Yes
28,26.4,6831.72,53,3,8,12,26,No
18,37.73,4157.42,22,2,4,24,11,No
32,30.71,8124.15,53,4,5,1,30,Yes
43,129.6,7515.97,66,2,9,36,14,No
68,21.38,7481.69,13,5,8,12,17,No
21,132.02,9859.3,11,1,2,24,30,Yes
60,78.66,3304.68,12,6,3,36,22,Yes
22,20.52,6624.89,53,1,1,24,0,No
52,72.21,8627.04,9,2,3,12,5,Yes
30,44.28,6005.48,71,6,7,24,8,No
27,101.17,8000.27,17,7,1,24,23,Yes
28,108.32,4437.3,61,5,3,12,5,No
35,83.38,6109.67,10,6,7,24,28,Yes
51,25.27,1028.83,38,7,6,12,5,No
56,105.3,9864.79,39,6,8,24,5,Yes
58,129.47,8100.18,30,1,1,36,15,Yes
59,113.64,8753.69,34,3,3,36,14,No
67,127.89,7095.8,33,5,8,36,7,Yes
40,46.07,2267.48,32,4,5,36,28,No
24,135.56,794.77,12,4,8,12,1,No
56,61.89,8714.24,65,4,8,24,10,Yes
20,21.74,4265.14,10,3,6,12,8,Yes
29,129.64,3006.72,19,5,6,1,15,Yes
24,142.44,5835.89,23,6,7,24,25,Yes
66,105.22,4498.54,57,2,1,12,23,No
43,50.09,6690.83,59,2,9,24,1,No
50,52.73,5096.04,54,5,6,24,29,No
54,80.66,7123.71,2,3,5,1,10,Yes
65,136.72,8607.52,48,5,6,36,23,Yes
32,39.45,2357.79,6,2,5,24,16,No
19,127.38,3629.61,43,5,10,24,5,No
58,57.87,4649.75,17,4,2,1,5,Yes
24,125.12,9639.56,36,7,4,12,24,Yes
49,139.64,3970.67,24,6,2,36,8,Yes
21,75.57,4120.45,61,5,5,12,20,Yes
37,67.46,6707.99,29,6,2,12,0,No
67,124.29,4482.4,58,1,1,12,11,Yes
53,88.83,9536.63,66,5,10,36,29,Yes
49,108.98,8997.45,53,2,3,12,10,Yes
45,100.97,5377.38,70,7,8,12,16,Yes
30,39.88,6625.36,9,2,0,36,6,No
18,129.82,1051.29,42,7,7,36,26,Yes
52,45.45,7109.44,39,6,4,1,26,Yes
65,141.2,7218.41,69,2,1,12,3,No
47,52.57,3912.39,40,4,8,1,8,Yes
53,115.4,2586.99,59,2,1,24,18,No
42,57.01,9193.24,44,1,10,1,14,Yes
33,61.31,4553.7,65,5,10,1,5,No
36,60.3,6710.21,11,3,2,1,24,Yes
18,117.23,816.62,5,2,0,1,3,Yes
22,92.39,4433.64,49,5,0,12,4,No
68,134.78,8263.96,51,4,1,24,20,Yes
39,59.96,4181.97,36,5,1,24,12,No
41,109.96,6230.03,16,2,5,36,4,Yes
60,117.88,2493.63,7,2,10,24,1,Yes
62,39.69,4456.99,44,6,7,1,10,No
69,72.08,9312.56,26,7,3,36,17,No
54,82.77,5881.29,36,2,2,1,14,Yes
53,66.24,9068.35,53,1,1,12,16,Yes
53,61.87,9069.18,44,5,0,12,29,Yes
21,109.23,9469.4,12,6,7,24,28,Yes
53,48.06,9006.22,68,7,6,1,16,Yes
69,112.22,531.17,23,3,10,1,19,Yes
35,141.56,9373.14,30,1,1,1,18,Yes
67,93.48,1805.86,63,3,6,36,19,No
33,99.49,879.3,3,2,5,36,15,Yes
58,28.96,1026.19,34,3,7,36,10,No
35,132.38,3814.7,49,3,5,24,27,Yes
39,57.11,6397.64,44,1,3,24,30,Yes
19,99.96,4321.96,41,1,7,1,27,Yes
38,147.28,742.77,48,5,0,1,21,Yes
53,97.42,5026.59,71,3,9,24,26,Yes
61,114.21,4700.24,8,1,0,36,16,No
56,77.89,7690.07,7,5,3,36,7,No
64,27.85,3156.32,37,3,0,36,7,No
56,123.69,2566.55,55,7,4,36,22,No
46,24.55,2931.42,71,3,10,36,11,No
43,111.09,3385.53,50,6,8,24,14,Yes
38,22.98,6192.07,21,2,8,12,26,Yes
34,132.1,4979.49,34,7,8,12,26,Yes
33,40.49,3700.5,49,1,5,12,3,No
48,86.86,4055.98,27,4,0,1,7,No
68,97.63,4023.77,8,7,9,1,24,Yes
26,79.48,9737.86,34,6,4,36,14,No
48,64.3,2713.47,18,1,9,1,4,Yes
31,80.82,8271.58,51,6,1,24,21,No
66,60.48,7228.0,12,2,0,12,9,Yes
54,76.96,552.92,51,6,4,24,23,Yes
19,66.66,9935.17,63,6,4,24,20,No
69,93.61,7686.17,40,5,0,24,27,No
65,50.93,6983.27,22,7,6,36,19,No
63,148.53,4350.58,8,1,2,36,23,Yes
31,85.11,5774.43,28,7,10,36,29,Yes
50,45.24,2906.07,50,3,5,1,30,Yes
52,82.02,837.09,47,4,1,36,18,No
56,132.63,8442.21,56,5,8,1,14,Yes
64,22.83,9016.6,32,7,1,24,5,No
68,108.34,2043.47,11,1,1,12,8,Yes
37,91.24,7977.03,21,5,0,36,5,No
19,42.04,7540.95,26,7,0,1,29,Yes
68,126.27,2194.56,14,3,3,1,8,Yes
58,67.96,4507.37,14,6,6,36,7,Yes
36,58.19,4516.2,3,4,3,36,15,No
54,127.66,7719.66,57,7,4,24,27,Yes
35,103.01,8457.78,7,7,5,1,24,Yes
33,136.77,1400.36,39,3,4,12,9,Yes
21,101.88,5848.21,57,4,4,24,29,Yes
29,116.31,7736.61,65,5,3,1,8,Yes
46,128.74,7968.81,25,6,8,24,7,Yes
24,27.12,1905.94,31,6,4,24,24,No
31,120.89,5492.3,10,1,8,36,13,Yes
29,99.78,8646.81,72,4,3,12,22,No
52,29.04,3525.93,9,3,8,12,6,Yes
22,86.12,4538.61,8,4,4,1,10,Yes
34,30.72,8141.41,19,7,7,24,19,No
59,115.67,1348.54,30,5,0,36,15,No
49,91.05,8665.19,9,6,3,1,16,Yes
27,143.96,3455.99,47,5,3,1,30,Yes
60,43.81,513.78,46,5,1,1,22,No
34,98.78,2724.51,1,7,2,12,7,Yes
22,47.51,1350.26,3,1,7,24,11,Yes
62,99.83,1377.66,34,5,7,24,24,Yes
59,113.94,7081.94,25,1,0,36,16,Yes
26,113.9,2532.78,30,7,1,12,24,No
66,125.96,9380.05,1,7,3,12,14,Yes
50,130.96,5406.22,18,2,10,1,6,Yes
53,30.05,4870.93,33,4,5,36,22,No
53,64.62,4625.69,9,6,2,1,18,Yes
35,109.33,7079.58,7,6,6,36,16,No
26,84.82,4796.5,30,3,2,36,22,Yes
46,44.79,1721.7,13,6,7,12,12,Yes
67,91.85,8861.64,13,1,5,12,25,Yes
31,72.97,4569.76,42,6,7,24,7,No
42,70.7,1203.04,63,1,6,24,21,No
32,125.27,5528.98,69,6,4,24,13,Yes
23,72.99,6649.8,36,3,4,12,22,No
59,23.44,3118.03,35,4,2,1,24,Yes
46,27.55,8103.23,46,5,3,36,7,No
32,131.31,6862.87,45,4,7,36,13,No
46,144.88,6678.24,56,1,4,24,4,Yes
21,109.49,4497.84,5,7,8,36,11,Yes
35,67.37,9638.2,44,5,2,36,26,No
67,142.02,3104.8,28,2,9,12,19,Yes
66,106.16,5988.2,42,3,2,12,10,No
61,129.76,3436.02,31,4,7,36,3,Yes
56,119.56,7575.65,7,5,7,1,19,Yes
33,69.29,954.02,7,3,6,24,1,Yes
28,82.23,935.99,4,4,5,36,9,Yes
31,44.2,8203.18,32,1,6,36,9,No
20,57.96,4625.55,28,1,6,24,6,No
68,121.16,3741.21,56,7,5,12,23,Yes
67,136.22,6271.51,4,1,8,24,11,Yes
59,114.18,7168.04,8,2,4,1,22,Yes
55,80.47,2411.41,14,6,4,36,15,Yes
62,31.25,2261.6,30,1,5,36,29,No
59,27.4,9602.43,3,1,9,36,30,Yes
35,68.66,6101.81,2,6,10,24,26,Yes
37,80.3,4206.11,10,1,3,1,9,Yes
65,99.19,8113.7,70,5,9,36,7,No
42,20.84,5489.01,71,7,9,12,26,No
55,148.66,2795.8,16,3,8,1,26,Yes
30,67.31,2463.99,70,2,1,1,24,Yes
21,130.25,4270.16,22,4,10,1,7,Yes
31,89.55,8669.01,35,6,2,1,4,No
50,36.96,1083.76,49,7,8,12,3,No
45,123.68,2576.0,2,7,0,1,20,Yes
69,112.28,8984.94,66,6,4,12,11,No
54,88.57,1656.48,19,6,2,24,10,Yes
25,86.89,6481.44,69,2,2,24,14,No
61,31.37,2528.36,4,3,0,24,12,No
51,105.26,6255.74,41,7,7,24,0,No
61,138.46,4139.49,56,1,2,12,4,Yes
22,32.12,1465.93,55,6,3,36,5,No
22,54.26,6033.51,31,1,4,12,12,No
48,137.3,6988.91,22,4,4,24,24,Yes
62,56.96,6962.59,48,6,1,36,24,No
26,105.01,6551.83,4,7,6,36,9,No
59,89.53,5252.14,21,2,5,36,29,Yes
49,97.52,5434.99,41,2,10,36,11,Yes
50,74.05,6538.58,45,7,6,1,2,No
20,59.0,7057.46,8,7,9,24,28,Yes
47,26.31,6721.33,9,4,9,24,28,Yes
67,116.76,6075.98,18,2,2,24,10,Yes
29,116.99,1980.47,31,2,7,12,23,Yes
46,107.19,2500.86,35,2,5,24,23,Yes
20,103.67,2972.13,30,6,6,24,24,Yes
43,51.68,9236.79,18,4,8,24,14,Yes
47,22.9,7714.25,41,6,7,12,16,No
26,125.13,5752.23,24,4,7,24,4,No
43,83.85,2894.54,48,3,2,24,4,No
19,59.89,1553.47,14,2,0,1,22,Yes
20,33.25,9038.21,19,3,0,24,10,No
63,28.15,8980.33,60,5,9,36,7,No
21,65.35,1551.61,22,5,1,12,10,No
42,124.62,8073.56,30,2,7,36,22,Yes
68,139.43,4743.13,15,1,9,1,30,Yes
30,136.58,3577.69,21,7,5,24,21,Yes
56,139.6,7521.49,26,5,5,12,19,Yes
61,138.0,6336.13,12,1,0,1,14,Yes
52,88.54,7910.29,7,3,1,12,8,Yes
40,48.52,1206.12,35,2,4,36,17,No
26,123.75,3526.58,68,7,2,1,5,No
19,47.78,3533.51,2,3,1,12,25,No
58,54.74,3632.65,20,6,8,36,5,No
61,50.32,5273.56,47,3,9,1,10,No
48,86.95,3188.63,12,4,6,24,19,Yes
61,61.84,4721.64,53,2,0,24,28,No
64,40.04,3993.89,17,4,10,36,2,No
19,78.91,7485.31,18,3,0,24,10,No
49,133.61,6233.26,24,1,2,24,29,Yes
35,94.17,6709.48,72,2,9,1,2,No
30,134.18,2500.55,37,2,5,1,17,Yes
63,45.46,3592.27,30,5,1,1,2,Yes
22,41.71,701.07,52,1,10,1,19,Yes
59,94.83,1529.56,23,6,7,1,9,Yes
61,80.23,3018.02,37,1,3,1,3,No
27,105.82,1121.91,24,3,7,24,29,Yes
60,123.3,6225.01,50,3,6,1,25,Yes
42,117.67,9982.24,20,3,1,12,29,Yes
51,142.49,1457.74,47,5,8,12,30,Yes
54,71.77,8301.69,18,1,4,36,22,Yes
47,46.83,1628.75,26,4,5,12,3,No
24,91.62,6864.18,71,1,1,1,24,No
23,34.4,6610.0,43,4,2,24,23,No
20,57.55,9075.81,47,2,9,12,0,No
30,47.03,1582.48,43,4,7,1,25,No
20,71.55,3496.72,32,7,10,1,16,Yes
43,34.46,1362.41,7,2,4,24,28,Yes
41,24.14,4370.14,32,6,9,1,5,No
23,105.38,9160.14,65,6,0,1,3,No
60,99.33,7924.47,58,7,8,12,25,Yes
66,112.09,7367.55,53,3,10,12,21,Yes
59,105.85,5563.76,34,7,0,36,8,No
29,34.86,8893.11,69,1,8,36,9,No
66,57.84,4769.7,56,3,9,12,4,No
53,36.84,1922.01,66,1,5,12,7,No
19,129.59,8457.06,32,4,6,36,17,No
28,117.1,3156.56,50,1,0,36,23,No
56,46.2,1009.52,24,4,9,12,7,No
51,64.37,1697.36,46,1,10,1,17,Yes
43,145.66,6286.06,3,7,0,1,6,Yes
35,97.24,6267.28,10,7,4,24,7,No
38,124.15,2971.74,6,7,1,12,6,Yes
53,54.4,7408.21,52,7,10,12,21,Yes
57,47.31,7849.58,50,2,9,12,18,No
69,121.91,9244.77,58,4,4,12,10,Yes
63,109.16,6056.91,52,7,4,12,10,No
61,108.53,7904.52,13,3,5,36,2,No
39,91.84,7654.45,59,3,8,36,23,Yes
47,93.27,2949.19,39,3,5,1,19,Yes
67,115.64,3447.15,53,3,9,1,12,Yes
60,55.1,5045.58,58,2,10,12,30,Yes
47,65.86,680.87,20,2,0,36,25,No
25,133.31,3325.28,63,5,4,1,23,Yes
51,60.15,5001.89,10,5,1,12,30,Yes
64,91.02,1526.66,26,7,10,24,29,Yes
26,111.34,1699.62,19,5,7,12,28,Yes
68,149.99,4900.75,61,6,6,24,9,Yes
37,76.59,7444.17,34,7,10,24,5,No
57,75.65,8420.61,44,5,5,12,2,Yes
42,129.54,5689.98,18,1,1,12,27,Yes
36,124.72,5010.12,72,6,2,12,9,No
22,115.04,4150.67,16,4,8,12,1,Yes
28,80.22,2333.02,26,3,8,1,0,No
32,62.11,1892.34,65,1,6,1,11,Yes
25,99.13,8023.02,66,6,1,24,3,No
36,133.91,4917.56,27,7,6,12,23,Yes
40,134.89,8008.04,4,2,0,1,19,Yes
44,34.1,7188.79,51,3,8,1,23,Yes
57,75.69,2342.01,3,4,8,36,28,Yes
49,80.41,5347.92,66,4,5,36,23,No
43,147.09,4718.16,16,7,9,1,10,Yes
44,108.14,4526.8,28,7,0,24,0,No
36,72.94,5654.42,44,2,7,1,28,Yes
67,23.39,9829.78,18,3,5,12,15,Yes
59,93.5,8222.56,2,5,8,1,5,Yes
46,32.49,9085.27,44,3,8,36,26,No
56,128.48,781.58,20,3,6,36,14,Yes
58,117.83,1833.2,56,4,3,12,9,Yes
50,79.87,1305.25,23,2,10,1,23,Yes
36,75.8,3000.69,60,3,0,12,7,No
54,136.65,4697.98,71,1,2,24,16,No
36,57.5,6599.51,45,1,5,36,23,No
50,52.37,5257.9,47,7,0,1,12,No
64,142.1,9080.25,37,2,3,1,8,Yes
33,125.2,9428.63,8,5,7,24,26,Yes
40,126.68,2053.45,5,6,7,24,29,Yes
24,45.38,8602.67,23,3,5,36,5,No
43,38.63,5076.36,10,6,5,24,28,Yes
49,23.38,4806.63,27,3,2,36,22,No
29,50.82,7956.92,1,4,6,36,21,Yes
25,120.64,1384.83,71,3,7,12,20,Yes
22,51.2,8883.68,8,6,1,12,16,No
59,114.78,6873.2,11,5,4,36,1,Yes
45,52.75,8814.99,28,3,5,1,25,No
22,71.39,9947.54,34,3,0,12,17,Yes
66,147.81,5421.04,43,7,4,1,26,No
43,51.83,1385.99,28,4,2,24,24,Yes
22,68.93,2081.98,49,1,2,1,15,No
39,59.14,3574.37,61,1,5,24,5,No
32,34.25,1483.75,37,7,10,36,2,No
30,83.69,8245.75,3,5,0,36,2,No
45,69.23,3320.24,9,2,4,36,13,No
50,110.34,9770.92,2,2,4,24,9,Yes
60,126.29,7174.62,23,4,4,1,9,Yes
40,90.75,2147.59,51,6,2,12,1,No
50,24.19,5022.41,17,6,5,12,6,No
60,100.46,4935.4,25,3,10,1,13,Yes
35,27.2,5178.86,27,4,0,12,16,No
67,100.13,5589.07,20,6,9,24,16,Yes
47,109.05,796.14,36,1,0,24,29,Yes
43,45.71,7019.86,28,7,10,12,9,Yes
33,126.51,5128.32,29,5,1,12,2,Yes
30,138.44,8014.17,42,2,3,24,16,No
56,125.7,8245.82,58,7,9,1,12,Yes
50,59.66,2690.08,32,3,8,12,26,Yes
43,96.26,960.02,12,7,9,12,29,Yes
65,138.93,7180.72,30,2,7,36,15,Yes
18,61.69,9788.75,60,1,10,36,2,No
66,126.6,4743.25,11,3,9,1,14,Yes
55,21.23,2966.32,11,1,10,24,27,Yes
19,20.47,1988.38,50,2,1,1,24,No
66,118.76,3230.73,1,2,0,1,6,Yes
23,118.99,3615.24,27,1,3,1,12,Yes
63,122.57,4526.81,32,3,4,12,24,Yes
67,140.9,6726.37,6,1,1,24,6,Yes
55,35.33,3095.05,41,3,9,24,10,Yes
59,50.16,984.28,36,4,5,12,13,No
41,137.48,4046.15,39,4,7,1,24,Yes
35,43.04,8628.48,30,3,10,36,10,No
44,108.69,5234.34,57,1,4,12,28,Yes
58,88.96,9665.45,11,7,3,1,18,Yes
25,30.82,5284.4,3,7,6,1,6,Yes
45,57.08,3121.04,48,3,4,1,21,Yes
27,87.65,2336.48,6,2,7,1,1,Yes
34,130.81,7097.98,7,7,6,36,21,Yes
46,111.98,5595.62,44,1,4,36,2,No
23,100.84,6237.99,61,6,10,12,1,No
31,84.48,7673.7,54,3,7,1,20,Yes
39,58.83,7396.08,51,2,0,12,4,No
23,35.5,911.95,48,5,7,1,26,No
43,73.18,8124.43,61,2,2,36,17,No
56,23.71,5560.68,40,6,0,12,15,No
29,47.44,4221.23,3,3,8,24,2,Yes
52,76.22,5606.43,30,1,10,12,23,Yes
31,74.42,6318.29,24,1,5,24,14,Yes
39,25.76,1920.31,67,4,10,12,20,No
68,96.58,4465.45,2,6,10,36,23,Yes
40,91.46,3688.07,44,3,7,24,25,No
65,30.15,3828.88,40,2,10,36,19,No
24,142.61,1367.68,19,2,9,12,19,Yes
57,32.92,2018.51,63,6,10,36,12,No
67,131.13,2037.4,24,3,3,1,5,Yes
42,20.04,4045.64,50,2,1,24,25,No
30,134.7,8997.67,20,7,5,1,15,Yes
38,22.56,2457.26,57,5,1,24,10,No
58,118.52,4453.83,50,6,0,36,29,No
27,67.02,3460.29,58,4,6,36,13,No
26,115.97,7980.14,31,1,6,1,14,Yes
32,72.23,976.2,37,2,5,1,20,No
69,29.22,2367.16,4,5,1,12,4,Yes
19,119.78,2501.09,58,3,4,1,24,Yes
42,29.26,9933.15,10,2,0,24,5,No
30,139.88,5922.36,63,6,1,24,29,No
51,26.63,1820.1,36,3,4,24,14,No
68,82.31,3085.89,55,5,4,12,18,No
51,113.99,2094.31,57,5,6,12,10,No
52,71.12,1683.74,43,7,4,24,19,No
55,48.24,8073.23,65,1,10,1,24,Yes
20,118.68,5209.65,12,3,5,36,5,Yes
59,121.96,6496.5,62,4,1,12,10,No
23,139.95,3646.89,24,1,4,1,29,Yes
65,68.9,5760.1,2,3,7,12,7,Yes
66,85.81,2946.91,47,7,0,12,26,No
36,67.21,3426.34,56,3,10,36,22,Yes
20,53.42,6696.26,16,7,9,12,11,Yes
35,117.63,1928.33,34,5,6,12,16,Yes
56,64.15,6363.61,18,6,7,36,0,No
26,75.66,8596.23,29,5,10,24,9,Yes
69,72.48,1644.02,54,3,4,12,13,No
29,112.65,9025.88,51,6,3,12,6,No
22,139.31,1254.73,14,6,0,24,28,Yes
20,106.68,3814.64,58,5,8,24,17,Yes
28,81.31,6299.84,35,7,1,24,8,No
47,121.3,5814.44,9,7,10,24,29,Yes
21,103.33,1415.72,37,7,4,1,27,Yes
22,27.88,8089.68,12,3,6,24,15,No
18,32.44,9744.96,11,3,7,24,9,No
44,24.93,2221.67,27,6,10,24,11,Yes
45,79.39,9003.74,43,1,9,1,8,Yes
46,127.36,5789.69,50,1,3,36,13,No
35,60.7,9391.37,20,4,9,24,27,Yes
29,69.94,2172.82,13,1,0,1,1,No
30,138.23,8024.2,47,2,6,12,24,No
58,128.8,1067.92,8,2,9,36,24,Yes
19,106.46,8890.37,69,5,10,1,9,Yes
54,54.68,6904.51,71,6,10,24,21,No
62,35.22,4017.42,64,2,8,36,20,No
33,22.09,2309.43,44,1,0,1,9,No
65,33.91,8257.06,12,6,0,1,1,Yes
41,58.04,6230.79,4,4,6,1,5,Yes
52,91.73,3923.95,40,3,8,1,10,Yes
39,28.32,4716.44,19,4,4,1,8,Yes
53,37.71,8352.16,54,1,3,1,2,No
28,43.54,3719.81,1,1,5,1,18,Yes
63,102.16,1351.51,13,1,8,1,10,Yes
46,100.05,9157.18,50,5,1,12,3,No
52,91.6,4179.77,53,2,4,12,14,No
65,52.57,3809.68,42,1,3,24,25,Yes
32,68.25,2441.8,25,3,2,24,26,Yes
48,32.57,9025.51,44,2,4,24,11,No
59,49.44,2566.3,61,2,6,24,3,No
58,136.7,6548.39,21,5,10,24,14,Yes
60,147.36,8867.27,51,4,2,24,16,No
33,104.2,831.68,52,6,2,12,17,No
27,139.19,8373.52,63,2,5,12,21,Yes
66,103.56,4400.69,54,2,4,12,4,No
49,24.32,6750.76,10,1,2,1,9,No
68,149.58,4037.84,59,3,0,1,19,Yes
19,32.86,7107.4,8,1,9,24,25,Yes
41,108.74,2915.8,51,3,1,36,8,No
40,52.87,708.34,5,2,2,12,17,Yes
19,70.96,9503.98,42,3,3,36,30,Yes
55,103.97,655.49,12,1,4,24,11,Yes
48,76.74,8328.94,24,1,9,12,7,Yes
68,52.57,2106.81,45,4,8,36,30,No
57,63.48,4226.09,53,5,3,12,27,Yes
43,64.4,8313.68,53,4,8,36,10,No
46,144.71,2456.36,17,2,4,24,3,Yes
20,123.82,8724.22,65,3,2,24,8,No
31,79.61,5228.71,58,1,6,1,3,No
42,45.98,3978.46,37,1,7,36,17,Yes
65,125.43,6793.16,42,1,8,12,13,Yes
18,40.43,3743.2,70,6,8,36,13,No
20,47.36,3799.24,40,1,5,1,21,No
43,67.58,7468.5,23,6,8,1,28,Yes
35,134.45,3443.41,23,2,2,1,27,No
26,37.13,2407.34,49,5,1,1,29,No
55,35.89,8172.64,7,4,4,12,24,Yes
40,84.22,8151.02,37,6,6,12,22,Yes
38,55.93,5227.06,16,4,10,1,0,No
18,93.93,5503.23,38,6,6,12,29,Yes
38,78.71,7112.73,40,1,10,1,8,Yes
44,76.54,5338.11,29,1,5,24,5,Yes
59,34.56,4461.88,17,3,2,1,24,Yes
23,38.34,9951.49,20,1,5,24,17,Yes
61,126.74,1902.58,25,4,0,1,10,No
53,135.16,6130.92,60,3,2,1,6,No
45,50.51,8915.7,38,7,1,12,23,No
62,34.75,7028.54,63,3,3,24,7,No
34,26.94,8868.77,39,1,7,12,20,Yes
57,99.08,3695.18,64,7,2,1,22,Yes
69,113.0,3083.93,21,7,5,24,29,Yes
20,68.47,8587.09,32,3,9,1,22,No
29,108.36,4244.09,28,5,0,24,2,No
56,112.68,7241.98,12,1,3,36,10,Yes
29,141.59,1903.61,23,5,4,24,10,No
19,28.43,7680.46,15,1,4,36,1,No
63,45.0,5715.34,12,6,0,1,14,No
39,28.91,3051.81,4,5,8,1,14,Yes
40,132.84,5197.79,35,7,4,12,4,No
47,123.04,7120.96,61,1,8,36,19,No
22,94.7,612.92,27,4,6,12,7,Yes
26,30.88,6555.94,33,6,4,36,15,No
38,55.53,5645.11,13,6,8,1,11,Yes
28,58.7,2592.72,37,6,4,12,13,No
22,92.9,7653.32,44,1,9,36,20,Yes
52,53.55,3382.88,2,4,8,12,12,Yes
44,29.48,3130.18,38,2,4,1,8,No
66,115.0,4976.57,37,6,0,36,6,No
19,58.88,6923.42,59,2,6,24,26,No
41,78.81,9324.04,69,1,4,36,16,No
48,36.6,1842.89,18,6,4,1,1,No
50,124.33,4266.45,48,4,5,36,7,Yes
56,93.52,1136.4,66,4,5,12,25,No
47,137.21,7706.23,49,6,6,1,12,Yes
63,84.41,4753.46,58,7,7,1,7,No
54,142.39,7215.83,35,3,0,24,17,Yes
68,135.94,3560.85,58,3,9,24,12,No
45,94.94,8521.01,7,6,10,12,22,Yes
48,141.41,5580.87,9,7,2,12,7,No
28,62.0,9464.27,69,5,5,36,15,No
40,67.53,1248.74,4,3,0,12,19,Yes
19,25.91,5385.63,32,1,4,12,2,No
57,96.6,7781.32,5,3,4,12,14,Yes
58,113.85,6201.45,56,3,9,36,9,Yes
44,120.56,720.34,56,7,8,1,24,Yes
52,39.48,9737.22,44,1,10,1,17,Yes
19,77.74,3333.51,72,1,1,36,29,No
56,42.99,2868.14,13,7,6,12,18,No
54,106.08,5113.77,4,5,8,24,23,Yes
38,40.53,5650.5,52,4,7,36,1,No
22,137.54,7779.74,15,3,0,24,20,Yes
69,49.98,4236.1,1,6,0,12,9,No
62,57.88,4679.62,65,6,1,1,27,No
38,130.62,5582.12,11,2,0,24,15,Yes
46,79.6,4246.68,61,4,7,24,7,No
37,23.12,9188.21,63,1,6,24,6,No
55,84.3,8586.89,38,6,5,24,3,Yes
37,30.99,4822.25,69,7,1,1,25,No
67,148.09,501.85,45,3,10,1,8,Yes
42,96.45,9058.88,70,5,8,24,1,No
19,53.35,1681.2,68,7,0,36,28,No
49,93.28,2822.87,4,2,0,1,15,Yes
43,29.99,1947.43,71,4,1,1,28,No
23,123.99,2208.25,48,3,6,12,6,Yes
58,140.29,8127.34,9,1,9,12,22,Yes
20,133.68,6005.26,47,4,0,36,14,No
50,64.43,9582.9,60,7,2,36,22,No
18,62.35,2698.81,52,7,9,12,22,Yes
68,24.56,5113.53,33,2,7,12,4,No
22,104.68,9785.57,58,1,6,24,0,No
30,89.54,8351.21,48,2,7,12,19,Yes
36,79.72,7421.85,5,3,5,36,4,No
29,137.99,2295.26,27,4,7,36,12,Yes
65,41.82,7809.35,41,5,4,12,25,Yes
42,21.26,3801.87,1,7,8,36,19,Yes
68,29.53,5540.1,51,3,9,1,12,Yes
52,49.04,6287.03,16,6,10,36,22,No
29,24.33,6288.96,32,3,0,24,28,No
47,85.37,7401.97,47,5,6,1,17,No
22,60.83,6786.17,23,5,5,1,1,Yes
51,43.46,1149.52,15,6,7,1,26,Yes
39,117.51,4844.8,26,6,1,12,17,Yes
56,46.58,6808.21,37,1,0,24,9,No
30,109.39,3311.93,55,2,0,12,2,Yes
64,65.4,3474.04,2,3,1,24,20,Yes
20,86.54,1683.39,19,1,4,36,29,No
37,141.4,4476.84,32,6,6,36,9,Yes
48,24.86,9874.89,69,1,8,36,8,No
22,85.03,3210.53,55,3,3,1,2,No
41,131.07,5548.65,56,2,8,36,21,Yes
57,96.44,7560.75,29,5,10,24,5,Yes
50,55.99,628.22,36,3,2,1,10,Yes
25,71.7,9054.18,71,2,5,12,5,No
41,108.43,4172.23,53,5,8,1,4,Yes
67,135.81,8756.6,39,7,10,12,29,Yes
37,25.34,870.0,11,7,0,12,13,No
33,29.3,1883.8,30,7,3,12,1,No
67,62.26,3564.03,72,4,4,1,0,No
69,50.26,3781.89,53,3,10,36,4,No
29,54.44,8554.05,8,7,5,12,7,No
30,48.77,606.41,20,6,10,24,9,Yes
62,45.46,6590.56,12,3,7,24,20,Yes
59,36.98,1747.47,67,6,1,24,29,No
56,141.41,8320.55,50,2,5,24,18,Yes
42,38.74,7896.45,12,1,6,12,2,Yes
63,46.57,5249.25,54,1,5,24,17,Yes
49,52.01,2520.53,54,2,3,1,6,No
41,141.29,6527.71,19,3,5,24,12,Yes
65,118.24,1984.45,14,3,3,24,13,Yes
64,122.66,2305.23,52,6,8,36,17,No
61,33.62,6453.55,22,3,0,1,21,Yes
26,128.72,9916.67,4,4,8,1,11,Yes
57,73.07,8965.08,59,6,10,36,7,No
67,54.17,6134.52,34,1,3,24,23,No
40,94.85,5616.1,64,7,2,12,17,No
67,126.88,9984.66,18,4,10,1,5,Yes
30,121.22,5700.27,31,3,4,12,11,No
49,135.7,4491.11,42,7,2,12,2,No
67,140.66,9140.78,3,1,0,24,24,Yes
32,50.96,2724.75,55,7,7,12,2,No
53,75.1,1426.5,10,6,8,12,15,Yes
66,21.9,6523.86,71,3,5,12,16,No
22,134.31,1410.57,22,6,1,36,15,No
39,40.09,4044.91,23,3,5,36,12,No
33,131.99,4523.99,13,2,5,24,24,Yes
58,62.82,5701.61,40,1,5,1,12,Yes
27,67.86,9920.77,13,3,9,24,23,Yes
41,25.09,2599.33,51,5,10,1,11,Yes
35,62.49,4069.69,64,5,8,12,28,No
66,135.49,1756.28,13,7,3,1,1,Yes
35,23.32,6272.33,29,7,1,1,25,No
24,72.82,7412.9,71,6,7,1,13,No
21,24.08,5079.73,47,3,5,1,9,Yes
43,68.22,2835.4,26,7,9,36,18,Yes
22,42.44,6398.44,70,2,0,12,22,No
33,52.79,5622.0,23,6,5,1,21,No
52,134.09,2126.26,56,3,1,1,23,Yes
43,76.69,4353.98,19,7,3,12,25,Yes
35,55.59,4634.37,50,7,1,1,28,No
46,96.61,9834.87,35,5,3,24,4,No
40,38.47,8568.22,49,1,6,1,15,No
31,53.72,7476.52,46,7,7,24,4,No
32,91.01,8943.38,70,2,2,24,1,No
66,50.88,7487.1,53,3,0,24,5,No
50,108.29,9082.32,31,7,9,36,27,Yes
42,83.89,1018.25,22,5,0,36,11,No
38,120.36,4832.63,67,7,9,12,26,Yes
34,143.27,7595.53,8,7,10,24,12,Yes
40,35.05,6041.31,19,1,6,36,12,No
60,63.51,2164.08,31,5,0,24,26,No
34,61.54,3734.67,32,6,2,36,20,Yes
31,39.65,3518.86,55,2,10,12,24,Yes
46,125.34,2982.8,31,6,4,12,13,Yes
37,118.78,3759.79,67,4,10,36,18,Yes
47,82.98,5391.11,51,3,4,36,14,No
36,89.91,8621.26,27,6,10,24,20,Yes
56,27.74,7549.31,48,1,3,12,2,Yes
30,92.22,8434.87,43,2,7,1,8,Yes
35,122.87,8894.24,51,7,2,24,24,No
40,94.6,4453.43,69,7,7,36,29,No
63,54.49,3787.25,71,2,5,24,9,No
50,106.78,1047.42,72,7,3,1,28,No
56,66.99,9339.67,50,7,9,12,6,No
57,90.83,1125.32,61,4,10,1,30,Yes
35,83.38,7540.79,41,4,2,36,13,No
26,69.55,4092.03,51,3,9,36,16,Yes
50,113.45,9513.42,24,6,9,36,24,Yes
49,134.9,4486.22,30,3,1,36,13,No
34,20.68,8257.78,52,6,5,36,24,No
36,141.37,3185.22,50,6,0,1,9,No
44,86.5,3341.34,57,7,9,12,4,No
23,111.1,6157.43,62,2,7,12,26,Yes
52,131.23,9980.84,53,6,4,24,17,Yes
54,80.72,5416.94,68,3,6,24,28,No
51,128.55,9394.93,69,3,6,24,16,No
37,43.09,7969.37,31,4,10,36,17,Yes
42,40.69,8060.71,30,2,9,12,3,No
21,105.47,4641.62,10,5,5,36,19,Yes
27,133.12,4172.15,44,5,4,24,0,No
27,136.02,2323.26,6,1,1,36,12,Yes
41,103.69,9657.44,27,4,2,1,28,Yes
38,88.31,9614.24,20,1,2,24,23,Yes
28,63.08,7597.14,20,2,4,12,9,No
44,147.4,3314.4,12,7,1,12,27,Yes
33,61.56,2829.21,49,5,10,24,14,Yes
43,116.74,9891.8,52,7,0,12,23,Yes
47,89.16,1132.16,10,5,3,12,23,Yes
66,99.11,8513.86,5,5,9,24,4,No
33,71.15,3876.85,64,1,2,24,25,No
24,145.43,4479.26,58,7,10,36,17,Yes
33,94.32,8403.79,8,3,2,36,3,No
52,141.91,1360.73,30,1,9,1,0,Yes
33,20.99,3864.61,17,7,10,12,9,No
57,94.45,9544.23,67,5,5,24,16,No
29,113.23,7141.13,21,4,8,1,27,Yes
52,116.86,7671.92,16,4,9,12,25,Yes
66,137.65,7696.3,27,6,9,12,2,Yes
38,20.57,1075.42,6,7,10,1,3,Yes
67,20.04,2430.47,42,1,1,12,11,No
60,81.39,5167.0,16,6,4,24,26,Yes
53,23.81,3997.43,45,6,1,1,27,No
65,146.69,4403.67,3,1,5,1,10,Yes
34,48.87,7923.75,40,6,0,36,2,No
49,81.45,639.45,20,2,0,24,27,Yes
58,27.95,6774.67,7,1,8,36,10,Yes
23,87.87,501.05,59,6,9,1,2,No
41,69.39,1099.06,11,6,4,24,23,Yes
44,25.81,4378.72,52,1,8,24,3,No
37,63.57,8489.01,3,5,7,36,2,No
42,70.89,1877.46,21,6,8,12,24,Yes
19,148.69,5768.9,53,3,8,12,11,Yes
26,47.03,6945.8,30,5,7,12,11,Yes
45,90.82,2680.56,11,3,2,36,16,No
55,148.35,5367.14,25,5,6,12,23,Yes
20,122.96,9158.37,50,7,3,36,20,Yes
37,149.14,5366.17,9,5,7,36,29,Yes
23,145.88,1994.57,45,2,6,12,7,Yes
56,83.64,6464.24,29,6,8,36,9,Yes
50,110.53,6125.9,62,7,7,36,15,No
18,34.36,756.07,15,3,2,24,18,No
54,77.35,1360.65,19,5,4,1,14,Yes
23,125.17,1989.42,15,5,2,36,21,Yes
62,85.69,1794.75,39,3,10,1,10,Yes
51,111.35,2964.92,35,7,8,12,29,Yes
64,116.95,4814.0,13,2,0,24,6,Yes
32,52.95,4031.3,16,3,6,24,23,No
62,133.84,8961.17,67,2,8,36,6,No
43,79.78,6315.04,55,7,2,24,22,No
31,47.32,8823.37,65,2,6,1,17,No
24,132.5,5506.87,35,4,6,36,18,Yes
63,74.32,1353.77,16,2,10,24,15,Yes
48,117.54,4901.23,1,4,1,12,21,Yes
41,91.24,8309.31,50,6,4,36,2,No
48,69.64,2343.99,14,1,9,24,24,Yes
46,125.28,1366.54,62,2,6,36,24,Yes
59,95.98,3629.63,7,3,1,12,5,Yes
49,70.77,4194.53,23,4,9,36,0,No
34,34.25,3409.45,63,7,9,1,0,No
31,136.41,1784.79,29,7,1,1,14,Yes
57,24.61,2882.98,22,1,10,24,30,Yes
53,132.21,6981.68,6,6,5,1,19,Yes
65,66.79,4166.32,29,1,1,1,10,Yes
41,103.11,6509.22,2,2,9,36,9,Yes
62,139.89,5594.89,64,3,0,36,23,No
44,39.72,5716.0,36,2,2,24,2,Yes
42,93.7,2861.22,20,5,0,1,3,No
49,119.38,5454.66,55,1,5,12,11,Yes
69,118.49,724.15,37,5,3,24,26,Yes
35,88.33,4601.57,52,5,1,12,5,No
63,101.22,5939.92,69,4,6,1,26,Yes
35,118.48,2228.96,70,7,6,24,24,Yes
54,129.33,2937.31,22,5,7,12,19,Yes
43,119.04,2585.54,15,1,6,24,18,Yes
26,66.02,1170.3,47,1,0,36,25,No
52,149.57,3804.64,71,3,2,36,25,Yes
25,76.49,9800.17,69,2,0,12,15,No
37,23.18,3861.86,52,3,1,36,24,No
59,67.14,4875.1,39,3,0,36,22,No
39,36.61,6704.33,2,7,8,12,24,Yes
36,35.79,6660.73,45,2,6,24,26,Yes
47,56.6,9524.0,24,1,8,12,9,Yes
45,26.94,8646.86,61,4,7,36,5,No
52,109.51,8042.53,65,7,9,24,19,Yes
60,29.62,9540.46,53,5,1,36,4,No
28,46.43,2692.27,21,4,0,1,9,No
48,32.08,6362.01,67,5,4,12,11,No
66,28.21,8928.37,1,2,6,12,17,Yes
65,54.81,6429.31,59,2,1,12,2,No
56,94.35,9785.49,47,3,3,12,4,No
53,145.41,1453.35,18,6,6,1,28,Yes
47,133.82,4673.64,33,6,8,24,2,Yes
40,133.87,9784.95,15,2,5,24,2,Yes
36,42.89,4105.9,24,5,6,24,8,No
29,54.44,7525.79,36,6,7,1,3,Yes
32,29.93,788.83,60,4,7,1,29,Yes
48,121.2,7100.95,34,7,8,24,19,Yes
60,29.08,9378.95,51,4,9,24,16,No
54,92.37,4135.71,40,4,1,1,27,Yes
54,52.22,702.35,22,6,6,36,6,Yes
32,51.65,765.14,16,7,1,1,28,Yes
46,148.79,8974.22,42,4,6,12,25,Yes
67,118.38,7363.9,16,3,10,24,12,Yes
60,128.8,1513.52,5,6,8,36,24,Yes
43,94.36,1018.61,6,4,3,24,27,Yes
61,133.23,8145.84,42,5,4,36,23,Yes
19,103.91,8193.68,30,3,4,24,11,No
37,143.0,1644.96,32,7,1,24,17,Yes
32,56.57,3364.44,53,3,2,24,21,Yes
69,97.39,7910.25,19,6,9,12,25,Yes
21,109.72,5491.41,51,3,0,1,25,Yes
39,71.08,9587.56,28,2,2,36,14,No
67,134.36,5070.1,47,3,4,12,4,Yes
55,147.37,6931.1,72,5,8,12,23,Yes
40,84.19,5342.94,1,7,0,24,0,No
43,70.78,9458.17,68,6,5,36,8,No
68,81.35,4287.26,57,6,1,36,8,No
28,130.86,2683.07,22,4,5,36,12,Yes
45,103.91,3603.02,58,7,9,36,10,No
19,25.82,8601.36,13,2,5,36,27,Yes
25,90.48,5230.42,39,4,0,12,22,No
46,22.25,3865.4,27,1,4,36,23,No
28,121.21,5670.47,39,2,9,12,28,Yes
54,62.68,1765.68,72,7,1,36,8,No
35,81.36,550.91,12,5,0,24,28,No
67,123.83,3165.55,24,2,10,12,30,Yes
31,26.04,6247.55,18,3,8,12,4,No
27,40.61,7260.97,15,2,5,36,13,Yes
52,71.73,8352.8,60,3,0,36,26,No
26,49.89,9303.3,16,4,9,1,29,Yes
52,63.93,4415.07,47,2,8,24,15,Yes
28,149.76,7534.91,24,2,8,24,1,Yes
61,127.3,1209.39,45,5,6,12,29,Yes
29,134.91,1046.53,19,1,8,24,14,Yes
20,141.82,1685.58,41,2,0,1,29,Yes
56,64.32,4761.41,31,4,2,36,16,Yes
31,58.62,2507.17,16,3,7,36,4,No
45,50.43,3225.79,23,4,2,36,23,No
28,127.92,6654.86,23,7,7,12,9,Yes
56,108.34,3905.96,41,6,2,1,14,No
42,50.7,5795.03,18,6,3,12,19,Yes
38,69.01,4417.84,36,5,3,12,3,No
27,85.87,2105.21,12,6,4,24,3,Yes
60,88.66,1203.19,69,2,9,24,23,Yes
32,135.53,2744.2,51,7,9,12,28,Yes
36,69.47,1048.15,32,1,10,1,6,Yes
65,138.11,6376.81,71,1,3,12,28,Yes
39,77.38,8059.32,36,2,6,12,26,Yes
38,117.03,3727.54,40,1,10,12,0,Yes
69,140.93,4177.56,70,4,3,36,25,No
61,137.98,8253.82,38,3,10,36,21,Yes
49,27.4,2614.82,54,2,0,1,19,No
67,46.74,1632.02,4,6,4,24,1,No
40,82.0,5260.62,46,3,7,24,18,Yes
30,76.1,6638.81,63,1,5,1,3,No
22,103.32,6196.72,50,5,3,24,25,Yes
21,142.81,7281.79,30,7,3,12,22,Yes
45,34.61,1039.14,16,3,0,36,0,No
31,78.74,4567.92,52,7,9,36,0,No
25,45.01,2766.42,4,7,0,24,2,No
26,136.23,7711.65,26,5,2,24,17,Yes
68,145.4,8790.94,29,4,3,1,2,Yes
52,82.23,3172.69,11,5,3,1,2,No
54,33.52,1404.57,24,3,1,12,26,Yes
38,122.09,2907.57,51,3,10,12,12,Yes
35,110.63,1488.08,42,2,8,24,0,No
50,66.11,3563.01,39,6,7,1,12,Yes
25,135.36,5612.89,7,5,2,36,21,Yes
68,146.86,9749.97,18,4,10,1,23,Yes
66,92.52,4294.02,3,2,1,12,4,No
34,93.54,2590.38,63,2,0,24,16,No
60,58.68,2084.62,20,4,9,24,10,Yes
48,95.99,2143.88,70,2,8,1,9,No
51,77.15,2329.68,17,4,4,1,26,Yes
23,59.28,7741.54,59,1,7,1,22,No
39,28.73,1079.76,54,2,3,1,26,Yes
31,52.85,9975.33,13,3,1,12,14,No
20,45.72,5465.52,42,1,4,12,12,No
29,90.47,5670.58,44,2,7,1,9,Yes
53,98.22,3896.86,67,4,5,24,8,No
29,99.11,7057.43,72,1,7,36,27,No
62,70.46,4978.84,20,6,10,36,6,Yes
19,74.76,3626.08,47,1,2,12,24,No
19,128.45,3018.81,24,3,4,1,9,No
32,81.91,9293.69,51,2,1,1,8,No
40,148.41,3264.4,18,2,10,36,12,Yes
46,77.15,4645.74,23,4,2,24,15,No
34,104.45,3828.24,1,1,6,36,1,Yes
49,26.55,1318.7,66,3,0,24,7,No
24,104.93,2266.38,5,4,7,36,27,Yes
47,130.69,2300.27,18,6,4,1,30,Yes
45,142.52,7089.67,35,4,1,12,22,Yes
31,149.65,4362.56,25,3,2,12,27,Yes
61,56.68,7928.69,24,2,3,24,6,Yes
47,94.8,7235.03,13,3,1,12,1,No
34,78.59,2324.47,21,2,9,12,0,Yes
49,93.3,5847.71,39,5,4,12,3,No
63,40.47,7557.63,34,1,6,36,22,No
23,131.3,6513.91,19,3,8,1,5,Yes
68,138.24,6200.16,28,6,0,36,25,No
41,78.46,7526.3,11,6,9,1,1,Yes
23,56.46,1039.42,49,7,5,12,6,No
44,38.31,7448.51,35,4,5,36,9,No
35,108.89,3090.22,57,2,0,1,26,Yes
41,60.59,5932.79,28,1,1,36,8,No
54,138.24,2801.9,66,6,10,24,1,Yes
41,107.23,8468.77,65,1,7,36,25,No
55,103.94,5065.31,22,3,5,12,14,Yes
51,92.72,6607.94,51,4,0,36,26,No
57,25.95,8043.78,9,6,9,12,14,No
64,141.15,9005.49,71,3,9,24,20,Yes
32,101.63,7454.59,36,4,10,12,15,Yes
