Area_sqft,Bedrooms,Bathrooms,Age_years,Distance_to_City_km,Parking_Spaces,Floor,House_Price
1360,1,2,29,26.18,2,14,6375414
4272,4,1,8,28.75,0,15,22577156
3592,1,3,29,36.81,2,18,18338470
966,5,3,24,10.69,0,12,6161479
4926,1,2,25,24.92,0,10,24183454
3944,4,4,3,16.62,0,12,21543012
3671,6,3,16,1.46,2,8,21037109
3419,3,1,1,5.89,2,6,19024361
630,2,4,15,13.67,0,19,4279337
2185,1,4,23,23.03,2,1,11052740
1269,2,3,13,35.38,0,13,6895688
2891,5,2,25,31.85,2,16,15660651
2933,3,4,7,22.58,1,18,16776713
1684,3,2,13,3.88,2,12,9748240
3885,1,3,30,12.15,2,5,19791951
4617,6,1,1,15.3,2,13,25529235
3404,3,4,15,25.25,0,8,17488466
974,1,1,3,3.53,0,6,6108411
1582,1,2,0,21.68,1,3,8722244
3058,2,2,22,36.16,1,20,15508041
2547,3,1,19,28.51,3,4,13466145
3247,1,3,26,32.09,1,12,16171567
1475,2,3,13,27.59,0,13,7670152
2306,4,4,7,9.06,1,2,13775904
689,2,4,24,5.31,1,19,4706239
3234,2,3,27,33.35,2,4,15655298
3505,1,3,24,28.12,1,13,17976811
2399,5,1,2,23.43,3,19,13961053
1767,5,2,4,8.38,2,8,11424170
2028,6,2,5,24.53,0,8,11945950
3702,5,4,21,2.22,3,16,20754537
4056,2,3,25,5.63,0,11,20880573
4390,6,1,7,13.16,3,18,25007517
1146,1,4,5,18.31,2,4,7476133
3388,3,1,5,5.7,3,1,18312140
2935,2,3,3,5.68,3,1,16762203
1100,2,3,6,29.31,1,14,6464260
2863,6,3,29,23.22,0,4,16039994
2561,1,2,29,21.82,2,11,12950361
741,4,3,23,18.64,3,18,5232717
2541,2,4,18,39.09,0,16,13072165
3324,4,2,6,2.94,0,17,18744017
3112,4,1,2,8.04,1,2,17374052
1863,5,4,7,26.25,0,4,10807959
1978,1,4,0,6.32,2,3,11579344
3056,4,1,0,23.99,1,15,16629746
1275,1,2,13,23.14,3,2,6607592
4514,5,4,5,38.87,2,19,24957616
534,1,4,9,35.45,2,9,3359875
3652,2,4,24,37.88,2,10,18406644
2455,4,2,27,5.43,1,19,13100689
2085,1,2,13,34.86,0,5,9975686
4443,3,2,3,6.03,2,14,24076417
3573,1,4,5,25.68,0,10,19178758
1521,4,3,15,29.08,0,16,8403277
3961,5,1,27,7.27,2,6,21061679
3113,5,3,20,25.67,0,8,16865386
4343,4,2,27,3.05,1,2,23075542
2000,2,4,30,12.44,1,18,10716463
661,2,4,0,36.93,3,20,4964143
4797,5,3,5,7.7,0,8,26567130
2481,5,3,8,3.55,0,5,14338131
1495,4,1,30,18.3,3,17,8469862
3842,2,4,14,34.17,1,16,19537559
4298,5,3,11,3.99,3,5,23904508
1775,2,1,2,14.87,3,17,10167045
1516,5,2,10,36.09,3,4,8781120
837,1,3,14,5.61,0,1,5091468
1378,3,2,2,13.12,0,6,8580554
1576,6,1,13,31.36,0,1,9311708
4493,1,2,1,22.19,0,4,23144172
879,6,4,28,33.46,2,2,5338726
992,5,4,3,5.35,3,13,7862557
2562,3,2,25,36.9,3,14,13459264
4384,3,4,18,37.46,0,17,22916307
564,5,1,11,7.06,1,11,4947508
3068,5,4,1,2.32,2,3,18321227
2527,2,2,16,39.6,2,7,12695422
3195,5,2,2,19.81,1,10,17380108
1995,4,2,9,23.31,0,11,11456044
891,5,3,15,25.02,2,10,6089756
4974,4,2,21,31.8,2,8,25218867
4061,5,1,8,32.67,3,5,21932068
2778,2,4,10,8.56,3,2,15891866
3599,4,4,20,10.23,0,15,19824431
700,1,3,14,35.2,0,16,3802477
3604,4,3,2,32.96,3,4,20016021
2954,2,1,15,25.09,3,16,14523561
4145,6,2,29,39.79,3,12,22226598
1304,4,3,20,29.67,1,14,7270729
3231,5,4,20,9.42,2,12,18028302
3273,5,3,20,34.02,0,16,17313169
2070,6,3,27,17.17,0,16,11773721
3190,2,2,11,2.41,1,12,17599872
4340,3,3,22,13.54,3,2,22934650
1528,5,1,4,30.78,2,14,9056949
1002,1,4,6,38.45,3,11,5675604
4993,2,2,8,11.77,0,9,26634061
1370,4,4,20,10.61,1,7,8515661
4988,4,1,17,22.98,2,12,25775953
706,1,1,20,32.66,2,17,2821940
1984,5,3,7,30.11,2,9,11259542
1363,2,3,11,22.84,2,6,7398934
3290,1,3,19,25.62,1,12,16678251
1063,5,4,1,10.44,0,20,8346824
4691,2,1,9,17.87,2,10,24423072
2257,4,2,18,10.96,2,9,13018218
2178,2,3,8,35.49,0,12,11632482
3742,6,4,24,5.39,3,1,20622497
1559,3,3,23,27.51,2,2,8484707
2222,2,1,7,11.15,2,19,12416537
3814,3,2,23,19.55,3,1,19700220
3657,2,1,23,12.68,0,16,18396207
3125,3,4,23,13.61,0,16,16660270
3229,6,3,0,11.16,2,18,18712075
2097,4,1,5,30.36,0,18,11196351
3560,5,4,11,15.26,3,13,20996030
3193,3,3,24,29.33,1,12,16096309
4127,6,2,23,18.79,3,9,21810266
1863,3,1,18,22.34,3,5,9755400
2481,4,3,26,22.19,1,9,13402989
2163,3,3,16,39.06,3,13,11821856
2029,6,3,1,15.32,2,16,12694814
2538,6,3,10,9.1,2,10,15281475
3802,1,1,30,36.56,0,16,17872618
2737,4,3,17,7.82,0,14,15276588
1806,1,4,22,33.54,3,2,9113522
4529,4,1,27,6.86,2,19,23510287
3175,3,3,21,26.69,2,11,16478011
1782,6,1,10,6.87,1,19,10483511
1209,1,4,17,37.0,0,11,6038540
4913,3,4,7,23.04,2,14,26236069
4248,6,1,14,13.84,3,15,22896451
1163,4,3,8,6.47,2,7,7777238
2498,6,3,14,15.48,0,15,14491423
3945,3,4,6,28.5,3,8,20796457
4243,1,3,19,16.01,0,4,21183290
1995,1,4,12,10.6,2,18,10999095
3804,6,3,12,23.52,2,14,21255922
4263,3,4,0,17.3,2,18,23866067
2353,2,2,19,7.47,0,4,12292414
1791,4,3,3,7.01,3,2,11597626
4081,4,3,23,28.59,2,6,21233508
3957,3,3,3,39.01,2,11,21106123
2136,2,1,3,10.09,2,1,11782789
4196,1,3,12,31.15,1,15,22089682
3499,5,1,1,4.42,1,12,19698795
3652,5,1,27,15.88,3,18,19747744
1198,3,4,25,20.76,0,5,6706817
2660,2,1,22,11.48,2,11,14075684
4597,2,1,14,21.65,2,19,23798394
1354,4,2,3,35.42,0,1,7881722
3974,1,3,26,37.83,0,17,19096755
2207,6,1,5,4.92,3,8,13275935
3277,2,3,2,11.6,0,16,17670160
2233,6,1,6,39.19,2,11,12662496
4010,5,4,5,11.55,3,19,22939594
702,6,2,2,28.02,1,11,5430381
3755,1,1,3,10.88,3,15,19274839
4718,1,3,9,14.9,3,8,24945713
4996,6,4,29,8.46,3,14,27312691
1266,3,3,20,34.4,0,1,6603075
4889,2,4,8,35.42,2,10,25805657
2827,3,2,29,12.58,0,7,14224402
3431,6,4,5,33.12,2,18,19597730
697,2,3,28,14.97,0,12,3818613
2430,4,3,19,4.86,3,2,13733949
4082,3,1,26,30.56,2,18,20377301
1108,3,4,10,24.26,0,7,7000931
3772,6,3,6,11.7,3,20,21872703
1647,5,1,17,10.87,1,12,9870455
4782,6,2,3,39.05,0,20,25466661
3897,3,3,4,34.64,0,14,20817994
3011,2,1,3,32.58,1,10,15403519
2294,5,3,3,5.99,0,9,13909416
1159,6,4,26,30.45,1,15,7932626
3311,6,1,12,9.37,2,20,19036373
1869,3,4,15,39.12,1,10,10238766
2486,3,2,24,3.03,3,19,14144399
646,4,4,13,14.73,1,19,4975852
3719,6,1,10,17.72,2,12,20719194
3411,3,3,28,33.14,1,12,17056945
2234,1,1,1,30.88,1,9,11404476
2343,5,4,21,15.62,2,20,14201715
988,1,4,13,23.06,0,4,5485599
3476,5,3,23,33.59,0,1,18557400
2459,6,2,23,1.71,3,16,14501468
2885,4,1,26,32.28,3,1,15119241
3419,3,3,6,37.93,1,13,18137268
2302,3,3,25,2.25,0,3,12438885
4561,3,3,10,2.78,0,12,24422757
3869,6,1,3,14.44,1,9,21627172
762,5,1,6,4.42,2,4,5781839
1123,3,1,28,19.69,0,2,5116022
1516,1,2,15,29.42,3,9,7828787
4143,3,3,25,23.11,1,20,21496972
2549,6,4,5,8.66,2,13,16253960
4223,4,4,26,26.54,3,14,21703357
3608,1,3,5,27.71,0,3,18977456
4590,3,4,1,37.37,2,18,24900230
2556,3,2,23,6.73,3,9,14092435
3670,2,2,7,28.0,1,15,19161275
2182,5,1,29,36.55,2,10,11020160
2755,1,1,26,20.56,2,17,14201245
1654,2,1,6,15.11,1,13,9537643
4999,4,1,26,7.66,0,1,25653733
3691,5,1,24,34.8,0,11,18975700
2196,1,4,23,16.38,2,5,11432855
4491,3,4,13,37.07,2,9,23661570
2148,1,1,8,34.06,2,7,10800194
1945,3,2,14,15.69,3,7,11030120
4699,5,4,24,23.38,2,2,25051900
4423,3,2,21,2.06,0,19,23937591
753,4,2,17,11.27,1,20,4950195
3683,6,3,11,28.7,1,18,20495492
3057,3,3,22,27.44,1,10,16257234
598,4,1,18,14.78,2,5,4263503
2700,6,2,12,32.54,2,16,15489734
3461,5,4,6,10.2,1,5,20608396
4933,5,3,24,18.99,3,15,26641623
4277,1,3,9,19.43,3,16,22251820
3369,4,2,29,14.29,3,4,17525879
3734,4,3,9,38.23,3,14,20112750
4291,2,3,1,28.17,0,17,22434881
1456,2,4,13,22.03,1,17,8408052
4567,6,2,12,20.91,0,16,24773649
660,6,3,21,7.21,2,9,5536765
4993,2,2,28,15.52,3,2,24509820
1800,6,3,5,27.24,3,11,11217316
4487,3,4,8,37.06,1,15,23848304
2027,2,2,12,32.84,3,3,11132089
1718,4,3,8,12.72,1,16,10390888
4996,3,4,30,17.92,2,19,25837347
3604,6,3,12,4.23,3,6,20657505
3235,5,2,4,4.98,3,14,19277896
1454,1,3,13,19.34,0,5,7657615
3946,2,2,4,21.68,1,5,19950478
1545,5,2,8,11.3,1,6,10168792
2193,6,3,7,26.07,3,18,13670742
3936,4,4,6,28.43,0,18,21011339
1062,1,1,7,12.67,3,19,6104892
2985,5,4,21,30.58,1,2,15931825
3854,1,4,2,9.02,1,17,20776816
725,2,3,22,22.23,3,1,4610382
1459,6,4,23,32.37,2,9,8380637
3567,4,4,14,21.94,3,13,19578477
1315,6,1,7,36.41,0,4,7878095
3620,1,4,0,3.28,1,5,19692177
516,5,1,6,23.94,1,18,3992491
1743,2,3,18,22.91,3,10,9889229
2705,2,1,1,26.75,2,4,14268614
3024,6,2,13,33.5,1,13,16591338
1569,5,2,17,29.31,3,13,9391095
3944,5,1,29,31.82,2,17,20275415
3065,1,2,14,12.26,3,8,15872393
1560,6,3,13,16.11,3,4,9819594
2827,6,2,23,25.44,3,3,16241018
3920,3,1,24,22.58,1,11,20098474
801,6,3,18,38.48,2,12,5428304
4776,2,2,29,8.29,0,9,24429155
1106,1,3,18,14.7,0,15,6124544
3670,5,1,21,23.34,1,13,19353054
1199,6,2,26,34.85,1,5,6570034
1639,1,3,25,37.24,3,5,7750663
690,6,3,16,14.11,3,19,6192792
2800,5,2,21,3.62,2,11,16000172
1480,4,3,27,17.44,3,9,8167109
3475,5,3,18,16.38,2,3,18908203
1684,5,1,26,39.47,3,18,9327238
3827,5,1,15,17.81,3,13,21078470
3894,6,1,19,12.92,0,12,21121328
627,3,1,24,15.25,1,9,3411852
2565,5,1,18,16.48,2,10,14253801
2316,2,1,0,33.04,0,13,12085767
1069,2,2,18,4.16,3,20,6695599
2395,1,1,6,13.34,0,20,13044928
3233,3,3,28,38.69,2,13,16178080
4363,1,2,22,6.97,1,9,22200048
4514,2,3,10,29.96,0,10,23141980
3401,2,1,4,14.9,2,19,18118656
2186,4,1,29,23.69,3,6,11385799
3509,5,3,16,4.88,0,7,19782078
654,2,3,10,12.95,1,15,4665106
3037,6,3,23,20.53,2,19,16933005
1909,6,4,25,10.04,1,14,11818890
4557,1,4,7,22.13,3,16,23884115
1284,1,4,9,9.57,1,14,7113980
3675,5,4,11,26.35,3,20,19944862
4841,5,2,9,36.27,3,2,25778485
3306,4,1,12,4.33,0,9,17791424
1037,3,3,25,9.45,3,3,6552983
2341,1,1,17,33.93,1,6,11402887
2955,5,3,9,25.63,0,5,16427409
1024,1,1,18,4.07,3,14,5632981
3450,5,2,19,19.97,2,15,18912243
4631,2,4,16,9.18,2,18,25061032
4615,1,1,19,8.76,3,17,23005220
2868,2,3,15,37.69,0,9,14487812
4347,1,1,4,30.7,0,19,22396055
4995,3,2,2,28.15,0,9,25682604
3201,4,2,29,10.32,1,16,16987053
1471,6,1,26,5.62,2,6,8699501
1666,6,4,14,34.96,3,8,10295715
3274,6,3,25,1.23,3,3,18012287
2482,2,2,1,16.14,2,5,13976920
1353,5,2,12,11.83,1,7,8559429
4646,6,1,21,23.24,0,1,23790676
4236,3,2,7,10.77,2,4,22756336
4269,6,2,22,13.14,3,16,23398900
1074,1,3,26,34.15,1,14,4899602
3761,2,4,29,24.52,3,1,19797460
1648,1,3,16,6.68,0,4,8947829
2215,1,4,3,29.33,2,10,12498816
4354,1,3,18,9.09,0,11,22239411
2991,4,1,21,17.89,1,7,15205245
3160,4,2,24,26.22,2,4,15787420
3624,5,4,8,11.61,0,1,19920587
3551,2,1,22,15.98,0,1,18094862
504,3,2,14,29.63,0,17,3021297
1376,3,2,27,37.58,1,10,7142859
1491,3,2,8,21.64,0,5,8019067
4642,1,3,23,1.39,3,7,23821475
4864,4,1,20,14.2,2,8,25169453
4965,2,1,8,16.55,2,2,25628797
1135,1,2,13,14.23,0,9,5628594
2193,4,4,22,18.01,1,4,11976439
2182,4,1,20,25.67,3,12,11738305
619,6,3,15,5.72,3,11,5274135
1330,6,4,30,11.63,2,5,7946372
4175,2,4,23,20.8,2,12,21663569
1869,2,4,30,13.31,3,4,9634004
1240,2,4,22,39.65,2,13,6928131
616,1,1,24,17.83,0,1,2961880
3338,5,2,25,34.92,3,18,17571968
1650,2,4,16,35.96,2,4,8991606
2431,6,3,30,33.6,0,4,12995711
1512,5,3,12,2.83,0,8,9949591
2164,1,2,8,37.96,3,20,11173520
1581,5,1,14,6.02,0,6,9537630
1012,3,2,6,2.34,3,4,6975036
3349,5,4,0,17.16,0,4,19154243
1059,2,1,0,8.59,3,11,6620479
4172,1,1,4,8.18,3,9,22246212
3843,2,4,23,12.22,3,14,20237111
4570,6,3,8,10.69,3,4,25358513
1970,3,4,11,27.71,0,13,10796202
1080,6,2,5,8.28,3,6,7845067
2794,2,4,27,22.18,2,13,14498582
3647,2,3,12,39.47,0,3,18548175
4749,2,4,25,17.86,3,7,24798506
2179,4,2,27,26.03,0,1,11217842
4006,3,2,7,38.81,0,11,21069632
3244,2,3,14,6.37,0,2,17166051
3856,2,2,5,17.33,0,5,19583085
4545,6,2,26,34.16,3,14,23654662
1743,6,4,5,37.36,0,13,10986006
3618,2,1,3,24.45,2,16,18941143
2641,1,2,10,6.59,0,15,13847128
3559,4,2,20,36.16,0,3,17846660
3459,6,3,29,7.8,2,6,18949923
2765,1,3,17,14.76,3,9,14455377
2979,4,4,2,15.64,2,3,17256179
2135,2,4,2,18.44,1,13,12175610
2257,3,2,29,31.82,2,13,11847450
4952,5,1,11,32.28,3,7,25881515
2570,5,1,26,29.07,2,5,13559580
3349,2,4,20,1.86,0,8,17321769
3751,6,3,29,23.03,3,8,20496946
4230,1,2,20,30.15,1,7,20495014
2989,3,2,5,18.34,3,19,16802508
2131,4,1,20,37.85,0,7,10261559
3316,2,4,27,33.13,1,4,16341689
1515,3,1,5,25.89,3,10,8989112
1848,3,1,7,3.43,3,13,11398547
3587,6,4,14,26.44,0,4,18959107
3339,4,3,17,36.55,2,19,17499301
835,3,2,19,15.8,2,10,5658862
1395,6,3,28,33.69,1,7,8080356
4046,1,4,15,13.21,0,5,20565109
1351,6,4,5,23.23,0,3,9462359
2187,1,2,27,26.29,2,2,10743376
2431,1,3,20,27.44,2,11,12407006
4246,3,2,16,35.42,1,10,21099354
2927,6,1,8,10.15,2,13,17525046
2068,1,1,18,11.23,1,7,10542964
4500,4,1,17,28.46,3,10,23325602
3238,3,3,24,7.91,1,4,17550773
3998,6,1,22,19.11,1,20,21177244
4413,6,2,4,1.78,1,16,24492433
1566,5,3,27,6.5,3,20,9455534
4880,6,2,5,27.48,2,6,26329027
2944,3,4,11,30.15,1,9,15889281
4607,4,3,10,5.5,2,13,25324542
3873,6,2,15,9.88,1,7,20967687
4469,5,2,19,4.86,2,18,24364486
3046,3,3,16,17.9,1,14,16191732
1253,1,4,19,5.92,2,5,7139591
2582,2,3,8,18.05,0,13,14296493
3274,2,1,0,29.55,3,8,17459107
3396,1,1,25,27.65,1,15,16706582
4685,6,4,2,11.94,3,19,26506666
1275,2,2,30,27.28,1,9,6725641
2125,2,2,30,37.18,0,6,10187124
3569,1,2,20,14.55,0,14,17863807
917,6,3,22,13.84,3,10,7011327
614,6,3,8,23.29,1,9,5393434
1116,1,4,21,10.57,2,17,6091847
4474,6,1,18,26.41,1,13,23764757
3767,6,2,12,33.46,2,17,20323049
1325,3,1,22,18.91,3,19,6805239
2016,3,3,30,27.5,3,13,10517692
3646,1,3,13,26.42,0,9,18824711
912,4,3,19,2.51,2,1,6634557
1228,2,1,18,8.15,1,1,6398033
3848,3,4,29,35.85,0,5,19273126
3308,2,4,22,37.62,3,8,17418341
1175,5,3,26,31.44,0,18,7020195
3965,1,2,26,36.93,1,4,19288592
3004,4,1,6,12.94,1,1,16433343
3467,5,3,3,10.66,3,15,20250935
3286,5,1,11,15.99,0,20,17981294
1622,6,1,22,3.16,2,4,10309854
4579,5,4,26,32.58,2,9,24079636
2071,1,3,13,39.38,2,20,10649879
2643,3,4,1,33.14,1,10,14099842
2187,1,3,0,22.64,0,15,12211429
4632,3,1,27,12.52,2,3,23263179
4351,5,4,30,8.71,0,2,22356240
3940,5,1,17,15.2,3,5,21121336
4266,4,3,19,27.01,2,1,22248269
2826,3,2,7,18.44,0,11,15388955
3414,5,4,2,37.43,1,12,19248991
4452,6,4,30,34.31,3,3,23358927
1095,2,1,25,4.99,3,16,6966224
1228,4,1,30,6.13,3,14,7096349
1865,1,2,5,27.37,3,12,9574290
4992,4,4,21,10.0,1,20,27164845
1198,2,3,12,31.85,1,16,6892272
895,3,3,8,24.06,2,8,5936159
4671,1,4,8,9.96,1,17,24530409
4860,1,4,19,19.67,1,17,24936997
3002,3,4,8,16.84,3,7,16183427
2319,4,2,30,35.05,1,15,11782435
1217,5,3,14,2.25,3,9,9200785
3282,4,3,12,35.94,0,4,17005195
4077,2,1,21,26.43,0,8,20257282
643,6,1,15,29.76,0,10,3915532
3640,5,4,1,1.1,0,15,20901290
4991,4,1,25,25.5,0,18,25007942
3438,6,2,13,23.95,0,14,19009446
4136,6,3,26,21.95,0,5,22031000
3722,3,3,5,31.65,3,9,19622857
1667,2,1,1,22.68,3,13,9509486
3116,2,4,7,34.43,3,19,16921379
1562,2,1,3,10.07,3,11,9215727
2656,5,4,20,32.43,1,12,14925429
3482,1,2,23,7.99,1,3,18024763
3794,5,3,13,32.71,2,2,20218096
1656,4,2,10,37.68,1,15,9191093
1232,6,3,23,14.09,3,5,8070771
4830,6,2,27,21.67,3,7,25202618
1453,1,1,13,26.67,0,4,6735912
3039,4,2,11,4.1,0,5,16896473
3824,1,2,15,20.27,2,16,20170737
3801,6,1,5,15.06,1,15,20861608
2042,5,3,19,35.03,3,16,12362212
1691,2,3,30,35.19,1,4,7985344
3493,6,1,0,28.33,2,6,19850320
3181,3,2,11,26.57,0,18,16899561
1717,2,2,6,29.61,3,3,9468183
2040,6,2,7,15.27,0,5,12085148
3736,5,4,8,16.78,3,2,21035253
2886,1,3,1,22.59,0,16,15151975
4219,2,2,16,37.58,0,6,21289202
1888,5,3,19,29.24,2,15,11249359
2356,4,2,12,22.49,1,18,12932600
1865,3,1,4,31.05,0,6,9486609
999,2,1,9,15.46,3,13,5905145
2180,1,3,11,29.49,1,13,11934287
1010,4,3,16,17.02,1,1,6389087
4812,5,1,20,11.91,0,16,25648287
1824,3,4,5,24.78,0,4,10182158
1655,1,1,2,27.79,0,17,8509388
2327,5,2,27,18.91,1,18,12679033
3641,5,4,14,23.05,2,16,19897421
3986,2,1,6,28.07,0,1,20253307
2310,2,4,29,30.94,1,6,11380974
3423,1,4,5,35.93,1,11,18086433
2714,6,4,3,14.83,3,6,16556013
4686,6,3,18,38.11,0,17,25256515
1213,5,1,4,25.85,2,4,7155532
4102,2,3,2,31.72,3,14,21647675
4634,3,3,25,28.29,0,14,23450525
4022,3,2,24,9.02,3,20,21423464
4768,5,2,8,3.79,0,8,25718643
1743,2,4,5,29.33,3,2,10488474
4209,1,4,12,20.93,2,5,21801521
1581,1,2,26,28.39,3,4,7403625
955,1,2,21,19.6,3,10,5006720
1394,3,1,27,13.18,3,20,7622810
1884,2,4,29,12.12,0,3,10080474
2458,2,4,19,29.49,0,16,12709208
3572,3,2,3,11.79,2,10,19079129
2496,1,1,1,28.87,3,15,13256506
4785,1,2,25,15.97,1,4,23610495
1004,5,2,3,31.07,3,1,6451821
1714,6,3,7,6.57,1,15,11277525
2031,4,4,12,8.99,1,10,12080615
3940,6,1,9,27.75,3,20,21640149
1323,2,3,17,22.85,1,18,7431877
1428,2,4,8,8.95,1,16,8582584
633,2,2,29,36.21,3,9,3029531
2605,6,1,0,11.76,0,19,15239124
4127,4,4,12,17.42,3,17,22981175
2352,5,2,17,8.89,2,10,13540622
4675,6,3,14,16.13,1,19,26141678
3433,4,1,1,20.17,2,8,18632285
3784,1,4,10,12.51,1,19,20219397
4798,1,3,28,30.99,0,5,23809163
3311,2,2,30,16.36,1,2,16656866
1750,3,2,13,29.45,3,15,9820882
4012,2,4,21,9.08,1,17,21268817
1756,3,2,14,15.7,2,10,10069759
3876,4,1,13,1.31,3,2,21106610
3986,1,4,15,30.59,2,9,20435840
4084,6,3,22,25.41,0,2,21955894
1896,3,4,28,32.9,2,18,10122075
4137,4,4,14,18.77,2,12,22180326
3830,1,3,30,32.19,2,15,19527783
3203,6,2,18,26.26,3,20,18161737
970,3,3,26,1.14,0,6,5498044
1853,2,1,8,10.89,0,18,10069434
3283,2,2,4,20.26,0,13,17172587
3331,2,4,4,25.13,2,4,17817314
857,4,2,10,3.56,3,12,6596133
3519,2,2,27,28.5,3,9,17598013
1167,5,1,19,22.2,3,2,7584829
4968,1,2,24,21.51,2,16,24392243
1645,4,2,23,12.39,0,1,9001346
4685,6,2,27,24.2,2,4,24240552
4219,2,4,3,2.07,3,15,23406492
3245,1,2,19,3.52,2,20,17151226
1039,3,3,17,29.62,1,1,6079208
3279,2,2,24,13.55,0,20,16428149
4636,1,1,2,14.53,0,15,23991167
4275,5,2,3,9.13,3,3,23469710
3008,3,2,13,18.38,2,13,16224239
3279,5,4,6,3.03,3,18,19276669
1424,6,3,25,12.71,2,13,8657887
3456,1,2,7,21.56,1,10,18047687
2081,5,3,23,19.16,0,20,11728429
3824,6,1,15,39.99,0,7,20282530
4985,1,4,19,16.16,2,8,25899704
755,1,3,14,16.09,0,1,4521149
2338,5,4,6,20.64,2,18,13991959
2444,1,2,25,8.42,3,12,12370826
509,2,1,16,35.18,1,18,2975700
3371,1,4,21,23.32,2,12,17382846
1297,4,2,21,8.49,1,20,8257409
1515,6,3,21,31.94,3,9,8876664
2324,1,1,11,2.34,3,2,12618103
4969,4,1,17,39.32,3,14,25564932
3636,1,3,23,34.74,2,4,17979063
2693,1,3,13,23.61,1,15,13903264
723,5,1,14,5.34,1,17,5063332
4658,2,4,14,9.4,0,19,24779139
4425,6,1,4,11.9,2,6,24279882
4500,2,3,15,10.4,0,9,23438439
2133,3,4,4,20.4,0,17,12929725
2652,5,2,1,37.84,2,15,14877941
1010,5,1,19,18.32,0,5,5917687
884,2,3,27,26.8,0,18,4491117
904,5,2,24,27.85,0,4,5105461
2500,2,1,8,34.99,3,2,12786267
3256,5,1,21,2.32,2,19,18216312
2168,1,4,26,16.77,3,5,11712759
1960,2,3,30,31.6,0,4,9508964
4136,2,2,8,32.78,0,5,21237459
3224,4,1,3,37.17,3,19,17463915
4678,5,4,14,28.41,0,13,24955355
2548,5,2,10,10.56,2,16,14736038
4646,2,2,0,20.72,1,12,24182596
1216,1,1,17,2.26,3,9,7109416
2323,1,2,28,26.23,1,16,11148675
2581,6,1,0,22.62,1,14,15252814
3919,1,4,7,27.01,1,1,20023613
2074,5,4,24,37.28,3,20,11851763
749,4,2,15,27.8,0,4,4509758
1173,2,1,25,13.5,2,9,5853776
2665,3,3,27,8.75,0,19,14107228
1270,4,4,21,34.33,2,14,7181178
4462,3,1,17,8.58,0,12,23100530
4863,4,1,21,7.3,1,4,24744329
2484,1,1,8,9.06,1,7,12981171
1577,5,2,11,20.84,2,17,9914281
735,3,3,18,5.84,3,1,5080112
888,4,2,24,37.59,0,14,4540188
3537,5,4,17,38.68,1,15,18888210
2348,3,2,26,38.98,2,12,12207946
3314,2,1,4,2.53,0,12,17774210
3874,4,2,26,37.9,2,6,19965875
3778,2,1,1,39.9,3,13,19890307
1752,1,3,6,37.75,3,16,9342531
4481,2,2,26,27.17,0,14,21995267
2622,2,2,9,28.35,3,7,14100073
2650,6,2,14,5.77,0,16,15128586
1829,4,1,24,35.1,0,9,9065370
1858,1,1,6,3.33,3,14,10467842
2982,2,2,27,13.39,2,7,15164895
2517,5,2,4,39.65,2,12,13459550
1831,3,3,14,17.47,0,3,9732870
4844,2,3,19,6.12,1,14,25539622
4761,1,4,27,38.8,0,19,23515617
1858,2,3,19,39.38,2,11,9770313
3677,3,3,14,8.29,0,5,19349267
2628,1,3,9,34.73,2,13,13313209
2680,4,1,23,16.23,3,10,14600867
637,1,3,25,15.87,0,7,3582191
3972,4,3,28,11.25,0,17,20651941
3332,1,2,25,2.74,3,16,17596830
4079,3,1,13,11.45,3,8,21275827
3531,3,4,25,3.1,1,17,18561413
4664,1,4,25,37.05,3,13,23624504
3093,2,3,9,26.81,1,11,16033267
4800,3,4,16,35.58,3,20,24867438
4318,4,4,20,28.97,2,18,22619193
4638,4,4,13,6.12,0,5,24887650
4323,5,3,1,37.68,3,6,23072812
4542,6,4,15,36.1,2,20,24925759
2406,6,3,12,14.57,3,14,14700210
1260,6,2,26,5.35,0,12,8050448
3945,4,2,8,28.46,3,4,21475808
1399,5,4,6,29.41,3,7,9475996
4955,6,2,15,35.98,0,11,25768206
3447,6,3,9,3.05,3,20,20460989
2219,1,2,23,6.53,0,2,11475119
780,1,4,21,24.33,1,4,4376001
3766,1,3,8,25.15,3,7,19912972
2387,2,1,21,2.31,2,1,12447073
3766,6,3,22,16.48,3,15,20728551
1166,2,2,6,23.78,0,20,6625131
4688,5,1,15,29.78,0,8,24105944
1171,4,3,8,13.33,2,5,8017759
2469,6,1,26,19.87,2,14,13714250
4656,4,1,23,32.75,0,18,23858369
3622,1,1,28,38.2,1,3,16665367
4400,6,3,16,9.98,1,2,23926559
1023,3,2,19,10.87,0,16,5715677
2893,2,3,6,37.65,1,14,14726035
3617,2,2,10,16.44,2,16,19243971
3093,6,3,7,29.02,1,11,17225146
2468,1,3,6,24.88,2,17,13161098
2253,2,3,27,12.14,3,3,11595050
2796,1,2,18,26.49,2,5,13890509
2761,5,3,30,26.57,3,3,15022402
2786,4,1,19,24.11,2,15,14545238
4702,3,3,11,4.89,2,5,25026636
3378,4,1,6,39.81,1,3,17778270
4643,4,4,7,16.62,2,6,25453989
4144,5,4,6,25.89,0,14,22624559
4932,2,2,5,35.54,3,2,25450090
2555,3,2,24,17.51,3,18,13952471
1776,2,4,8,31.18,2,6,9593468
3266,6,3,26,38.9,0,5,16978392
802,4,3,12,15.0,2,14,5692846
1138,6,3,6,16.81,2,17,8458798
555,1,4,7,36.32,1,11,3428058
1025,4,1,21,7.23,2,1,6178633
4623,2,2,16,2.12,2,10,23903593
2625,4,1,16,36.45,1,9,13890019
3787,1,4,15,33.04,1,20,19279322
864,5,1,21,38.93,0,12,4706785
2146,6,3,1,3.27,1,1,13601842
1418,6,3,29,7.09,3,18,9774647
3297,2,1,7,5.11,3,12,17624915
2031,4,4,16,27.65,0,2,11046445
3845,2,1,12,24.63,2,1,19471881
2406,5,3,17,15.01,0,1,13838036
3586,4,3,23,3.24,1,1,19308774
2575,4,4,27,25.95,2,12,14079017
1213,2,1,21,23.23,0,7,6191308
1562,2,3,27,5.4,0,4,8593241
2476,1,3,9,36.45,3,20,12867818
1796,5,1,1,8.76,0,4,11037838
625,1,1,1,30.0,2,15,4045802
4096,6,2,26,35.52,0,1,21228760
3783,4,4,13,23.6,0,6,20049325
2103,2,4,15,10.63,1,14,11474827
566,4,1,6,13.06,0,14,4409034
732,4,4,20,35.54,2,10,4415613
2656,3,3,20,12.63,3,7,14285327
1669,6,1,23,30.1,3,12,9465546
2658,3,1,11,39.62,3,19,14088630
4706,4,1,27,39.99,3,9,23920306
1993,2,2,22,21.81,1,3,9891745
4507,4,4,27,33.24,2,4,22934987
2972,6,2,13,39.62,1,13,16509379
3160,3,3,24,15.61,3,10,17062436
3239,2,4,3,10.84,1,14,18074817
2261,4,2,25,5.46,0,6,12371083
4014,5,1,3,6.5,2,8,22128316
2475,6,2,17,34.29,0,19,13669467
2862,6,1,2,23.96,1,10,16323754
1376,5,2,0,35.07,0,5,8125374
4312,4,2,16,31.79,1,5,22435286
3948,6,2,6,27.28,1,5,21648764
1812,2,1,29,24.76,2,9,8815384
1960,4,2,15,2.89,2,9,11776502
3209,4,4,29,35.02,2,15,16844186
2824,3,4,4,17.3,3,9,16320388
2233,6,4,18,22.83,2,14,12967645
2105,6,1,6,1.86,0,6,12980563
3063,5,1,13,37.51,2,20,16678503
3921,3,4,1,36.21,2,8,21768295
4017,3,4,2,22.19,2,2,22300521
2897,6,4,16,23.52,1,5,16732906
4235,4,3,15,28.5,1,17,22275868
3370,3,4,7,11.32,2,10,18511423
1660,5,2,17,9.65,1,14,9791249
742,3,3,14,27.29,1,18,4910595
3090,5,3,6,5.07,3,1,18346521
1563,3,1,26,18.71,0,2,7473978
4824,5,2,8,20.22,1,4,25521475
3095,3,1,5,15.87,0,13,16583272
1419,3,1,17,8.23,1,16,7728588
505,2,2,17,14.86,2,5,3061656
967,5,1,24,14.16,1,10,6264429
4670,5,2,25,20.47,1,17,24729687
503,5,2,23,27.31,0,11,3626110
1145,1,1,13,38.76,2,5,5155651
617,3,4,13,6.62,3,15,4560725
3428,5,1,13,35.05,0,4,17775042
3051,6,3,24,12.08,2,7,16439718
4789,1,1,3,24.06,2,10,24649279
1346,2,2,3,22.32,0,4,7736211
3262,5,3,14,22.72,1,20,17866302
1641,5,2,14,29.21,2,5,9704380
2310,1,4,17,15.89,3,5,12580758
1223,3,4,13,13.44,1,11,7307649
724,6,3,25,34.26,0,19,4728546
4708,2,4,0,9.58,0,5,25035142
2548,5,4,9,8.03,0,8,15279094
4915,3,1,28,1.61,0,7,25239460
2073,6,1,19,9.21,3,8,12426439
2328,6,4,9,21.22,3,13,14136133
2417,2,4,9,22.0,2,5,13699713
4734,4,1,26,10.92,3,18,24841362
2526,6,4,23,3.82,0,9,14898171
4244,4,4,1,30.04,3,2,23738188
1401,6,2,28,30.56,1,16,8279710
2539,2,4,27,39.92,1,14,12711068
509,1,3,26,36.1,2,17,2248084
760,2,2,7,37.12,0,6,3561835
2173,2,3,0,32.13,3,3,11596831
2719,1,4,30,25.0,2,17,14021738
2560,1,1,0,6.01,2,13,13391986
4213,3,2,3,25.27,3,6,22766638
2119,6,1,6,3.18,2,8,13276518
820,3,2,8,35.53,0,6,4422256
1842,1,1,15,19.79,3,16,9669723
2876,4,2,4,28.2,1,6,15897858
3332,4,2,1,3.04,1,17,18946588
3324,2,3,27,21.84,3,3,17368367
2494,5,1,22,12.75,2,12,13373621
3458,2,3,10,12.11,2,6,18668500
2538,2,3,17,16.2,1,7,13247325
3990,5,1,24,1.02,1,11,20828063
4177,6,2,24,19.2,0,9,21831932
1618,1,3,18,19.98,2,16,8493154
2104,4,1,12,34.66,0,5,11055476
4527,2,2,23,18.49,1,15,22727424
735,5,3,10,15.18,1,4,5423671
2469,3,3,19,39.8,1,5,12566209
4929,2,3,18,23.28,1,7,24904135
2408,4,2,16,19.43,0,3,12789283
875,1,3,4,20.34,1,4,5358386
4030,2,2,12,32.56,3,15,21335688
3135,2,4,29,14.29,2,2,16290250
2070,6,3,26,16.18,1,5,11939990
3060,5,4,19,30.48,2,7,16798887
3891,3,1,0,3.85,1,17,21116480
3465,3,3,9,34.74,0,8,18289231
4143,1,1,7,17.78,2,9,21560450
4350,4,1,23,23.67,0,10,21839759
1372,1,1,28,30.54,1,11,6472985
1752,2,4,7,11.38,3,1,10858136
1814,2,2,18,35.72,3,15,9139715
3398,3,4,5,39.19,3,8,18666456
577,4,4,11,20.28,3,19,5473614
3121,5,1,27,37.54,3,12,16441259
4727,4,3,6,1.04,0,6,25606211
1100,2,2,15,35.88,3,10,6146648
1565,5,1,8,13.13,1,5,9227994
2636,4,2,20,13.15,0,7,14062487
2949,4,4,24,9.9,0,7,15822706
2843,5,2,21,13.36,3,9,15431840
2363,2,2,9,9.33,2,15,13099203
1818,4,3,9,36.33,1,6,10322964
4097,5,1,9,36.06,0,16,21762205
4262,6,2,19,4.99,1,7,21906693
2690,6,2,28,6.57,2,15,15285559
1492,2,4,15,34.62,0,2,7848156
3212,5,4,0,16.56,1,8,18258780
2692,6,2,16,7.6,3,12,15636672
1748,5,1,29,20.92,0,11,9548287
3554,4,2,25,17.25,0,6,18457970
4533,2,2,20,9.55,0,20,23320924
2497,6,3,28,29.11,0,13,13900127
4187,4,1,13,25.62,3,16,22868952
2651,1,3,18,4.89,2,8,13999978
4518,1,1,20,37.09,2,17,22331781
3610,2,1,20,22.78,1,13,17928023
2470,6,1,16,10.76,3,4,14904434
697,6,3,13,9.05,3,20,6036806
3126,6,3,7,6.3,1,10,17720133
1702,5,3,20,17.56,3,20,10617535
2535,4,4,20,6.29,3,16,14234698
977,6,3,8,17.22,0,17,7578009
1754,4,4,7,6.8,0,8,11016788
1422,2,4,12,26.62,0,11,7621126
919,6,4,16,31.62,3,5,6800674
2704,2,2,18,22.43,3,16,14139108
3097,6,2,27,27.52,2,8,16805035
1620,1,2,6,37.6,0,16,7875595
3568,3,4,16,25.9,1,4,18429647
1450,2,4,0,15.2,3,6,9215361
2836,6,1,4,18.53,0,8,16641915
2743,3,4,24,34.56,2,9,14172460
3145,2,2,5,6.1,0,13,16751265
2357,5,4,25,13.7,2,17,13535885
2365,6,4,1,23.51,2,9,14175237
3412,5,1,26,27.38,3,13,18156342
3353,1,4,24,30.78,2,9,17181109
3728,6,3,15,13.41,2,6,20979414
4219,1,1,21,6.69,1,10,21206822
3728,3,4,4,38.24,2,5,19631553
2871,2,4,4,3.98,1,7,16739489
3391,4,1,30,4.74,1,11,17464268
4256,1,4,11,20.3,0,9,21703154
4725,4,2,2,32.95,0,10,24333695
594,4,3,29,31.21,3,11,3328221
3174,2,3,15,37.57,3,3,16440635
2455,3,2,5,6.52,3,8,13963966
1293,2,4,14,15.65,2,17,7549584
2334,6,4,14,12.0,0,7,13675660
2616,1,3,28,34.57,2,12,12661623
4606,4,4,15,20.05,0,16,24369434
3825,2,3,19,2.05,2,15,20799550
3419,2,3,12,28.61,3,13,17943162
3097,2,2,11,16.16,0,18,16354736
3705,1,3,9,21.71,0,18,19210012
1314,3,4,13,35.86,1,5,7476448
845,2,4,30,11.01,0,14,4648564
2849,1,1,1,10.37,0,11,14868471
862,4,4,28,11.26,2,3,5786433
2943,6,1,2,14.19,3,17,17361152
2765,5,3,8,5.19,1,12,15947689
2688,1,4,10,28.19,2,3,13262295
3505,5,2,10,9.09,0,2,19045663
3781,2,2,24,37.12,2,4,18308901
1484,2,2,21,9.41,3,18,8097768
2139,1,3,9,10.97,1,20,11384112
1327,5,3,25,12.58,2,14,8618368
3230,2,1,13,30.97,0,8,16521497
4031,4,2,8,17.68,2,2,21890410
4951,3,1,19,32.95,0,19,24856092
3435,3,1,26,31.61,1,10,16914980
4376,2,4,20,37.25,1,5,21695410
626,5,4,9,30.51,2,11,5386569
3677,6,2,21,3.02,1,9,20585087
3556,2,3,28,33.65,3,16,18166583
1103,6,4,30,37.58,2,5,6357924
3949,6,3,8,39.75,0,15,21355134
4646,5,1,28,5.89,2,14,24476906
4033,6,1,4,24.92,0,9,21386923
3867,4,1,7,8.78,1,20,21484148
3868,5,1,10,11.24,0,5,20428485
4297,2,2,0,30.08,0,15,22124115
2292,4,1,20,39.13,0,9,11085192
3361,1,4,9,24.2,0,4,17338932
3976,3,1,0,34.17,3,4,20871189
3917,2,3,25,1.35,0,20,20745296
2145,2,4,29,2.43,2,7,11364980
1705,2,3,21,24.27,3,15,8937654
3530,4,3,6,16.17,0,17,19484801
3372,1,2,27,35.7,0,18,15634865
3572,5,2,13,12.78,0,7,19824946
2354,1,3,4,17.85,3,19,12712258
4521,4,3,16,21.59,0,10,24320349
3208,2,1,21,11.65,0,13,16066136
4002,3,4,25,36.43,0,2,19801186
1832,2,1,20,19.12,1,20,9676924
701,5,2,5,17.54,2,11,5729153
4007,6,2,15,34.14,0,5,21421425
4712,3,1,10,13.17,2,6,24690927
1074,2,4,9,32.88,1,3,6824917
1036,3,3,14,5.77,1,1,6105897
2125,6,1,6,8.13,0,3,13035227
2622,1,2,22,38.08,2,3,12180329
885,4,4,1,33.86,3,4,6854069
3781,2,2,30,16.13,0,7,18912532
974,5,4,11,25.9,3,15,7535310
917,1,4,18,37.78,1,11,4973139
4100,2,4,11,9.26,1,18,21366116
1454,1,1,15,3.3,2,12,7806100
1705,5,1,5,21.96,3,4,9920035
4620,2,1,2,6.56,3,11,25029130
2490,6,4,1,8.31,0,6,15532429
4072,6,4,19,35.77,2,19,22276175
4880,5,2,4,1.29,2,18,26894005
4658,3,3,10,32.86,3,15,24680558
3213,5,1,25,21.16,1,3,16513557
2703,3,4,24,22.81,2,17,14664148
3620,2,2,2,27.2,1,1,18838020
1466,3,2,2,17.83,0,2,8289218
3932,2,2,21,5.51,2,19,20815888
1188,2,1,4,5.01,2,9,7795493
4743,4,1,21,30.42,0,8,23605998
4201,2,3,22,9.62,2,12,22187910
841,3,2,10,2.1,3,15,5795288
2224,4,1,2,39.2,3,7,12500205
4922,4,2,30,39.24,0,16,24483850
2292,2,4,12,15.75,1,7,12521336
2259,5,2,20,2.0,1,20,13104758
3712,5,3,7,29.36,2,12,20874403
1489,6,1,19,33.41,1,17,8597137
2762,4,4,9,5.88,1,11,15886247
2982,2,1,1,6.28,0,4,15948133
1451,5,4,3,33.07,1,19,9982075
1222,2,2,17,36.95,1,2,6224276
3889,2,2,18,31.84,1,2,19295866
2579,4,3,3,8.83,3,17,15818696
3217,6,3,19,17.05,3,9,18247919
2832,4,4,25,24.43,0,1,14705386
3876,1,3,8,7.25,2,10,20686862
2000,5,3,15,9.21,0,15,11849700
785,5,3,25,12.03,2,15,4574586
3995,5,3,5,20.87,2,2,22122474
2565,3,2,24,20.92,1,14,13049389
1268,2,3,3,32.76,1,4,6799202
3557,4,2,8,30.37,0,18,18392822
4789,5,2,26,36.64,0,9,24462457
2661,1,1,12,33.48,0,2,12873741
3793,5,2,8,10.9,3,2,21347225
1446,6,2,5,13.92,3,18,9672754
3835,2,3,20,20.52,3,17,19932609
4650,2,2,18,1.56,3,9,24979870
1981,4,4,13,36.25,3,8,10766273
2401,3,3,30,2.73,1,2,13151519
3951,4,3,20,13.58,2,2,20851563
4564,5,3,14,23.2,3,5,25549425
554,6,1,2,21.2,0,12,4956646
2323,1,3,4,26.52,2,16,12383606
3962,4,2,20,21.57,3,14,20622623
3579,3,4,17,9.93,3,20,19849525
1332,4,3,13,8.84,1,2,7696057
4908,2,3,15,36.38,1,8,25077055
3306,5,4,13,11.29,1,4,18189631
2990,5,3,8,11.96,3,20,17200043
827,5,1,14,17.11,1,9,4661467
3810,5,2,6,6.44,3,20,21648041
3800,5,4,13,20.78,2,19,21269318
4175,5,4,5,26.94,2,2,22980011
3554,1,1,20,31.65,3,16,17162060
2643,3,2,14,28.75,0,11,14231643
1811,5,1,19,6.76,3,8,10657386
3691,3,2,7,18.79,2,12,19668710
3038,6,1,1,2.5,2,3,18013468
4483,5,3,7,1.69,3,13,25015654
664,4,1,0,18.17,3,2,5188115
4777,5,4,25,10.87,3,13,25634170
1322,2,4,16,27.65,2,8,7683597
1443,1,4,18,29.25,0,15,7725895
4925,4,1,4,35.92,3,9,25726045
1274,4,4,29,30.67,2,11,7293928
2698,2,4,21,2.88,3,3,14775558
3656,5,3,19,15.49,2,7,19940222
4742,1,3,15,11.65,3,14,24332360
4195,4,2,6,16.06,2,15,22484300
3952,1,2,6,7.24,3,9,20818417
1414,4,2,17,4.81,1,20,8710398
1808,5,1,17,21.32,3,11,10186927
4677,6,2,1,29.09,2,7,25567084
1013,4,1,14,28.37,3,12,5448943
2420,6,1,13,18.59,0,19,13801120
4094,4,2,30,21.37,3,18,21388884
1909,3,2,17,21.14,3,13,10837119
3690,5,1,28,27.97,3,11,19682551
4991,2,3,8,2.87,0,1,26383568
2055,6,4,13,28.69,0,6,12666975
1304,2,4,4,23.71,0,2,7588465
1779,5,4,10,8.73,1,13,11305639
4077,2,3,7,2.91,0,13,22069254
3401,5,1,4,5.23,1,19,19187191
1887,2,2,28,21.46,3,9,9574223
3261,6,1,10,30.58,1,19,18357765
3179,3,1,4,14.05,3,1,17475861
2606,2,2,16,15.79,1,8,13833173
4723,6,3,21,37.43,0,14,24589968
3268,4,4,3,9.31,0,16,18910365
4453,5,4,14,5.05,1,4,24483437
3686,1,1,18,14.39,1,18,18343354
3780,1,3,21,30.09,0,14,19026828
3073,5,4,1,25.42,3,9,17524782
3099,3,3,23,17.22,3,15,15907204
4533,2,2,16,38.63,3,3,22322721
736,3,1,11,29.66,3,4,4343960
1804,1,1,24,3.41,2,18,9847079
3930,6,3,23,30.04,3,14,21442841
1801,5,4,16,1.94,2,15,11450755
3041,5,3,9,26.36,2,8,17441741
2551,3,2,27,9.21,0,10,13447826
941,6,4,30,28.16,0,12,6288202
2576,3,4,24,13.08,1,9,14239690
3680,2,3,17,35.05,3,8,18829631
3157,4,2,18,14.14,3,17,17257004
4298,6,4,17,25.17,0,9,23065712
1304,4,1,12,12.15,0,13,7980475
574,2,2,13,36.77,0,14,2672464
2675,4,4,23,31.46,1,5,13997708
4424,1,3,15,10.49,3,9,23031746
2589,4,4,17,38.0,1,16,14107978
540,2,1,25,14.93,2,19,3227749
2581,4,2,17,26.42,2,7,13897009
2122,5,4,15,29.97,3,12,12391640
841,3,1,30,1.89,0,2,4704663
4552,1,4,16,38.4,0,18,23204292
2574,5,4,6,14.43,1,18,14849312
1145,5,2,11,8.4,2,16,8175863
4763,2,3,1,34.18,2,11,24827454
1109,3,3,9,28.41,3,2,7244172
954,3,1,4,4.38,2,14,6255446
3453,6,1,20,5.56,0,4,18487647
2208,1,1,2,28.89,0,7,11437158
3972,2,2,18,3.92,0,2,21111244
3469,1,3,12,36.77,3,14,17328924
3528,6,1,11,29.92,1,7,19328518
3181,4,1,2,14.08,2,9,17816097
4129,5,4,5,15.15,3,8,23236464
4725,1,4,13,20.75,1,9,24963249
3567,5,1,3,15.08,3,7,19329016
1886,2,4,12,31.56,2,19,10819734
4276,4,4,18,39.01,0,17,22631609
3366,2,4,17,23.8,1,13,18029227
3863,4,2,28,18.4,1,11,20341217
4624,4,1,2,9.69,3,18,25298358
648,5,1,19,26.48,3,17,4441478
4350,2,4,5,27.74,0,16,22713388
2558,2,2,15,27.72,3,10,13583315
1636,1,4,19,2.05,2,4,9166878
686,2,2,23,36.07,2,4,3245024
3354,1,1,2,14.19,2,11,17474140
1750,3,4,11,30.02,2,8,9897211
1833,3,1,18,30.63,0,9,9547357
4693,3,2,18,26.37,0,16,24031335
4650,6,3,23,16.4,0,10,25232765
3211,2,2,3,24.73,3,9,16805827
2285,6,3,0,2.57,0,3,14391912
1250,2,1,1,30.71,1,2,6489819
2262,1,1,12,4.88,1,9,12225760
4420,6,4,29,16.47,1,13,24214017
4960,6,3,25,5.04,3,6,26500924
981,6,2,28,33.65,3,4,5734077
653,4,1,12,22.46,0,14,4016657
2024,1,3,29,27.95,2,11,10345024
2620,3,2,1,27.62,1,2,14041276
2843,1,3,29,33.82,3,3,14121503
1740,4,2,18,6.17,1,5,9822393
560,2,2,21,26.73,0,7,3119385
1438,1,2,23,23.43,3,11,7661658
2139,6,2,15,2.2,2,12,13560970
4620,3,3,11,8.86,2,11,24692067
4726,3,3,0,11.44,3,19,25889837
4069,2,4,8,3.83,2,13,22122514
1752,1,3,16,14.83,0,4,9117164
4703,4,3,9,2.06,2,14,25625817
671,2,4,17,22.57,1,12,4527867
1958,1,3,18,9.25,1,2,10060545
4049,5,2,6,12.19,1,8,22196876
4697,3,1,24,36.51,3,19,23815028
2822,4,1,18,20.61,3,13,15376883
2136,6,4,23,11.49,3,1,12490505
3615,4,3,14,24.34,3,5,19467737
4590,6,3,8,8.87,3,11,25739875
3504,4,4,9,3.9,0,11,19868182
829,3,1,22,1.82,3,13,5210424
4140,6,2,19,38.11,2,2,21826603
4394,1,3,19,29.26,0,19,22104732
4607,6,4,3,32.2,3,16,26024762
1841,2,2,5,39.26,2,5,9123029
4163,1,4,3,37.33,0,14,21503565
715,2,4,4,29.74,1,19,5227305
838,4,4,8,28.07,0,5,5395094
4562,1,1,11,14.14,3,9,23185642
3208,4,1,22,5.06,0,12,17380767
3652,5,4,7,23.38,0,16,20230773
2250,4,3,20,23.47,1,19,12372357
2921,4,2,4,38.14,0,15,15799656
1209,2,3,28,18.26,0,17,5428320
4226,6,1,10,27.94,1,15,22230975
4142,5,2,22,23.42,3,3,22123352
4493,4,4,10,7.89,2,17,24689289
988,4,3,12,24.09,0,13,6204660
546,5,3,13,22.06,1,9,4216299
3859,5,4,27,20.26,0,13,20521001
900,1,3,7,21.02,3,16,5952110
4490,2,1,24,7.4,3,19,23189590
3657,5,4,30,19.08,1,14,19955855
4845,5,3,29,24.62,2,8,25263184
890,3,4,17,20.09,2,19,5898546
4353,6,2,18,20.06,0,3,23286160
4930,5,4,11,4.02,1,18,27357468
1128,2,3,11,8.44,2,16,6814778
4732,6,1,17,13.52,3,14,25604257
3430,6,4,9,17.35,2,16,19633645
2021,4,4,6,24.16,1,17,12488705
1326,4,3,27,34.67,3,20,7025983
2000,4,1,17,7.21,0,11,11280574
3794,4,1,11,1.59,3,13,20613236
2919,3,2,13,18.52,2,11,15376520
1434,5,2,14,17.85,2,4,8673081
3542,4,3,15,22.52,2,14,19584091
4997,1,1,1,33.5,0,5,24889814
1966,4,1,29,32.29,2,4,9421478
4061,5,2,29,4.9,1,1,21174193
1114,4,2,17,37.43,0,14,6201359
1682,3,3,30,5.31,3,7,8957244
3723,2,1,11,25.75,2,10,19337618
3167,2,4,15,27.22,1,2,16030141
630,5,2,12,27.52,1,10,4407342
3483,2,3,19,11.35,0,3,18261946
4778,2,1,16,13.88,1,8,24192333
4959,1,1,17,22.4,0,10,24202047
538,5,2,2,8.78,0,8,4783252
4459,5,3,22,1.79,0,14,23932257
4087,2,4,9,22.92,3,18,22295536
1420,2,2,0,19.15,3,9,8762844
3269,2,3,5,26.61,1,9,17486649
4611,6,1,2,6.72,3,4,25633466
992,3,4,18,33.8,0,3,5474352
1631,4,3,3,6.7,0,14,10210281
4021,3,4,28,35.76,3,14,20248103
810,5,3,19,18.53,1,16,5687634
1238,1,3,22,22.44,0,5,5886249
3741,4,3,2,35.97,3,20,20560064
1045,1,3,7,12.7,2,15,6408149
2961,6,4,7,8.09,1,9,17432071
4846,5,2,26,18.38,1,7,25535429
2304,6,4,28,10.53,1,13,13129266
3712,5,3,6,21.59,2,8,20492058
4310,1,4,1,11.74,0,12,22797984
1313,1,4,20,34.72,1,4,6923639
4624,1,4,5,24.69,3,16,24412069
2532,5,3,27,1.01,1,6,14259535
4913,2,4,15,32.41,3,5,25650904
744,1,1,9,13.88,1,1,3891382
771,6,3,3,13.49,3,14,7030298
4011,4,4,12,15.94,3,9,22190840
2271,5,1,9,25.58,3,18,13456750
1762,6,4,20,18.24,2,6,10770283
2924,3,2,13,25.52,2,15,15538666
4861,3,4,8,6.72,2,16,26439646
1420,4,4,10,38.84,0,8,8230759
3930,2,2,22,29.45,3,19,20309051
4935,1,3,17,10.76,0,5,25036064
4984,5,2,10,29.24,2,14,26220898
3124,6,3,16,23.43,3,7,18065610
4260,1,2,1,5.26,0,4,22863067
2550,6,4,2,7.95,2,1,15255990
4000,5,4,10,2.61,0,4,22438805
1665,3,3,17,32.56,0,14,9165141
875,1,3,26,22.52,2,16,4625007
2533,4,1,2,13.35,3,7,14988415
645,2,1,25,5.93,1,10,3144181
4888,4,4,14,19.88,1,10,25883888
931,2,4,10,21.49,0,4,5609794
1204,6,1,10,28.38,0,12,7766462
3132,1,1,30,38.83,0,6,14841444
4994,1,3,27,17.96,3,13,24934235
1463,2,2,29,16.84,0,1,6616098
2734,3,3,27,15.43,0,8,14458119
2541,5,1,24,33.25,0,16,13288719
2328,4,4,19,7.1,2,5,13466812
2608,6,1,27,14.41,1,7,14465899
4568,4,4,24,29.27,1,3,23470268
1438,4,4,10,1.61,2,2,9347800
1306,6,4,18,12.29,3,2,9049857
1963,6,4,27,26.02,3,20,11459255
3915,1,2,0,8.25,3,10,20816043
510,4,1,26,12.81,2,20,3561205
2368,5,3,4,19.96,1,9,14093062
1384,5,4,9,17.46,1,18,8779612
4064,2,4,9,5.14,0,6,21921619
1889,6,3,13,37.59,1,20,11336293
3901,1,3,1,2.73,3,6,20894072
4821,5,4,3,30.24,3,10,27113767
1324,3,3,1,3.79,0,9,8235087
2765,1,3,17,19.22,0,9,14319855
1436,1,2,12,7.84,1,3,7852263
3300,5,3,18,6.5,0,12,18173419
3053,3,1,4,5.91,0,11,16649323
4345,2,1,19,18.66,2,14,22308598
2296,5,1,1,21.1,1,19,14273905
553,3,4,30,6.2,3,10,3585437
1226,1,1,10,39.2,2,19,5361667
3236,3,2,29,11.05,3,5,16575707
3670,1,1,29,18.89,0,9,17743712
2413,5,4,25,9.43,0,1,13743897
2096,6,2,17,20.26,3,15,12507440
2414,5,1,29,30.48,2,4,12502343
2966,4,2,5,21.32,2,7,16903001
3237,4,2,22,12.14,2,6,17094235
1349,4,4,27,10.69,0,15,8521505
2609,5,4,9,30.6,1,6,15016160
502,2,2,21,5.61,0,7,3484633
4755,5,1,22,15.43,3,20,24986374
4569,6,4,16,6.91,2,3,25211591
1392,3,2,21,11.06,1,13,7420125
2530,5,3,10,6.95,2,2,14936309
3660,5,3,18,35.58,0,3,19331780
2876,1,4,16,29.54,1,13,15419052
2433,1,1,23,22.88,1,9,11852244
1880,1,3,3,9.75,0,19,10166069
4181,5,3,25,20.9,2,18,22675758
1790,2,3,23,21.31,2,5,9138250
2140,3,1,25,24.03,2,10,10608400
3182,3,1,13,3.34,0,14,17227094
1487,6,4,26,38.94,3,17,8806139
1718,2,4,19,19.15,3,3,9376580
1855,2,3,3,37.13,2,7,10592496
4765,3,1,27,1.38,1,9,24619568
4635,4,2,13,10.65,3,5,25002855
2060,1,3,25,5.06,2,4,10360570
1918,1,4,3,31.02,3,3,10811163
1454,3,1,5,13.48,2,13,8584771
1483,2,4,29,33.78,3,9,7572266
1474,6,4,8,33.46,3,7,9801048
4633,4,1,20,27.04,1,8,23731495
4472,3,3,11,26.97,1,10,22976766
1413,1,1,28,28.31,3,1,6797851
536,5,3,25,27.28,2,20,4352264
3887,2,4,29,16.09,1,1,19631546
2211,5,1,30,27.63,0,19,11731923
3520,6,2,7,36.0,1,2,19444050
1295,3,3,23,13.97,3,12,7085149
4536,1,2,3,37.85,3,13,23114180
3611,4,3,30,1.53,0,14,18573531
1824,5,1,26,14.61,1,5,10199963
817,4,2,25,6.15,3,3,5470202
2896,6,1,24,5.94,0,17,15829916
2662,1,3,24,32.8,0,1,12799929
3245,5,3,4,36.82,2,14,17984062
2091,6,3,5,31.33,1,6,11869648
3611,4,3,4,39.09,1,17,19882848
4430,4,4,18,9.44,1,4,23850552
2496,5,3,26,6.49,3,6,14184469
1812,1,2,7,21.31,0,1,9320914
1785,4,3,8,33.33,2,9,10559069
4811,3,1,14,2.55,1,4,24635201
2883,6,4,3,39.83,2,9,16411639
3739,5,2,24,24.49,2,9,19861640
2639,2,4,8,39.18,0,13,14225172
2204,2,4,6,15.24,1,17,11850993
862,1,4,7,18.86,2,3,5642322
3104,3,1,14,30.34,1,6,15699095
2216,4,4,18,31.92,1,20,12296027
4951,2,4,14,10.09,1,15,26097894
4786,1,3,4,37.26,2,14,24257048
4238,6,1,18,34.83,0,13,21822172
2969,3,2,6,1.71,0,9,16459513
1056,3,2,5,6.01,2,15,7663204
1325,1,2,26,20.35,3,14,6462392
3308,1,1,18,18.98,1,4,16139283
3219,4,2,24,28.63,1,11,16337129
4008,1,1,27,4.5,0,2,19709833
4241,4,3,16,26.15,2,16,22296457
2074,4,3,9,25.04,2,19,11820665
4498,5,1,18,10.11,3,16,24280302
2629,3,2,30,22.15,3,7,13122887
2903,6,1,30,9.67,0,11,16124943
3829,3,1,30,6.73,3,12,19464021
1088,3,4,10,23.35,3,4,7315681
2512,5,1,14,39.12,2,16,14193894
2047,4,4,9,10.24,2,16,12858426
794,4,3,10,14.86,3,7,6185637
2485,1,4,22,11.01,0,13,13203598
3617,5,1,2,11.39,3,5,20319381
2190,1,3,29,16.76,0,1,11039641
1636,5,4,2,28.37,3,5,10447575
2564,1,1,17,2.51,2,14,13686817
4955,2,3,24,38.33,2,11,25194084
1507,3,4,10,2.8,0,2,9347554
3014,3,1,19,35.37,3,18,15474961
4026,6,1,25,35.88,3,15,21364439
1747,4,2,28,21.46,0,14,9177697
4402,6,2,21,6.34,3,13,24003354
1935,2,4,17,23.04,1,2,10605301
1071,6,4,24,25.52,2,19,7325861
2882,3,4,14,34.45,2,8,15681482
1745,4,1,6,22.48,0,17,10023776
2584,2,4,9,17.02,3,15,14672346
777,3,1,20,33.69,0,20,4462248
2387,1,4,22,39.26,1,14,11854868
1765,5,1,29,26.16,3,3,9394928
1540,2,1,19,35.1,1,17,7766433
1417,4,2,28,24.35,0,3,6627605
1385,6,3,9,27.9,2,13,9315160
3252,6,1,12,27.84,1,18,17615365
521,2,4,14,28.49,3,1,4010522
3691,4,2,22,13.52,0,7,19578924
2853,2,4,17,23.45,0,5,15148577
1186,4,4,22,24.17,0,2,7157656
784,6,1,30,13.29,2,17,5144990
4247,3,1,3,14.64,0,10,22320973
1262,1,3,19,30.73,0,4,5634179
2928,3,1,16,23.73,2,9,15730105
3007,1,1,27,6.82,0,11,14463045
528,6,3,2,33.67,0,12,4693801
1406,3,4,20,35.44,1,12,8111512
3604,3,3,20,19.18,0,18,19370774
4499,2,3,1,9.15,2,4,24050997
3494,5,3,3,37.96,1,9,18644174
3006,6,2,0,35.41,0,8,16934072
4109,4,4,14,10.53,2,19,22746691
4053,6,2,24,4.73,3,13,22468935
1953,4,2,0,18.19,0,2,11248582
3856,4,1,5,27.38,3,19,20799082
1015,1,3,6,7.84,1,14,6060787
538,4,3,18,21.02,2,5,4007115
3842,4,2,11,17.59,1,10,20840787
1386,2,1,30,35.73,3,17,6730725
3344,3,1,0,17.75,3,20,18423061
2704,6,1,6,21.82,3,16,16071642
1598,6,4,18,38.26,2,17,9885456
2323,4,2,12,12.69,3,1,13202051
3701,5,4,25,12.27,3,15,20506550
3655,6,1,11,32.18,2,17,19562388
3593,4,1,11,11.82,3,11,19227479
4030,1,1,21,33.44,0,5,19411730
4278,1,3,12,4.73,3,4,22290525
3396,1,2,27,5.34,2,9,17227927
3953,4,3,13,36.15,3,16,21398262
4011,2,4,21,22.09,2,12,21094469
1488,5,3,29,29.03,3,18,8802015
4616,4,2,11,9.79,0,3,24693674
4526,2,3,19,7.48,2,15,24057099
4679,2,1,11,33.56,2,18,24124251
2182,6,4,26,14.99,2,12,13206101
4463,4,4,5,18.75,2,13,24121606
1433,4,1,26,2.09,3,1,7680408
4098,2,1,9,16.05,3,4,21114682
3733,2,1,19,31.05,0,8,18311713
2480,2,2,30,33.03,0,19,12337830
2355,6,3,28,28.25,3,5,13154804
3556,4,4,23,28.0,1,11,18701055
1292,2,3,8,20.74,2,17,7765560
1291,1,1,1,21.99,3,17,7540999
2309,4,1,6,29.96,0,2,12618724
2755,6,3,8,10.64,2,1,16120092
4110,1,4,24,10.03,0,4,20612146
2107,3,2,11,38.05,1,9,10865184
1484,4,3,4,2.08,2,2,9714037
4176,3,1,0,6.44,1,3,22068320
3880,2,1,21,23.24,1,6,19673490
1019,6,2,14,29.78,1,13,6392701
1090,2,3,7,21.98,3,15,6338241
1550,6,2,0,14.85,0,11,10190356
4133,5,2,17,39.14,2,10,21613698
4944,2,4,12,28.45,3,3,25875109
1459,3,4,28,33.42,0,20,7589780
1192,6,1,0,2.57,3,9,8911689
4399,2,3,4,10.2,0,10,23632161
4973,4,4,17,15.59,2,12,26428246
3446,6,1,15,8.12,2,8,19340776
1026,6,3,30,3.84,2,17,7667733
3724,2,1,25,9.78,2,5,19121897
2753,5,4,9,21.81,0,8,15441784
3844,2,1,29,28.13,3,18,19287207
4465,3,3,3,31.19,2,11,23339764
2375,3,3,0,2.67,2,10,13750939
2263,6,1,22,17.69,2,15,13305276
1020,6,3,7,5.77,1,6,7808122
1516,2,1,4,17.82,2,19,9161014
616,3,3,1,17.93,2,17,5114595
2933,3,1,23,20.43,0,10,14720627
1083,5,1,16,35.82,1,5,6187454
894,4,1,30,32.4,0,16,4580439
4288,5,2,6,25.83,3,12,24058333
3268,1,3,16,35.53,1,5,16517657
4667,5,4,27,27.46,0,1,24060465
4360,2,1,5,32.94,0,2,21948492
773,4,2,28,22.99,3,5,4747088
2513,2,4,21,21.48,3,19,13306580
4933,1,1,14,29.24,2,15,24733659
1889,4,4,4,1.77,2,1,11834306
4066,6,2,14,27.92,1,11,22102739
665,3,4,17,37.45,1,18,4169107
2067,5,1,17,28.84,3,3,11019575
1228,2,4,24,2.43,1,9,7160608
2543,1,4,20,15.74,2,4,13551971
4697,3,1,20,32.57,3,13,24359311
3996,5,2,22,38.39,0,9,20863883
1278,3,2,5,15.44,3,3,7430278
713,5,4,1,33.81,1,16,5338864
4262,6,3,26,34.69,2,8,22245577
2076,4,4,16,5.81,2,7,12791431
2948,3,3,20,33.99,0,17,15393746
3436,3,4,3,13.65,0,16,19850546
3617,3,2,11,24.14,3,18,19756827
1091,4,4,18,22.02,2,16,7093117
3220,1,4,1,26.86,0,15,16976856
1213,5,3,25,29.88,0,2,6960251
1435,6,2,1,18.19,3,20,10192582
4837,3,3,13,35.64,3,4,25457283
501,4,4,14,32.57,2,5,3759048
3348,1,1,19,31.63,1,7,16971846
4544,5,4,1,18.87,1,15,25239944
2449,4,4,3,2.47,2,17,15313213
1417,6,3,18,20.2,1,10,9031018
3674,6,1,8,36.04,2,20,19982706
2741,5,1,6,8.43,2,9,15140170
589,3,3,29,39.32,0,16,2570342
2209,6,2,12,32.5,1,3,12870521
2669,1,1,26,28.68,2,9,13088701
4738,4,1,30,27.41,1,8,24022546
3541,1,3,11,23.89,1,7,18658996
605,3,2,2,29.11,3,17,4238486
1386,1,2,12,17.45,1,5,7167142
927,1,4,14,33.97,2,7,4949440
2395,2,4,13,28.16,0,13,12344375
816,1,3,23,31.08,1,18,3833251
1134,5,2,8,31.91,2,14,6980500
2425,4,3,12,4.59,3,18,13889292
2556,2,4,22,3.17,1,3,13516672
3644,4,3,21,32.24,0,17,19009253
2770,4,3,3,11.12,1,19,16593130
1939,3,1,20,23.7,2,7,9841726
1052,3,1,7,18.3,1,4,6524539
1215,2,1,2,1.86,1,15,7559855
4411,6,4,1,2.57,3,8,25561841
2213,3,3,18,33.26,1,16,11816936
3889,3,1,27,24.7,0,1,18706448
1607,3,1,22,21.43,1,16,8163751
4706,4,1,7,37.83,3,2,24666324
750,2,4,16,7.75,2,2,5000107
2930,4,4,12,11.06,1,8,16039789
2554,5,3,6,30.51,1,12,14502009
958,4,3,8,31.23,3,11,6591959
707,5,3,11,16.79,3,6,5249102
1399,1,1,28,38.09,3,19,6348759
3961,1,2,13,37.59,1,18,20290759
3885,5,4,13,1.48,0,5,21819795
521,5,1,14,7.72,3,15,5012998
909,4,1,2,32.99,2,8,5687346
1394,5,3,14,14.07,1,6,9092756
1014,2,3,18,4.72,2,12,5942528
4609,1,1,23,31.61,2,19,23008847
2634,1,4,19,18.73,0,12,13407263
4095,6,4,13,20.2,2,12,23007148
3456,5,1,7,8.27,3,9,19540562
2060,3,2,4,26.77,3,10,11887220
1766,3,2,29,22.5,1,17,8880073
2669,5,4,18,9.06,0,18,15463429
4138,2,3,30,14.27,0,16,20980777
1249,3,2,3,24.28,2,4,7894326
3927,6,2,13,37.07,0,18,20866206
2427,5,3,15,36.89,2,3,13005892
4304,2,2,19,12.23,2,16,21840652
4202,2,1,23,29.69,0,14,20672046
2856,4,2,5,31.25,1,9,15425688
2835,2,3,22,32.54,2,6,14321313
806,3,1,24,23.26,3,4,4319711
4165,3,2,30,1.41,3,2,22098075
2489,5,4,5,30.71,0,10,14283145
1161,5,1,2,5.16,0,11,8200386
811,2,1,14,5.56,2,7,5016284
3420,6,4,28,24.62,2,5,18405664
1582,1,4,2,39.36,3,4,8768540
3471,4,2,10,10.46,2,6,19487158
1254,1,2,2,26.19,3,2,7329801
4630,2,3,27,12.84,2,2,23979753
852,2,3,9,36.05,1,16,5110198
1402,1,1,17,24.15,1,13,6798071
4388,4,4,0,9.09,3,7,25069765
658,1,4,15,11.22,1,5,4272346
2477,5,3,15,17.87,1,17,14492521
1456,3,1,26,5.76,0,13,7823561
2571,6,1,9,4.07,2,15,14948234
903,5,3,0,27.52,0,3,6490484
3279,3,3,3,16.88,3,4,18681184
1887,6,3,2,29.32,0,15,11889476
3953,6,2,4,5.29,3,18,22868901
1455,6,1,11,24.78,1,3,8522534
2212,2,1,24,18.29,0,7,11404663
1773,6,1,11,3.26,1,8,11387672
4311,4,3,12,22.25,2,11,22589073
3125,1,3,23,4.23,1,9,16432925
2882,4,3,11,33.28,2,20,15803163
1941,1,3,24,25.65,1,12,9791253
3479,5,4,15,22.72,0,5,18756722
2297,5,3,12,6.21,0,1,13400980
4890,1,2,4,12.21,1,14,25084665
4509,4,4,23,20.22,3,3,23683528
1894,1,4,3,25.7,3,15,10947809
4781,6,3,20,8.15,2,10,25864204
1769,2,1,14,1.35,2,10,9969923
4214,5,3,11,14.45,1,3,22966666
1029,2,1,18,19.83,0,6,5933840
4123,6,3,20,8.19,2,5,22531211
3458,6,3,27,20.19,1,19,18809384
3414,5,1,18,14.2,2,14,18330054
4091,5,1,20,18.75,0,17,21970168
2647,6,1,10,14.55,2,12,15323192
3869,3,1,29,25.51,1,9,19253835
1439,2,2,20,2.67,2,3,8244340
1025,2,1,5,7.67,3,18,6302202
501,3,3,8,17.88,2,4,3535350
874,4,3,0,14.9,0,14,6493045
2840,2,2,11,16.27,0,6,14891888
4505,1,1,25,32.35,0,15,21620307
3552,6,3,13,35.57,0,17,19512433
2865,6,2,5,10.7,1,5,17207459
2025,3,3,0,33.62,2,6,11648793
4976,2,2,21,18.89,2,5,24688089
2146,4,2,1,11.68,2,19,13348132
513,2,4,23,39.43,2,14,3506057
2778,6,4,10,33.17,1,4,15999490
3655,5,1,2,39.78,0,5,19426896
629,1,4,9,7.56,2,11,4036758
4314,3,2,29,6.61,2,2,21955084
3716,5,3,5,20.63,0,2,20302169
3438,4,3,5,25.91,3,20,18981918
4428,5,1,30,7.67,3,12,23235428
2540,5,4,19,34.56,0,16,14053052
527,4,1,20,21.75,2,17,3380887
2613,5,2,1,17.03,0,4,15415087
1752,3,4,25,24.48,2,14,9720332
4856,6,1,30,25.76,2,7,25332361
2546,2,3,25,2.67,3,15,14001040
4523,5,3,23,40.0,3,16,23909794
4896,3,1,9,15.19,2,8,25614486
3874,2,1,22,3.4,2,2,20174841
3966,2,1,25,34.24,2,19,20061753
3581,5,2,5,39.73,3,1,18767781
4278,3,2,22,32.84,2,4,21257856
1129,6,3,27,34.22,0,11,6511661
769,5,2,16,25.41,1,10,4805077
3139,4,2,29,36.97,1,18,15780231
2493,2,4,13,2.39,2,1,13804401
3391,5,2,4,30.9,0,17,18500428
3932,2,4,22,27.16,2,16,19933655
1780,3,2,16,2.93,0,12,9942479
2860,1,3,1,22.21,3,16,16031553
1075,5,1,8,21.09,3,9,7047331
1807,6,3,11,27.97,2,17,11368343
3692,5,2,18,4.02,3,3,20324308
3678,2,1,21,32.41,2,18,18484215
3234,3,1,30,6.44,1,15,16619348
2712,4,1,6,17.33,0,15,15134648
2852,6,4,8,35.37,0,16,16049485
4068,3,3,20,22.86,1,20,21339815
2155,5,4,15,15.8,1,1,12441907
2079,4,1,19,2.88,1,1,11699061
2703,3,3,10,27.22,1,4,14182111
1890,1,3,11,39.48,3,13,10073166
2242,6,2,14,36.56,0,4,12458567
2425,2,4,17,28.97,0,8,12261338
1119,3,4,18,5.11,1,13,7686086
1774,3,2,15,10.34,2,8,10238852
1456,1,4,14,8.29,2,14,8137049
2439,5,1,4,14.86,2,1,14065524
4453,6,1,10,10.19,2,9,23893452
2881,6,4,14,10.53,3,1,16442417
1468,2,2,28,25.05,0,7,7457625
1816,3,3,17,13.43,0,20,9904222
1543,4,4,12,27.41,0,13,9380951
781,3,3,3,37.97,2,15,5550927
3344,2,2,16,25.9,1,9,16792292
1558,3,3,3,30.31,2,16,9916243
4793,1,2,15,30.31,0,17,23990066
3032,3,2,22,13.9,2,9,16022007
4328,3,1,14,1.58,1,6,22451035
1508,4,1,13,3.15,1,20,8867208
1729,1,2,11,12.0,2,12,8766814
1535,1,4,2,27.89,0,16,8404694
775,3,1,9,36.36,3,15,5040879
3240,6,2,7,38.39,0,7,17359784
2789,4,3,5,2.01,3,10,16125377
1739,3,3,21,39.61,0,4,8438882
625,3,4,13,13.58,2,3,4242121
4565,2,3,30,33.88,3,18,23274273
4812,2,3,16,8.03,0,1,24469795
4368,6,2,20,3.45,2,13,23949227
1708,4,3,18,15.76,0,18,9789413
3749,5,3,15,34.5,1,8,20309485
1418,2,3,14,9.61,1,11,7923862
4423,5,3,25,7.0,0,10,23460719
4903,1,2,14,36.48,2,4,24115273
2469,2,3,0,37.6,0,4,12872929
3293,2,4,23,1.49,2,4,17337341
1391,4,1,22,29.37,3,12,7637337
4970,6,4,22,13.06,1,8,27363758
2533,5,1,11,15.61,3,13,14428693
1864,2,4,9,19.3,2,8,10989922
628,2,1,13,17.64,0,3,3707503
1514,4,1,9,21.08,1,12,8770219
2299,4,1,9,23.71,2,18,13140712
2018,6,1,19,19.16,2,15,11785202
4681,5,2,28,28.36,1,14,23777345
1698,1,4,30,29.03,0,9,8187586
4373,6,1,10,18.17,1,5,23667536
2974,1,4,21,6.56,0,15,16119891
3985,3,3,15,25.98,0,8,20416002
4549,2,1,28,31.15,2,3,22468598
4219,5,4,8,25.89,0,12,22638512
802,6,2,14,23.93,0,5,5989625
4452,2,4,13,9.95,1,9,23913363
1486,5,1,18,26.16,1,20,8216323
2363,5,3,30,14.06,0,3,13330845
4940,5,4,8,36.86,2,8,26841627
3572,2,3,3,26.5,1,13,19372062
3624,6,2,20,11.85,3,8,20574718
1827,4,4,6,19.44,2,5,11461851
2908,2,4,21,34.02,1,7,14773615
4173,5,2,25,14.08,1,5,22458696
3791,6,2,7,21.49,3,9,20964774
4533,3,2,23,27.51,0,5,22599636
1203,1,1,7,30.43,1,8,5977647
1074,5,1,18,7.78,3,12,7195575
3732,3,4,14,23.04,3,4,19768644
3132,4,4,15,36.58,1,9,16441171
4328,5,4,29,38.77,2,14,22385930
3730,3,3,25,26.59,1,19,19181297
988,5,2,21,39.36,3,13,5992146
1847,2,4,22,23.26,1,3,9510137
4181,6,2,8,18.26,2,4,22665052
3673,3,1,25,22.51,0,1,18434194
2167,6,2,25,5.51,0,1,12853746
2137,2,3,29,16.67,1,11,10868854
4614,2,3,11,18.88,1,16,24385585
4053,6,2,30,34.1,3,4,21233132
1500,3,3,15,30.59,2,7,8571447
1350,6,3,3,24.46,3,12,9603092
1888,6,1,4,14.54,3,6,11767958
4212,1,4,7,8.29,0,20,22077764
1867,3,3,0,14.56,3,9,10996891
1321,1,4,27,27.51,3,8,7162288
954,5,2,5,11.26,0,14,6987667
2124,6,2,14,17.65,0,15,12737659
3272,5,3,3,16.08,2,5,18855894
4226,3,2,20,30.86,2,15,22045156
3647,6,1,10,35.47,2,6,19744836
4589,5,3,4,28.28,1,1,24257190
2690,4,3,17,14.32,0,20,14996383
1416,2,3,23,17.89,1,9,8105723
4486,6,2,14,6.59,1,4,24590602
3375,2,2,17,7.56,2,2,17307142
1940,1,3,19,7.41,0,6,10365183
4900,5,4,27,6.09,1,2,26768087
1235,1,2,12,8.0,3,3,6832519
4068,6,2,4,8.9,3,7,23120306
3838,2,3,29,5.36,0,20,19938608
3515,2,4,0,25.97,1,17,19161834
3389,5,3,21,39.63,2,9,18228563
1461,6,2,17,35.29,1,9,8476198
3489,4,3,13,2.78,3,19,19888533
4348,4,3,4,17.5,3,5,24127735
1526,5,3,30,34.51,2,6,8326510
4365,6,4,5,6.25,0,18,24980418
3363,5,3,26,34.06,1,1,17444941
3001,6,2,23,24.12,3,17,16283920
2447,1,3,24,37.32,1,14,11558074
1677,5,4,28,35.17,2,15,9689108
511,6,1,30,27.4,2,5,2822151
4899,4,4,27,26.66,0,17,25431315
3864,6,3,15,9.31,2,11,21455041
3522,6,1,21,5.55,0,10,18523071
3871,5,3,20,17.2,1,17,21204736
3330,1,4,11,8.28,3,1,17457041
542,1,1,19,4.99,3,5,3852840
1443,1,1,17,12.79,0,16,7846407
2890,1,3,1,34.56,3,7,15291062
3045,3,3,22,1.67,0,12,15780382
2911,5,4,20,12.41,0,8,16353502
1504,2,3,22,17.54,1,18,8741860
520,5,1,12,20.91,1,1,4150750
906,3,2,26,8.08,2,20,5865514
1514,1,2,16,38.6,0,12,7708054
4931,3,4,16,23.58,1,4,25329455
2338,4,3,15,21.36,0,12,13261938
3688,4,4,20,1.34,0,1,20603806
1214,5,2,17,19.94,0,1,7020576
4646,5,2,7,33.67,1,3,24452630
4354,2,3,29,9.57,0,12,22616658
4919,2,1,30,14.7,0,13,24840913
640,4,3,2,1.8,2,13,5448995
1463,1,2,16,39.1,0,9,6544283
872,3,1,28,3.6,2,18,5125729
4135,2,4,17,36.03,0,1,20467269
3041,6,2,25,13.21,2,6,16547061
4110,2,4,25,23.91,1,5,20742280
2192,1,1,22,27.49,1,4,10809839
605,1,4,5,6.49,3,6,5031130
2181,5,2,27,18.31,0,3,12050673
4597,3,3,7,13.69,3,17,24630570
4516,1,4,22,3.21,3,11,23619056
3136,2,2,29,33.49,2,4,15247092
2637,2,2,25,2.76,1,20,13999981
3916,4,1,12,26.48,0,1,20478472
4945,1,2,7,13.25,0,4,25130818
4030,6,3,18,8.49,2,3,21998357
1786,5,3,5,27.02,3,10,11536584
3679,3,4,28,23.41,2,1,19366840
4154,6,4,22,13.29,3,4,23079618
2859,5,4,14,21.01,0,19,15875660
944,2,4,9,10.6,2,1,6409970
535,6,3,26,34.68,3,16,4117166
1975,5,1,16,13.24,2,19,10862793
4457,2,4,0,10.56,1,20,24083113
2298,2,1,6,30.32,2,18,12339525
2345,2,2,28,1.69,0,2,11927904
1908,2,2,26,11.45,2,6,10096568
2208,2,4,12,15.64,0,1,12123955
3438,4,2,2,35.41,0,19,18181755
1800,6,1,18,38.07,2,5,10248466
1743,5,1,14,28.94,2,2,10034076
4476,4,2,4,20.21,2,1,23960597
3597,4,4,30,25.98,1,16,18899954
509,1,1,10,17.15,1,2,2769272
2925,1,1,21,12.65,3,4,15242569
2160,1,3,17,38.08,2,3,10867775
3131,3,4,2,5.5,3,17,18189990
1572,1,3,5,14.51,3,15,9323299
3725,5,2,2,36.06,0,10,20228177
1816,4,2,29,29.2,3,12,9700344
4645,5,3,4,2.13,2,12,25531182
4183,6,4,8,1.9,1,20,24000115
3773,1,1,27,21.14,3,7,18798733
645,3,2,18,19.89,3,10,4304950
3540,6,4,27,18.28,1,5,19208511
1962,3,4,26,12.79,3,20,11151619
2084,6,2,12,39.48,2,20,12390881
982,4,2,28,11.61,3,11,5519059
3679,5,4,5,20.11,0,2,20199126
1749,2,1,10,16.79,3,16,9764789
1130,5,3,20,7.64,0,12,7650892
1161,1,2,20,8.9,1,16,6786936
4003,2,3,26,36.81,1,4,20101602
3352,3,4,29,34.47,3,2,17050419
2966,4,3,13,8.76,3,10,16272461
1487,4,1,5,35.15,1,13,9031638
2046,3,4,5,9.16,0,19,11933518
1149,1,1,16,25.44,1,15,5757785
1468,3,4,10,4.17,1,1,9035677
3137,6,1,14,35.33,0,17,16876022
1600,1,4,8,3.01,1,20,9174911
940,2,1,20,22.64,3,4,5492826
1269,3,4,16,31.41,3,20,7417291
1843,1,1,23,5.56,1,9,9358597
4858,2,4,6,16.77,3,6,25747207
4229,3,1,6,2.64,2,3,22808107
4406,4,2,30,27.63,1,2,22226483
2077,3,3,29,12.99,2,18,11216304
4508,5,4,20,22.82,1,19,24600654
3851,3,1,0,37.38,1,7,19948470
2849,5,2,24,12.93,2,3,15970035
4102,2,4,26,2.9,1,18,21217470
1741,3,4,24,27.35,3,20,9746435
1625,2,4,7,31.69,2,20,9134839
3101,2,3,4,38.36,1,19,16400241
1690,1,1,29,7.15,3,9,8094264
4631,2,1,18,16.29,2,16,23893611
4948,2,4,7,33.92,2,6,25957747
572,3,4,16,32.47,3,12,4500110
2414,3,4,18,25.37,1,6,13279973
2972,4,2,11,11.51,1,13,16698076
3546,1,4,26,12.08,2,5,18407217
1207,2,3,22,5.84,0,13,6738584
2304,1,1,29,36.95,1,20,11241915
4213,5,3,14,7.74,1,7,23202798
3064,2,4,3,23.34,3,12,17698643
2975,1,2,22,23.79,0,4,15086379
4110,4,4,11,15.41,0,5,22303734
4755,4,4,26,14.75,2,16,25364929
3323,2,4,12,27.07,3,4,17927851
2235,5,4,13,16.14,3,8,13906641
2085,4,4,4,10.95,1,16,12290771
566,4,1,21,16.57,2,8,4129474
3561,5,3,15,32.5,1,17,19379467
2928,1,2,29,38.69,0,14,14146843
4653,4,4,6,25.8,3,12,25104216
841,3,2,14,31.5,2,3,4613183
3274,6,1,12,21.78,1,20,18267306
3317,6,3,25,25.37,1,2,18193600
3161,4,4,15,39.54,0,13,16442046
1732,1,1,11,18.1,3,11,9072895
4374,1,1,6,3.58,0,12,22261187
2901,2,3,15,38.32,1,18,15062446
1994,3,4,22,31.93,3,9,11484823
4711,1,3,22,16.53,3,7,23926236
1161,5,3,26,39.31,0,6,6607558
4383,3,2,12,14.48,3,14,23379467
4119,6,2,28,15.51,0,18,22067926
2368,3,3,22,24.78,3,14,12631630
2834,5,2,2,11.7,3,5,16728921
3874,4,1,14,28.24,2,20,20383636
1516,5,3,27,6.96,3,13,9918510
4906,5,4,2,5.21,1,1,27001482
707,4,4,6,21.86,2,12,5862131
3165,4,1,29,22.66,0,19,16775581
2993,4,4,17,5.16,1,10,17182604
1132,4,4,13,38.6,0,5,6379275
2602,4,3,17,23.36,0,20,13946795
3459,5,1,18,6.89,1,6,18848737
3583,2,3,13,13.15,0,12,18864801
2431,2,1,19,32.21,2,3,12229392
4219,1,3,5,21.41,1,14,22348322
3062,2,3,28,8.34,0,4,15667717
2179,6,2,7,5.01,0,17,13156105
736,2,4,25,17.8,3,17,4712249
4943,5,1,25,14.16,3,14,26486801
2040,4,4,6,26.58,0,15,11931204
4443,4,2,19,37.08,1,7,23398477
863,5,1,17,10.66,2,4,6034040
2868,6,2,17,34.35,0,17,15893214
785,2,4,14,36.9,0,6,4168886
648,5,3,19,36.18,0,11,4202938
4537,1,2,21,38.13,3,12,22688447
2266,4,2,18,33.84,1,15,12100086
1512,3,3,21,24.15,0,12,8574553
3331,1,4,20,16.98,3,11,17519498
3007,6,2,20,20.18,0,17,16408557
2023,1,4,1,35.03,0,8,10925135
3285,5,3,7,12.75,1,12,18529919
3056,2,1,20,7.21,3,9,16212352
4225,4,2,10,6.49,2,11,22826329
2101,6,4,17,33.25,1,3,12728419
2908,6,3,22,30.7,2,7,15606059
840,3,3,12,20.41,3,3,5432468
3317,1,2,30,11.72,3,16,16865131
2996,3,1,8,27.43,2,10,15737930
2225,2,2,8,2.5,3,7,11950435
2189,2,4,16,23.16,1,20,12546759
3767,3,3,6,16.54,0,15,20556050
4906,4,1,8,39.14,2,10,25076108
761,2,4,21,20.79,0,12,4122877
1942,3,2,0,22.54,2,18,10946112
905,1,3,1,28.78,0,9,5188000
2690,3,2,3,19.9,0,9,15139425
4937,3,1,13,9.76,1,4,25544230
743,5,1,3,21.95,0,5,5114585
4607,2,1,1,37.83,2,7,23915061
1060,4,1,7,16.99,0,7,6627122
4637,4,1,17,27.51,3,11,24155692
3225,5,2,18,39.14,0,10,17128141
1093,6,1,13,33.37,0,11,6177293
2326,4,1,19,26.7,3,18,12805579
3729,3,3,24,29.7,3,12,19799231
3787,5,1,9,37.52,2,16,19877756
4573,1,3,16,38.43,3,4,22904669
633,2,3,7,38.79,3,17,3577535
3638,2,3,27,25.4,2,17,18472236
4419,2,2,30,16.0,2,5,22048670
572,3,2,13,6.19,0,13,4624393
4994,1,4,20,16.04,1,3,25327870
4725,5,4,22,37.78,2,17,25116581
3478,5,3,7,35.7,3,11,19678028
4861,2,2,30,21.42,0,1,23361334
2485,1,1,4,21.94,3,18,13316977
1292,1,4,15,13.05,2,17,7228928
4759,1,2,7,18.73,1,9,24109039
594,4,1,9,28.86,0,20,3762223
1633,4,1,26,16.69,2,7,8736099
737,2,2,7,8.33,2,5,4633492
3446,1,4,8,22.09,3,16,18364308
3030,6,2,17,9.79,1,7,17370851
2460,1,4,2,39.0,2,13,13355899
1548,5,3,16,16.22,3,13,10595223
3029,5,2,19,36.48,0,15,16083984
3464,2,2,14,9.8,3,17,18740007
1463,6,4,30,8.38,0,17,9567752
1036,1,4,20,25.06,3,19,5573699
4723,6,2,26,31.4,1,10,25060380
4179,2,1,16,23.1,3,2,21003414
4687,5,1,7,9.96,1,14,25493840
4224,5,1,1,2.48,1,3,23587146
1042,4,3,16,25.11,0,7,5692493
1345,2,3,17,6.11,3,11,7922580
4103,2,4,30,14.38,3,17,21365078
3536,1,3,28,27.36,3,15,17440200
2994,1,1,4,4.82,1,19,16109596
4985,4,2,8,5.96,2,11,27384907
3219,3,3,8,3.4,3,15,17898971
2384,6,3,1,39.85,3,15,14639762
4638,3,1,1,16.1,2,6,24739992
4849,3,3,18,36.33,0,15,24350103
3701,2,4,22,12.45,3,9,19498744
3210,6,2,26,30.37,2,5,17258504
2453,2,1,2,9.54,3,19,14282601
4350,6,4,16,20.43,1,5,24049675
1189,5,1,13,33.16,2,13,6940108
2450,2,4,13,32.84,1,18,13232569
956,2,2,13,31.98,2,20,4574487
2630,2,2,5,33.13,0,17,14062613
4476,4,4,2,9.25,1,15,24598923
4744,2,4,0,19.81,3,14,25292976
1679,1,4,29,19.91,2,16,8637859
4785,1,4,15,35.73,3,4,23993066
4065,6,4,28,12.58,0,17,22101497
1382,5,4,3,37.33,2,20,9427829
899,4,2,28,18.58,0,14,4543215
1108,6,4,0,27.12,2,18,8365372
2138,1,3,16,11.49,1,6,11240548
2648,4,2,27,17.0,3,8,14385760
1882,4,1,17,28.68,1,9,10027223
1903,5,2,25,21.0,1,1,10726711
1319,4,1,7,37.3,1,13,7923068
3792,2,1,1,29.75,1,3,19867158
1319,4,3,26,23.01,2,6,7306767
919,5,4,17,35.58,3,17,6938925
4719,6,4,30,26.96,2,8,24752293
3802,5,2,26,26.25,2,6,20175788
2008,5,4,26,10.61,2,16,12278198
1267,1,3,15,16.4,1,1,7402316
2544,2,2,25,27.65,0,10,12899488
2639,1,2,9,35.78,1,18,13221561
3529,6,2,7,13.31,2,14,20376196
2049,3,4,11,9.4,1,5,11843352
2264,6,4,21,24.15,3,17,13840917
3145,2,4,15,3.62,3,14,17481330
4216,4,2,11,28.87,1,18,22755852
4981,5,2,10,28.42,1,4,26302050
2793,3,1,19,14.84,0,20,14934862
3208,2,1,18,35.81,1,2,15608441
1400,1,4,0,20.59,1,7,8584224
3584,5,2,26,26.18,0,7,18005545
2509,6,4,2,9.17,1,7,15691613
741,1,4,11,17.28,1,13,4777605
2885,2,1,29,34.63,1,19,14068905
4768,2,3,8,9.3,1,6,24466699
1171,6,4,20,16.23,1,20,7940461
663,3,3,28,13.4,2,17,4635762
964,6,3,21,6.89,1,18,6764672
3542,4,2,4,12.3,0,1,18836820
2942,1,2,0,10.08,1,13,15570055
2855,3,4,9,37.02,2,19,15991110
4778,5,1,16,29.9,0,16,24999777
3057,4,1,3,13.33,0,10,17228189
1045,3,4,14,30.77,1,13,6539386
4335,1,4,18,1.86,3,10,22677882
1093,2,1,26,21.53,2,14,6104272
4304,5,3,7,10.76,3,9,23802774
1959,6,4,27,5.46,1,11,11635117
3993,1,3,27,35.47,2,3,19678424
3101,4,4,22,8.77,3,8,17429917
2944,4,4,14,33.07,2,12,16423338
3172,2,3,26,17.12,1,3,16074775
4700,2,3,30,1.56,2,7,24647687
516,5,1,6,29.57,1,14,3854023
3691,6,4,14,24.26,3,7,20443402
892,5,2,7,14.42,2,7,5895625
924,2,2,29,11.98,0,14,4719230
1071,2,4,25,3.87,1,12,6627143
4131,4,4,22,37.72,2,1,21719822
1620,2,4,9,20.27,0,5,9218978
741,3,3,17,4.34,0,11,4855334
4397,1,2,3,34.88,0,1,22497011
4595,2,2,14,11.87,0,13,23752521
2779,5,2,10,8.94,1,17,16079243
1288,6,4,21,11.96,2,3,8248895
1214,6,3,2,23.02,0,10,7820526
3349,6,4,14,3.89,2,19,19885968
1275,3,1,2,19.79,2,7,8415253
4526,5,1,14,35.93,3,20,24079487
2747,3,2,5,8.34,2,3,15586452
578,2,4,0,13.92,1,12,4910497
4426,1,1,13,16.45,1,10,22405663
1355,6,1,15,23.86,0,12,7707306
2648,5,4,0,36.85,2,15,15718973
1531,6,3,20,16.39,1,6,9928867
3771,3,4,16,3.7,1,19,20806076
4076,4,4,25,14.57,1,5,21564143
4682,2,3,7,8.41,0,20,24968717
3956,1,2,17,26.42,1,2,19693934
4006,2,2,15,2.14,2,19,21720166
907,4,2,5,12.39,1,19,6521402
3211,1,3,9,22.26,1,4,16863132
3588,4,1,9,11.82,0,20,19752646
2168,2,3,4,22.49,2,5,12278910
647,3,4,25,5.47,1,7,4471961
4827,2,3,27,37.77,2,4,23587678
4397,2,1,11,12.35,2,11,23003332
2450,2,1,19,37.0,1,3,12239018
865,5,4,16,13.71,0,5,5666164
2174,4,2,13,31.49,2,20,12258662
4994,4,1,13,10.6,3,15,26603206
3046,6,1,2,27.12,1,18,16612690
1062,4,1,28,13.62,2,16,6259754
4062,6,4,11,20.86,2,16,23273395
2989,5,1,19,27.28,2,10,16031846
1272,3,2,17,23.97,1,1,6322683
2537,6,4,11,23.47,3,11,15320869
3923,2,2,1,3.56,2,17,21740176
3067,3,1,1,10.71,2,15,16766546
2073,5,1,26,23.3,0,7,10905438
4194,4,2,16,1.71,1,6,22416289
3791,6,4,9,10.78,1,15,21727358
1746,2,4,17,9.94,2,15,9976229
4219,1,2,21,10.74,0,7,21617029
4339,1,1,18,21.89,2,3,22030657
859,3,3,25,23.7,2,14,4891846
2876,4,2,20,36.45,1,9,15349040
3509,1,2,0,16.06,0,3,17814551
3493,3,2,23,37.14,2,6,17423860
1462,5,1,28,26.43,1,20,8256976
4132,3,4,3,36.59,2,9,22147493
2327,3,1,24,33.51,2,1,11656628
2113,3,2,3,27.82,0,9,11718984
2140,2,1,29,14.89,0,12,10423730
2716,3,1,30,10.4,0,4,14077096
4812,6,2,30,9.67,2,16,25928235
877,3,1,30,38.13,3,5,4157804
4714,2,3,1,38.38,0,17,24725514
4785,2,1,18,29.27,3,17,24447295
869,5,1,20,35.47,3,6,5157789
2696,4,4,11,36.84,3,15,15040716
4247,1,4,9,20.95,1,1,21663908
1151,1,2,30,25.53,2,13,5290567
1269,3,2,12,17.33,0,16,7338578
2921,5,4,28,17.32,2,2,16069626
1280,3,3,29,2.5,2,19,7351735
2216,1,1,21,17.92,1,2,10876591
4483,2,3,22,27.27,1,12,22613090
1811,4,3,19,17.46,1,12,10167038
3859,5,4,22,35.02,2,8,20777365
1022,2,2,14,13.97,3,12,6214909
1021,4,1,25,6.17,2,11,6137883
2820,5,2,2,32.65,1,2,15829315
1435,5,3,22,27.28,2,1,8005474
2730,1,3,19,10.43,1,4,13771013
4540,2,2,28,21.92,1,9,22587939
4197,5,2,12,16.67,0,7,22462243
3337,6,4,7,37.62,3,10,19203790
4583,5,2,24,24.69,1,20,23869428
2961,4,2,6,7.18,0,14,16413539
3743,1,4,23,20.58,3,1,19482187
3859,3,2,7,34.64,1,5,19719028
1185,1,3,17,27.19,3,13,6725003
2660,3,2,8,33.86,3,6,14286106
4488,2,1,5,10.77,2,17,23432301
4566,2,3,26,35.65,0,15,22394928
2067,5,4,3,30.47,3,7,12562206
538,6,3,14,29.43,2,8,4750038
3044,2,4,4,14.52,3,2,16882884
1756,5,1,25,35.62,2,18,9774692
3490,1,1,4,25.88,1,7,18034575
2696,2,3,6,34.22,1,20,14646110
3968,1,2,29,15.08,2,16,20137367
3208,1,3,8,6.68,1,19,17097958
801,6,3,6,13.96,1,9,6705387
1146,2,1,8,18.76,1,12,7080324
2259,1,4,19,21.8,3,14,12353204
4851,6,3,9,20.92,2,7,26400687
1097,6,2,29,22.3,0,2,6223503
1161,2,1,25,33.83,0,17,5448426
4830,6,3,3,7.63,2,11,27275471
1868,2,3,5,13.33,3,18,11090348
3081,2,2,23,35.66,1,12,14961342
4368,3,3,13,22.86,1,3,23040902
4037,1,3,8,23.75,3,14,21422713
4808,4,3,0,19.64,0,15,25710667
782,2,3,16,22.41,2,19,5122997
4178,1,2,12,8.73,2,10,21718187
1986,6,3,23,22.33,3,9,11892964
4582,5,3,26,39.89,1,10,23794071
4683,2,3,6,23.08,1,20,24704417
960,6,1,8,2.73,1,4,6872010
2825,6,2,10,32.06,2,19,16198497
4254,6,1,2,16.46,0,10,23342321
2968,6,1,25,6.99,2,17,16659099
2224,6,2,11,34.64,3,12,12872151
1876,2,1,20,8.72,2,1,9935539
3243,4,1,2,36.91,3,11,17537108
1014,3,1,14,18.23,2,13,5688574
1202,6,2,20,29.97,0,1,7236825
2153,6,3,9,22.33,3,1,13345854
2566,3,4,0,11.01,1,16,15137953
522,2,4,13,27.17,1,7,3384588
2960,1,2,26,38.36,2,10,14413528
1804,5,4,19,31.02,2,16,10466539
3800,5,2,5,24.56,0,1,20741837
861,1,2,1,39.63,0,9,4777475
4227,2,4,28,11.35,1,6,21733716
1784,5,1,22,3.43,2,15,10559851
1014,3,3,7,2.25,3,4,6753729
948,1,4,0,28.72,0,15,5925432
2355,4,4,28,33.38,3,10,12666800
4062,2,4,3,25.77,3,16,21188765
3020,1,4,26,36.3,0,13,14886818
3581,5,2,3,28.22,2,19,19876938
1928,2,2,28,15.47,3,20,9895708
4467,3,3,4,8.07,2,4,24470731
1422,2,3,29,37.06,3,20,7159526
3637,2,4,27,5.04,2,16,19045663
2659,3,4,27,22.18,2,11,14502419
3047,6,4,19,13.25,2,15,17735696
3479,3,3,8,11.59,2,11,18802905
2781,2,4,22,26.19,0,11,14337540
3149,3,1,12,10.02,3,3,16690200
813,6,3,17,36.74,2,17,5390304
3113,1,1,16,16.84,1,5,15205968
3583,3,4,24,27.42,3,13,19135688
2756,3,2,0,29.38,3,10,15023288
1537,2,1,21,27.63,2,5,7380262
3989,1,3,14,36.23,3,12,20257432
3134,4,1,30,10.01,1,8,17035889
4483,4,3,1,4.36,1,12,24912166
2278,5,4,15,3.16,1,16,14023287
4395,3,1,19,35.24,3,2,21945781
1624,3,2,21,38.96,3,3,8545394
1197,1,1,4,12.8,2,18,6919609
2679,6,2,26,28.05,3,17,14663752
1904,4,3,21,1.35,3,2,11176966
1543,5,4,18,8.36,2,12,9719248
2429,1,4,4,27.88,1,17,13208555
1513,3,2,1,3.57,2,6,9406777
726,4,3,6,19.27,0,17,5177223
2328,5,4,2,26.84,3,2,13911033
2523,2,3,16,30.87,3,8,13549168
2952,4,2,29,18.7,0,14,15001360
2585,5,2,23,25.58,0,6,13596444
4783,1,1,23,22.04,0,9,23581779
1580,2,4,2,3.04,2,1,9622519
2820,5,4,12,29.97,1,5,16145549
3690,5,1,6,7.72,2,7,20809024
3130,3,2,24,2.24,0,9,16831958
3063,6,2,23,18.6,2,14,17176849
3792,4,2,2,34.76,3,9,20799096
4086,3,2,14,6.88,2,4,21705165
4931,2,3,28,1.5,0,20,25227911
3447,6,4,17,5.29,3,15,19855487
4459,5,4,28,15.18,1,4,23210159
3313,3,2,9,23.63,2,3,17494439
3083,6,2,22,8.53,2,14,17284755
661,4,2,6,32.28,0,9,4341864
1093,2,4,8,30.38,1,19,7347224
3759,1,4,4,28.14,3,6,19663856
4655,3,2,19,20.01,0,3,23693950
3462,2,3,7,15.24,0,18,19165374
4388,1,1,13,15.65,2,16,22202323
3890,3,1,3,20.62,1,3,20170680
1163,2,1,19,4.02,0,2,6127254
1632,2,4,27,27.61,2,2,8252403
1041,6,4,13,14.71,3,10,8154954
3474,3,1,11,9.77,0,15,18455902
1367,2,1,1,11.85,3,3,7775666
2566,5,3,12,8.03,3,8,15225034
931,3,4,30,36.16,2,18,5219171
4778,2,4,0,7.59,1,11,25373286
1706,6,1,19,35.43,3,7,9883067
3028,1,3,6,23.32,0,19,16051811
1669,1,3,27,34.83,1,7,7515415
1330,5,1,24,19.49,1,2,7089238
2151,3,1,8,37.18,2,6,11230482
1636,6,4,27,9.25,0,5,9757128
3310,2,1,25,22.63,0,14,16573177
975,2,2,30,5.91,2,18,5307428
3310,1,3,16,18.44,2,4,16996204
1826,6,1,20,23.23,1,4,10011701
1519,5,2,22,24.62,3,13,9239054
2336,1,3,12,15.26,3,1,12265645
4756,1,2,22,3.98,3,20,24250964
2948,5,2,9,26.56,3,5,16466512
4793,3,1,15,20.05,0,3,24730842
1783,2,3,5,6.34,0,19,10577392
1159,3,2,15,37.5,2,13,6223123
2510,6,4,10,38.27,2,7,14416719
898,4,3,25,34.41,3,10,4934923
2233,4,4,19,33.91,2,3,12819688
2625,4,1,2,4.85,0,2,15219267
2671,5,4,27,39.74,3,7,14533018
574,1,3,28,16.61,3,9,3126113
3971,3,2,8,7.36,0,12,20893162
1336,2,2,14,32.67,1,10,6929494
999,4,3,27,9.8,3,19,6782353
637,3,2,12,21.52,2,13,4520792
2597,4,4,9,5.99,1,10,15010070
4196,4,2,19,19.51,0,5,22047472
2385,2,2,23,22.77,1,15,12527876
3257,6,4,12,18.39,1,3,18520624
4420,6,4,16,3.71,3,8,25141810
2400,6,4,6,19.91,1,6,14967348
3110,5,1,27,19.29,2,19,17187335
4486,1,4,5,11.2,3,17,23884875
1949,5,4,12,36.94,0,10,11324513
1046,3,1,27,17.29,2,1,5683765
2503,5,2,16,34.7,3,13,13856826
2596,3,4,14,5.28,1,10,15031091
1203,3,3,3,13.44,2,12,7895759
2903,1,4,27,7.88,3,2,15082150
2125,2,4,14,16.93,3,10,11557411
3831,1,1,13,5.35,0,1,18909234
3478,6,3,20,18.2,3,1,19204952
3339,6,2,10,14.8,0,20,17954764
3884,5,2,23,9.71,1,15,21275600
3159,3,3,30,26.04,3,1,16485599
2361,4,4,3,38.09,3,9,13834700
3356,4,1,2,9.08,1,7,18831860
1185,3,3,1,28.76,3,16,7583354
4783,1,3,19,29.95,3,16,24372629
2119,2,2,26,20.43,2,13,10767894
1931,1,1,9,36.01,0,10,9777488
1375,3,3,29,38.69,3,18,6512252
2961,3,1,12,15.13,3,9,16274403
1865,2,4,19,26.39,0,12,9338959
1743,5,2,28,26.83,2,13,9597427
662,5,4,25,16.74,0,11,4441625
2474,2,1,20,13.35,3,15,12980413
3791,5,4,28,37.42,1,10,19703662
769,4,2,22,31.81,1,10,4324323
1131,5,1,24,5.46,2,9,7197694
1405,5,3,17,5.68,2,3,9055430
3971,5,4,20,36.98,3,16,21730253
3753,4,2,15,4.17,2,12,20606256
2514,5,3,10,27.85,3,17,14112009
2141,6,2,9,9.84,1,15,13749463
704,4,1,8,2.37,2,3,4630032
1081,2,1,11,3.33,3,5,6611115
1340,1,4,29,15.57,0,13,7066516
2219,2,2,28,4.03,2,6,11692057
3143,1,2,18,24.27,3,9,15923230
2797,2,2,0,26.24,3,19,15819969
1374,6,1,17,15.57,0,7,8642716
1189,1,4,13,29.97,1,13,6484374
4500,1,2,21,20.11,0,5,22197532
3641,3,2,20,17.78,3,16,19015286
1922,1,3,0,16.87,0,4,10326977
1171,1,2,16,17.81,0,5,5926778
1671,3,4,10,38.75,3,20,9249515
4226,5,3,19,27.57,1,19,22583743
1443,5,3,27,13.29,0,6,8633720
1949,3,3,14,29.62,0,4,10235599
4237,4,1,3,13.88,2,1,22766156
3039,1,3,14,5.9,2,17,16374722
4459,1,2,21,19.54,3,9,22706831
4760,3,1,21,30.29,3,16,24242714
2861,3,1,25,15.73,3,2,15329950
4152,4,1,13,34.9,2,11,21573528
4170,6,1,21,16.09,3,5,22043930
2253,5,1,0,14.64,0,13,13078343
2852,2,1,25,39.93,0,20,14151193
2438,6,1,8,19.82,1,17,14515418
870,5,3,26,32.4,3,15,5069069
4979,1,4,6,32.39,0,12,25435955
2431,6,2,22,37.13,0,6,12878484
924,3,2,10,4.31,1,20,6465980
1394,4,3,22,11.58,0,13,7854078
1097,5,3,1,30.94,1,18,8029496
3562,4,1,1,22.94,1,15,18900535
2836,5,4,5,22.82,2,15,16532452
2187,6,1,22,7.48,0,8,12026571
1072,1,3,18,11.96,2,19,6363052
2590,2,1,28,21.33,0,14,12089307
4169,4,2,19,11.81,2,7,22083329
4772,4,2,13,9.2,1,14,25382674
2133,2,1,27,4.42,1,5,10600699
2017,4,4,2,7.07,1,15,12938836
4793,4,1,6,30.99,1,15,25606360
3157,5,1,6,29.03,0,4,16858389
4148,5,4,3,2.79,3,1,23664055
4088,2,4,28,8.93,0,17,20966565
2037,1,4,22,22.86,2,20,10394588
3637,6,2,4,13.58,0,1,19965196
597,6,1,16,33.11,0,16,3829873
3715,4,3,25,31.61,2,13,19794479
4250,1,4,3,35.77,1,18,22254764
3657,2,4,22,22.95,2,10,18735317
843,2,1,12,14.73,2,18,4817620
1110,5,3,15,24.64,3,17,7149884
2227,4,1,15,4.48,3,9,12154442
2790,3,1,30,1.37,1,14,14701495
2354,2,4,1,1.67,2,13,13885074
3108,4,4,17,16.89,2,20,17890679
2579,1,2,0,9.9,2,20,13662442
2824,5,3,17,7.14,0,14,16225963
1677,6,3,25,25.0,3,11,10366086
1591,1,4,29,39.81,3,13,8175260
3291,2,4,7,7.93,1,17,18225444
2249,2,4,10,22.31,3,3,12769072
3175,1,3,23,5.67,3,1,16579979
1281,2,2,23,37.44,1,5,5919440
3548,4,3,14,12.38,2,13,19385136
2605,2,4,15,35.26,0,5,13290127
4367,5,4,16,12.04,1,5,24138141
2613,4,2,16,32.44,3,12,14537827
4470,3,1,11,9.17,1,2,23575114
2491,2,1,9,12.42,3,16,13602891
1567,2,3,19,8.51,2,17,8340019
2077,5,1,5,11.31,2,5,12564331
1511,5,1,7,33.56,2,12,9190496
2774,6,3,12,25.92,3,15,16212458
2314,1,4,1,16.83,1,6,12963053
2926,1,1,28,38.89,3,13,13749239
4902,1,4,18,19.13,2,11,25113741
3051,5,3,21,38.82,2,17,16193313
4157,1,4,9,8.67,2,9,22036647
507,1,4,3,36.28,3,16,3871114
3055,3,3,11,1.54,0,17,17083119
975,1,4,17,22.27,2,20,5364941
2711,2,1,6,17.5,1,18,15017116
984,6,1,19,21.48,2,13,6509919
2785,5,1,23,22.58,3,11,14863284
4025,4,1,23,16.17,1,13,20825427
3839,6,4,22,39.93,3,13,20705292
3322,3,1,25,39.08,0,12,16380848
3424,5,4,24,38.51,0,14,17710414
758,5,2,3,39.18,3,13,5633803
782,2,4,6,31.93,2,9,5298773
2398,6,1,9,39.56,1,14,13568902
4635,6,2,25,35.8,2,1,24214459
3476,1,3,14,17.22,3,9,18357193
2767,2,4,11,31.61,3,4,14942453
3700,1,1,0,36.57,2,12,19219747
1112,1,1,19,28.79,1,14,5238395
1187,5,1,17,17.49,1,9,6898688
4190,6,3,24,3.57,1,3,22975453
1112,1,2,15,32.58,1,6,5780639
2807,3,2,4,38.16,1,3,14668829
3513,3,1,18,15.14,0,1,18460778
2281,6,4,3,6.92,0,3,14271479
3091,3,1,5,13.73,3,14,17260255
3196,5,1,25,23.72,0,20,16438490
4458,2,4,16,13.36,1,2,23503270
1074,4,1,6,24.81,1,12,6750139
2410,1,3,23,38.71,1,10,12365835
4104,4,1,22,27.16,3,13,21470791
1169,2,3,6,15.14,3,20,7682654
4864,2,1,8,37.49,2,4,24316728
1783,5,2,12,23.06,0,19,10538712
1423,3,4,19,6.01,0,1,8663483
1625,3,2,13,20.46,2,11,9094509
2029,2,1,15,26.49,2,16,10349188
2094,5,1,22,33.69,0,19,11735387
746,5,3,8,37.52,1,19,5293710
4211,6,1,14,13.38,0,12,23012007
2060,1,1,4,7.06,1,3,10885145
2900,3,1,17,3.88,3,18,15721628
2743,2,2,30,29.8,0,17,13388157
4364,6,3,20,32.01,0,5,23266663
2439,4,2,19,16.97,3,16,13961190
3569,3,3,7,16.44,3,14,19455759
726,1,2,14,38.22,3,19,4195689
4047,5,1,20,36.75,3,6,21107753
764,2,2,24,10.1,3,3,4359701
1895,3,2,8,31.45,2,6,10566593
4057,4,3,18,25.29,2,12,21981485
1145,1,3,28,7.01,3,20,6544414
3490,1,2,25,14.91,3,11,17484284
2399,6,3,30,7.92,3,7,13905856
3004,3,3,21,12.51,3,1,16310903
3272,4,3,5,25.0,1,16,17917016
1654,1,4,3,15.64,1,16,9703273
1087,2,3,10,16.37,3,17,6625253
2321,1,4,28,22.05,3,15,12209014
1485,4,4,9,4.4,0,9,9929369
4579,5,3,2,29.81,3,5,24980472
3848,5,2,0,16.67,3,20,22006871
4331,6,3,11,19.74,2,8,24188995
1741,3,1,22,39.0,1,1,8356296
689,4,2,14,14.43,3,7,5116245
1480,6,4,14,26.28,1,11,9809546
2198,1,4,20,16.31,1,20,12193299
2215,1,2,13,35.88,0,13,10869512
3093,5,2,25,34.02,1,13,15891377
4636,6,3,30,10.42,1,7,24919590
4933,5,4,6,27.98,3,11,27019148
1598,2,1,16,3.54,2,18,8980604
2826,5,3,23,38.56,3,1,14965197
3747,2,2,18,14.61,3,12,19854995
1395,1,4,6,33.44,2,3,7507407
2174,6,2,27,13.42,2,1,12106908
3409,2,2,2,25.68,0,4,17743313
1430,6,2,29,39.36,2,6,8214665
4884,6,3,2,35.19,3,5,26288330
1223,2,1,25,7.25,2,11,6234299
3440,3,1,24,22.35,2,20,17475376
1589,5,4,28,14.59,2,13,10190223
1435,2,2,17,17.94,1,11,7816259
2795,1,1,29,14.07,0,6,13140412
655,6,2,19,14.1,1,19,5128215
1570,4,4,21,22.16,1,15,9432952
2458,2,2,13,8.49,0,13,13752735
3001,5,1,2,21.96,1,10,16284490
4719,6,2,27,11.88,2,1,24750602
4330,3,1,25,12.27,0,13,21936753
1354,1,4,29,29.81,1,6,6483828
1139,3,2,25,2.15,3,20,6905513
2738,4,1,6,15.86,1,12,15119825
2102,2,4,6,16.89,3,17,12871364
941,6,2,30,19.92,2,18,5737282
1836,2,4,4,27.09,3,8,10670697
4200,5,1,2,15.42,1,14,23132793
1448,2,2,17,9.31,1,5,7486755
3873,1,2,14,35.51,1,2,19597512
959,4,2,30,39.26,0,11,4731454
892,3,4,19,1.78,0,3,5475391
4438,4,4,13,22.31,1,16,24336280
2287,6,1,30,14.33,1,16,12841134
2757,2,3,28,11.8,2,9,14182203
1638,6,2,3,14.09,0,13,10730251
4308,3,2,26,25.92,0,10,21818313
2954,6,1,23,8.44,0,17,15833059
1966,5,2,7,36.6,3,17,11118375
4174,4,4,28,19.18,1,10,22041523
1877,3,4,20,13.7,2,8,10171062
3097,3,2,12,30.86,2,7,16580131
641,3,2,21,1.64,1,14,3939740
3159,1,4,7,17.84,1,18,17235196
1339,4,2,14,14.86,2,19,8715559
4118,6,4,16,14.19,3,18,23372148
4417,3,3,4,14.15,2,14,22814690
1095,4,3,19,2.22,3,10,7705597
2404,3,2,3,6.93,3,1,13670784
780,5,2,10,6.53,0,9,5754473
923,5,2,17,39.56,1,18,5413012
4865,5,4,9,1.86,0,13,27318136
4749,2,3,16,7.52,3,17,25185226
2250,3,3,29,38.99,2,16,11373414
2467,2,1,14,25.5,0,11,12904328
4588,4,1,5,18.58,2,9,24714355
4678,2,2,22,4.07,3,7,23933523
3446,4,4,20,27.12,2,1,18507208
1949,4,2,15,6.37,0,9,11186839
2831,4,3,14,27.18,3,10,15183876
2720,6,2,7,39.19,1,16,15548380
4289,2,2,8,21.75,0,18,22242538
3310,6,3,10,9.35,0,14,19571591
2031,3,3,26,25.39,1,11,11088180
3490,2,3,1,21.0,3,4,18971632
4993,3,3,26,21.79,1,19,25659031
1643,3,1,12,19.65,0,13,8325340
1433,4,4,3,27.28,3,1,9390702
1960,2,4,26,23.31,2,19,10481735
3223,3,3,8,39.49,0,15,16792522
3012,5,4,4,33.21,2,20,17316203
785,3,4,18,11.32,1,15,5832861
764,5,4,21,29.3,3,11,5881894
2867,2,4,30,9.36,1,5,15304567
3947,6,3,2,31.51,2,10,21745780
2262,2,2,29,6.75,0,18,12125143
3548,6,2,20,19.47,3,7,19371217
2881,6,2,2,31.83,1,1,16488120
2769,2,1,5,11.92,2,3,15020249
540,3,4,27,33.65,2,1,3091468
567,1,3,9,26.12,0,17,3441264
1487,3,3,4,16.5,2,15,8734539
4508,3,1,29,17.51,3,5,22894945
3698,4,3,24,37.11,2,16,19211621
3024,4,2,2,9.49,0,12,17641677
1585,3,1,21,28.04,1,19,8297671
2979,5,3,23,28.58,3,14,16116115
2193,6,1,6,36.98,1,3,12400056
2815,4,1,21,28.81,1,19,14518193
1278,3,3,29,23.79,2,1,6364582
2085,1,2,30,36.2,2,1,9798610
1992,5,3,17,33.34,0,10,11098808
1160,2,4,30,28.95,2,3,6259203
1848,3,4,22,2.27,2,13,11275054
1799,3,3,7,15.57,1,6,11002549
4440,6,2,0,25.64,3,11,24752917
2486,5,4,30,21.37,2,6,13933212
2544,4,4,24,13.45,3,3,14313218
4016,4,3,3,6.63,2,16,21778504
1558,4,3,23,22.57,2,9,9251549
1476,2,3,30,12.15,0,8,7759995
1227,5,1,25,10.09,2,3,7435525
3027,5,1,6,16.56,0,5,16502227
3636,4,1,13,31.63,1,14,18806360
842,4,3,12,20.03,3,5,5843853
1947,6,2,9,9.44,2,19,12431378
2879,1,4,22,5.56,0,5,14365309
4159,1,1,17,20.46,1,20,20984157
1026,3,2,0,31.98,2,20,7077048
2396,3,3,3,26.46,0,2,13089099
2573,5,1,27,10.05,0,7,13144882
905,5,3,15,18.03,1,1,6052642
2073,2,2,15,34.35,2,18,10904701
4240,2,1,17,7.93,2,10,22024576
4774,1,1,7,21.75,3,6,24442671
4727,3,1,9,14.89,2,7,25328609
2346,1,1,15,5.84,0,12,12106264
1978,1,2,22,2.95,3,18,10723828
2895,3,1,23,22.68,3,11,14842265
1271,2,4,10,1.81,2,19,8518048
1078,6,4,5,5.03,3,4,8993373
3401,6,3,0,14.56,0,19,19537563
693,6,1,29,2.7,0,13,4799907
2507,3,4,28,16.62,1,19,12807044
1685,4,4,28,6.08,0,2,9332018
2894,4,4,11,14.65,1,9,16909547
3498,4,2,24,31.86,3,8,18124332
2292,5,1,5,25.43,1,14,13122346
1610,2,2,27,18.37,2,9,8067162
4505,2,2,12,4.58,1,13,23779846
2761,5,4,25,25.15,2,18,15333890
4236,1,4,16,7.38,3,6,22428779
4293,6,3,0,3.99,1,3,24361640
2436,4,1,7,26.9,0,10,13610503
4857,6,1,21,36.57,2,10,25371301
1229,4,4,7,18.96,3,10,8050708
4878,6,4,23,2.6,0,9,26349135
3951,1,1,30,35.33,2,12,18431174
4957,6,3,10,3.61,3,8,27612371
2640,6,4,13,34.83,3,9,15285180
2144,3,3,23,16.28,0,17,12001995
3300,6,2,9,15.25,3,8,18486899
641,3,4,14,22.17,1,18,4371465
1955,2,2,6,38.33,3,20,10430609
2596,5,4,6,36.05,2,17,14957675
1825,6,2,9,19.34,2,6,10833214
1713,2,4,3,28.14,2,10,9847945
1659,3,3,24,23.64,1,1,8784612
4999,6,3,27,28.05,0,1,26043384
840,6,3,17,33.34,1,9,6123511
4328,1,2,26,2.35,1,20,22052335
2468,2,3,24,13.7,1,3,12786433
1203,4,2,9,38.41,3,6,7488292
4913,4,4,18,38.02,0,7,25398825
2929,1,2,13,1.44,3,9,15319257
2300,3,4,12,8.86,1,5,12770250
1355,4,1,14,39.76,2,16,7180609
2312,4,1,15,20.22,1,2,12038880
3366,5,1,1,23.34,0,3,18950984
4142,2,2,28,7.49,2,3,20766096
682,3,1,3,35.88,0,20,4180500
3612,6,1,20,10.02,1,10,19695990
4992,2,1,17,8.4,0,3,25261951
2017,3,4,28,9.9,3,15,11168576
1856,4,3,30,36.87,2,14,9944811
2674,5,2,16,28.41,0,4,13922568
4129,2,1,9,30.98,2,10,20780759
4128,4,4,26,15.7,2,11,22349052
4596,3,3,20,36.46,1,11,23124265
3739,2,3,8,31.79,1,8,19809513
4191,6,3,14,30.27,2,9,23228131
518,2,4,27,38.87,0,8,2879078
3903,4,1,11,15.28,2,12,21166165
3504,2,3,30,24.83,1,17,17260449
1632,6,4,20,36.49,0,15,9211287
3839,5,4,27,31.84,2,19,20208100
3811,5,2,26,22.97,1,20,19875037
3872,4,4,25,3.97,2,6,20600718
1487,3,3,8,26.46,2,5,8463334
3821,4,3,13,21.54,2,8,20837369
673,5,4,12,8.18,0,18,5845783
4241,1,3,27,35.41,1,15,20973460
3552,1,4,25,14.39,1,3,18000814
1226,2,3,5,16.11,3,14,7676765
4260,6,2,18,27.22,2,15,23054822
2375,2,1,3,20.06,2,13,12746527
4533,1,2,19,4.48,3,20,23846201
1489,5,2,16,16.11,2,9,8682849
4244,2,1,18,4.68,0,17,21604947
3186,4,3,2,8.44,3,19,18206311
919,6,1,28,1.28,1,4,6160280
1093,4,4,13,8.07,2,20,7323177
2274,6,1,16,13.89,1,10,12777626
2959,5,2,12,21.99,2,3,16477564
1435,2,1,8,36.85,3,19,7518099
4308,6,3,26,22.07,1,9,23254716
831,4,2,0,28.52,2,5,6001407
3949,2,4,24,14.95,0,14,20259894
3202,2,3,16,30.31,3,7,16715536
4506,4,2,15,25.2,2,6,24247803
4368,1,4,17,18.93,2,8,22808372
4700,6,3,1,8.56,2,2,26464241
701,4,4,13,12.84,3,14,6099552
2997,5,1,21,25.22,2,7,15670399
2342,3,1,22,17.62,2,3,12551250
2366,4,4,26,35.69,1,20,12824433
2496,2,1,16,10.16,1,6,13433141
1409,2,4,2,3.85,3,14,9082109
4805,4,3,1,23.98,3,12,26543248
3689,3,2,7,35.56,0,18,18723310
1270,4,4,24,15.22,2,12,7716732
3655,3,2,28,26.26,1,7,18505280
3001,3,2,1,10.03,1,5,16806296
3214,5,4,1,22.78,2,12,17952514
4085,6,1,25,31.68,2,9,21034291
2128,2,3,30,34.81,3,11,10369667
886,2,2,8,5.1,0,4,5161802
3921,3,3,29,14.9,0,14,19957354
4508,2,2,19,25.95,3,12,23120669
4593,1,4,20,2.35,3,18,24679126
4863,3,1,28,27.93,1,7,24109167
2966,2,3,26,21.59,3,1,15688992
2782,1,2,24,12.25,0,13,13964207
2356,5,4,5,32.77,1,16,13756499
2498,2,4,25,12.31,0,5,13370809
1736,1,2,11,39.67,2,19,8826413
4644,4,2,24,32.84,0,9,23339388
1650,6,2,8,28.61,1,9,10467577
4818,4,1,6,3.39,0,12,25733761
1931,1,2,29,36.27,1,18,9615577
2319,3,2,11,31.81,1,10,12223283
2824,3,1,25,9.93,3,17,14587325
1630,2,4,24,16.3,0,19,8636668
3158,4,2,4,11.48,3,11,17666788
4000,3,3,15,39.39,3,16,20886556
874,3,4,4,34.31,0,8,5333970
2620,4,3,11,37.28,1,15,13897119
4520,5,2,23,31.76,2,11,23494117
2521,3,1,25,18.8,0,7,12767443
4205,6,1,19,9.01,3,2,22953260
3759,1,1,8,9.12,3,19,19786955
3935,2,2,22,6.92,1,9,20686858
2389,3,2,6,22.32,3,18,13495425
2323,6,3,28,36.88,2,13,12152911
1974,6,1,30,39.68,3,1,10528156
2742,3,2,18,12.2,1,19,14792221
3743,5,4,19,28.2,0,13,20365572
3634,1,2,22,24.29,1,14,17776936
2570,2,2,10,20.07,3,17,14281685
859,3,4,26,26.96,1,20,5181077
2541,2,1,29,15.48,3,1,12773681
1641,4,4,20,37.83,1,5,9335791
2135,6,1,11,28.51,0,20,12570121
4500,6,4,2,30.41,3,14,25548363
2443,3,3,16,10.45,2,18,13020116
3861,3,1,6,7.57,2,13,20384012
3480,4,2,21,16.38,2,12,18438567
506,5,3,9,30.9,2,15,4005847
3767,3,1,30,37.61,3,4,18406157
2091,6,1,22,17.67,3,9,12012883
3764,2,1,14,31.19,0,3,18584248
3106,1,4,29,19.35,1,11,15664028
3719,2,1,1,12.51,3,15,20435163
3773,5,2,12,29.83,2,16,20953464
1413,1,1,27,32.13,3,7,6658742
2511,2,2,3,8.91,2,7,14357751
1942,2,2,17,12.9,0,9,10122834
3554,4,2,23,20.3,1,17,18530065
4046,5,3,22,8.27,3,13,22175725
4721,6,2,0,37.22,1,9,25435778
3428,4,4,1,24.06,2,9,19476198
2329,1,1,1,5.73,2,20,12906085
1075,6,4,3,8.18,1,12,8803271
1429,4,3,2,38.22,0,19,8630376
4259,5,1,16,29.79,1,15,22143138
4199,3,2,27,29.64,1,18,21122134
1963,3,1,13,3.83,3,8,11001031
3775,1,3,1,35.92,3,6,19906329
1554,3,3,15,18.31,2,6,8910704
2400,4,4,10,26.73,3,3,13772231
1957,1,1,24,38.43,0,3,8934778
1899,6,1,12,4.9,0,2,11484253
3915,5,1,0,19.81,0,5,21572118
942,1,4,24,2.93,2,20,5817538
4150,6,3,22,20.48,0,12,22050189
1678,1,2,1,10.84,0,6,9123106
4958,2,1,1,36.53,3,16,25490556
1757,2,4,20,16.54,2,5,9468166
4134,1,4,28,25.72,1,6,20928381
2341,3,2,4,34.55,0,4,12396721
2809,2,3,3,39.36,3,14,15164550
1410,5,1,11,20.65,1,3,8459021
4840,6,1,25,18.77,0,17,25448477
4509,4,4,25,3.95,1,5,24134249
2669,2,3,28,1.5,1,6,14719898
2672,1,1,27,24.74,2,20,13304423
623,3,2,2,3.55,2,4,4670055
3658,4,3,19,15.83,0,13,19624169
1285,6,3,9,1.14,0,8,8988222
2916,6,4,19,24.99,2,11,16183584
1296,2,4,17,17.59,0,19,6730003
4672,6,1,20,5.95,0,5,24928762
4654,6,4,30,12.56,2,5,24986995
2436,3,3,20,23.22,1,3,12519827
2656,3,1,20,26.61,0,2,13182489
4307,3,1,26,19.03,3,3,21846452
1801,1,3,30,32.35,2,15,8586376
4663,6,1,26,5.39,0,7,24726752
3640,6,2,9,4.3,0,3,20430133
3736,6,2,0,2.73,2,15,21916373
2852,5,1,5,21.9,3,11,16484639
2432,3,4,10,28.54,3,16,13939756
3221,4,2,1,6.09,2,13,18143152
864,2,1,6,25.92,3,2,5072502
2890,4,2,19,19.6,0,20,15018467
1446,1,4,30,39.51,3,12,6939760
1877,1,3,20,28.98,0,7,8503473
1939,6,1,20,26.64,1,1,10658204
3680,4,1,20,23.25,3,14,19228146
840,6,1,17,39.9,1,10,5399821
3489,5,1,20,39.24,2,3,17758842
882,1,1,18,21.99,3,11,4616538
2056,1,1,3,18.75,0,20,10777722
799,4,4,12,19.02,3,15,5896974
638,1,3,17,17.71,2,6,3466602
858,5,4,19,21.72,2,18,6287086
2022,5,4,28,11.67,0,13,11544944
3956,5,3,24,37.14,3,15,20689263
2127,2,4,23,20.12,1,3,11216559
1803,5,2,12,33.84,2,15,10545905
1634,5,4,29,19.54,2,1,9934822
2686,2,1,30,29.01,0,10,12680402
3670,6,2,26,14.14,3,18,20070197
4335,3,2,27,25.37,1,8,21513390
2651,1,3,18,20.44,3,12,13729745
1737,5,4,16,15.32,3,5,10478883
4235,1,4,0,35.38,1,1,22256713
3334,4,2,5,5.4,0,8,18609259
4760,1,4,18,19.99,2,5,24072226
1498,6,4,19,8.58,0,17,9477377
3067,2,3,0,34.58,0,15,16129853
1807,1,2,7,10.89,3,4,10392237
1156,1,1,16,25.7,1,13,5529441
3160,1,2,20,7.46,2,17,16355927
2711,3,3,21,16.79,3,13,15210223
2409,3,3,14,36.07,2,2,12877862
4230,4,3,17,7.48,3,4,22468630
2546,2,4,6,26.86,1,2,13219169
3662,1,2,15,8.98,2,12,19033742
1640,1,4,6,17.21,2,19,10245147
766,1,4,16,22.08,0,18,4814723
2345,1,2,3,23.51,3,10,12740266
2208,3,3,11,24.5,3,5,12558039
4130,6,1,12,25.97,3,11,22703902
3711,6,1,3,11.6,0,1,20069334
2793,4,2,20,16.65,0,3,14856056
4232,5,2,0,2.46,2,17,24287499
4329,2,3,0,30.98,3,15,23682911
2010,6,2,6,33.65,3,14,12290496
975,1,2,8,8.77,2,15,5493110
1476,6,3,0,8.86,2,16,10609853
1707,4,3,15,2.64,2,4,10535420
2460,5,4,17,38.84,1,19,14014747
1057,6,2,21,32.48,1,8,6594901
1382,4,1,30,15.07,2,6,8021318
2694,3,2,14,19.79,0,16,14412306
3167,5,1,5,12.39,0,3,17488057
2110,4,1,1,24.29,3,8,12104089
3988,6,1,8,28.98,1,5,21519728
2954,3,4,3,18.45,1,5,16567596
4994,4,3,12,35.07,2,12,26269953
2446,4,3,22,21.16,2,1,13510796
3308,6,4,21,6.63,2,7,18257569
4325,5,3,10,25.27,2,11,23457410
4036,3,4,12,19.03,2,10,21869530
4302,1,2,10,37.49,0,3,21402284
4677,2,4,18,16.28,0,8,23795843
2470,5,3,7,16.71,2,1,14566321
4322,3,3,6,26.38,0,8,22745327
3319,4,2,24,21.55,2,20,17865580
1402,3,4,15,15.6,2,11,8697913
864,2,2,2,39.6,1,7,4972390
4758,6,1,16,12.79,0,16,25471313
3619,2,4,17,11.82,0,7,19110336
3058,1,2,27,34.71,1,13,14843690
2363,1,2,26,1.13,0,10,12394985
615,2,3,14,8.85,1,17,5165849
2884,5,4,27,24.03,3,3,15522019
4435,5,1,16,7.34,0,7,22761316
2990,4,1,10,39.45,2,11,15610414
1442,1,4,4,19.1,1,13,8105158
2224,4,4,15,24.3,2,5,12879836
2834,1,2,14,7.25,2,19,15501386
3267,2,3,9,12.29,0,15,17737380
1637,5,3,13,24.97,1,1,9581547
3027,5,3,1,22.43,3,5,17688948
4617,2,4,15,31.59,2,13,24294715
3920,4,3,18,11.5,2,10,21382139
4406,4,2,7,26.49,3,5,23688194
4137,3,4,14,12.35,1,1,22016747
3453,1,4,9,23.88,0,10,17592481
2867,4,3,29,24.6,2,18,15598972
4721,2,1,4,5.75,0,8,25129590
776,4,1,19,22.4,1,20,4366705
2499,5,2,15,1.47,3,3,14793051
1727,1,3,20,20.55,0,19,8665634
4252,6,3,25,28.2,1,19,22899972
4235,3,4,21,3.84,0,2,21949175
1195,1,4,11,37.61,0,17,6583957
1809,5,3,22,18.89,2,16,10801008
4652,5,4,29,37.6,0,10,24258129
3734,5,3,12,5.19,2,16,21234469
4614,5,2,8,38.05,1,5,24349743
2811,2,4,16,5.26,1,20,15739982
3341,3,3,19,19.0,2,3,17521288
4708,6,4,27,37.58,3,3,25098186
4059,5,2,11,10.08,0,2,21767193
3898,5,4,24,2.36,1,4,21538504
1041,4,3,4,31.93,1,18,6779367
3194,3,4,23,24.24,3,2,17080685
1588,1,4,11,21.04,1,6,8597915
3863,3,3,0,2.34,2,3,21361207
524,3,1,19,26.48,3,3,3036015
2072,6,4,27,7.69,1,2,11838430
3458,3,4,15,37.32,3,3,18521664
4736,6,2,29,27.74,3,17,25055399
2267,5,1,11,28.57,1,14,12223985
2735,5,2,8,10.07,1,7,15465360
700,2,3,12,35.35,1,6,3766602
3698,6,3,16,21.97,3,8,20700642
756,6,2,16,34.43,2,19,5341406
4247,1,4,3,11.57,2,19,23122855
2741,4,1,13,30.46,0,12,14045001
3675,3,2,18,23.41,1,5,19094801
4106,1,2,6,2.89,2,5,21739027
3836,6,3,26,16.81,0,14,20603689
913,1,4,2,8.17,0,17,6112146
2514,2,1,0,15.01,1,16,13743717
1881,4,2,11,15.95,0,4,10988694
1598,6,1,14,19.52,2,8,9727478
3926,6,1,10,24.41,0,3,21406054
4155,3,2,9,23.27,0,5,21858456
1409,4,1,1,2.52,2,7,8713313
687,2,3,25,30.28,0,18,3522966
4544,5,4,28,38.02,0,8,23719112
4256,1,4,3,14.6,3,11,22893290
2515,3,4,16,8.01,0,14,14069344
2592,6,3,16,22.06,0,18,14881604
4144,5,3,27,28.49,3,13,22164739
2630,2,3,29,27.48,3,6,13236882
857,4,4,7,24.87,3,13,6252343
2922,1,1,22,6.7,1,1,14849106
4757,3,3,13,33.64,1,11,24671469
1997,6,2,23,17.6,2,7,11517142
2658,6,3,28,9.64,0,10,14889876
3055,5,2,3,4.36,2,2,17769536
2842,5,4,5,17.25,1,16,16633414
3451,1,2,30,25.1,0,5,16650407
1738,4,3,28,26.95,0,16,8821947
1473,2,3,18,38.55,3,16,7954429
4465,4,1,26,6.97,1,15,23216799
1550,4,4,28,39.45,0,9,8454821
4201,4,2,23,26.53,3,1,21781694
3280,1,4,3,18.71,0,9,17892056
2088,1,3,2,35.64,1,11,11237525
4378,2,1,19,28.08,2,5,21719743
2868,4,3,5,14.6,2,6,15934704
936,1,3,26,35.48,0,8,4148191
3328,2,3,22,27.0,3,15,17278537
2056,6,2,6,28.25,3,16,12024494
4358,2,3,13,35.96,3,18,22585407
1804,4,4,30,18.49,1,12,9959029
2884,3,4,11,26.62,2,4,15774845
682,4,1,15,30.04,2,16,4944203
2089,3,4,19,18.7,0,11,10981549
2087,2,3,7,4.25,2,7,12277188
1159,6,3,22,31.09,3,15,7668450
659,6,4,1,2.86,1,17,6409421
4453,1,1,12,29.0,3,15,22552257
1511,6,1,7,36.52,3,10,9546075
552,5,4,24,14.53,2,4,4470131
2807,2,2,20,4.98,1,17,14304684
1728,1,2,30,10.08,1,4,8577377
1535,6,2,19,22.93,3,11,9683317
4202,2,2,15,37.76,0,4,20801989
4545,4,4,3,20.98,2,12,25159633
4949,6,1,28,5.4,0,10,26322804
1764,3,3,15,25.48,3,14,10444695
2384,2,3,19,29.58,2,18,12831430
2309,1,4,5,16.34,0,6,13290067
3667,4,3,26,29.14,0,5,19191293
4297,5,2,3,13.67,0,2,23404246
2841,4,1,15,31.77,2,13,15286114
3914,6,4,22,14.3,0,14,21582007
1317,3,1,22,10.99,1,3,7020747
2937,4,4,20,35.29,3,11,15615460
1388,5,4,12,22.39,2,4,8864463
1167,1,4,4,12.12,1,13,7455710
3124,2,4,14,37.47,0,8,15802658
4732,3,1,25,27.94,3,8,24067257
1318,5,3,7,9.61,0,13,8663992
2688,6,4,6,24.97,1,10,15861398
1606,6,2,13,34.94,0,13,9430323
2724,6,4,6,28.15,2,13,16185490
697,3,1,21,10.55,1,17,4952462
3171,4,4,6,26.31,2,6,17548349
3992,3,2,22,25.15,3,2,20547803
2948,6,1,25,33.01,2,17,15763110
970,5,4,29,7.95,2,12,6178852
2448,2,2,17,28.29,0,6,12618493
4399,2,1,29,2.07,0,5,21826150
2510,3,4,9,28.15,1,5,14210827
4300,6,2,17,38.46,3,9,22736089
4618,1,1,13,7.8,1,3,23572930
4296,3,4,9,13.14,3,20,24089067
4488,6,1,6,23.73,3,5,24595783
734,4,2,29,29.56,2,7,3957175
1428,2,4,25,14.43,0,12,7508659
4107,2,4,6,26.91,3,7,21246029
1022,2,4,6,36.07,0,10,5823301
4023,1,2,4,29.34,3,8,20392523
2129,6,3,0,28.73,0,17,12989363
1816,6,4,13,15.9,1,5,11245788
3357,6,2,17,36.55,0,15,18062053
1624,6,1,12,11.82,2,9,9789974
3087,1,1,24,9.01,3,11,15532505
1523,5,2,7,15.2,2,13,9861791
1878,3,3,7,26.36,3,18,11083959
3874,3,2,9,34.61,2,17,19803531
2019,6,1,16,6.15,3,9,12442869
726,4,1,5,32.74,0,10,4251831
1391,2,4,14,32.7,3,5,7356999
4572,1,3,14,23.89,2,11,23344554
2757,4,2,24,30.67,2,15,15252029
3288,4,1,15,8.09,3,2,17730549
896,6,1,30,7.61,3,20,6182166
2578,1,1,7,34.65,1,14,13182452
4924,3,2,18,20.43,1,5,25026071
3737,2,2,19,10.59,0,6,19245203
4393,3,3,14,27.86,0,15,22588158
2505,4,4,2,35.78,0,4,14178989
2516,2,4,5,25.66,0,10,13810081
3671,5,4,29,14.55,0,19,19910982
3168,4,1,24,19.85,3,9,16731163
2378,3,4,30,30.34,1,10,12905989
1696,3,1,7,3.63,3,4,10100534
2272,6,3,30,9.47,1,4,13062895
661,3,1,15,19.04,1,6,4049798
4476,1,3,14,24.57,2,8,22565442
2251,4,3,12,14.23,2,16,12868643
1275,2,4,25,12.64,1,8,6773882
1439,3,4,19,2.61,3,16,8834973
3720,6,1,14,2.27,1,6,20441273
1039,6,2,17,11.87,0,17,7012684
1961,3,4,12,21.69,3,1,11193665
855,1,4,23,22.7,3,19,5105384
4104,6,2,7,20.27,1,18,23128411
3823,2,2,13,16.99,0,17,20168157
734,4,4,27,10.84,1,17,5177491
2048,5,2,10,16.63,0,12,11655061
2596,1,1,5,6.41,3,12,14374537
4713,6,3,29,5.5,1,6,25112298
2601,4,3,23,12.7,0,7,14202833
2173,5,4,24,39.82,2,8,12053888
2600,3,4,28,13.73,3,3,13723323
4157,3,1,0,37.52,3,17,21804237
4096,2,2,24,16.3,2,8,21026436
4248,5,4,1,18.12,0,11,23566161
3673,3,3,29,32.09,3,20,19836434
2315,3,1,12,4.65,0,18,12615198
4341,6,1,0,8.11,2,16,24079817
2505,2,2,23,38.98,1,13,12367355
4993,4,4,23,20.73,3,9,26325083
1174,3,4,26,2.73,3,19,6992191
886,1,1,3,2.85,0,7,5494381
2658,1,3,23,36.38,3,17,13672885
3161,4,4,22,35.06,1,8,16944633
2564,5,3,28,18.88,2,8,14184128
4351,2,1,1,7.37,3,3,23095253
3753,6,4,20,33.38,2,16,20662283
4766,1,3,29,13.66,0,12,23771770
1239,1,1,25,17.34,1,15,5816430
1901,4,3,19,27.62,3,4,11136666
3759,5,4,15,14.78,2,7,21249991
2777,5,2,2,25.52,1,11,15950064
4404,4,3,16,35.53,2,5,22878798
4423,1,2,4,32.1,0,13,22622932
4714,2,4,25,15.88,1,11,24186527
3727,1,2,7,12.23,1,5,19260990
3331,5,1,11,12.13,0,8,18126921
4258,6,2,24,14.6,0,17,22952304
3012,1,3,22,20.25,3,11,15378533
2651,2,3,11,17.25,0,19,14227030
4175,3,2,26,6.19,0,18,22045432
3245,1,1,0,7.37,2,10,16828591
4366,4,4,0,14.37,1,5,24370853
4264,3,2,14,22.92,2,1,22102512
2722,4,3,16,24.11,0,17,14684168
3292,4,3,1,19.96,3,17,18645168
2197,4,2,16,29.81,2,1,11858151
3962,1,2,19,29.75,2,1,19939745
4563,5,2,25,17.68,1,9,23980639
2024,3,4,8,5.85,1,4,11786230
532,2,3,11,21.68,1,9,3740252
4525,5,3,3,15.88,3,14,25149196
3066,1,3,12,6.38,3,15,16733625
3303,4,4,3,39.29,0,16,18134195
4396,2,1,6,15.42,0,16,22475925
4209,3,3,13,25.41,1,13,22276272
1219,5,3,26,20.12,2,14,7008738
1472,6,1,8,6.57,1,9,9500699
4218,5,4,22,3.17,0,9,22662815
4902,2,1,0,25.41,2,4,24782953
2707,1,1,0,10.63,0,10,14393160
4926,3,1,19,10.5,3,3,25762453
4820,2,1,3,38.32,1,9,24467588
3530,4,4,0,19.01,1,19,20365116
4075,3,4,21,2.15,2,16,22061410
3616,5,1,9,14.25,1,16,19876951
3785,2,2,1,23.8,0,17,19692295
1143,5,2,26,13.81,0,18,7074400
694,5,2,20,2.05,3,10,5589967
4496,5,2,23,18.33,0,19,23561368
988,1,3,14,5.13,2,15,5632118
2704,5,4,2,25.15,0,15,15288157
3157,4,4,24,25.16,3,11,17423261
3776,4,1,22,2.47,3,8,19868468
1602,3,3,8,12.34,1,16,10098269
1741,6,1,16,17.13,2,10,10191551
1015,5,1,20,22.46,0,9,5859005
892,5,4,27,12.55,3,15,7200715
1130,2,3,12,12.22,0,5,6398238
4216,1,2,2,39.34,3,20,21487247
2347,6,4,3,2.63,1,2,14597503
3155,3,3,3,39.57,3,16,16710620
1479,6,3,10,2.86,1,18,10028822
3902,5,4,27,12.25,2,16,21325412
4371,2,4,6,20.25,0,5,23281851
777,1,1,25,6.59,0,1,3788149
732,3,1,10,6.26,1,19,5052218
2052,6,1,23,11.0,2,10,12499983
3770,3,2,10,38.97,1,13,19670773
2909,5,4,9,15.82,3,11,17445043
4012,3,3,4,23.07,1,15,21835589
525,2,4,12,28.47,2,2,3922158
960,3,3,28,29.95,3,6,5625507
4264,4,2,11,27.83,0,11,22599551
3931,2,4,9,14.14,0,15,21149424
3983,6,3,6,5.36,0,9,22921723
2494,1,3,18,11.99,2,12,12994478
990,1,1,18,9.2,2,4,4979790
1572,5,2,18,6.31,2,14,9253334
3673,5,4,11,1.96,2,3,21018273
715,4,1,19,37.49,2,17,4521322
2223,6,2,21,36.92,3,13,12195146
2092,1,1,14,2.97,1,8,10748416
3106,1,4,4,7.75,0,12,17288548
658,1,3,23,6.44,2,12,4137267
3813,1,4,29,11.97,0,12,19480967
3341,3,2,13,8.96,2,2,18055481
2276,6,4,11,37.89,0,10,13079152
2552,2,2,28,4.28,1,9,12721592
2795,2,1,20,9.26,0,1,14336136
2196,4,2,10,4.15,0,4,13175742
3493,3,3,27,39.24,2,14,17843784
2969,1,3,4,36.82,3,16,15321446
2446,1,3,15,28.95,3,18,12776169
4309,5,1,29,17.61,0,2,22359756
3283,5,2,25,8.42,3,6,18275175
4144,4,1,17,9.64,1,3,22231269
3000,1,4,11,18.28,1,20,16341116
4145,4,4,26,30.96,3,19,21356739
3145,3,4,26,11.32,3,13,17125827
2849,2,4,4,13.12,1,17,15499417
2432,1,3,15,24.4,3,14,13010345
3794,6,2,30,10.27,3,11,20857911
2257,3,3,11,23.78,2,16,12384326
1616,1,2,22,16.1,2,11,8212357
3067,6,2,1,2.34,3,18,18273612
3999,5,1,29,16.71,3,2,21153484
992,4,4,28,36.86,2,8,5654872
3806,5,2,5,12.43,2,14,21076563
1119,2,4,22,13.59,3,2,6800852
3732,5,4,20,3.57,2,13,21088638
4323,1,4,24,24.99,1,10,22045802
2880,6,3,29,34.12,0,8,14844548
2046,5,4,3,14.76,1,7,12491822
4063,1,2,29,10.37,2,13,20634676
2105,2,3,29,38.31,1,19,9913579
4252,6,4,12,30.06,0,15,22763070
2390,5,1,9,23.12,2,2,13161798
1775,4,4,30,12.92,1,5,10178990
3243,4,4,16,9.61,1,19,18143145
2993,6,3,13,28.91,0,1,16689323
856,4,2,23,21.35,2,7,4876109
1369,5,4,14,21.3,3,18,8784326
1385,5,3,7,3.87,2,1,9720795
2501,6,3,22,20.98,0,1,14042887
1783,5,2,23,33.09,0,7,9250278
1119,1,3,17,37.93,0,17,4928381
1382,2,2,2,5.16,0,6,7768741
1296,4,1,24,25.62,3,20,7022547
4142,1,4,16,23.17,2,12,21029793
3925,6,3,23,35.72,2,20,21141893
1796,4,1,23,30.3,1,15,9648953
744,1,3,6,38.65,3,13,4341706
3395,5,3,12,38.44,3,12,18437484
1429,6,1,29,9.8,1,2,8393035
1019,6,3,26,29.29,1,18,6411226
3712,4,3,15,21.69,2,4,19403581
2909,5,1,4,9.37,2,10,16701574
507,4,3,3,8.6,2,11,4922762
3025,3,2,25,4.16,3,6,16532051
3923,1,3,9,32.03,3,6,20480672
2519,3,4,12,13.66,1,9,13960588
4782,1,3,30,34.42,0,20,23384406
4167,2,4,9,24.72,0,13,21862568
4171,6,4,13,27.27,0,5,22792330
3301,4,3,25,12.38,0,6,17933795
585,2,1,21,18.83,0,4,2854378
3615,2,2,11,17.08,2,6,18781854
4732,6,2,26,10.19,1,18,25727819
2968,6,3,0,33.47,0,13,17363523
4119,1,1,28,25.26,0,3,20058501
2136,3,1,20,2.46,0,10,10987465
4083,5,2,29,32.98,2,4,21054736
4509,1,1,19,5.14,0,15,22711249
3826,5,3,19,16.74,1,12,20882449
2718,2,3,6,23.28,2,15,14571723
2717,5,1,8,1.3,2,10,15968491
2869,3,3,7,26.46,3,12,15950791
4138,1,4,26,26.73,3,8,21224337
3003,6,2,12,26.45,2,3,16534365
1443,3,3,13,7.38,0,7,8595023
3337,3,1,11,10.97,0,18,17977309
3160,1,2,7,10.65,0,3,15633935
3436,6,3,20,38.44,0,15,18644061
4944,3,2,21,3.63,3,2,25771092
4447,6,1,17,17.72,1,15,23849901
2176,4,4,15,34.98,2,13,12616265
1696,4,4,28,31.01,0,20,9612218
4605,4,3,10,33.08,3,10,24334277
3287,5,4,15,38.92,1,8,17295672
1961,3,3,13,16.1,2,16,11239507
3818,1,2,2,13.08,2,16,20581761
1166,1,3,20,2.2,2,2,6939331
2676,5,3,1,6.85,0,9,15175993
4243,1,3,2,22.92,2,8,22401253
1100,4,4,3,7.15,0,11,7904834
3152,3,3,21,29.72,1,1,16443603
4922,1,1,4,2.45,3,11,25817674
4324,1,3,9,11.12,3,18,22381037
4406,2,2,19,28.12,3,15,22414561
1479,2,1,28,10.96,2,9,7300093
2951,2,2,30,29.42,3,9,14404326
1128,3,2,1,39.84,1,1,6674140
2129,4,2,11,32.09,0,7,11456563
4196,6,1,26,14.33,3,12,22639867
3930,4,1,4,36.12,0,10,20853862
4174,4,4,4,3.0,0,19,22802437
4429,3,1,26,29.28,3,16,22954002
3265,3,3,22,1.91,3,6,18283212
4869,2,2,0,7.81,3,11,25541995
615,1,4,3,39.52,2,19,4199796
2503,5,1,26,15.07,3,19,14440074
1192,5,2,20,33.0,2,18,6726033
3662,6,1,23,15.67,1,15,19391441
1605,1,4,11,33.76,0,16,8725072
3508,6,1,30,38.65,1,14,18241312
2661,2,1,11,17.99,3,8,14160728
653,6,2,15,22.81,0,8,4739668
4199,1,3,23,25.52,3,2,21173578
4910,1,1,16,37.46,3,6,23568836
4286,5,4,20,11.01,0,13,22889838
1564,2,1,9,24.84,1,13,8320391
4700,3,1,16,13.66,3,12,23925430
2413,6,3,16,9.46,0,2,13976380
1716,5,2,17,4.31,1,20,10507101
2901,6,4,1,25.21,2,12,17033569
2272,6,2,30,35.4,1,17,12046417
2460,3,2,30,14.7,1,6,12328791
3280,2,2,24,22.55,0,7,16235989
3371,1,1,3,26.04,1,6,17302016
1160,4,3,18,17.17,2,4,7279547
3135,6,1,10,36.23,2,9,17451618
2829,4,4,16,15.15,3,5,15914143
4454,2,3,11,5.88,2,10,23810145
2950,4,2,1,6.62,3,15,16694113
1632,6,3,5,35.74,2,8,10288887
1199,3,4,8,39.53,1,4,6899932
2538,4,1,4,12.27,3,5,14608069
5000,2,1,19,6.6,2,7,25535342
2679,2,2,28,19.81,1,6,13276889
3338,3,1,20,28.67,1,13,16741278
1373,4,1,8,24.88,3,19,8670267
583,4,4,27,38.09,0,10,3248787
1922,1,3,28,32.89,1,15,9872085
3175,5,1,22,34.89,1,3,15994322
3680,2,4,7,22.13,0,18,19988118
4816,1,4,30,13.76,3,14,23953090
4475,2,2,19,28.37,2,3,22539970
1891,1,4,26,18.12,2,11,9690616
3718,5,2,7,12.22,1,10,20706341
4707,1,1,21,6.94,0,17,23921531
1114,2,2,20,21.59,1,13,6525513
3471,4,4,28,24.18,3,2,18260884
4065,2,3,27,23.18,1,13,20359575
4076,6,3,22,5.55,2,19,22950913
770,3,1,5,23.23,0,5,4603472
4566,3,1,2,7.57,3,16,24470192
2968,6,3,4,26.88,1,10,16944362
1890,3,2,8,17.75,2,12,10593081
3854,3,1,6,34.1,1,20,19596750
4635,5,4,27,31.35,2,13,24915155
4107,4,1,3,29.25,0,16,21870264
3083,4,2,6,28.33,3,1,16358547
4573,2,1,4,22.86,1,9,24038406
3575,6,4,10,3.38,3,16,21043634
4406,1,4,28,26.56,0,19,21967492
789,2,4,14,19.21,2,15,5328655
2980,2,2,1,19.31,0,18,15916634
3752,2,2,12,15.78,0,12,19070828
778,2,4,21,37.23,3,14,4327548
3424,4,4,15,10.73,0,3,18674800
1080,1,2,6,13.35,1,4,5836300
753,2,2,7,38.56,2,6,4403591
4776,4,2,5,32.6,0,16,25488857
1324,2,3,23,1.55,1,13,7466659
4332,3,2,6,36.34,2,12,21944862
1199,2,4,17,9.84,3,12,7359155
1880,6,3,29,28.53,2,2,10341700
4396,6,2,21,22.57,3,13,23666476
2173,2,4,24,21.94,2,3,11373294
3227,5,1,27,29.0,0,13,16366616
3656,3,3,21,9.08,3,2,19092838
3888,1,4,19,7.2,3,19,20648722
4807,2,1,6,26.42,3,9,24599129
883,1,4,2,12.33,0,20,6349880
841,3,2,4,38.98,0,1,4859407
2487,2,2,0,18.61,2,13,13584660
4559,5,1,14,5.35,2,2,24329034
3609,4,2,25,27.75,0,15,18530805
4582,5,4,2,12.94,0,19,25520889
3298,5,1,7,6.79,3,16,18925167
3740,4,4,24,17.49,2,11,20451232
2488,4,4,8,38.6,2,15,13998692
3914,6,4,14,17.05,3,6,22170317
2349,4,2,9,14.55,3,14,13719181
805,2,2,1,18.34,3,6,5406131
4113,1,4,19,1.47,1,19,21610954
3249,6,3,4,6.19,1,5,18967700
1635,6,4,30,34.14,0,11,9090541
705,1,4,18,39.14,2,4,3286196
3950,6,1,12,7.16,3,9,22419214
4311,4,4,10,21.89,3,9,23567437
4122,5,2,0,38.69,2,17,22519717
4099,3,1,21,7.11,1,8,21152299
3051,4,3,29,8.27,2,15,16702709
4808,5,1,14,37.15,0,9,24732288
809,5,3,25,28.52,1,5,4571853
3208,6,1,17,6.93,2,4,17726371
2491,2,1,15,16.35,2,20,13365531
771,2,3,8,3.19,0,18,5147173
4142,6,2,0,17.87,2,9,22688434
4586,6,2,10,31.34,1,3,24423488
2322,1,2,8,22.6,3,9,11800796
3773,1,1,22,26.25,3,9,18631232
4849,3,4,10,13.75,3,4,26376866
1020,3,1,12,7.29,1,7,5781231
1476,3,4,25,1.51,2,7,8981643
4222,3,4,1,33.03,2,8,23218699
4051,5,2,13,25.83,2,1,22026154
4605,5,4,5,9.94,2,9,25583213
3273,1,1,7,17.32,3,12,16817436
3052,2,1,30,32.26,1,6,14715966
3332,6,2,17,22.01,0,13,18281368
4407,2,3,15,12.71,1,5,23188740
652,4,1,30,11.42,2,19,4114850
3464,5,4,20,9.49,2,1,19358558
3416,3,1,28,33.13,1,18,16749064
3300,3,1,11,23.69,1,8,17429651
2252,4,1,10,28.66,3,8,12040686
3110,2,3,5,34.54,2,15,16363245
4375,3,4,2,39.49,1,19,23493006
1604,2,2,13,10.73,2,10,9409034
3036,6,1,27,8.06,1,16,16863655
4699,4,4,1,19.02,2,11,25774782
4354,2,4,30,2.37,1,12,22603807
3994,6,2,10,31.88,2,16,21580645
2414,2,1,21,35.47,0,16,11672422
3572,2,3,2,27.76,3,20,18771258
1506,3,4,17,11.45,0,3,9206441
906,1,2,30,5.8,3,9,5444863
666,5,3,0,15.9,3,8,5329657
1008,2,4,29,33.5,1,10,4682247
2161,2,1,23,14.57,0,13,11324464
4164,2,4,0,2.34,3,18,22956083
3989,1,3,11,11.7,2,13,21363034
1180,6,3,14,39.61,1,13,7690920
3024,4,1,4,27.39,1,15,16323984
2620,3,1,26,36.13,2,13,13375160
4857,1,2,5,31.22,2,16,24873513
1863,6,1,15,22.05,3,8,11027537
1831,2,2,26,6.8,2,19,10028586
2792,6,3,11,14.6,1,10,16462629
2038,1,3,11,23.77,2,12,11176452
3908,1,4,2,34.95,0,14,21002770
1060,1,4,29,11.48,1,6,5672389
1599,4,2,22,5.73,2,9,9734612
2403,5,1,1,22.79,1,7,14109769
674,3,1,6,7.88,3,6,5088509
2656,4,4,1,24.8,0,1,14876744
2730,4,3,20,11.28,3,14,15667076
4787,5,2,6,10.01,0,6,25968502
4660,4,3,10,16.57,2,12,24719138
4420,1,3,10,24.13,1,17,23075854
1997,1,1,13,22.27,2,5,9635391
4354,6,2,2,10.54,3,11,24745775
3671,2,3,13,35.75,1,5,18570618
2067,4,4,10,5.29,2,12,12671729
1651,2,4,3,2.54,2,3,9738263
868,3,1,16,24.51,1,9,4625073
542,1,4,15,5.81,1,6,3517707
2407,6,4,2,20.69,3,2,14782064
3990,3,3,24,38.12,0,2,19788579
3035,6,4,9,28.24,0,12,17393353
4673,5,4,20,25.08,1,8,25021091
3373,1,3,30,23.42,0,2,16275541
2324,3,1,14,8.0,3,9,12866715
1793,5,1,7,17.87,0,16,10737716
3886,3,2,17,14.36,1,15,19762639
3472,6,4,2,38.17,3,14,20028399
4422,5,3,6,10.45,1,20,24336235
1492,5,2,29,19.39,3,4,7736117
2886,1,1,9,37.59,3,4,14332703
2740,2,1,19,31.78,1,11,13328163
1976,6,3,8,38.62,2,18,11763721
3907,6,2,13,24.72,1,5,21332117
889,5,2,22,14.02,3,2,6159647
1499,5,3,13,33.24,1,15,9375884
2355,1,3,10,12.37,1,11,13055963
1158,2,2,27,7.43,3,17,6228290
3263,6,1,0,28.55,0,16,18604246
4163,4,4,3,25.92,3,15,22665003
1981,4,1,25,35.28,1,3,10305409
4231,2,3,26,38.52,3,20,21583316
951,3,2,5,34.43,3,15,6030452
2975,1,2,21,3.34,0,19,15070619
3722,2,4,25,26.92,2,13,19531264
2037,4,2,21,31.6,1,16,10612712
3593,5,4,4,39.3,1,12,19815726
1382,4,1,2,15.61,0,17,8515133
4908,5,1,1,7.63,3,16,26499901
4568,1,2,2,34.26,2,9,23423199
3066,5,2,8,13.38,1,6,16856887
3777,2,3,18,24.33,2,19,20113999
874,5,3,18,16.21,2,13,6990906
4197,3,2,16,16.69,3,8,21887609
3562,2,2,17,29.57,3,12,18212852
3750,1,1,10,15.1,3,9,19417409
612,2,2,11,28.03,1,4,2881077
3697,3,3,2,1.56,2,13,21194033
2878,1,1,17,13.66,2,2,14442888
2424,4,4,23,13.44,1,3,13309066
639,3,3,5,30.2,0,5,4421904
1924,1,3,6,13.27,3,18,11003741
3449,5,1,0,25.7,1,14,19081849
3668,2,4,5,27.85,3,2,19886820
1016,1,3,17,26.68,2,15,5460487
3116,2,2,12,24.53,1,8,15789712
1387,5,3,30,17.13,0,16,8413952
3604,1,1,21,15.56,3,3,17920352
549,4,1,18,23.02,2,20,3630276
4451,3,1,6,3.48,2,20,24037224
4060,1,3,18,35.16,0,5,19684159
518,5,4,8,33.19,0,4,4272030
1973,1,2,2,14.51,3,12,11346517
4561,2,1,22,23.11,2,19,23546221
3106,6,4,11,37.36,0,15,17603044
951,1,2,19,11.59,1,13,5442157
4265,4,1,23,29.96,0,5,21339141
2938,1,2,29,4.23,1,12,15071861
4810,3,2,17,21.41,2,19,25002415
2049,1,4,7,35.47,3,2,11316083
3974,6,2,8,22.52,2,7,21962767
627,2,1,12,25.03,2,5,3867520
3261,1,4,7,36.4,2,20,17203390
4956,4,3,21,28.9,2,11,25592279
1915,5,3,9,28.14,3,18,11653373
701,1,4,16,23.87,0,18,3939025
2869,1,3,6,25.69,3,7,15616917
1017,3,2,16,32.34,3,10,5439673
1841,4,1,22,39.19,3,20,9302065
2488,6,2,29,32.02,3,14,13737158
4045,5,4,17,28.59,0,20,21733252
4302,2,1,23,6.29,2,20,21829044
3775,1,4,1,32.87,0,11,19667700
4154,6,4,2,29.7,0,2,23057378
2934,5,4,28,31.05,2,13,16277312
707,2,2,27,10.01,0,13,3243926
3133,6,1,18,36.23,3,9,16989886
4617,4,1,0,4.79,3,17,25872627
653,4,1,20,10.89,2,15,4935947
3866,5,2,20,26.86,2,16,20666215
4814,2,3,9,27.27,2,10,24840973
2018,4,2,20,13.22,3,20,11538648
3100,5,2,13,28.36,2,12,16695559
2695,4,4,12,16.13,0,5,14934323
4998,4,1,8,1.01,0,20,26768235
4054,6,1,5,7.34,1,17,22802674
2914,6,3,5,35.42,1,10,16810520
3349,4,3,18,9.69,2,6,18279571
2242,3,4,20,5.4,1,20,12739636
1806,6,1,9,27.61,3,6,11092680
4349,2,3,22,18.19,3,12,22447316
4668,5,3,2,32.07,0,19,25452861
4695,5,1,17,34.6,0,2,23564436
3055,2,2,20,33.99,1,13,15480374
2805,2,3,18,13.21,1,20,15628712
1588,2,1,4,20.72,3,11,8709053
3142,2,3,24,26.36,0,15,16345931
1677,1,4,10,13.56,1,13,9669182
3494,5,3,9,2.6,3,3,20212386
1059,1,1,16,20.33,0,14,5457620
3464,4,3,3,1.5,3,8,19651928
1771,4,4,25,38.08,3,9,9406958
2313,5,4,30,32.07,0,15,12630597
3415,4,3,20,8.49,3,18,18855912
1109,2,3,17,12.22,1,8,5981869
2961,1,4,27,39.33,3,11,14630576
4620,2,4,17,15.57,1,5,23709554
783,4,2,0,31.57,2,15,6166098
3428,6,2,13,18.43,2,15,19476791
4896,1,4,7,34.7,2,7,24884127
1591,2,3,1,28.45,3,18,9584191
1316,5,1,18,1.89,2,12,7985202
582,2,3,14,12.48,2,12,3512605
2420,6,3,27,22.76,3,4,13461479
3991,4,2,1,37.12,0,11,21106807
3644,1,2,3,4.98,3,6,19640284
2593,5,2,29,24.45,1,10,14024710
675,1,4,0,12.78,3,15,5033133
3204,5,4,18,35.68,0,1,17325115
869,1,3,20,30.84,2,17,4089733
2318,4,3,9,15.42,3,3,13889349
2601,5,1,0,7.52,2,11,14853199
3990,3,3,19,1.45,1,18,21295591
2279,1,3,21,25.22,0,10,11163177
1864,1,2,14,16.84,2,9,9382824
4962,2,2,3,13.28,2,7,26202333
3842,5,2,6,39.43,2,11,21201376
4176,6,2,29,19.18,2,8,21656317
2926,3,2,6,30.24,3,2,15036342
572,4,1,21,7.92,0,5,3434570
3462,2,1,24,1.52,0,9,17576438
1359,3,1,17,17.28,2,1,7668013
4356,5,2,12,26.96,0,17,23037014
4638,3,4,9,20.76,2,10,24248005
2924,1,2,23,35.73,1,8,14531683
1564,1,2,7,17.93,1,18,8307340
2717,2,1,26,13.13,1,10,13875921
4517,5,2,9,36.73,0,9,23400291
2759,5,1,13,16.87,2,4,15198237
4251,3,2,13,11.52,3,2,22643730
2586,2,3,26,4.81,3,19,13757915
868,5,4,19,31.94,1,10,5878960
3304,6,4,21,33.18,1,17,18117932
650,6,1,10,2.3,0,3,5100509
1634,1,3,5,14.99,3,19,9992824
3284,3,4,20,30.25,0,19,17355255
4664,4,1,29,37.91,1,19,23563849
2846,1,2,0,15.73,2,19,15682702
2750,2,2,18,35.01,2,15,14192510
560,5,3,6,16.36,2,18,5268017
3510,1,4,23,8.0,1,17,18677141
4401,4,2,17,1.13,0,10,23165556
1837,4,1,2,13.88,2,14,11052448
1684,6,2,19,15.76,3,19,10418081
4926,2,2,29,37.86,3,18,24595814
2051,1,4,10,9.04,1,11,11204486
4933,3,4,4,15.91,3,11,26245447
2129,1,1,18,1.98,3,12,11555534
1827,6,3,20,30.78,1,8,11329316
2026,4,3,23,36.69,0,16,11055620
2173,2,2,23,10.28,2,8,11708170
1861,2,1,29,17.73,1,14,9308275
2073,3,3,1,5.76,3,18,12664533
3186,2,3,21,18.82,2,4,16490839
4870,6,2,3,6.2,2,17,27137569
2866,6,1,24,21.41,2,13,15475390
4257,6,3,9,29.65,1,5,22682304
2934,2,4,1,22.58,2,3,16210151
2493,2,4,7,10.56,0,9,13772406
1369,6,2,0,14.8,3,20,10076782
1514,2,2,26,25.9,1,18,7894336
2411,2,2,5,24.0,1,20,12465536
1102,4,2,10,6.33,2,19,7990880
4321,1,3,26,33.95,3,19,21506444
1190,5,1,29,19.53,2,16,6773440
993,2,2,27,7.33,2,1,4853580
989,5,2,9,5.79,1,5,7015200
3056,5,3,12,38.66,0,15,16681850
4985,4,2,0,11.98,3,12,27679684
794,2,2,1,36.44,3,1,5049294
4527,6,1,2,17.01,3,14,24948641
3343,5,4,8,16.05,3,18,18791900
3412,2,2,4,28.34,0,18,17688661
2217,3,3,9,1.39,1,6,13113432
3096,6,1,9,14.19,0,1,17061011
2373,3,3,11,12.8,2,17,13171822
3758,3,1,17,34.86,1,18,19179258
3317,5,1,25,21.64,0,15,17268633
944,3,2,20,15.22,3,12,5642559
4141,4,2,20,11.38,3,13,21951005
4958,4,2,0,24.03,1,20,26641950
1241,5,4,2,6.92,0,2,8989707
2541,2,4,4,10.6,1,4,14414262
1179,1,3,24,12.45,3,3,5750557
2967,2,2,25,24.71,0,19,15367579
4197,2,4,16,15.56,3,8,22461427
1858,2,2,7,20.73,1,12,10282912
562,2,4,16,26.37,1,12,3738090
3059,6,4,8,38.29,1,10,17463131
4269,1,1,5,30.83,1,1,21526005
4851,6,2,16,16.81,1,5,25701359
634,3,2,7,30.18,2,20,4527759
4144,2,4,20,38.04,1,11,21102896
2635,4,2,6,20.48,1,9,14803381
3778,5,4,6,17.01,3,14,21304011
1322,5,2,14,4.04,1,3,8741507
3574,6,1,6,35.8,0,5,19041747
3481,6,2,21,10.61,1,9,19140280
620,4,1,26,3.49,2,18,4130401
2137,2,3,7,21.95,1,6,11366980
1424,1,2,8,33.99,3,7,7729949
1144,3,2,27,16.86,0,16,6008201
2532,5,2,14,31.54,0,8,13775392
3261,3,1,1,33.62,1,10,16777556
2568,1,2,6,18.72,1,5,12881641
741,6,2,14,24.05,1,11,5947876
3168,5,4,17,21.82,1,13,18105433
1302,3,3,21,37.63,3,20,7107929
4664,6,1,17,29.29,3,2,24834419
695,1,4,9,37.09,0,14,3763984
2687,3,1,21,9.58,1,9,14310749
4015,2,4,17,13.1,3,10,21052970
2830,6,3,0,3.77,3,10,17012513
2859,1,4,6,20.5,0,10,15198992
4106,3,1,2,35.08,0,19,21472692
776,2,2,13,13.75,2,11,4611784
560,2,2,11,6.0,3,11,3743644
3890,1,3,13,3.67,0,3,20560772
2413,4,1,28,18.45,3,19,12789448
4427,5,1,3,7.4,3,1,24168753
3091,1,1,12,14.5,1,12,16182289
1066,2,3,15,32.98,1,15,6522973
4435,2,2,15,15.98,1,14,23003773
2071,1,4,21,24.78,1,3,10824381
1700,4,3,4,20.58,3,20,10344048
4909,5,4,19,29.02,2,13,26413756
3354,3,2,24,7.09,2,18,18099076
3395,1,3,5,36.9,2,16,17345281
1736,5,2,5,26.1,3,6,10417094
636,5,4,17,11.57,2,10,5667713
1529,6,1,5,5.81,3,17,10231903
2656,2,1,6,6.84,0,17,14751197
3094,3,4,23,31.52,2,8,16227810
1161,1,1,30,23.94,3,4,5317744
2972,2,4,29,15.85,0,15,15621639
3177,6,3,23,13.98,1,1,18166296
2808,6,3,15,34.37,0,7,15683676
586,2,3,8,35.12,0,10,3534440
3012,4,1,25,23.67,2,7,15993201
3442,5,2,26,21.46,1,1,18469219
3273,1,1,12,32.84,1,17,16499390
3004,1,1,11,30.22,2,12,15258014
3810,1,2,18,16.61,0,17,19480128
2200,2,2,25,4.23,3,15,11450223
4170,4,2,30,30.97,2,16,21041659
3200,3,2,22,7.58,0,14,16912733
4129,6,1,22,1.64,3,3,22297914
2147,2,4,0,33.89,2,19,12223657
3818,3,3,7,23.55,2,12,20602307
4187,6,4,30,35.77,1,19,21951162
1096,6,1,3,19.9,1,18,7831403
984,4,2,20,37.13,1,14,4950823
1145,5,3,29,14.8,3,20,7258495
3589,1,3,21,29.26,2,9,17588664
4884,3,4,18,12.74,1,3,25549830
1220,2,1,20,1.05,1,12,7060624
998,3,1,25,15.81,2,20,5412183
2173,5,1,4,29.77,3,17,12068673
3567,1,3,16,6.85,1,5,18448499
614,3,4,2,20.69,0,8,4443614
3479,5,3,18,9.28,3,19,19588487
2236,2,3,0,3.91,1,4,12791582
4111,4,2,28,25.08,0,15,21085652
2753,6,4,22,38.13,1,19,15688556
2794,2,2,0,13.12,3,15,15513883
4130,1,1,22,23.65,2,14,20554708
646,6,3,19,38.19,2,16,4698326
4482,2,4,8,26.37,3,10,24043766
3953,2,1,22,27.25,1,14,19780819
2910,2,4,4,7.98,3,20,16806357
636,2,3,6,20.21,0,11,4427757
3860,6,4,24,15.32,1,2,20523691
3505,1,1,25,19.37,3,19,17821825
4052,5,2,5,32.23,2,3,21953397
518,3,3,16,18.97,3,4,3593409
2742,4,2,21,3.45,1,11,15455269
948,3,3,16,36.32,3,13,5943121
2448,3,1,12,22.25,2,18,13156777
1445,4,3,11,37.06,0,18,7707546
4736,6,2,3,23.32,3,19,26204786
2420,1,3,29,3.72,3,12,12387411
3477,4,1,7,22.56,0,1,17697421
4688,1,3,4,23.45,3,6,24618229
4515,6,2,30,9.36,2,3,24484089
738,3,1,4,19.37,0,17,4772551
704,1,2,12,18.92,2,3,4029768
3107,6,3,25,25.29,2,1,17360577
4840,6,4,10,11.12,2,3,26860359
3888,5,2,7,23.69,1,4,20865015
3472,4,3,7,10.4,0,6,18441364
4890,5,4,0,18.41,1,7,27159255
3187,3,4,12,5.79,1,8,17775622
4666,4,1,28,2.45,3,13,24782003
1848,3,4,4,13.5,0,4,10168179
4900,5,2,27,11.71,3,6,26500249
1316,6,2,20,16.87,1,11,8006061
1320,3,4,7,38.52,3,1,8159772
692,4,3,16,21.37,2,8,4275820
2276,4,2,22,22.57,1,2,11853317
4145,3,2,22,37.72,2,8,20798764
750,4,1,12,36.92,0,20,4140448
2288,6,3,8,35.48,3,9,13281192
4200,6,4,1,4.82,1,4,24505547
2963,4,3,30,25.74,0,17,15324646
1667,3,1,18,32.52,2,7,9285708
4393,5,1,19,33.59,3,10,23291914
1596,4,3,16,23.54,3,5,8785105
3179,4,1,30,1.68,1,10,16620330
2347,4,1,6,38.97,3,12,12744891
4404,4,1,29,19.42,3,20,22550505
1004,3,3,25,16.35,2,6,6207188
2121,5,1,2,16.4,2,1,12728590
2972,5,4,18,17.54,2,3,17333625
3046,1,4,18,10.45,0,7,15716207
1887,4,2,23,13.77,0,11,10467241
3494,4,4,8,39.43,3,12,18998544
4316,1,2,9,15.36,0,9,21951515
1217,5,3,28,21.54,1,1,7304854
3984,2,1,13,34.08,2,4,20708369
4934,6,4,17,21.57,0,2,26776147
1158,2,2,25,13.65,3,2,6502040
4508,5,3,14,21.43,2,17,24421595
4734,4,2,25,5.45,0,2,24818048
4264,2,1,0,6.07,2,4,23021618
3489,3,4,29,28.07,0,11,17590627
2604,3,3,24,36.78,3,19,13697969
1755,1,2,5,29.3,0,13,9040254
2982,5,3,29,3.91,0,18,16232501
883,5,2,14,16.71,0,19,6317209
3107,2,2,24,1.1,2,15,16341865
693,4,1,5,20.94,0,12,4863735
4307,5,1,17,8.53,0,11,23051493
4219,2,2,0,34.86,0,1,21557596
3081,2,4,29,5.07,2,16,15961631
3065,6,3,23,1.06,3,13,17628302
3263,6,3,2,18.59,3,6,19178732
3298,5,1,16,7.06,3,6,18314234
2839,2,4,30,29.78,0,10,13615218
3906,1,2,15,36.88,2,2,19621407
1231,1,1,7,2.64,3,3,6947948
3372,6,2,27,16.43,3,6,18591054
3620,5,2,16,39.88,3,16,19607473
4677,4,1,7,29.57,1,6,24516836
3104,1,4,16,38.17,2,13,16425404
2882,1,3,24,7.4,1,4,15044813
1031,6,1,29,9.63,0,15,6243208
4816,6,4,8,7.04,3,6,26928554
1134,5,2,11,12.79,0,1,7202667
2269,6,1,28,29.25,2,9,12163304
4304,3,3,24,7.43,0,12,22565108
2870,2,3,18,21.45,0,11,14518596
502,1,2,3,11.5,3,13,4172167
705,3,1,20,33.34,2,1,3658942
4635,4,3,21,1.26,0,19,25194447
3121,3,1,24,9.7,1,4,15727425
3390,5,3,28,24.6,3,5,17795996
3693,4,2,10,4.77,1,17,20644556
3166,4,2,27,19.19,3,5,16511050
3806,6,1,3,18.01,0,19,20845699
1397,3,4,13,34.25,3,3,8462971
1585,5,4,13,25.39,0,11,9391616
1779,1,2,5,25.95,1,2,9290621
1170,6,3,28,38.12,0,14,6624555
2005,3,4,16,39.31,3,6,11179560
4075,1,2,1,26.48,3,19,21485988
2455,3,3,7,21.36,3,1,14009382
749,6,3,3,24.71,1,7,5672578
2392,1,4,9,15.92,2,2,13044322
3939,6,2,6,39.51,1,19,21499714
2353,3,3,3,28.5,0,1,12622814
3354,4,3,15,12.35,0,9,17885537
2003,2,1,13,3.25,1,17,10962598
3885,4,1,15,2.74,1,10,20739207
4071,6,4,24,8.99,0,6,22614219
4292,6,1,8,10.08,0,3,23580735
3926,6,2,3,17.19,0,20,21774393
543,1,4,28,9.38,2,15,3248415
4112,5,4,30,25.61,2,20,22123848
3118,6,1,23,9.24,1,6,17246087
3663,4,3,5,8.33,1,3,20628335
1788,2,2,0,19.38,2,10,10226349
3442,6,2,30,35.66,3,12,18306259
719,6,2,6,19.26,2,1,5194466
2425,6,4,0,17.14,1,16,14723441
3472,1,2,18,23.55,2,17,17919588
4013,6,3,7,11.03,3,10,22491694
2948,4,3,30,14.78,1,12,15167818
3971,3,1,24,9.34,0,19,20677122
3274,5,2,2,23.3,1,8,18129090
1490,6,4,0,28.2,2,8,9866534
3446,1,1,0,27.27,2,10,17394553
2312,4,3,6,10.94,3,10,13314951
1303,6,2,20,31.41,2,18,7905773
989,1,3,12,10.98,3,10,5958123
4056,3,1,29,6.86,1,7,21046641
1993,2,3,0,14.64,2,4,11459082
4145,6,2,15,24.31,1,1,22156011
3391,4,2,21,6.54,0,11,18029687
2205,1,1,29,26.28,0,19,9717215
4016,1,2,21,34.66,3,5,19761490
3840,6,3,13,12.43,2,8,21719635
553,1,3,3,18.56,1,2,3657096
3075,2,4,22,9.9,1,2,16430232
4091,1,4,22,15.09,2,14,21472336
1115,5,4,11,1.86,1,9,7549948
1454,5,3,24,38.2,2,10,8049884
2933,1,3,11,17.22,2,13,15830719
2129,6,1,16,31.77,0,1,11657216
3281,5,4,20,6.56,2,14,18546153
1149,4,3,14,32.68,1,2,7028096
2847,5,1,9,34.55,2,4,15173739
4990,1,3,2,28.9,0,19,25513042
3778,6,1,22,36.23,0,1,19280100
3140,3,4,19,7.52,3,4,16873145
4301,6,4,19,19.58,1,11,23474001
3061,6,4,28,25.18,2,13,17044616
3749,6,3,11,24.25,1,18,20575538
870,4,3,0,34.58,1,10,5923349
1357,2,1,0,9.41,2,5,7885378
883,1,2,9,7.85,0,1,4950717
4377,2,2,17,10.88,1,14,23096333
3052,3,4,14,35.77,3,16,16531575
4834,2,2,1,37.7,1,18,25009297
4790,1,4,16,23.22,0,3,24885876
3225,1,1,7,20.55,3,3,16484038
4534,3,2,21,24.61,3,4,23518581
3793,1,2,21,25.04,3,7,18904636
4751,3,4,25,7.64,3,13,25454726
4488,3,1,25,27.77,2,9,22349315
1422,1,2,8,18.64,2,3,7608545
3415,5,2,20,21.18,2,17,18372157
3450,3,2,30,2.18,3,15,17967430
3546,1,1,19,30.82,0,10,16611601
1474,5,1,30,33.58,1,15,7897734
1730,3,2,10,25.16,3,1,9504947
2935,5,4,5,30.2,0,10,16488511
2314,4,4,23,21.39,1,7,12701398
3434,6,2,13,25.12,3,7,18647240
1863,4,1,0,16.39,1,3,10752346
4440,5,2,6,31.88,2,7,23271997
703,3,1,23,19.26,2,9,3850621
660,1,2,8,27.53,2,8,4201209
4987,2,1,10,25.24,0,3,24987626
1268,1,3,23,28.39,2,5,5980986
4248,2,4,22,31.62,0,13,21417451
3081,2,3,15,21.0,2,13,16785518
1593,3,4,18,32.71,2,8,8752495
5000,5,1,1,20.39,2,18,26595286
1107,1,3,14,38.31,0,7,4874555
2040,5,4,2,30.35,1,10,12209691
3375,4,2,3,7.67,0,10,18957210
3691,3,1,19,33.35,3,11,19018557
2337,3,1,21,22.51,3,12,12651595
1189,4,2,27,39.39,0,13,6263611
4259,1,2,6,29.03,0,8,21552617
3449,6,4,11,4.29,1,17,19280563
2603,4,1,3,16.4,0,14,14910455
865,1,4,9,21.17,2,17,4993715
4075,2,2,5,33.72,1,19,21830182
4699,3,1,24,29.44,0,16,23308951
4672,1,2,29,15.41,0,9,22832126
4825,5,4,21,26.48,3,20,25823154
2878,5,4,13,23.5,1,10,16256612
1705,3,4,2,5.92,3,9,10480764
4339,4,1,16,10.16,0,1,22350553
3235,6,2,10,14.3,1,3,18462848
3847,4,2,9,8.62,2,11,21466811
2175,1,4,25,6.86,0,7,10976933
798,4,4,28,3.27,0,18,5558312
1456,3,4,20,35.05,3,13,8101724
1614,1,4,9,12.27,2,18,9563883
3005,2,3,9,12.32,0,16,15927767
1974,4,3,2,9.04,3,16,12583337
4960,4,3,23,19.54,3,10,26061519
4946,6,4,25,21.06,0,9,26190811
4226,1,4,14,9.12,1,8,22070811
3971,5,2,16,24.73,0,19,21615071
3328,4,1,26,29.2,2,3,16926653
3350,3,2,17,15.58,0,9,17600995
3006,4,3,18,23.83,1,2,16091217
4270,6,2,18,20.59,3,19,23388513
3464,2,4,11,8.63,2,8,19189651
1449,6,3,23,29.47,2,18,9147950
3350,4,3,4,32.26,2,8,17935469
665,5,1,23,26.3,2,5,4327096
3986,4,1,26,13.63,1,6,21042909
3009,1,3,15,37.14,1,10,15016669
1419,4,3,29,18.76,1,15,8267410
613,5,2,14,11.37,1,4,3871208
4004,1,3,14,16.92,3,3,20452159
1491,3,4,26,27.99,0,9,8668727
4339,1,2,5,33.99,1,16,22334228
1758,6,4,30,14.91,0,16,10522723
3926,2,4,11,10.07,2,15,21755439
1014,6,4,1,25.43,3,9,7556029
3696,1,3,26,36.93,3,17,18812513
4934,3,1,19,8.15,0,12,25129000
3084,4,1,8,32.32,0,8,16240394
567,1,4,3,19.59,0,14,3447795
2096,6,3,4,32.18,3,18,12830416
4978,1,2,20,20.72,1,12,25369096
518,1,4,25,15.72,3,14,3113822
3230,1,2,7,28.17,1,20,16833673
4021,3,2,21,36.12,2,5,20230975
1072,5,3,9,13.49,1,1,7426948
2758,5,3,6,18.97,0,13,15994188
3402,1,1,21,9.95,1,14,16947824
1150,3,1,13,8.15,1,2,6416632
3087,3,3,29,31.34,3,16,15870832
3762,1,4,29,8.83,0,5,18877039
1838,6,1,4,31.94,2,1,10279295
4134,6,2,15,17.74,1,12,22626980
3327,2,4,14,39.81,2,19,17519241
2717,1,2,4,8.7,0,10,13918497
4039,2,3,2,4.63,1,12,22150938
1537,6,2,22,3.94,3,19,9831568
4883,6,4,28,33.58,2,16,26033984
4478,1,3,9,18.07,3,17,23418790
3461,2,4,4,1.12,2,13,19449816
3726,2,2,22,35.12,0,7,18412151
1598,1,4,14,35.2,1,3,8478360
2824,2,3,17,32.45,2,5,14544321
1439,4,2,24,10.68,3,4,8614198
4216,6,2,7,15.54,2,15,23903936
3914,5,1,30,30.05,2,17,20189146
1948,3,1,20,20.08,2,12,10278976
1070,2,4,1,7.0,2,14,7553785
3404,2,1,21,10.47,2,4,16800041
3005,3,1,7,38.93,2,17,15504519
1417,2,1,22,6.89,3,11,7485014
2374,3,1,7,29.32,2,6,12852648
2178,1,3,3,19.64,2,4,11924033
1115,4,3,29,30.2,2,13,6675435
2249,4,1,18,26.78,1,20,12437943
4325,6,4,22,18.13,0,15,22928419
4688,5,3,17,14.8,0,18,24654030
2977,2,1,29,30.42,0,17,14431095
4005,5,3,20,13.6,3,19,21565918
3975,1,2,28,31.72,3,10,18980328
1635,4,3,22,27.51,3,5,9020865
4500,1,3,0,23.53,2,12,23006240
874,1,4,19,15.38,0,15,4642202
706,2,3,14,9.0,2,4,4858420
1819,1,4,17,28.71,1,8,9291445
1641,4,2,21,4.56,0,20,10000319
3190,5,1,11,38.85,1,17,16843303
3755,4,4,0,39.17,1,6,20571683
589,2,3,6,6.08,2,16,4474167
4608,4,3,18,5.05,0,5,24403927
3520,3,4,27,17.1,1,14,18404819
2357,5,2,0,38.58,0,2,13317349
1304,3,1,30,16.61,1,17,6997090
1444,3,3,23,15.19,1,6,8648697
3289,6,2,6,28.44,2,11,18503462
4375,2,1,1,7.97,0,2,23030104
2110,1,1,6,15.17,2,1,10777715
3423,3,3,18,12.36,2,5,18507304
4382,4,4,30,24.46,2,8,22866070
3721,1,3,12,7.35,2,4,18742568
4891,4,3,24,22.4,2,19,25399365
2887,4,3,23,34.44,1,5,14426895
1441,1,2,4,21.05,0,5,7472234
3066,1,4,22,27.66,0,16,15590475
1475,4,2,18,3.93,2,18,8977125
1454,2,3,0,18.51,0,11,8757071
1762,5,4,0,4.7,1,17,11063258
1443,6,1,30,24.38,2,3,8377993
2702,5,4,26,11.96,3,18,15574675
3827,2,3,17,12.2,3,4,19790502
4774,6,4,23,3.99,1,19,26247769
2759,1,1,0,13.1,1,9,15279808
2328,6,1,26,20.76,3,5,13355569
1757,4,4,27,23.8,2,4,10313270
964,5,1,4,3.6,1,16,6966130
3794,6,2,8,26.41,3,10,21440690
1730,4,4,11,20.07,2,9,10876318
3154,2,1,8,21.94,1,16,16148333
1384,6,1,17,33.48,0,20,8490198
4305,4,4,22,14.35,0,17,23260498
4356,2,2,10,7.79,0,18,22653397
3635,1,4,0,22.52,2,15,19605040
1424,2,1,18,37.86,1,20,7480958
2046,2,4,21,21.2,3,9,11137610
1594,5,1,24,33.44,1,6,8749022
2911,4,3,9,30.52,0,6,15580569
3117,6,4,1,21.21,0,11,17851264
1262,5,4,6,26.25,2,20,8294026
2823,3,1,30,16.86,3,3,14314122
4645,2,1,19,21.69,2,12,23674243
3275,3,1,1,20.78,3,15,17373331
3655,5,1,18,28.66,1,7,19741373
4470,4,4,5,16.99,2,18,24955583
2540,5,1,9,4.89,2,15,14936891
1083,4,4,8,31.76,2,8,7305735
4831,4,2,7,27.71,0,9,25122945
2603,1,4,25,38.05,0,15,12345993
2442,2,1,29,17.72,3,16,12529953
4955,5,1,10,4.05,1,20,27106995
609,4,2,8,5.74,2,3,4718361
691,5,4,19,31.16,0,5,4407747
1403,5,2,27,3.64,2,3,8266400
1361,4,4,19,36.41,3,2,8069094
1583,6,1,30,11.98,3,2,9386083
1149,3,4,8,36.06,1,4,7346504
4634,2,1,7,31.17,3,3,23849653
4111,2,1,27,34.98,2,9,19925582
1136,6,3,14,9.35,1,12,7897035
1536,1,3,1,24.23,1,9,8275086
4631,6,4,23,4.65,0,19,25735807
2648,1,1,0,8.89,2,12,14003193
4365,1,2,8,13.09,3,16,22708094
3657,6,1,8,29.89,0,1,19777179
4087,2,2,12,1.96,2,10,22174589
3794,3,4,30,36.22,2,10,20211357
4761,2,4,7,3.76,1,4,25008888
2930,2,2,26,15.68,1,11,15094280
2379,2,2,20,4.16,2,11,12789097
4466,6,1,4,30.99,0,11,23885461
4213,6,4,28,6.51,1,6,22907387
4626,6,1,2,35.51,1,15,24536849
4606,2,2,20,21.68,2,2,23858040
2511,3,3,3,37.99,2,3,13045968
3873,1,3,16,12.32,1,5,19867717
2643,5,3,15,18.72,0,11,15261212
3000,1,2,15,28.08,1,12,15166125
1789,1,1,24,33.44,2,3,8132912
1947,5,4,30,17.43,1,9,10865327
3699,2,2,25,35.8,2,3,18548793
2443,3,3,29,5.6,1,2,12873270
3683,3,1,19,28.64,2,6,18759387
3716,1,4,2,14.58,2,6,20152161
3636,5,4,5,4.95,0,17,21090308
3818,4,2,0,16.08,2,8,20880571
3282,2,2,20,35.33,1,1,15852056
1490,1,4,15,39.24,2,8,7428141
2653,3,4,14,16.32,3,15,15396298
725,6,3,6,35.57,1,18,5706293
1276,6,4,1,20.88,0,13,8638244
3337,5,2,9,28.96,1,8,17860992
1187,5,1,24,2.77,0,20,7655103
1029,1,3,27,22.74,3,18,5452546
3942,4,3,14,3.74,0,13,20949077
2653,3,4,5,11.48,2,14,14997356
1794,1,1,1,23.11,3,15,10183110
2026,4,3,23,32.48,3,6,10877651
3396,5,2,23,22.87,0,1,18431689
3603,6,4,16,37.51,1,7,20236886
2940,2,2,27,32.6,0,1,14666867
4635,6,4,0,7.09,0,15,26372210
4302,3,3,0,16.17,3,6,23765663
1344,3,4,27,27.07,2,5,7361508
946,6,1,3,37.6,1,12,6361040
4415,6,2,19,39.52,0,3,22611972
3609,4,1,15,30.76,2,20,19002622
1734,1,2,7,23.38,2,14,8974933
726,5,2,0,30.51,1,6,5379125
4643,4,4,25,11.66,2,4,24260182
3459,2,3,18,12.06,0,15,17837940
2330,6,3,10,26.52,3,17,13235532
4279,2,1,16,35.0,2,5,21160201
686,2,4,24,38.82,3,6,3533585
3377,4,3,9,14.31,1,10,18544555
3035,5,2,11,32.07,1,9,16845442
2432,3,2,8,34.21,2,4,12968928
3424,1,4,6,25.3,3,9,18520929
1348,3,1,28,14.56,0,8,7166608
2532,5,4,11,25.14,3,3,15119522
1752,3,1,14,23.79,2,20,9373460
2381,6,4,7,24.65,3,1,14029172
769,6,2,16,25.15,3,20,5801303
2130,4,4,4,34.04,1,5,11921298
4905,2,3,30,7.63,2,3,24950325
3703,5,3,13,15.32,3,4,20247141
2074,5,4,1,23.85,2,19,12593010
3392,3,1,15,12.05,0,15,17890372
2195,4,1,28,39.15,2,19,11760785
3758,3,2,16,11.26,0,16,19733426
3762,3,2,2,19.32,2,8,20390177
1945,5,1,22,35.22,2,14,10533995
719,3,4,0,4.12,3,5,6016655
552,2,2,26,33.01,3,1,3098438
2257,3,1,17,23.27,0,19,11725264
2166,2,1,17,2.24,0,5,10397363
3285,5,4,3,36.21,1,3,18001552
1219,4,3,14,2.53,3,17,8318766
905,6,1,27,21.09,0,7,5390671
2794,2,2,18,2.91,3,17,15123377
571,4,4,18,3.78,2,13,4722449
2553,4,4,9,35.6,1,14,14270795
1729,2,4,4,30.87,3,12,10669790
2067,5,3,18,8.68,3,11,12325111
4182,1,3,10,25.2,3,1,22204018
3453,4,2,6,31.99,3,3,18771756
4982,4,2,4,35.69,0,12,25836654
1198,5,4,19,19.26,0,9,7843577
1326,5,2,11,36.0,1,2,7009613
848,3,1,18,20.81,2,14,4945166
4408,5,3,14,27.84,2,5,23754557
807,4,4,11,39.18,1,3,5339824
3916,2,4,3,10.2,2,12,21616118
2834,1,1,29,7.57,0,12,14118171
3309,3,1,30,14.34,3,7,17040677
4058,2,1,11,7.41,2,1,21336617
4978,1,1,17,12.08,3,3,25045063
3977,1,4,16,29.98,3,11,20873408
3186,1,3,18,19.62,0,13,16076481
3485,6,3,15,15.63,3,10,20091336
775,2,1,10,15.38,2,19,4809473
3047,3,2,1,8.59,0,4,16805695
3264,3,4,15,18.45,1,5,17818391
836,1,3,0,25.36,0,11,5462955
2473,2,1,16,6.43,2,9,13151418
3479,6,2,17,38.94,0,13,18601340
4468,1,2,28,18.29,2,17,21582876
1410,5,1,28,37.97,2,15,7284953
2496,3,4,24,6.25,0,13,13205440
3629,4,3,28,30.92,2,11,18735392
4704,1,2,12,25.09,1,1,23447386
4257,5,3,4,32.98,2,8,22923093
827,3,3,24,24.43,1,5,4349204
2299,6,2,23,38.55,1,16,12728859
814,2,1,28,25.45,2,4,3276669
4045,3,2,26,31.6,3,19,20412696
1634,2,2,5,35.23,1,18,8889196
3246,2,4,0,28.87,1,2,17749158
2020,6,3,9,21.45,0,13,11919698
655,6,1,4,11.64,1,16,5899111
2224,1,3,27,34.33,1,8,9902198
3843,1,2,0,19.74,1,19,20227140
1386,3,1,22,25.21,1,3,7176577
3573,6,1,25,4.09,3,19,19511258
3305,5,1,29,20.4,1,17,16937035
1221,3,1,10,28.23,2,9,6912259
1412,4,4,23,23.78,3,17,8549791
3857,2,1,23,18.49,1,1,18994290
1370,2,2,6,9.71,2,4,7980617
4608,1,4,17,13.08,2,15,23817435
997,5,2,20,28.32,3,12,6692225
2256,6,2,19,9.74,3,17,13695495
1617,6,3,20,25.25,2,12,9931885
3909,1,1,9,24.0,3,16,20651160
3328,4,1,24,38.85,3,13,17374194
2147,3,2,14,3.37,0,11,12328935
3483,3,1,3,5.22,3,15,19723829
642,5,4,15,20.74,0,16,4984699
3261,1,3,14,21.56,3,6,16590659
3935,1,1,14,2.56,3,11,19940844
2931,4,1,11,33.21,2,15,15871502
2348,3,4,7,20.29,0,5,12837797
3196,1,3,7,14.52,3,3,18040034
2217,6,4,17,13.44,1,2,12966330
3572,5,2,29,34.59,3,1,18205788
1567,3,2,5,8.67,2,15,9816570
3286,4,1,4,7.26,2,2,18398032
4291,5,3,1,9.31,2,20,24761326
1788,2,2,11,25.38,0,6,9280608
4371,6,4,25,32.63,0,12,23567277
2306,4,2,3,13.91,0,16,13253520
2004,5,2,22,7.77,1,14,11739522
3808,1,4,12,9.16,0,4,19826918
3451,2,1,16,25.15,2,8,18120419
571,4,3,30,10.6,0,12,4450286
2190,1,1,15,35.21,0,14,10222810
1844,6,4,8,5.05,3,20,12816857
3803,2,2,25,2.26,0,13,19274439
3613,3,3,27,4.45,3,5,19557361
1382,1,1,0,33.98,0,12,7632506
4734,5,4,14,26.4,3,10,25371445
3162,4,2,11,38.35,2,19,16569585
2004,2,2,4,14.12,0,13,10953451
2963,1,1,22,9.29,2,9,15328129
3053,3,4,23,22.92,0,11,16179709
1232,4,2,17,21.98,1,5,7051023
2248,4,2,19,24.05,1,13,12410067
4424,1,3,1,14.55,2,10,23318662
923,3,2,3,1.23,2,18,6713780
3978,6,1,14,2.37,1,15,22179253
2091,6,4,5,26.89,1,20,13146010
4985,2,4,21,21.41,3,12,26396895
4937,1,3,11,33.02,0,4,24418820
992,2,4,28,12.72,1,5,5801032
691,6,1,17,32.8,2,8,4432905
998,4,2,26,17.59,2,5,5703779
1756,2,3,19,4.77,1,1,9587882
2468,3,4,3,39.14,2,18,13724488
4822,5,3,29,20.97,0,19,24807262
2686,6,3,0,25.55,3,19,16101023
1316,6,4,14,27.16,0,10,8572695
3720,3,3,29,15.13,3,9,19416500
1973,2,4,17,30.15,3,1,11048023
1586,1,1,13,34.94,1,20,7824151
4699,4,4,2,16.1,2,3,25701965
2374,5,2,28,26.62,3,13,12994222
1370,1,4,14,30.53,1,6,7196877
2542,1,2,26,8.41,2,6,13033073
772,3,3,4,13.97,2,18,5605332
1529,2,4,26,5.24,3,5,8359208
3718,6,2,23,24.49,2,17,20131245
4569,6,4,30,32.24,0,3,23999413
1551,3,4,21,24.82,2,5,8758422
4533,2,4,2,8.01,0,3,23963154
2073,3,1,21,22.31,2,13,10950382
3690,6,2,6,33.56,3,15,20759622
4888,1,1,5,12.81,3,17,25495493
4297,4,1,25,33.47,1,15,21580248
3789,2,2,21,31.6,0,5,18812999
4247,5,4,0,1.85,0,14,24609540
2605,5,1,18,10.34,3,11,14360116
807,1,1,6,22.17,3,14,5039514
3859,3,1,3,28.99,3,7,19742440
3676,3,4,11,35.34,0,3,19037947
1751,6,1,19,26.0,1,20,10035888
3247,1,3,22,15.83,0,10,16733550
2017,6,2,24,8.2,3,11,12576781
1878,6,3,29,30.64,1,6,10807780
2461,5,4,26,9.06,2,5,14206980
4805,6,1,28,28.12,2,20,25460834
3363,6,2,28,8.07,3,13,18242493
3156,5,1,30,4.55,1,12,17134398
2994,3,4,17,10.79,3,19,16434618
4505,2,2,8,12.11,0,19,23365508
4063,4,3,18,26.24,0,5,21332702
1422,6,2,21,7.27,1,20,8737507
4732,2,1,3,37.28,3,9,24670752
4962,5,2,0,22.62,3,4,26964931
3459,2,4,8,20.15,2,15,18345831
683,4,4,26,17.95,1,3,4944125
3858,2,2,14,23.1,3,7,19938619
1898,2,4,21,1.88,0,20,10653888
3296,2,4,7,39.61,3,20,17603619
1036,2,4,14,22.74,3,14,5546360
1773,1,3,14,2.37,0,14,10133182
3467,6,1,17,24.01,0,9,18598159
3549,5,4,6,18.05,3,3,20204692
1596,4,2,21,1.94,0,9,9430789
1805,5,4,17,37.05,2,4,10330650
1415,1,3,15,1.41,2,17,7898332
3581,1,2,1,23.54,2,6,18427245
4747,1,1,3,38.51,0,16,24054203
1528,6,2,19,10.27,0,18,9489682
2477,1,2,15,10.91,0,13,13109026
3854,2,2,2,1.02,1,7,21144039
3011,5,2,23,3.59,0,3,16656416
770,3,4,29,2.75,2,6,5428185
1686,4,1,22,33.08,2,3,8594440
4700,1,4,1,33.63,2,12,24719834
4264,5,3,2,29.34,1,5,23061293
2898,1,3,25,14.76,3,17,14707707
4735,6,2,24,33.03,2,10,25017505
4682,1,4,28,22.05,1,7,23690008
2211,1,4,4,12.87,3,4,12389974
2730,1,1,1,18.05,1,10,14343036
628,1,1,18,3.56,1,7,3666903
1769,4,1,23,37.85,3,11,9120166
4172,5,4,19,25.15,0,8,22534445
2101,6,1,29,29.52,0,8,10855056
4470,1,1,1,27.39,2,5,22962585
4744,1,1,1,27.04,3,5,23976294
1127,1,2,21,1.67,2,7,6602044
4297,1,3,23,21.49,1,4,21713218
2544,2,3,22,33.05,0,2,13246940
4052,2,4,19,2.74,2,19,21476181
2841,3,4,17,38.29,2,2,15137448
3714,1,2,24,17.54,0,16,18505683
749,3,3,19,12.31,1,12,4437380
3425,4,1,24,21.74,2,15,17919643
1474,3,1,20,32.25,2,10,7824375
1825,5,4,13,19.52,3,6,11858051
1483,2,3,27,26.16,3,13,7684654
1388,2,4,14,20.5,0,6,7899825
3437,1,4,11,25.62,0,2,17726554
2617,1,1,10,6.38,1,14,13703306
3172,4,1,10,2.51,1,18,17557178
1826,6,3,29,6.34,2,6,11165450
970,4,4,6,12.15,3,19,7321064
2487,5,2,11,10.88,1,14,14282429
590,1,3,15,24.99,2,13,3308264
1029,1,4,4,18.78,2,8,5925049
4559,4,3,30,2.51,0,5,24087372
3273,4,3,1,2.36,3,13,18865866
2186,4,3,21,4.53,2,6,12876657
691,2,2,15,14.77,0,19,4549048
2486,3,2,22,1.24,2,11,14343461
4123,3,1,29,20.27,3,16,21181612
2685,1,1,14,15.07,2,5,13871339
4940,2,4,10,22.66,2,12,26137143
1508,4,3,28,29.11,1,17,8345301
4283,1,4,5,10.79,1,2,22949258
4798,2,1,12,7.13,0,10,24656976
4787,5,2,29,11.84,2,15,25409654
2552,6,1,18,1.07,0,19,14665681
3808,2,4,9,5.68,3,20,20604648
2216,1,1,23,30.28,0,17,10781312
810,3,4,18,9.69,2,19,4887803
1760,4,4,29,39.78,1,19,9615303
4432,6,4,4,7.55,1,13,25452445
3768,5,4,24,31.76,0,13,20157397
1084,6,1,26,28.5,1,16,6190732
3299,6,4,20,13.56,2,3,19104903
859,2,4,30,13.9,2,4,5391881
3366,1,3,6,22.98,3,7,17980172
2511,1,4,10,34.24,1,3,13520441
4506,6,1,13,16.06,1,9,24899477
2125,4,4,22,3.39,3,8,12347771
3264,1,2,20,15.6,0,18,16226712
1390,6,2,15,9.09,3,14,9515706
1231,1,4,17,37.63,1,20,5511982
4461,4,2,20,28.19,0,5,22808792
3004,5,2,22,2.98,2,3,16452781
1114,6,1,22,12.43,2,10,7112514
4306,3,3,3,2.96,3,11,23392828
2219,3,2,0,33.37,2,17,12409961
2087,6,2,21,36.35,1,8,11708027
2111,2,3,28,5.38,3,9,11913223
1396,5,3,14,18.17,1,8,8846338
777,2,2,13,37.34,1,20,3719142
2136,3,4,18,6.66,0,2,11943113
2658,4,2,26,12.38,0,4,14426240
2932,6,4,4,12.87,0,16,17356077
4404,1,4,3,2.17,2,9,23926379
3762,3,4,30,2.41,0,9,20148599
1949,5,3,12,38.16,1,5,11057722
5000,3,2,17,23.27,3,3,25950910
1732,5,2,11,12.96,3,14,10942895
4617,5,1,30,15.77,1,15,23811039
1177,6,3,22,28.88,2,6,7351682
3158,5,1,29,15.29,3,16,16684361
2528,2,1,20,9.88,1,10,12917440
4258,4,4,14,4.97,1,14,23579121
2537,3,3,29,29.43,1,12,13150976
3149,4,1,22,8.04,3,9,16619002
1156,1,2,8,3.72,3,19,6826555
665,3,1,3,17.65,0,12,4268923
1089,4,3,4,2.54,0,13,7193530
3321,4,2,8,38.63,1,13,17711101
4758,6,2,12,25.46,1,17,25460942
1762,6,2,9,6.96,1,2,11180812
571,1,4,26,7.73,1,20,3846514
4016,5,2,15,23.22,3,9,21192594
4080,3,4,29,14.91,0,8,20899841
768,6,4,12,31.2,2,7,5461366
2276,3,1,3,22.29,1,5,11846509
2962,1,1,20,17.9,0,19,14910859
1768,6,2,12,38.56,1,3,10224358
1515,6,3,20,16.24,3,13,9554245
3222,5,2,7,16.62,2,6,17759405
1583,3,1,30,26.97,0,11,7381340
4601,3,2,12,32.57,0,4,23523705
906,3,1,14,25.42,2,3,5049912
3576,5,2,19,28.25,3,4,18864887
1485,6,3,19,15.54,2,3,9486749
4103,1,2,12,19.7,0,13,20922272
4985,3,3,22,8.68,2,15,25901814
1209,4,3,26,27.53,3,12,6914475
3118,5,2,4,9.64,3,15,18332187
1911,2,3,21,1.05,1,11,10798265
1985,1,3,21,37.42,2,11,9657645
3450,4,1,27,12.93,2,13,18580200
3434,3,1,5,8.67,0,12,18380668
4614,2,3,29,11.46,3,6,23910045
1503,1,4,25,13.89,2,20,7892355
2966,5,2,4,19.51,0,19,16721581
2966,2,3,12,3.7,1,19,15987802
2438,6,2,28,3.05,2,3,13382697
2439,2,1,4,12.42,2,16,13391769
2135,4,2,24,12.53,0,9,11438353
2198,1,3,12,5.59,0,14,12201865
2591,4,3,23,16.79,3,3,14046993
2395,4,3,30,12.08,3,3,13158633
4740,3,3,19,2.02,3,20,25327753
3898,5,4,22,35.54,2,7,20474566
1573,2,4,7,35.55,0,19,9023205
2902,1,4,27,9.16,3,3,14921761
3712,6,3,8,7.35,2,1,20981003
4537,5,4,20,22.34,3,12,24210308
1651,5,2,18,25.6,1,6,8898428
2945,1,3,30,38.34,2,7,14347456
2456,5,1,28,15.72,3,2,13227265
4407,3,3,19,25.11,3,18,23452716
1307,5,2,14,35.25,1,15,7891433
686,3,4,25,18.55,1,15,4037766
1807,2,3,21,5.77,3,10,10161713
2784,2,4,9,15.72,3,17,15571359
1257,4,3,10,6.33,0,18,8500062
4731,3,2,4,1.65,3,18,26153665
4354,6,3,8,30.31,3,15,23558542
4766,2,4,28,10.3,0,6,24672087
2706,5,4,10,1.08,0,9,16227251
4058,1,2,26,35.02,3,11,19755974
2080,1,3,29,18.31,0,15,10293584
1461,3,1,18,10.32,2,3,7481042
4347,6,3,1,11.25,1,19,24603667
4075,4,2,5,10.38,2,1,21855555
1375,5,1,28,8.59,1,17,8171526
2918,3,2,22,33.81,1,11,14973738
4698,1,3,20,7.64,3,18,24400781
1501,3,1,0,22.91,1,11,8776231
3884,5,2,2,4.02,2,7,21647539
4566,6,4,2,38.03,3,1,24835717
3345,6,1,27,24.53,0,12,18246052
1981,2,1,13,36.22,2,4,10286857
3801,5,2,19,16.52,3,8,20651241
1157,2,4,29,32.62,1,15,5890281
3280,2,1,25,34.29,2,11,16868603
922,2,2,21,28.42,1,8,5201577
4181,3,1,4,4.62,3,12,22584074
4766,1,1,16,1.63,3,3,24163064
3210,6,1,14,7.57,0,4,17776482
952,3,4,5,5.61,0,12,6586339
2897,1,3,13,29.28,2,8,14608862
2475,6,3,13,22.72,0,10,14648595
2157,5,4,24,21.51,1,1,12279559
3041,6,4,26,10.86,1,13,17086315
3575,6,2,16,7.03,0,7,19637923
3664,6,1,7,9.06,0,20,20517353
3466,4,4,7,16.61,0,3,18933943
2553,5,2,18,29.87,2,16,13906506
787,3,3,30,10.93,2,12,5397883
3717,3,3,28,28.25,1,5,18580166
4354,1,3,8,20.17,2,18,22092296
1947,3,3,10,35.53,2,8,10903046
1107,2,2,12,10.08,3,12,7077927
2264,6,1,12,18.58,1,3,12986745
1725,3,2,26,4.77,1,16,9042412
1735,1,1,23,14.07,0,10,8412478
1529,1,3,18,20.77,3,17,8168137
3171,2,4,25,29.58,0,10,16466639
4462,1,4,20,8.73,2,3,22823217
3677,4,4,18,9.51,1,2,20046391
4222,6,1,4,25.63,2,14,23338649
1975,6,3,15,15.92,2,9,11794722
3396,6,2,8,19.8,3,17,19201510
1308,5,4,30,33.61,3,4,7749735
1478,3,1,27,20.46,1,15,6682318
2963,4,4,19,26.45,1,13,16517338
1225,3,2,21,26.61,3,19,6661335
3001,4,3,2,32.34,3,9,16824772
3862,3,2,18,25.89,3,4,19656956
1716,2,3,4,3.53,3,8,10807261
4551,1,3,7,14.34,1,15,23761655
2697,1,3,13,39.58,1,14,13669669
3306,2,4,23,8.66,2,3,17646314
1278,4,2,2,23.88,2,17,8534961
1472,5,4,23,33.87,2,8,8317638
3310,4,2,12,23.88,1,14,17722152
2623,1,1,10,15.52,0,13,13800760
1098,5,1,28,4.13,2,15,6700015
3841,3,2,7,15.1,0,11,20822574
724,5,2,18,8.1,0,15,5284324
1340,4,2,9,38.47,0,12,7431058
2314,2,2,30,28.89,3,9,11750761
1606,3,3,28,30.23,1,15,8353141
624,4,4,30,18.0,1,1,4260055
3746,3,3,25,5.29,2,12,19774048
3431,5,4,17,11.4,2,6,19477016
4625,1,4,25,11.13,1,1,23613005
3471,4,4,17,19.98,3,19,19118919
2517,2,3,24,18.98,1,13,12518584
2915,5,2,6,17.9,0,6,16421049
3596,4,3,15,20.34,1,17,19769024
2109,2,3,5,39.49,3,13,11570414
1217,4,4,15,12.64,1,9,7150630
4061,5,1,15,25.0,1,8,21761901
1516,4,1,22,10.34,1,15,8705909
4065,3,3,23,19.2,0,18,21280329
4970,5,4,27,8.8,2,2,26496129
2460,4,3,0,22.77,3,2,13741165
1548,1,3,23,11.34,0,11,8175653
1857,4,2,18,2.43,1,1,10573403
3926,3,4,2,32.8,1,18,21000705
615,2,1,5,6.0,2,7,4792915
2595,2,1,3,15.35,2,17,14342842
2301,2,1,3,19.61,2,16,12640446
2646,1,3,3,17.87,0,7,13809420
2120,3,4,9,29.3,3,7,11776103
3450,5,2,8,24.27,2,2,19043818
4292,2,1,7,12.52,1,5,21663479
3441,3,4,18,3.02,3,14,19244745
1477,4,1,16,30.94,1,8,8195238
3566,1,2,16,14.75,1,12,18633766
1283,3,4,0,35.7,3,7,8382065
740,3,3,19,16.41,0,6,4861762
2053,5,3,13,28.99,3,13,11896011
1512,3,1,21,37.64,2,12,7259308
686,5,1,19,26.39,3,17,4777934
2381,1,4,26,17.13,2,16,12549807
930,1,2,10,23.13,2,1,5330155
738,4,1,2,22.19,3,7,5766269
2845,5,4,23,23.81,3,3,15465456
575,5,2,29,6.73,2,6,4433818
1856,2,1,7,28.24,1,3,8985823
2830,2,1,21,6.66,3,3,14831070
2402,4,4,24,1.57,0,8,13740719
4513,1,1,27,25.37,2,14,21742774
2559,6,3,9,5.56,1,9,15538182
640,2,2,16,31.05,3,5,3299280
2289,3,2,28,34.77,3,15,11622577
4126,1,3,7,37.84,1,17,21336903
516,6,4,21,26.91,0,10,4121946
4848,3,3,0,19.8,2,8,25905078
964,5,3,19,14.74,3,18,6917323
4971,1,2,20,20.15,0,6,24980695
2327,4,4,6,8.42,2,17,14079182
3528,5,1,23,14.59,0,4,18989716
1019,5,3,8,29.0,2,15,6914314
589,3,3,27,9.48,2,10,4287795
3351,5,4,11,11.3,0,13,19086406
3343,2,3,21,30.22,2,1,17176107
2384,1,4,25,7.94,3,9,12368293
4671,2,1,8,10.59,3,5,24770133
1425,3,4,19,1.68,0,11,8624022
4234,6,1,23,29.08,0,4,22676685
1469,3,4,2,25.1,2,20,9354644
1594,1,3,3,28.08,2,16,8921948
3695,5,1,9,9.36,0,18,20096787
1904,4,3,3,27.81,1,8,11146199
3864,3,1,21,24.26,0,2,19826880
4790,1,4,30,15.28,1,17,24477831
4482,4,4,8,18.08,1,10,24396439
4823,5,4,21,23.15,0,13,25847988
4513,6,2,0,20.24,0,15,24751284
3592,3,2,4,26.03,0,9,18828542
4659,6,1,8,8.06,1,8,25225390
2574,1,2,4,22.09,3,6,14004170
784,6,4,5,18.56,3,4,7002419
1687,6,2,18,18.98,0,18,9870862
4469,1,2,7,19.31,0,3,22524672
3465,1,3,9,35.38,2,4,17639756
4819,3,1,10,32.93,2,13,24499848
1283,6,1,12,25.55,2,20,8306872
1449,4,1,19,28.94,0,11,8157270
4439,1,2,3,2.67,3,8,23698646
544,5,4,10,30.02,3,14,5147643
2310,6,3,11,19.96,0,14,13224800
2581,1,1,4,13.39,0,16,13399251
3998,4,2,29,6.45,1,14,20429749
1329,3,4,9,3.93,1,1,8403038
2409,6,3,30,2.75,3,2,14620857
3081,1,3,24,7.31,2,20,16633463
1191,1,1,28,2.18,3,1,6171413
4519,5,1,23,29.57,1,11,23344979
1431,5,4,6,10.7,3,6,9941625
3906,6,2,20,15.38,1,15,20936890
647,1,4,8,33.09,1,12,3960929
1532,6,1,8,5.47,2,5,9274935
1811,1,4,9,33.59,2,12,9008238
887,5,2,9,25.94,1,14,5952582
3621,4,3,1,14.34,0,14,20828641
2373,2,3,3,5.59,2,19,14230134
4088,2,3,7,4.57,1,5,22184232
1415,1,3,28,14.09,0,3,6952943
2378,5,1,13,6.47,0,18,14046028
4248,3,1,16,11.44,3,6,22110361
777,3,2,12,3.07,3,9,5168158
2477,2,2,30,24.21,2,7,12153626
2359,4,2,20,6.67,0,18,12616280
3536,2,2,23,30.51,2,2,18347157
3871,1,4,17,9.51,1,20,20520164
2682,4,2,17,32.12,2,10,14055792
1670,3,3,12,8.41,0,12,9715988
989,5,3,7,29.13,3,2,6793652
3025,5,3,25,13.99,2,13,17140691
1682,1,4,11,23.74,3,8,10027967
4979,2,2,24,2.51,2,7,25942816
4758,1,3,22,20.31,1,3,24089938
2988,5,3,23,6.8,0,8,16565827
2376,3,3,20,19.97,2,1,12770502
2962,5,3,0,6.51,1,15,17519879
2130,4,1,19,18.05,1,1,11407918
787,6,2,30,5.31,1,12,5442888
4782,5,2,17,9.58,3,11,25680943
2407,5,4,2,24.21,3,16,14331717
1661,6,1,11,39.09,1,4,9397323
629,4,4,18,18.52,1,2,4118601
2863,2,3,24,27.8,2,3,14376009
643,5,4,12,22.04,2,4,5151000
515,1,3,30,20.44,0,18,2512013
744,5,3,9,3.52,2,12,6264795
1426,1,2,14,6.63,0,1,7667576
3678,4,2,19,35.44,0,3,18911681
2676,5,2,1,17.0,0,4,15813051
1386,4,2,18,24.96,3,6,8533358
840,4,2,2,21.6,2,17,5959649
2551,2,1,13,15.78,1,8,13556198
3898,5,2,6,16.12,0,18,21364355
4450,1,4,7,22.66,1,16,22762044
805,1,3,28,6.5,0,6,4331997
1407,5,2,10,16.1,2,19,8899191
3154,6,1,28,18.43,0,8,16505516
4292,2,4,21,39.42,2,4,21559517
4542,2,4,19,14.71,1,9,23410879
1871,2,3,5,26.14,2,8,11011239
820,1,4,28,6.36,1,19,4364437
4559,4,4,10,3.55,2,1,24915134
1631,6,4,16,34.99,0,4,9193719
3078,2,4,28,29.5,0,10,15263010
4542,1,1,9,13.38,2,8,22881412
3867,1,3,23,20.68,1,3,19517968
1317,4,2,16,6.29,1,12,7630631
511,5,4,30,28.58,1,9,4024788
694,5,1,20,3.74,2,3,4567194
3037,2,3,1,30.52,2,4,15970305
3342,2,2,30,22.33,2,6,16884098
2729,6,3,5,11.88,2,9,16886534
3509,4,1,24,34.64,1,2,17538010
2577,2,1,4,39.46,1,2,13266804
4367,4,1,3,10.92,3,18,23558625
943,1,4,29,32.44,2,3,4375764
797,2,1,1,30.26,3,3,4760912
1344,1,2,11,30.14,2,18,6888200
1515,3,4,2,38.33,3,6,9428864
1884,4,3,5,19.98,1,1,11296114
1897,3,2,23,27.29,1,15,9768270
1053,2,4,13,33.13,3,11,5506125
2850,1,1,7,19.7,0,10,14309734
1769,2,3,20,19.78,2,4,9828204
1760,3,1,20,13.43,3,14,9696801
684,2,2,25,31.45,3,2,3730804
2910,6,2,13,27.76,0,13,16626493
4931,5,4,28,18.59,1,16,26312302
2709,3,2,2,17.35,3,12,15610318
4172,2,3,15,3.83,1,5,21788492
2381,1,4,14,1.25,2,19,13687720
4796,2,3,6,21.63,0,3,24780780
1021,1,1,14,17.28,1,20,5202983
2387,5,3,12,32.05,3,2,14178129
3052,2,3,5,22.16,0,17,16354984
4309,5,2,14,37.53,0,11,22297982
4655,3,1,16,8.65,0,1,24061268
4916,1,2,3,39.62,0,19,24528768
3979,6,1,21,12.62,0,8,20882810
1909,3,1,26,26.05,2,11,9695806
2194,1,3,21,20.57,2,8,10843721
1026,5,2,26,15.02,0,17,6127165
3160,4,3,13,6.43,3,20,17585724
2672,2,3,14,6.26,3,6,14987596
779,5,3,27,28.75,2,7,5446618
3464,1,1,11,15.73,1,13,17284862
4477,1,2,18,38.49,0,7,22547227
3169,1,2,21,13.7,3,11,16515650
3393,1,3,27,39.36,2,10,16663903
2251,2,1,9,9.01,2,8,11772916
4481,3,2,5,5.01,1,10,23557323
2861,6,4,27,13.19,1,11,16169434
4927,4,2,24,35.54,3,20,25394703
4631,2,3,8,21.35,1,17,24187820
2208,1,4,1,6.29,1,11,12642360
3186,2,1,3,8.9,0,16,16813170
3395,5,4,8,13.14,2,5,19274329
3276,6,4,14,24.02,2,10,18608173
1619,1,3,29,13.96,1,20,9077332
3488,4,2,12,30.14,2,5,17840583
4759,1,1,19,25.04,2,20,23961604
4743,6,4,7,35.08,3,9,26078319
694,4,3,25,20.54,2,3,4447633
1162,6,2,27,13.92,1,3,7256933
979,4,4,18,39.85,3,10,6683637
4718,3,3,18,14.87,2,7,24846847
1923,3,3,24,17.72,2,2,9933602
3208,2,3,15,32.56,3,8,16813785
3675,2,1,10,4.46,3,12,19555573
4314,4,2,9,16.07,2,9,22998302
2514,1,4,7,4.34,0,11,13902607
4289,5,2,0,6.43,0,19,23833868
2943,5,2,9,1.18,2,20,17097366
1411,1,4,29,1.37,2,17,7825129
3713,1,2,17,15.83,3,13,18791761
2864,3,1,2,32.56,3,1,15516058
4129,5,4,29,23.89,2,1,21801430
3972,4,4,10,25.76,2,8,21655363
1180,6,3,17,21.25,2,13,7664097
1109,2,2,2,32.97,2,6,6034930
2656,6,4,7,35.33,0,3,15050249
4366,3,4,26,34.14,3,16,22627813
871,5,1,26,32.67,1,10,4744957
1115,1,3,27,8.13,2,7,5962506
2753,5,4,13,24.16,2,3,14980217
4638,4,1,5,23.7,2,14,25248622
1364,3,4,14,21.59,1,16,7950398
1768,1,4,13,19.75,3,4,9398630
1284,6,4,6,4.48,3,13,9966046
4678,4,1,9,4.98,2,1,24611640
2737,6,2,14,36.19,2,5,15195839
4554,2,4,30,25.58,3,18,23011601
1435,3,4,28,11.23,1,12,8083083
4480,4,2,9,11.89,2,11,24060326
2838,4,4,21,24.8,1,9,15159894
825,6,3,16,16.87,1,7,6350771
2034,1,4,26,18.21,3,14,11169874
3980,2,3,18,3.37,2,3,20751144
4361,6,2,28,6.41,0,16,23403967
2485,4,1,16,16.34,3,7,13245484
3278,3,2,11,28.29,3,1,17349482
1770,4,4,14,2.87,0,6,10954565
1140,5,3,25,14.05,2,6,7212542
4578,3,1,11,28.11,1,10,23347286
1867,3,4,24,31.89,1,12,9900939
4542,4,1,28,8.42,1,19,23440011
3075,1,1,8,29.53,2,6,15483492
4103,3,4,4,38.26,3,14,21872671
2081,5,2,3,36.37,3,3,12132656
2486,6,4,11,31.79,3,10,14345298
2740,1,4,15,28.78,3,9,13539147
4466,1,2,8,10.17,3,20,23835398
2605,1,3,24,25.72,0,19,12989522
628,3,4,30,26.09,1,15,3768259
4496,1,1,2,16.87,1,9,22908511
1351,4,4,20,20.23,2,19,8245135
4603,1,4,2,28.07,0,8,23533461
2576,5,1,25,38.13,3,4,13799940
3494,2,2,17,12.52,3,5,18161438
4244,5,3,16,10.61,3,19,22996327
3256,3,3,27,24.47,0,14,16900956
2144,1,1,9,6.1,2,18,11958031
4871,1,2,1,23.72,0,19,25052234
3644,4,4,23,4.47,2,6,20371171
742,6,4,10,20.13,1,5,6090067
4585,1,4,23,25.2,2,11,23242432
670,5,4,2,3.73,1,5,6044161
1152,3,4,22,9.07,2,8,7262994
4012,2,1,22,14.08,1,5,20546304
1999,1,4,1,15.38,1,11,11511581
2599,2,4,8,27.37,3,13,14423975
2658,1,2,18,21.63,2,6,13480555
2472,3,4,1,15.9,3,5,14667897
4425,6,3,27,18.58,1,18,23579289
2758,5,1,18,1.51,3,10,15189666
4539,3,1,1,31.05,0,16,23674399
2535,2,1,14,2.6,3,14,13516404
3771,1,3,23,33.34,2,15,18418649
1357,2,4,20,22.1,3,3,8123144
4323,5,1,2,21.58,0,3,22143621
1549,3,3,4,28.48,3,12,9500296
4490,2,2,10,34.52,1,15,22609511
798,2,4,26,37.76,1,11,3850223
1423,5,3,23,22.19,1,10,8539854
4732,1,4,6,6.88,2,20,25986316
4806,2,2,5,35.27,3,15,25143587
3299,5,3,13,2.59,1,18,18494352
4562,1,4,28,32.49,3,14,22934103
4545,6,3,0,27.54,0,6,24839967
2302,1,1,25,36.28,0,14,10091015
3213,6,4,16,36.0,2,16,18022320
3353,3,3,16,3.07,3,2,18136375
3157,5,1,13,24.77,0,19,17252530
3846,1,2,9,5.86,2,5,20046025
1971,6,4,29,4.06,2,11,12462461
3449,6,4,7,18.48,1,11,19893743
1441,3,2,7,4.81,0,19,8853771
2407,4,1,13,29.39,3,18,13799822
1743,5,2,6,38.79,0,8,10015338
4923,4,4,5,23.21,0,12,26907895
1966,1,3,3,10.17,3,9,10911557
4457,5,1,0,33.89,3,3,23337526
2466,3,1,14,34.27,1,6,12690572
875,1,1,30,29.58,2,1,3950659
762,5,2,24,24.99,3,17,4796235
4862,5,2,14,34.84,3,3,25452193
3888,4,3,0,7.37,0,18,21222899
3895,1,3,19,37.33,3,18,19702322
2444,3,1,2,37.94,3,2,13077882
2393,3,3,22,35.01,0,4,12352533
4134,1,2,4,10.78,0,1,21205065
2152,1,3,4,34.47,0,10,11108696
4641,6,2,3,20.41,1,5,25558211
4392,2,3,16,24.2,2,5,22694733
1099,4,4,20,33.78,3,9,6866986
2412,1,2,19,2.15,0,14,12812004
1792,1,4,13,15.15,0,13,9976157
1100,2,2,25,32.81,2,13,6147782
880,2,3,28,32.74,1,1,4329971
4713,5,4,7,34.1,3,17,25881902
4137,3,3,1,7.6,1,20,22683747
2663,4,2,7,28.53,1,8,14580589
4855,5,4,0,6.71,1,3,26587217
1598,1,1,28,31.62,0,17,7048971
865,2,3,3,10.56,2,12,6299484
3070,6,2,18,29.77,2,18,16530523
3919,3,4,4,18.75,2,14,21935111
2976,5,3,28,39.46,1,11,15468433
1290,6,4,4,23.62,3,16,9026873
4069,3,3,20,25.67,1,4,20900326
1246,6,3,27,15.36,2,18,8253155
812,2,3,19,29.65,0,7,4290184
1420,5,4,23,20.3,1,11,9230743
1577,5,4,18,1.7,0,16,10193077
3329,3,3,11,24.73,2,16,18119891
2881,6,1,19,33.39,1,3,15537130
4118,2,1,0,10.24,0,9,21710478
1297,1,1,6,9.62,1,8,7071030
4943,5,2,16,24.75,2,7,26131909
772,1,1,30,32.9,3,17,3421175
3510,2,4,1,10.74,2,11,19430313
2273,5,1,10,37.36,3,4,12927870
3047,5,4,6,37.17,3,4,17531713
3664,6,2,16,8.82,2,5,20019327
1446,1,4,26,11.29,0,8,7818428
3165,6,4,2,28.32,1,10,18301264
1006,4,4,28,38.12,1,17,5640534
743,1,1,21,28.69,1,6,3480596
1005,1,3,5,18.35,3,9,6246707
3658,4,4,21,7.59,3,10,19901316
4090,2,1,10,18.98,2,8,21377588
2372,2,1,28,24.66,0,15,11522660
4293,5,1,17,13.91,2,18,23284326
1692,3,3,17,20.9,2,5,9468172
4925,6,3,21,6.08,0,18,26944243
1964,3,3,9,18.64,3,1,11553162
890,5,3,4,4.54,2,2,7305248
4976,3,2,29,2.91,2,10,25554103
3877,1,3,22,34.43,3,6,19942517
1172,1,3,22,9.0,1,19,6417445
3060,4,3,20,23.43,0,11,15920080
1711,4,4,23,6.81,0,18,10189509
1429,5,4,25,11.24,1,16,8870214
2039,5,3,21,15.09,0,8,11422727
1412,5,2,14,6.6,1,4,8830498
1143,1,4,20,2.79,2,11,6975818
1001,3,1,19,35.21,0,10,5115328
1229,6,4,22,1.46,0,16,8868668
1783,5,1,3,3.39,2,12,11193883
2618,5,4,20,32.4,3,3,14712563
4886,1,3,20,12.0,3,11,25229782
4336,6,4,0,29.19,2,16,24988263
1419,1,3,14,6.7,0,3,7408024
4550,6,3,16,10.25,0,10,24634184
2839,1,4,18,23.34,0,16,15256028
1255,3,1,30,39.56,1,7,5744399
2369,5,1,13,3.86,3,15,13441717
4972,2,4,26,16.62,0,15,26024886
1007,2,3,18,2.68,3,10,6066697
1936,5,1,17,8.77,3,3,11315244
3075,5,2,27,36.39,0,6,16098529
3926,5,3,1,4.76,2,18,22751264
1058,5,4,5,34.42,2,5,6981752
3602,6,3,12,7.93,3,16,21447579
4122,3,2,16,34.61,1,13,21277880
4899,2,2,5,21.98,3,3,25537912
4557,4,1,20,35.25,3,15,23189411
4215,2,2,21,6.92,2,20,22146417
1801,2,3,4,30.72,0,6,10217229
2655,1,1,6,27.55,0,4,13221127
1192,5,2,0,22.17,1,15,7525614
4850,5,1,12,32.61,2,18,25353418
1978,5,1,18,26.28,2,9,10888279
756,1,4,21,35.2,3,20,3762568
2930,3,1,0,15.86,2,4,16210658
941,3,1,12,24.01,3,16,5945150
2381,4,2,10,34.95,1,18,12806536
3146,3,3,26,9.38,2,5,16923552
4320,3,3,6,19.94,2,13,22921916
2235,5,2,19,38.47,3,6,11803872
4235,6,3,2,19.47,2,19,23616786
3145,2,1,25,10.86,0,12,15585117
518,3,4,24,14.69,1,15,3944394
1624,3,1,0,35.52,0,9,9034040
4485,1,1,7,38.24,3,7,22279423
3154,4,4,16,38.05,3,14,16946802
2580,6,2,12,28.26,3,19,15489400
2047,1,1,13,20.87,1,20,10758753
1361,5,1,4,8.12,2,16,8598792
654,2,2,25,5.81,0,4,3982709
3994,4,1,23,3.33,2,12,21863660
1404,1,1,21,1.69,3,18,7660003
1769,3,3,22,35.25,2,8,9252788
904,3,2,26,32.55,1,17,4613267
1343,4,1,23,23.15,3,3,7328172
2282,3,1,28,39.95,2,4,11321768
2064,1,4,5,38.17,0,10,10625928
1684,1,4,26,26.55,3,16,9045823
1246,3,4,21,19.12,3,20,7672155
2225,3,1,26,6.93,1,2,11384823
3688,5,1,5,21.11,1,12,20219652
770,2,4,20,7.15,0,16,4846521
4456,4,3,7,16.54,2,10,23984949
671,1,3,12,37.76,2,5,3537385
773,4,3,17,14.34,3,12,5561986
2806,5,3,22,6.96,3,3,15737858
1658,1,2,30,23.71,2,12,7772730
2206,5,4,3,24.49,2,1,13279713
2271,5,1,16,8.56,2,2,12933009
921,6,4,28,8.67,3,11,6913236
1709,3,3,4,39.59,1,12,9705645
1390,6,1,2,10.49,1,7,9628594
3767,4,2,3,33.69,0,1,19561443
1973,4,4,22,19.34,2,13,11812384
3743,3,1,4,17.96,2,13,19639654
4978,6,1,13,12.5,2,2,27101855
2681,4,3,14,31.18,0,10,14565962
1949,6,3,19,35.35,2,1,11001464
3596,3,4,16,11.18,1,7,18659372
3756,1,2,5,4.71,2,13,19548745
3656,5,1,26,6.34,0,2,19021334
2090,5,3,9,31.92,3,20,12585746
4739,6,4,21,18.0,3,7,25709721
4481,4,3,22,6.14,1,17,23934862
1935,6,4,15,14.27,1,5,11782267
723,6,3,16,21.06,1,11,5584042
719,2,2,13,34.23,3,11,3729084
4774,5,1,19,26.03,2,11,24885049
2154,3,3,11,7.87,0,17,12446125
764,6,1,8,7.19,0,19,6763252
1453,2,4,14,17.08,2,8,8690811
4233,2,2,11,3.93,3,20,22631194
3274,5,1,13,30.47,3,14,17566616
3624,5,3,25,16.66,0,10,19490709
979,5,1,21,14.38,1,7,5769073
4014,3,1,17,20.86,1,2,20561769
1853,2,4,19,28.65,0,17,9938764
3822,4,2,5,23.2,0,1,20285806
4378,3,2,3,32.29,2,13,23389360
1389,1,1,30,25.55,2,19,6503049
4354,6,1,25,31.73,2,14,22691770
1424,5,4,22,28.17,2,18,8592747
2670,2,1,11,8.53,2,20,14049355
2402,6,4,12,3.04,2,14,14477479
2895,3,2,18,36.23,1,15,15074008
528,1,2,21,37.88,0,14,2606519
534,3,4,12,29.35,3,5,4635803
4089,3,1,30,29.24,2,16,20829257
3170,4,2,11,11.54,1,5,17472687
3865,6,3,19,22.16,0,13,21098321
1088,4,4,2,39.7,0,16,7400496
3718,3,2,27,34.39,0,15,18464639
3638,1,2,2,12.87,2,5,19743563
1403,2,2,13,12.74,2,6,7894571
4586,2,3,17,19.86,3,13,23986260
2669,6,3,26,16.78,2,16,15172909
839,5,3,18,15.47,0,10,6075817
4770,5,1,28,25.45,0,2,24220252
2214,2,4,27,1.45,1,13,12190194
1056,3,1,29,30.77,1,17,4859976
3587,3,3,9,29.86,3,1,19045420
3766,4,4,16,33.38,1,4,20249628
4067,6,1,14,33.82,3,18,21706015
2556,4,1,18,23.09,1,6,13484698
4399,5,1,8,31.42,0,12,23157517
1516,2,3,3,20.2,2,20,8919675
2562,3,2,14,38.11,2,13,13737721
1338,2,4,18,8.44,3,2,8097481
2137,1,3,15,36.71,2,17,11232876
4821,2,4,7,11.08,2,10,26053445
3996,1,3,16,5.01,1,19,20929057
2313,4,1,20,18.13,0,5,12658938
3979,4,1,0,24.98,2,12,21125556
1951,5,2,6,10.01,0,18,11789716
2813,2,2,20,22.68,1,9,14397686
2014,2,4,30,32.51,1,11,9620465
1731,1,2,17,11.03,2,4,9523699
2145,4,2,11,23.63,2,10,11823709
3499,1,4,15,14.23,1,1,18194662
3940,4,3,29,21.66,1,2,20574947
4556,1,2,0,27.01,3,9,24395202
805,4,3,26,14.67,3,18,4948776
4036,1,1,14,39.78,0,16,19944413
2223,4,2,6,22.99,1,14,12547472
2189,6,1,27,33.15,0,4,11690639
2017,1,1,16,29.28,1,2,10044230
4417,2,3,2,34.26,0,12,23053969
919,5,4,10,7.78,3,20,7384310
3436,6,2,30,9.68,1,5,18215908
4362,6,3,5,20.01,1,4,23793962
4729,1,4,30,34.24,0,15,23555672
1950,5,1,5,8.71,0,3,11219499
3596,2,2,14,38.87,2,17,18470873
3761,6,1,6,5.98,2,8,21566180
1664,2,1,10,7.83,3,12,9074923
2369,4,2,29,7.52,1,8,13128762
2319,5,4,26,23.85,1,20,13460234
3205,3,4,16,36.78,0,20,16968271
4015,4,2,22,10.95,3,5,21171650
1842,5,2,17,22.57,1,6,10635401
2726,1,3,21,7.86,3,5,14275100
1579,1,3,28,25.61,2,8,7582323
4706,2,1,23,5.81,0,18,23976219
3279,6,2,28,20.16,1,4,17288278
3028,3,4,20,26.55,0,4,15481458
1313,1,1,25,23.59,2,5,6027271
2531,5,1,18,6.46,3,15,13942233
822,6,1,26,7.29,3,6,6097406
3469,6,1,7,27.18,2,16,19420518
1403,5,4,23,32.55,2,14,8173093
2041,6,1,19,36.41,1,14,11111839
4003,1,2,7,32.73,1,16,20604374
3153,5,3,20,38.98,1,4,17052429
2976,5,4,28,16.92,1,11,16354167
3840,2,2,10,13.92,1,19,20179582
4743,3,2,20,2.1,3,19,24717354
1641,2,2,2,18.55,1,8,9204819
1349,3,3,30,26.4,2,10,6833566
866,5,3,22,32.8,2,5,5094748
3397,6,3,26,11.43,1,16,19189165
1589,3,2,13,21.03,2,3,8849130
4541,5,3,26,26.82,0,10,23686723
2538,5,1,8,22.51,3,13,14584219
3360,2,3,24,11.69,3,7,17559320
4770,2,4,0,32.06,1,12,25168847
2354,6,2,0,7.76,0,14,14391833
994,4,2,25,36.29,1,10,5204827
3682,1,1,27,38.15,1,9,17613425
2284,4,3,11,15.26,2,12,13191988
4010,4,3,10,15.67,3,3,21889770
4286,6,4,30,29.99,0,13,22676494
4630,3,1,20,18.8,2,6,24296675
1498,6,4,0,2.12,3,6,11183930
4969,6,4,19,36.88,3,19,27040763
1951,5,2,11,17.8,1,7,11536017
2251,5,2,16,8.94,0,4,12879334
2780,5,3,14,22.67,1,5,15383597
3434,1,3,1,9.54,2,1,18782713
4234,3,4,17,9.03,1,18,22853038
3846,3,3,15,22.28,1,17,20523112
2373,5,4,3,16.25,3,9,14445611
4303,4,3,7,23.35,3,9,23085018
2479,1,3,1,39.88,2,10,13388660
1198,4,2,13,34.5,3,20,7306263
1812,2,2,24,1.3,3,17,9938778
3462,3,2,14,2.97,3,13,19033597
3438,3,2,27,24.79,1,4,17338761
2800,4,1,8,25.42,0,18,15579487
3697,1,2,1,35.25,2,18,19066924
626,3,1,16,25.53,1,9,3740666
1691,4,2,25,9.88,2,3,9819090
3139,6,3,30,19.27,1,7,17235028
4889,6,4,9,32.55,2,15,26898905
4416,1,3,8,36.99,3,9,22478214
1866,4,3,30,10.24,2,9,10484083
1519,6,1,1,22.04,0,4,9602419
4579,1,2,23,7.2,2,18,23455852
1184,5,4,29,20.38,0,17,7650051
4129,1,4,18,4.51,2,6,21592514
3387,2,2,16,37.73,3,7,17226776
1962,5,1,10,25.88,2,10,12027940
4586,4,1,16,34.31,1,10,23751327
2761,5,1,9,39.93,3,6,14706309
4680,5,4,17,8.12,3,6,25816387
3341,4,1,22,28.07,1,19,17566172
2267,4,1,27,35.59,3,8,11404892
4680,6,4,5,23.46,3,9,26018203
4060,2,4,15,25.95,1,1,20628861
2612,4,3,27,16.9,3,16,14445599
1126,3,4,26,27.32,3,6,5970513
4659,3,2,17,16.43,3,8,24147760
3914,2,4,19,19.59,3,15,20290319
1875,1,4,17,5.01,2,12,10588310
1681,1,1,0,1.3,3,10,9680886
990,3,3,27,3.15,3,16,6410412
4229,4,1,2,8.51,3,15,22686664
4034,2,3,14,18.81,2,11,20910365
3796,1,1,19,1.82,0,7,19416453
2440,1,2,9,7.08,3,8,12897995
4908,5,1,20,31.48,0,11,25524785
2382,3,1,4,30.72,0,9,12571330
3487,4,2,14,31.8,1,7,18053966
3659,2,2,22,36.94,1,15,18004580
1181,1,4,13,5.64,0,15,7033291
1573,5,1,14,7.36,2,16,10359436
2887,3,2,9,14.01,3,3,16645088
2894,3,2,23,36.69,3,16,14532170
3193,2,4,8,31.24,3,15,17450809
1870,1,3,11,13.64,1,1,10503995
4840,2,2,6,4.42,1,14,25205929
2656,2,2,4,25.04,3,11,14231601
3080,6,1,24,11.02,0,3,16696699
4891,5,4,23,21.71,1,9,25959513
2659,3,1,9,37.73,3,6,13526409
3748,6,3,24,23.33,0,16,20461084
4231,4,4,25,37.03,3,11,22284619
4329,3,1,7,16.33,1,18,23129162
2127,3,2,21,25.7,2,17,11507497
3972,5,2,19,35.86,2,17,21156761
527,4,4,24,23.93,1,3,3650429
2485,1,2,15,24.98,0,19,12948115
4653,4,1,11,28.94,3,15,24088381
2021,1,4,8,35.4,1,10,10340548
796,4,2,9,4.44,0,8,5957994
2681,2,2,15,14.14,3,17,14381628
3902,4,3,9,16.51,3,4,21084991
2796,6,3,8,36.48,1,8,16041341
3097,6,4,29,38.28,3,2,16960628
1401,5,3,25,5.69,2,8,8125992
1598,1,1,2,5.65,2,7,9218382
2177,3,2,26,37.46,3,9,10914211
3381,5,2,27,12.54,1,18,18348681
1878,6,2,30,10.43,3,17,11120727
1748,6,4,18,2.39,1,1,11279445
4235,1,4,10,11.75,1,12,22277960
4741,6,3,5,28.05,2,4,25529563
1764,6,2,5,17.62,2,17,10791609
2407,1,2,14,21.16,0,7,11747037
1558,6,2,28,36.77,1,3,8181765
3249,3,2,14,5.47,3,1,17754765
