Age,Annual_Income,Credit_Score,Employment_Years,Loan_Amount,Debt_to_Income_Ratio,Existing_Loans,Dependents,Loan_Approved
59,120595,783,0,91912,0.081,2,2,No
49,62487,678,29,65214,0.647,4,4,No
35,145931,755,0,67750,0.65,1,3,No
63,65849,307,30,10967,0.165,5,2,No
28,170622,617,23,59246,0.13,5,0,No
41,101400,633,22,62738,0.169,0,1,Yes
59,154120,529,0,44233,0.357,5,4,No
39,115930,807,5,9539,0.243,4,0,No
43,74699,826,1,75833,0.252,4,3,No
31,115470,774,11,90821,0.536,3,2,No
31,169779,705,16,92718,0.584,0,4,No
44,157996,586,9,55050,0.632,0,2,No
56,120023,745,4,86775,0.359,4,1,No
60,54018,642,4,79681,0.198,1,1,No
44,46031,624,1,73675,0.383,1,4,No
23,129985,466,11,77221,0.573,2,3,No
42,93237,595,4,79818,0.069,3,4,No
22,133426,482,29,98763,0.597,5,4,No
44,41719,385,14,37953,0.186,5,3,No
64,34718,448,22,84948,0.236,3,1,No
50,25056,358,19,23957,0.268,2,2,No
58,171424,304,17,46097,0.598,2,1,No
22,146743,382,28,96597,0.156,2,2,No
41,72820,682,30,53917,0.184,0,2,Yes
53,93683,848,20,46662,0.489,2,4,Yes
32,94073,778,26,46133,0.611,0,4,No
42,25721,326,5,79020,0.113,0,4,No
64,65194,824,28,5788,0.363,4,2,Yes
45,104882,713,23,49418,0.599,3,0,Yes
47,195955,479,13,47386,0.582,5,2,No
62,166983,763,24,68263,0.619,1,4,No
48,176944,826,10,68464,0.591,0,0,No
36,98072,300,25,56453,0.239,3,0,No
35,148919,570,7,81567,0.175,3,1,No
64,110968,783,22,28903,0.591,3,4,No
23,132251,347,24,79886,0.477,2,4,No
57,69537,482,8,64949,0.277,0,0,No
27,134254,672,5,64761,0.478,2,4,No
41,172932,838,27,46085,0.234,5,2,Yes
29,186815,806,2,88342,0.399,5,3,No
59,198631,805,29,79452,0.19,2,3,Yes
38,97941,365,27,49105,0.387,4,4,No
24,188277,351,26,87006,0.604,2,0,No
45,42645,769,7,49730,0.513,3,0,No
34,137661,542,15,84893,0.444,1,3,No
29,96473,636,18,9123,0.198,2,3,No
46,75734,420,0,91034,0.088,3,4,No
22,186503,344,12,76558,0.476,2,1,No
40,152705,351,11,9302,0.396,2,0,No
48,85914,450,19,13853,0.178,5,4,No
27,42882,712,29,77532,0.611,2,2,No
64,115860,840,24,32134,0.381,5,0,No
28,199418,797,28,87572,0.393,2,4,No
55,169051,508,7,97437,0.229,1,0,No
34,125513,307,29,60433,0.578,1,1,No
37,143751,690,13,46325,0.585,4,1,No
56,69828,546,5,56704,0.479,2,0,Yes
60,163300,694,2,85939,0.11,3,0,No
24,145354,638,2,52383,0.101,0,2,No
22,99217,711,22,61762,0.332,4,2,Yes
26,131500,839,13,25925,0.135,3,4,No
62,98803,644,20,43908,0.249,4,2,No
24,95908,595,2,63439,0.153,0,4,No
49,63918,534,27,66110,0.236,0,4,No
38,166992,744,11,66872,0.616,0,2,No
46,52785,532,11,56433,0.502,3,0,No
64,107757,609,16,84825,0.133,4,3,No
54,181250,777,10,40385,0.451,5,4,No
30,124490,813,8,11884,0.068,0,2,Yes
56,96997,635,26,29412,0.64,3,2,Yes
34,134768,351,27,80615,0.369,2,0,No
51,39052,845,27,37839,0.353,5,0,No
35,74383,600,4,40679,0.194,5,1,No
28,156399,542,10,26589,0.325,2,1,No
34,113301,655,30,78619,0.366,3,2,No
43,95775,741,6,34868,0.445,2,2,No
60,100614,418,9,21409,0.078,2,3,No
41,163110,708,30,23401,0.255,0,3,No
36,33048,670,8,51494,0.282,4,0,No
65,39954,372,19,98754,0.139,3,2,No
38,137010,748,28,94730,0.194,0,2,Yes
44,38225,770,14,78489,0.192,5,2,No
46,130622,455,28,32475,0.536,1,3,No
45,169603,609,27,79644,0.462,4,4,No
65,34530,335,10,74048,0.604,1,4,No
61,49791,547,20,65661,0.236,5,1,No
49,130806,727,2,7365,0.579,0,4,No
35,157721,343,22,67186,0.568,4,1,No
65,169544,752,28,9125,0.319,4,4,Yes
21,115721,418,14,81035,0.428,0,1,No
45,52134,648,16,85495,0.409,4,0,No
27,168516,687,23,47182,0.235,3,0,Yes
29,197193,369,2,9191,0.207,3,3,No
44,154326,753,28,56000,0.151,0,3,Yes
21,63217,566,19,85190,0.553,4,2,No
64,178138,737,25,87764,0.37,0,0,Yes
28,156067,665,30,10439,0.253,4,3,No
44,61189,486,3,43032,0.356,4,1,No
31,143903,526,10,61116,0.098,4,0,No
37,191561,360,22,53631,0.114,4,0,No
28,52284,467,29,24173,0.506,3,1,No
55,49698,431,27,21453,0.591,4,1,No
55,199732,454,6,40322,0.242,4,0,No
53,44637,306,19,92111,0.296,4,2,No
25,85405,822,21,28969,0.274,2,0,Yes
62,86305,550,23,72030,0.337,3,0,No
59,58556,561,25,69456,0.298,5,2,No
61,107176,419,13,34191,0.282,3,0,No
48,145644,347,3,75072,0.446,0,1,No
27,122012,368,12,45305,0.213,3,4,No
29,28654,561,0,66381,0.616,2,1,No
28,65428,744,22,68256,0.235,5,2,No
32,154814,778,17,6953,0.179,3,2,Yes
54,194108,530,26,44192,0.633,2,2,No
53,120379,523,12,15208,0.187,3,0,No
43,90355,756,2,59469,0.372,2,2,No
44,71257,665,7,90517,0.247,3,1,No
57,138435,327,17,35085,0.096,0,1,No
55,130866,400,1,67929,0.622,0,2,No
64,172059,357,19,38894,0.275,2,4,No
60,176882,323,5,80555,0.437,4,2,No
42,45311,714,25,38827,0.567,3,1,No
47,137695,526,26,55378,0.382,3,0,No
55,79478,468,17,78720,0.478,0,3,No
21,190992,788,24,30233,0.521,0,3,No
55,33738,545,27,44912,0.279,5,4,No
57,98424,662,17,9367,0.427,2,1,No
34,87232,764,8,7123,0.174,1,2,Yes
23,133400,729,14,45494,0.083,4,1,No
21,30474,720,22,39485,0.642,2,0,No
25,84026,320,26,37825,0.106,4,3,No
46,91024,668,2,36436,0.307,2,0,No
34,75974,763,24,30597,0.09,3,1,Yes
59,180216,396,8,59502,0.604,2,3,No
47,30622,791,21,34155,0.116,4,2,No
29,122366,652,17,65717,0.522,1,1,No
35,64214,394,22,24983,0.479,3,2,No
35,118184,323,19,72292,0.077,5,3,No
46,123233,679,19,70400,0.483,4,1,No
62,181295,695,6,71330,0.632,1,3,No
33,46865,703,20,28451,0.363,5,3,No
52,68026,432,16,93467,0.224,3,1,No
59,114037,353,2,13246,0.377,0,4,No
52,182938,591,6,29882,0.123,4,0,Yes
24,168488,411,12,92108,0.624,3,2,No
50,50775,721,8,31455,0.269,5,3,No
57,185152,430,8,25680,0.324,1,3,No
43,44374,719,22,58344,0.291,3,1,No
59,83451,577,4,32041,0.067,0,2,Yes
65,107141,367,3,91765,0.071,5,0,No
35,40684,702,8,21794,0.387,3,4,No
63,49002,474,5,30188,0.351,0,3,No
49,116551,579,28,21992,0.642,4,1,No
56,155704,763,9,76023,0.208,3,3,No
33,179044,689,17,36004,0.271,2,3,Yes
52,31309,435,2,13165,0.643,1,4,No
27,109675,708,22,18090,0.079,2,2,No
42,93326,523,30,80027,0.436,2,4,No
48,32826,487,19,92698,0.111,3,4,No
22,168206,686,6,18593,0.618,1,0,Yes
62,175765,308,28,77557,0.223,4,3,No
65,146840,479,11,31546,0.538,1,4,No
26,160126,743,27,13385,0.597,5,3,No
48,172162,745,4,36420,0.558,0,2,Yes
48,130985,415,16,59158,0.384,5,1,No
64,40569,544,25,89524,0.634,5,3,No
64,188299,582,18,71233,0.456,3,2,No
40,31508,512,24,11016,0.522,2,2,No
50,172680,750,3,66256,0.196,4,3,No
31,114059,324,11,95125,0.301,3,0,No
48,122475,532,20,28625,0.409,4,4,No
45,155447,815,14,25498,0.137,4,4,No
59,155819,587,1,41914,0.629,0,4,No
53,135648,483,25,33039,0.116,1,0,No
21,49520,550,14,28237,0.49,3,3,No
47,55932,590,10,6221,0.085,4,4,No
33,44734,658,23,35213,0.112,1,3,No
61,94363,604,0,34026,0.424,5,0,No
23,75555,649,13,43123,0.321,5,1,No
59,41257,638,26,25746,0.052,5,0,No
26,188266,778,3,61570,0.286,2,0,No
28,172865,764,5,19245,0.2,0,2,No
47,190756,429,7,29410,0.573,0,1,No
29,118550,486,19,68001,0.475,1,2,No
57,78219,720,1,47567,0.492,2,2,No
53,158931,795,3,82912,0.621,1,3,No
62,64840,840,16,92122,0.476,0,4,No
64,122392,534,23,35513,0.146,4,4,Yes
44,84327,577,8,23361,0.612,2,2,No
35,138827,401,18,6561,0.118,4,0,No
52,59819,758,29,58163,0.166,4,3,No
52,110621,531,7,45422,0.221,5,2,No
44,126272,573,8,26783,0.155,3,3,No
61,66704,664,27,11988,0.061,4,0,No
32,85379,777,12,52290,0.325,0,0,No
59,180390,767,7,64340,0.463,0,0,Yes
22,105987,573,13,94680,0.303,2,3,No
23,136561,627,17,15730,0.191,3,1,No
57,30274,483,17,72200,0.58,1,0,No
37,174298,493,9,70674,0.283,4,1,No
22,199706,571,28,91291,0.553,4,2,No
22,121462,599,19,39334,0.157,3,1,No
48,44046,495,0,90739,0.25,2,3,No
43,99210,630,11,49198,0.532,2,1,No
57,143724,785,2,66886,0.068,3,3,Yes
52,177982,798,19,42218,0.602,0,4,Yes
53,167575,699,11,71482,0.288,5,0,No
21,73392,696,17,83900,0.637,5,1,No
39,86472,399,11,22523,0.471,2,0,No
22,95904,380,6,55152,0.62,5,2,No
64,114063,316,28,8136,0.09,2,1,No
46,70335,511,25,6231,0.483,5,4,No
52,47487,425,2,10872,0.575,5,2,No
26,61593,429,6,21492,0.643,4,4,No
52,100927,834,22,55955,0.07,0,2,Yes
24,34874,513,12,22396,0.1,0,3,No
31,79822,428,28,38351,0.489,3,3,No
37,78948,823,10,16000,0.073,2,3,No
58,28608,761,24,30709,0.057,3,0,No
44,120987,356,19,9125,0.377,4,3,No
25,130182,573,19,71978,0.368,1,0,No
54,52546,638,16,53517,0.418,3,1,No
26,140999,442,30,74989,0.058,0,2,No
42,125804,722,14,50652,0.352,3,4,Yes
31,87496,633,29,29093,0.222,3,2,No
36,80186,432,26,61143,0.504,0,2,No
53,198418,563,5,70342,0.259,2,1,No
29,161302,446,5,71266,0.264,4,3,No
26,50720,735,6,62130,0.443,2,0,No
36,68023,311,8,47059,0.446,5,2,No
49,193674,354,25,87218,0.085,0,2,No
23,92082,529,25,96692,0.426,5,2,No
40,40050,421,25,71281,0.445,0,4,No
56,138353,532,8,86651,0.325,0,0,No
39,77164,461,20,77150,0.547,4,2,No
46,153470,799,17,17213,0.055,2,4,Yes
23,55134,478,0,57710,0.631,5,1,No
39,171712,661,17,19829,0.276,2,3,Yes
40,39284,507,17,33786,0.407,2,1,No
52,85526,731,11,78074,0.071,0,0,Yes
27,159495,755,0,69960,0.475,1,2,No
61,53577,803,27,5163,0.376,5,2,No
53,146867,453,23,7840,0.626,5,4,No
60,143247,637,18,23644,0.304,3,2,Yes
59,83900,592,25,13484,0.483,3,2,No
38,109606,735,13,43008,0.095,0,2,Yes
60,31066,695,13,5395,0.089,0,3,No
21,129342,465,25,92967,0.619,0,3,No
31,33583,751,15,64312,0.202,1,0,No
48,63057,835,27,89389,0.597,4,0,No
45,178676,700,23,57303,0.103,4,3,Yes
43,51564,414,5,15176,0.433,0,3,No
51,86429,650,16,13043,0.381,0,1,No
50,123600,559,12,71940,0.63,1,0,No
62,113393,525,29,52385,0.292,1,4,No
55,140774,785,28,85440,0.079,3,3,Yes
27,53941,430,22,91925,0.334,1,3,No
36,62962,563,18,30015,0.545,0,2,No
46,194645,823,24,93389,0.081,4,0,Yes
22,146410,480,24,42160,0.072,2,3,No
21,181764,648,19,93114,0.543,1,0,No
32,83420,770,1,31050,0.544,2,2,No
25,107415,460,9,17788,0.17,0,0,Yes
57,191835,413,30,69362,0.444,5,0,No
52,107013,317,8,16184,0.089,3,0,No
29,144012,403,20,80761,0.509,0,0,No
61,162465,485,26,96756,0.233,1,4,No
55,145198,641,30,44680,0.188,5,0,No
39,58488,761,11,7706,0.457,5,4,No
36,177531,442,7,74974,0.597,3,3,No
23,168626,752,8,32884,0.075,3,3,No
40,193939,750,10,40399,0.136,4,4,Yes
44,127330,361,0,74757,0.203,0,3,No
53,30057,575,10,26018,0.607,0,1,No
44,108026,594,18,88481,0.576,2,2,No
31,30305,428,22,81128,0.594,4,2,No
28,86276,663,29,85682,0.277,2,2,No
56,188812,366,1,78319,0.189,1,2,No
58,180190,346,13,47991,0.165,2,3,No
60,162746,673,3,48047,0.579,2,2,No
40,198403,436,19,24144,0.189,3,0,No
55,115534,394,22,17489,0.369,2,4,No
45,171388,537,29,32164,0.249,3,3,No
55,172289,334,14,16604,0.349,1,2,No
45,136045,595,1,30846,0.257,2,3,No
49,170674,791,23,45052,0.226,4,2,Yes
38,112181,557,23,56113,0.306,1,1,No
38,135907,686,28,95353,0.25,3,1,No
22,38987,569,30,78489,0.554,4,3,No
55,74915,623,15,57560,0.398,1,1,No
36,38543,346,21,9085,0.156,0,0,No
61,52944,786,3,90652,0.192,0,0,No
56,165216,710,1,92869,0.082,1,4,Yes
53,134418,424,14,63778,0.23,1,1,No
24,63459,511,18,54247,0.452,2,3,No
53,195899,668,18,37873,0.16,2,3,No
34,55741,565,15,9316,0.11,1,1,No
41,151077,434,11,59446,0.243,4,4,No
40,99627,614,2,28004,0.418,3,2,No
28,138372,599,19,84385,0.334,1,2,No
27,94741,597,14,7952,0.249,0,2,No
23,94177,578,30,18914,0.58,2,4,Yes
37,28543,673,6,39170,0.331,2,1,No
53,161663,787,8,70931,0.323,0,3,No
32,81395,361,25,79255,0.069,4,4,No
42,54055,353,28,36534,0.434,5,4,No
42,31116,637,14,37577,0.326,1,0,No
50,80485,674,19,81338,0.137,4,0,No
58,158479,773,12,75118,0.196,4,1,Yes
58,187666,411,6,49314,0.171,1,3,No
65,91421,568,25,97225,0.123,4,2,No
28,60411,623,21,62414,0.311,0,2,No
47,149115,384,15,32527,0.268,5,2,No
47,124772,671,9,28045,0.266,5,2,No
54,115121,374,24,36351,0.201,1,1,No
41,148671,807,23,42886,0.312,2,1,Yes
50,136670,527,1,19906,0.379,1,0,No
53,182310,693,18,43478,0.417,5,2,No
48,129627,314,5,72511,0.182,2,2,No
53,197775,480,20,85108,0.487,3,3,No
25,191268,807,17,97125,0.066,1,2,No
39,37738,637,1,19508,0.5,2,1,No
24,139183,562,20,18150,0.22,4,0,No
55,40772,377,20,73288,0.272,3,4,No
37,90270,528,0,15417,0.398,1,2,No
64,179564,329,14,67396,0.416,2,2,No
48,79979,673,9,13069,0.303,4,4,No
50,138585,454,26,75377,0.613,2,4,No
49,192927,484,2,22155,0.565,1,3,No
26,162300,747,24,12544,0.185,0,1,No
55,176117,746,30,43888,0.403,0,2,Yes
61,49318,731,9,52249,0.483,1,4,No
57,83458,468,28,64565,0.18,4,0,No
44,169867,380,2,17140,0.061,3,4,No
49,130856,509,21,28285,0.635,2,4,No
51,110184,558,5,67253,0.625,4,1,No
55,153789,848,1,92956,0.242,2,2,No
53,46747,585,22,6638,0.193,0,4,No
41,187632,353,24,32805,0.143,3,4,No
52,36282,768,8,52807,0.462,1,2,No
43,189903,668,7,80304,0.503,1,1,No
53,88073,399,29,66840,0.302,0,2,No
23,179115,746,20,61324,0.196,1,1,Yes
38,77900,491,23,51792,0.319,3,3,No
45,45929,713,24,23506,0.36,3,2,No
62,60500,781,0,25453,0.376,1,3,No
51,26872,392,16,78647,0.316,4,1,No
23,193560,552,26,99079,0.052,1,4,No
60,92505,338,12,37103,0.333,3,0,No
44,50460,845,4,30037,0.258,0,1,Yes
52,37155,657,6,69119,0.384,5,4,No
42,167942,308,28,80301,0.092,1,0,No
43,140006,487,8,96833,0.578,4,3,No
22,118928,438,24,8853,0.575,1,4,No
47,159789,597,13,78437,0.388,2,2,No
62,151075,379,18,52034,0.492,5,2,No
22,157446,555,0,77128,0.313,1,2,No
46,177898,478,2,51746,0.404,3,4,No
37,140138,556,15,34592,0.421,5,1,No
60,169499,517,7,7743,0.262,1,3,No
53,89442,566,6,37835,0.627,1,4,No
29,190780,616,20,58946,0.412,0,0,Yes
63,125671,583,10,81538,0.644,2,4,No
59,180343,644,25,87896,0.309,0,4,No
49,41631,374,27,90194,0.069,3,3,No
62,44887,635,14,86739,0.231,4,1,No
46,50259,662,24,13194,0.44,0,1,No
55,122932,489,12,24662,0.596,5,1,No
45,82987,771,19,87488,0.419,3,1,No
44,44144,405,5,55500,0.333,2,3,No
33,176908,369,27,44710,0.098,1,0,No
27,69456,821,4,51091,0.137,0,4,No
56,192452,513,21,61155,0.082,1,2,No
65,145250,816,30,59731,0.477,2,1,Yes
40,102735,327,3,48625,0.549,4,3,No
21,36569,614,18,41189,0.149,1,4,No
28,150294,806,14,5786,0.245,5,1,No
36,187254,535,20,22300,0.337,4,1,No
34,177721,391,4,14424,0.136,2,4,No
32,108731,662,29,19349,0.3,2,3,Yes
43,121132,337,10,98286,0.63,4,1,No
35,125497,790,17,72314,0.481,0,0,Yes
48,52003,409,9,5330,0.15,2,4,No
54,172623,443,15,87460,0.109,2,4,No
22,139432,496,3,68345,0.317,4,3,No
52,179898,345,28,35400,0.643,1,3,No
43,127486,448,18,69774,0.526,4,1,No
42,180801,437,29,25877,0.226,3,4,No
45,159940,789,22,39447,0.066,1,4,Yes
42,66274,701,4,47836,0.297,1,4,No
42,63718,640,14,34580,0.146,2,4,Yes
62,188425,601,5,85209,0.158,1,3,No
26,66682,417,29,76068,0.147,0,3,No
35,55653,450,26,30044,0.482,0,3,No
63,170213,466,30,20740,0.072,0,4,Yes
57,167609,724,22,42854,0.389,3,4,Yes
53,55401,736,1,25540,0.502,2,4,No
28,183459,373,9,32646,0.144,5,0,No
64,106690,661,19,41410,0.586,5,3,No
64,125613,395,29,80351,0.097,4,3,No
25,162702,591,30,84278,0.46,3,2,Yes
59,199533,476,5,45709,0.153,3,2,No
24,69293,326,18,71335,0.534,0,3,No
26,179142,604,5,61606,0.393,1,2,No
65,38416,504,25,71421,0.404,4,0,No
52,141711,519,14,40848,0.258,2,1,No
50,140037,599,0,94602,0.22,1,3,No
55,115935,557,7,49004,0.328,1,4,No
60,164701,539,25,90401,0.505,3,0,No
36,33360,528,20,14100,0.151,3,2,No
33,37011,773,29,31273,0.54,0,0,Yes
62,65721,455,29,21682,0.338,2,0,No
50,61069,517,29,52836,0.321,2,3,No
39,78270,764,10,57896,0.06,3,0,Yes
37,36227,494,13,83148,0.125,3,0,No
39,64587,569,0,35286,0.309,0,2,No
48,86720,827,13,57425,0.639,1,0,No
46,93305,655,25,6859,0.2,4,1,No
57,101028,839,9,45804,0.056,0,1,Yes
46,78651,775,30,68870,0.312,2,0,Yes
43,76332,607,26,20406,0.06,2,2,No
29,93201,708,16,69444,0.252,1,2,No
32,180879,740,10,92268,0.262,1,3,Yes
21,68552,820,9,92852,0.051,5,1,No
21,148938,822,14,79085,0.518,4,4,Yes
54,142230,784,11,12775,0.598,2,4,Yes
52,118758,557,2,80479,0.649,3,1,No
45,82300,469,21,15579,0.355,3,1,No
60,51951,760,17,14135,0.234,0,2,No
65,45264,410,23,55085,0.48,3,1,No
21,44121,519,26,85231,0.492,5,2,No
36,109351,304,25,28875,0.278,4,2,No
59,75539,831,6,74608,0.389,4,4,No
25,186383,594,10,71762,0.543,5,3,No
42,198469,757,17,6290,0.164,2,1,Yes
49,175821,812,16,61079,0.062,3,3,No
23,54218,511,22,17352,0.374,1,0,No
32,69867,418,15,63848,0.449,2,4,No
46,26316,684,28,17998,0.395,0,1,Yes
36,62972,559,28,46798,0.408,1,1,No
57,111924,698,22,13704,0.286,3,3,No
42,117700,474,2,69736,0.441,4,0,No
49,154079,713,29,89422,0.076,3,2,No
34,198707,433,25,8075,0.141,4,3,No
48,129082,401,12,60889,0.317,5,4,No
25,164151,684,7,39189,0.616,0,0,No
50,85887,754,23,68731,0.437,2,3,No
25,178484,361,4,47830,0.263,5,1,No
32,60862,306,6,56025,0.325,3,3,No
36,152677,814,18,19979,0.557,1,4,Yes
46,170893,631,21,49993,0.375,3,4,No
46,98118,678,18,81970,0.079,3,4,Yes
41,99548,744,26,31649,0.3,0,3,No
59,189727,634,11,32859,0.283,4,4,Yes
56,129319,767,8,99862,0.59,2,2,No
53,105066,587,22,74509,0.233,2,4,No
50,70221,311,16,48172,0.089,4,0,No
57,112189,403,23,12806,0.263,1,1,No
43,130812,562,24,95026,0.076,3,3,No
30,117326,734,9,7703,0.549,0,3,No
25,164972,472,17,83885,0.404,1,4,No
56,189557,620,0,47688,0.332,0,3,No
54,38891,344,14,73228,0.266,0,3,No
51,133640,845,30,50662,0.301,3,0,No
30,171086,510,10,49458,0.523,5,3,No
39,97083,716,3,10151,0.158,5,1,No
52,62964,563,24,36938,0.093,3,3,No
21,69739,600,5,54533,0.387,2,0,No
25,141871,755,26,97676,0.565,2,2,No
65,110799,525,12,82282,0.387,3,2,No
24,199446,403,27,54109,0.528,0,3,No
36,64459,520,25,71143,0.586,0,0,No
44,32045,633,7,47262,0.096,2,2,No
36,68255,717,6,72813,0.404,5,0,No
22,76965,600,4,16625,0.55,5,2,No
48,26237,784,4,32015,0.436,4,0,No
52,155811,756,15,9826,0.405,3,3,No
47,77195,735,29,11124,0.523,3,2,Yes
40,142775,693,5,75930,0.474,3,4,No
44,61326,342,15,32753,0.351,2,3,No
32,161365,509,14,26931,0.076,3,3,Yes
55,50274,310,5,36467,0.418,1,0,No
53,175309,515,20,93566,0.178,5,3,No
53,118920,463,7,48868,0.202,2,2,No
63,121529,524,2,57139,0.458,2,3,No
57,174301,545,8,64650,0.322,5,3,No
32,103847,315,20,58215,0.48,3,0,No
23,81718,493,8,47479,0.286,2,3,No
21,93718,308,4,25047,0.572,4,1,No
53,74615,813,18,54729,0.306,0,1,Yes
60,143548,592,24,88962,0.346,1,2,No
30,96296,383,15,24306,0.126,4,0,No
63,97796,508,15,86721,0.352,1,2,No
64,157987,357,17,46570,0.194,1,3,No
49,99651,811,11,90275,0.508,3,0,Yes
33,32076,630,15,70706,0.478,2,4,No
32,105350,760,28,86648,0.06,1,0,Yes
51,189155,624,4,36306,0.346,5,3,No
22,78918,509,2,69109,0.077,4,1,No
55,160865,424,6,97887,0.392,1,3,No
43,75528,761,19,46487,0.591,2,1,No
37,142503,589,30,47072,0.57,1,0,No
46,91798,513,13,67230,0.196,0,3,No
28,34319,731,23,68674,0.134,5,2,No
49,169266,396,15,74990,0.525,1,0,No
46,175381,548,0,15530,0.378,5,3,Yes
30,51998,802,4,14432,0.304,0,0,No
46,28468,824,7,8708,0.536,1,0,No
54,137178,804,1,51248,0.202,4,3,No
61,168723,390,21,91388,0.185,1,0,No
27,176477,466,6,26868,0.417,0,4,No
24,170554,550,5,98769,0.214,0,3,No
65,29409,746,9,16648,0.306,3,4,No
31,91083,485,2,80769,0.323,4,1,No
49,110443,548,5,33517,0.173,2,0,No
56,48426,639,22,17565,0.087,0,1,No
45,133025,745,28,24743,0.51,4,1,Yes
41,79757,437,18,20005,0.52,5,1,No
56,170508,408,27,64478,0.409,3,0,No
30,41490,716,25,82817,0.139,0,1,No
57,77136,725,1,36342,0.336,4,1,No
29,185034,343,18,5338,0.157,4,3,No
44,185360,641,27,66894,0.579,1,1,No
55,47236,500,29,15650,0.468,3,2,No
55,170995,677,16,14113,0.069,3,0,Yes
56,169336,403,22,82969,0.051,1,3,No
38,92147,757,3,9187,0.64,4,4,No
59,32928,714,2,15058,0.074,1,2,No
52,190630,701,13,28489,0.57,1,4,Yes
44,81369,689,21,10712,0.623,4,2,No
43,91403,661,29,60996,0.235,5,3,No
52,122225,733,2,87605,0.374,2,2,No
57,70213,682,27,74307,0.438,0,0,Yes
32,123631,327,10,94243,0.362,4,0,No
33,28816,406,9,37154,0.178,1,0,No
43,123162,839,2,76848,0.399,5,2,Yes
45,191988,485,8,53754,0.205,3,3,No
55,72838,494,15,36008,0.149,4,1,No
61,167645,445,17,20921,0.353,3,3,No
50,199406,427,30,34079,0.273,2,3,No
37,90364,405,4,73217,0.066,2,4,No
40,169229,715,25,9970,0.62,5,3,Yes
45,34322,651,14,34530,0.074,2,1,No
42,144024,682,25,5019,0.592,0,2,Yes
33,27482,648,15,87712,0.164,2,2,No
39,60867,780,17,28606,0.135,1,1,Yes
56,104211,613,5,40242,0.091,2,2,No
32,120956,822,3,88892,0.305,0,0,No
61,133052,659,22,72249,0.402,2,2,Yes
39,104386,620,12,50110,0.592,4,0,No
32,31732,683,0,22292,0.52,3,1,No
29,196825,316,23,22584,0.146,1,1,No
27,59422,669,1,74088,0.151,1,3,No
48,101964,365,30,28675,0.055,2,2,No
34,81284,412,14,37393,0.463,0,4,No
51,153575,715,3,57059,0.06,3,2,No
39,36311,370,26,20328,0.133,0,3,No
36,154507,360,12,15506,0.431,2,2,No
25,195651,743,22,65793,0.14,5,4,No
55,101000,613,13,40446,0.142,5,2,No
32,153259,782,14,42069,0.19,0,4,Yes
45,70311,543,7,62187,0.281,3,4,No
41,35300,816,8,19056,0.055,3,3,No
56,90375,669,4,91035,0.498,0,4,No
43,59563,616,24,89039,0.514,2,1,No
36,146227,320,24,36712,0.27,3,4,No
59,104244,530,2,45530,0.529,0,1,No
65,153161,825,6,19127,0.221,0,1,No
62,150307,768,7,73896,0.641,1,0,No
59,184162,377,15,76966,0.289,3,0,No
34,139687,829,16,99821,0.451,1,1,No
51,41328,589,26,48954,0.243,3,4,No
25,182726,517,9,54399,0.32,2,4,No
55,162286,399,20,46277,0.437,1,4,No
43,194985,448,0,10035,0.259,1,0,Yes
49,183624,684,18,22100,0.444,2,0,No
63,60377,454,17,44589,0.138,4,1,No
31,181806,694,28,10936,0.34,1,4,Yes
38,115257,675,17,24722,0.214,2,2,No
32,43610,401,19,38050,0.602,5,1,No
29,184947,391,4,83308,0.545,2,3,No
30,80082,710,10,34241,0.342,2,1,No
64,48226,705,0,91975,0.322,5,0,No
37,52677,320,26,14408,0.55,3,1,No
58,166370,707,21,7574,0.464,2,4,Yes
27,60848,318,10,86898,0.46,2,0,No
33,124291,835,10,49376,0.379,0,0,No
60,149227,837,4,90248,0.567,4,2,No
62,88654,452,28,61850,0.164,1,4,No
29,42744,600,19,26687,0.567,2,4,No
47,179506,712,21,66119,0.362,0,3,Yes
22,130850,501,17,39593,0.423,2,2,No
25,73001,438,7,8647,0.627,5,2,No
49,84633,323,21,94865,0.305,4,3,No
57,73917,311,14,44099,0.451,4,1,No
58,104804,434,2,43566,0.363,1,3,No
39,25907,380,15,43636,0.609,2,3,No
28,116295,654,19,38055,0.343,1,4,No
65,169836,369,11,14266,0.204,1,4,No
21,180481,503,28,20129,0.34,0,1,Yes
42,164462,578,1,27072,0.6,2,2,No
37,55172,678,19,43075,0.35,3,4,No
27,148936,593,24,39998,0.138,3,2,No
45,128512,714,19,31373,0.375,4,1,Yes
65,196614,727,12,66942,0.283,5,1,No
24,73196,455,23,32142,0.44,5,4,No
56,93901,576,18,66377,0.195,3,0,No
26,181908,564,12,58365,0.243,1,3,No
51,177735,348,30,25830,0.36,1,2,No
39,162023,592,20,83454,0.121,0,3,No
64,40175,320,17,65769,0.176,4,1,No
59,167099,743,29,54361,0.531,5,0,No
47,132809,834,24,26736,0.614,4,2,No
30,100630,771,15,9219,0.632,5,0,No
46,113617,437,24,44914,0.612,4,2,No
39,168239,529,29,21973,0.615,5,3,No
59,179132,704,9,46092,0.543,5,2,No
23,152310,656,6,17502,0.491,3,0,No
65,91556,840,1,41607,0.189,0,0,Yes
33,127148,320,3,42888,0.315,5,1,No
48,35485,826,30,13531,0.289,0,2,Yes
40,128746,404,21,57458,0.488,0,3,No
48,131255,635,24,32260,0.335,0,4,No
28,33802,723,28,72172,0.266,0,2,Yes
61,58314,303,21,31377,0.538,2,4,No
59,44565,768,3,41086,0.5,1,4,No
21,118153,837,0,69818,0.271,2,1,No
23,116145,493,30,75468,0.302,1,2,No
33,69233,659,15,51156,0.586,1,4,No
48,73384,819,22,75423,0.49,2,1,No
45,103253,372,22,82423,0.464,1,1,No
53,62669,377,5,62818,0.477,2,4,No
58,182344,367,18,7359,0.111,0,3,No
26,167914,633,4,57601,0.388,0,3,No
64,89099,384,22,72811,0.225,2,4,No
65,129012,795,5,36466,0.101,4,0,No
52,158154,378,6,15019,0.489,0,2,No
65,149878,850,4,68031,0.233,1,4,Yes
41,182333,605,27,63123,0.236,0,2,Yes
36,34795,319,0,8529,0.434,2,0,No
41,70309,455,25,86619,0.45,1,3,No
31,45180,416,26,14277,0.334,5,1,No
57,71335,749,20,28032,0.384,3,4,No
56,117887,327,1,39239,0.559,5,3,No
55,189340,628,25,84899,0.114,3,2,Yes
39,180561,663,9,96122,0.089,3,1,No
40,147352,718,1,20856,0.444,1,2,No
38,127267,321,19,59939,0.412,5,1,No
61,102402,560,13,75489,0.162,1,2,No
34,135551,359,21,12762,0.363,2,1,No
35,126010,712,20,64855,0.497,0,2,No
51,105808,462,6,68747,0.489,0,1,No
21,145823,413,9,35652,0.407,0,4,No
23,188233,653,30,57072,0.128,1,1,Yes
36,145469,495,7,24353,0.232,1,1,No
43,96922,344,25,54259,0.293,4,4,No
31,95874,478,0,8421,0.523,0,4,No
32,142253,792,28,93709,0.376,5,4,No
30,85361,624,30,16235,0.49,5,2,No
52,98836,669,7,31266,0.604,3,1,No
36,177472,646,15,9839,0.424,0,3,No
28,49641,414,13,7528,0.192,4,4,No
58,94833,656,18,94076,0.134,1,2,Yes
32,175404,466,25,36953,0.05,3,2,No
44,145899,653,27,28225,0.155,4,1,No
48,138398,414,29,43739,0.212,4,4,No
28,171273,707,9,94790,0.212,5,1,No
48,71129,622,17,18426,0.45,0,0,No
56,58808,840,29,49448,0.14,4,4,No
46,103346,341,1,85734,0.311,4,3,No
28,98524,759,4,53228,0.053,4,2,No
48,81625,418,28,67840,0.207,0,2,No
48,65327,749,1,49882,0.075,0,4,No
57,175651,740,19,69864,0.476,3,0,Yes
61,46483,488,2,32216,0.263,2,3,No
56,156575,584,30,89000,0.338,5,2,No
47,95880,403,23,59883,0.507,0,1,No
37,33947,756,8,67788,0.568,0,1,No
29,165605,610,10,30849,0.36,2,1,Yes
53,65916,683,15,62902,0.44,3,2,No
40,150468,464,29,58118,0.492,5,1,No
33,32012,706,27,65076,0.221,4,2,No
48,40213,775,13,81058,0.474,1,4,No
49,183635,357,29,89102,0.442,4,1,No
33,171284,715,13,93505,0.316,5,1,No
55,120660,550,21,5525,0.254,2,2,No
26,85188,519,19,50955,0.634,5,2,No
38,71576,459,10,80377,0.642,2,2,No
25,35711,486,10,98552,0.467,3,3,No
45,34515,763,29,47831,0.28,5,4,No
22,176265,797,17,26850,0.501,0,1,Yes
30,158496,629,10,9517,0.458,2,2,No
50,69344,648,23,31515,0.377,1,2,No
65,84595,799,30,40839,0.129,5,2,Yes
25,34200,789,13,36277,0.618,0,1,No
53,179103,579,18,87066,0.19,3,2,No
21,159288,463,17,92702,0.286,3,3,No
38,25016,697,3,32069,0.255,2,3,No
52,127974,367,12,90615,0.142,1,2,No
31,182450,727,1,57507,0.065,2,4,No
41,125927,731,18,39643,0.608,0,3,Yes
46,187806,674,8,20776,0.494,0,1,Yes
45,103886,722,22,82518,0.062,5,0,No
42,139817,377,10,79255,0.463,1,0,No
47,170522,787,30,46086,0.128,3,3,Yes
33,157545,469,16,60581,0.484,3,4,No
53,50525,337,25,66336,0.353,2,3,No
54,184644,589,4,35797,0.637,0,1,No
61,67028,470,20,20904,0.309,3,4,No
55,193151,591,8,48164,0.499,2,1,No
21,77047,721,15,62508,0.075,0,2,No
41,55110,404,11,94276,0.611,2,2,No
26,126040,705,0,59279,0.387,2,2,Yes
48,144786,758,16,20104,0.239,1,2,No
37,117424,547,13,81094,0.126,0,2,No
25,158018,608,25,10847,0.434,4,4,No
51,178015,672,6,48514,0.498,4,1,No
25,40740,405,22,65096,0.101,0,4,No
58,139988,614,26,5685,0.149,2,3,Yes
23,99712,838,15,18226,0.281,3,4,No
43,120402,371,14,77201,0.561,4,2,No
57,62269,677,23,88005,0.64,0,2,No
57,63682,795,3,56122,0.497,4,0,No
30,145359,484,29,90548,0.053,0,4,No
30,180673,433,22,33360,0.592,5,1,No
39,57850,473,21,47599,0.066,4,0,No
37,66132,692,14,72372,0.588,4,4,No
41,161876,363,16,76252,0.296,0,1,No
34,110061,714,1,95809,0.495,4,0,No
29,77034,702,7,49126,0.102,4,0,No
21,70061,412,5,49737,0.149,1,0,No
65,183491,364,6,22650,0.32,1,4,No
33,179818,700,23,5224,0.073,0,0,Yes
24,103348,589,27,86856,0.284,4,2,No
21,181408,782,15,98878,0.501,5,4,No
60,139892,719,30,72696,0.443,2,0,No
52,70952,614,4,48698,0.261,2,3,No
54,120996,388,20,5199,0.055,0,1,No
48,150982,656,17,88758,0.212,2,1,No
51,84379,817,19,62237,0.516,0,0,No
28,190392,664,10,69412,0.254,5,3,No
59,131120,566,1,39087,0.276,2,1,No
46,152852,705,6,56842,0.095,5,3,No
54,123111,438,29,53560,0.411,0,2,No
23,61516,464,29,75936,0.423,0,4,No
32,96114,405,14,21081,0.309,5,3,No
21,147078,448,26,76803,0.506,5,0,No
64,154657,484,8,55269,0.576,3,0,No
25,86240,709,26,85984,0.5,2,0,No
50,66798,500,1,77417,0.377,1,3,No
50,143371,519,3,85983,0.611,3,1,No
37,91473,769,26,80567,0.279,1,4,Yes
43,150811,733,14,20519,0.443,5,3,Yes
35,156496,328,7,12042,0.395,0,1,No
57,134806,363,24,68404,0.555,1,2,No
41,159123,395,3,36320,0.35,1,2,No
34,126209,839,7,24052,0.382,3,3,No
22,121878,809,6,24703,0.322,2,4,Yes
31,102774,639,12,39610,0.134,2,4,No
59,52786,550,4,35800,0.582,5,1,No
58,120204,578,19,84736,0.567,3,3,No
54,157339,338,21,53653,0.471,1,4,No
58,44650,368,21,90217,0.259,1,0,No
54,32017,576,17,86743,0.263,1,0,No
38,165921,419,18,75687,0.072,1,3,No
50,87453,385,10,39985,0.097,5,0,No
35,197716,476,5,50689,0.358,5,2,No
47,92762,391,3,74583,0.08,1,3,No
54,160460,719,2,12078,0.11,2,4,No
58,92958,380,28,51783,0.201,0,0,No
53,196066,640,19,49258,0.274,2,2,Yes
44,102568,720,5,9924,0.344,2,1,No
35,97852,527,14,50901,0.245,2,3,No
50,158915,772,2,24332,0.614,0,4,No
62,53015,387,16,78260,0.621,2,3,No
37,71546,649,29,67769,0.084,5,3,No
25,76055,489,21,98206,0.641,0,3,No
49,127528,435,30,60690,0.154,1,2,Yes
24,128283,624,1,9901,0.249,1,3,No
30,74577,339,24,65855,0.552,2,0,No
37,191241,586,15,11050,0.463,1,1,No
30,197781,555,21,53064,0.085,3,3,No
37,54415,719,16,40077,0.515,5,2,No
40,171757,838,10,47663,0.448,2,1,No
44,40963,590,3,44678,0.62,0,0,No
25,185770,615,20,91412,0.596,3,4,No
54,87415,431,11,18848,0.635,1,1,No
26,81400,838,7,92765,0.323,3,3,No
22,139731,602,2,12760,0.474,4,4,No
33,80450,581,10,9045,0.627,0,2,No
63,111962,791,12,16586,0.051,3,0,No
63,176650,579,24,15819,0.523,1,4,Yes
31,143639,799,8,20221,0.082,3,4,No
43,53842,498,14,47926,0.649,0,3,No
36,41531,674,11,51811,0.058,5,1,No
51,158242,599,9,40329,0.383,5,3,No
31,146843,598,26,92727,0.363,1,2,No
36,163369,621,20,85387,0.233,0,1,Yes
28,29163,409,3,24131,0.489,5,4,No
24,65794,770,6,35768,0.204,0,4,No
60,66787,711,28,79827,0.224,0,3,No
24,133248,812,8,63340,0.158,2,1,No
45,82219,779,5,83635,0.478,4,3,No
23,126243,439,6,74352,0.152,1,1,No
52,135224,803,16,37605,0.589,1,3,Yes
23,49448,359,3,60124,0.223,4,3,No
47,81437,482,30,69567,0.361,3,1,No
49,53299,718,1,37731,0.335,1,4,No
52,197191,526,16,84145,0.471,2,3,No
39,102093,690,28,10937,0.19,1,2,No
41,194720,443,26,27724,0.553,0,0,No
25,170168,326,6,14441,0.493,5,4,No
38,150113,807,10,41063,0.256,5,4,No
48,124317,426,25,15074,0.122,3,0,No
62,163463,755,19,29130,0.353,0,0,Yes
42,99891,580,17,66799,0.638,4,4,No
41,65286,694,20,57978,0.065,0,1,No
26,116353,618,6,71603,0.557,3,0,No
21,136027,740,17,69936,0.47,1,4,No
25,62595,640,22,99842,0.16,0,2,No
61,153840,418,18,88639,0.336,4,0,No
32,87740,667,13,15754,0.427,3,3,No
46,75929,684,7,40185,0.468,5,4,No
54,57827,809,6,93631,0.603,2,0,No
34,51209,457,0,25262,0.574,5,2,No
46,122654,385,24,92719,0.247,2,3,No
65,133947,660,30,59566,0.122,5,2,No
47,98396,384,5,98082,0.113,1,2,No
29,169878,658,27,54771,0.631,1,0,No
46,138254,432,30,7114,0.623,0,1,No
42,181478,686,28,43628,0.542,4,0,No
50,190432,546,3,30920,0.638,2,3,No
63,105000,440,15,99153,0.215,5,1,No
37,63865,746,14,8586,0.545,1,3,No
46,162530,375,21,39174,0.351,3,4,No
56,34151,397,17,36874,0.53,3,3,No
21,155759,602,17,66281,0.416,3,3,No
28,97024,765,7,31611,0.558,5,3,No
55,180613,354,9,68891,0.288,3,3,No
35,149001,604,4,30994,0.643,2,0,No
42,177875,833,6,63194,0.182,1,3,Yes
34,68183,334,16,23138,0.454,4,1,No
46,87323,839,5,78367,0.532,1,0,No
48,148978,788,10,53325,0.401,1,2,No
43,115254,439,26,54216,0.224,1,0,No
34,167242,399,9,62682,0.387,0,1,No
44,72284,672,6,26875,0.353,5,0,No
22,165332,322,25,10753,0.164,1,4,No
65,163708,583,6,99187,0.508,3,4,No
46,127491,412,9,14375,0.21,0,2,No
34,61108,672,12,43589,0.549,5,3,No
27,40941,496,2,17214,0.179,1,0,No
23,184427,463,27,99703,0.351,2,1,No
43,97836,730,24,56777,0.467,2,2,Yes
63,112719,309,27,25237,0.647,2,0,Yes
65,189805,697,8,61365,0.213,3,2,No
38,32444,451,4,68180,0.431,2,0,No
58,116291,490,24,20665,0.142,3,1,No
55,113598,576,15,88772,0.542,0,4,No
35,170682,792,28,12568,0.567,5,0,Yes
45,91036,542,10,27042,0.583,3,3,No
57,29554,787,22,24325,0.617,4,4,No
48,50545,575,22,17597,0.263,4,3,No
30,155745,489,24,12708,0.45,0,1,No
59,86971,606,17,99476,0.239,4,2,No
37,71059,595,25,92472,0.532,1,4,No
59,162843,533,14,22432,0.299,2,1,No
42,94468,640,4,22751,0.383,3,4,No
46,51055,492,7,80759,0.13,1,3,No
64,193274,663,7,81899,0.56,2,0,No
45,183772,557,18,32030,0.34,4,4,No
37,28567,810,4,64951,0.434,0,2,No
33,198908,530,27,23083,0.452,3,3,No
40,51627,313,3,69934,0.215,2,2,No
45,194640,313,19,11200,0.527,1,0,No
24,176832,509,17,87010,0.55,4,0,No
30,186057,339,21,21577,0.359,2,0,No
23,104944,333,11,27921,0.591,0,2,No
61,120368,533,0,49527,0.147,1,2,No
65,65785,589,7,91215,0.299,3,4,No
38,191655,732,27,35728,0.077,0,0,Yes
56,189810,617,25,86139,0.289,5,3,No
42,49204,707,8,81359,0.648,0,0,No
54,41643,379,26,88738,0.328,3,1,No
28,95561,475,20,75462,0.302,4,2,No
60,62126,584,12,15153,0.463,0,0,No
64,83126,617,21,22620,0.079,2,2,Yes
39,107424,709,0,37040,0.262,0,4,No
62,149453,441,5,81193,0.37,5,3,No
61,70258,546,0,93924,0.34,1,4,No
57,59527,476,13,25139,0.435,4,1,No
26,48898,643,4,44375,0.133,3,2,No
46,28794,563,12,55432,0.292,0,1,No
54,170770,467,24,94004,0.43,5,2,No
65,168404,324,4,27062,0.231,4,2,No
26,34593,826,30,96868,0.418,4,1,No
57,83132,827,14,12573,0.625,0,1,No
53,145973,609,29,60891,0.608,2,4,Yes
42,126633,327,2,10797,0.485,4,0,No
41,36036,669,27,92062,0.157,1,4,No
26,119097,683,30,55078,0.521,2,2,No
26,78164,593,29,87616,0.318,1,1,No
24,175423,778,3,6232,0.621,2,4,No
50,83413,336,2,80771,0.417,4,3,No
31,43059,846,19,9130,0.181,4,4,No
50,52188,671,11,45641,0.237,1,3,No
51,123591,401,27,87100,0.241,0,0,No
44,106795,654,25,99238,0.216,2,4,No
29,36829,764,30,85281,0.513,3,3,No
23,98673,779,13,37542,0.252,4,3,No
51,49502,515,5,45135,0.167,0,1,No
60,183276,626,18,68439,0.408,2,3,No
57,26265,546,29,31507,0.329,3,0,No
56,191823,387,4,46140,0.063,3,0,No
44,180387,633,22,27098,0.217,4,3,No
51,72457,499,16,14661,0.073,2,4,No
26,71875,682,18,32705,0.51,0,4,No
22,85359,727,26,67924,0.621,0,4,Yes
40,131334,634,21,14532,0.35,4,2,No
48,147950,749,25,19915,0.385,1,2,Yes
31,199492,515,17,69189,0.557,3,3,No
24,189451,554,23,47988,0.061,1,0,No
35,89102,828,22,89911,0.147,1,0,No
26,126827,804,11,39887,0.443,1,3,Yes
50,117688,737,17,53602,0.495,3,1,No
58,84469,769,4,26831,0.426,0,0,No
22,120789,305,12,25343,0.614,2,3,No
35,190468,518,30,87588,0.285,2,0,No
31,38176,812,3,65048,0.383,0,2,No
28,90036,812,30,20360,0.624,1,3,No
46,32907,488,17,13287,0.59,1,1,No
65,28372,546,19,8283,0.068,1,3,No
64,183644,727,8,34696,0.261,5,4,No
25,49592,849,25,85792,0.493,1,1,No
26,169174,662,1,77360,0.051,4,1,No
46,133093,695,25,28258,0.568,5,0,Yes
24,181714,435,9,44574,0.351,4,1,No
39,28139,733,12,60569,0.102,2,0,No
40,102179,617,5,35814,0.315,0,3,Yes
53,43643,834,19,56867,0.346,0,2,Yes
40,129425,800,7,28923,0.27,4,4,No
32,85117,648,12,96625,0.323,5,1,No
21,184852,358,3,94828,0.585,1,2,No
46,131485,439,24,73082,0.244,5,2,No
34,138607,503,30,71534,0.627,2,0,No
58,85332,457,25,78184,0.462,0,0,No
57,55632,629,18,73850,0.588,2,4,No
31,194565,495,6,69464,0.175,0,3,No
56,185480,730,14,66946,0.345,5,0,No
33,112157,818,4,96744,0.389,4,3,No
63,182011,771,29,59760,0.101,0,3,Yes
23,61843,757,26,63203,0.346,1,2,Yes
53,63930,344,16,15403,0.567,5,1,No
26,185942,337,18,59662,0.081,1,2,No
30,130940,640,24,62633,0.435,1,4,Yes
25,83103,601,28,48840,0.643,3,1,No
43,65770,492,24,71051,0.366,4,2,No
30,136757,431,20,24573,0.232,1,4,Yes
64,55158,767,29,14241,0.401,0,1,No
22,113992,469,4,62491,0.375,1,3,No
33,72401,564,10,9812,0.113,4,4,No
60,169064,498,3,55274,0.179,0,3,No
22,181462,582,13,48657,0.452,4,1,No
40,70858,704,30,30351,0.406,4,4,No
21,172828,846,3,85785,0.257,3,4,No
57,178043,779,3,83992,0.637,1,2,No
29,163143,503,1,16332,0.437,0,3,No
37,109811,770,6,87205,0.188,2,3,Yes
29,154970,648,18,8678,0.333,3,4,Yes
31,31586,342,0,69422,0.477,5,4,No
35,44703,781,11,62404,0.453,1,0,No
44,101177,676,26,65787,0.198,3,2,Yes
58,61735,377,25,31192,0.439,2,3,No
55,123525,335,18,64636,0.25,5,3,No
50,64648,682,24,55401,0.325,0,4,No
51,168201,473,11,75250,0.451,3,3,No
25,61656,629,8,76714,0.399,4,1,No
64,185737,354,25,57412,0.478,1,4,No
34,169571,578,6,25938,0.279,1,3,No
31,100888,758,0,70377,0.501,0,1,No
29,44654,824,5,11983,0.059,5,4,No
54,155117,754,9,13483,0.163,0,0,Yes
32,111613,791,0,57345,0.634,1,3,No
55,43982,373,17,27838,0.102,2,2,No
55,124970,754,2,74284,0.447,3,1,No
21,106848,454,10,54725,0.6,5,4,No
60,134577,818,26,38599,0.566,1,3,Yes
42,104874,674,13,90926,0.598,0,3,No
49,55173,605,5,7762,0.64,1,3,No
28,151765,642,10,94077,0.264,4,0,No
31,62525,343,6,87699,0.248,4,3,No
61,52328,847,7,66767,0.123,1,2,No
57,167432,740,24,83983,0.171,5,2,No
34,141242,396,22,82892,0.442,5,0,No
50,129419,464,21,8180,0.249,3,0,No
55,47625,402,4,18257,0.255,4,1,No
41,132576,735,25,61066,0.438,2,3,No
57,41471,680,17,50610,0.113,2,3,Yes
25,64883,746,14,64812,0.084,0,4,Yes
39,27703,306,23,60893,0.532,0,1,No
34,90524,393,20,57504,0.524,1,0,No
46,190587,743,25,73099,0.281,4,4,Yes
24,40151,778,17,44865,0.406,2,0,No
45,74190,793,2,86031,0.193,4,2,No
65,81195,336,9,25957,0.271,1,2,No
62,151559,832,25,27094,0.072,5,0,No
45,89108,397,27,54024,0.214,4,2,No
38,174607,320,30,61562,0.06,3,2,No
60,127241,531,14,19699,0.304,4,4,Yes
28,130190,767,22,70420,0.362,0,0,No
59,68050,653,25,87371,0.347,5,4,No
60,57976,371,7,23936,0.254,1,1,No
34,25599,651,20,55859,0.174,2,2,No
52,84867,351,25,11894,0.323,3,0,No
58,28709,521,7,28616,0.572,5,4,No
53,180182,624,28,30613,0.64,2,2,No
43,74365,759,13,91746,0.238,0,1,Yes
35,30723,466,9,78853,0.635,5,3,No
53,137308,582,12,98721,0.311,3,1,No
45,183466,800,9,20214,0.418,0,1,Yes
37,89120,666,5,16239,0.532,0,2,No
53,35316,335,17,20612,0.266,4,3,No
22,178694,827,15,20745,0.175,3,2,Yes
34,180916,554,27,28311,0.214,5,0,No
60,131276,499,29,84067,0.553,3,2,No
60,46162,330,27,67045,0.611,2,0,No
59,53833,785,17,42363,0.127,0,4,Yes
26,173278,558,23,26819,0.467,1,2,No
26,151515,552,19,33609,0.071,3,1,No
23,145788,793,23,74267,0.575,1,2,No
27,76747,533,24,82693,0.564,3,3,No
28,115037,406,5,89126,0.515,5,1,No
62,138850,635,8,22027,0.545,2,2,No
35,143641,352,15,33927,0.413,1,1,No
49,143519,341,5,81698,0.138,3,0,No
53,144271,559,10,20739,0.599,0,0,No
50,80387,668,29,28915,0.135,2,3,No
59,50226,509,2,17510,0.185,0,2,No
47,131287,765,7,86350,0.31,1,1,No
56,162572,341,0,66970,0.349,2,0,No
49,26634,652,21,83145,0.108,0,3,No
58,170131,558,14,17109,0.507,4,3,No
53,140855,636,14,58091,0.132,1,1,Yes
57,29076,694,18,50930,0.443,0,0,No
47,131694,404,25,94718,0.321,4,3,No
53,63210,423,9,78005,0.537,3,4,No
24,153798,398,18,93283,0.227,4,1,No
42,182003,305,8,11309,0.552,4,2,No
22,57007,566,6,74570,0.201,4,4,No
30,178816,342,28,7204,0.395,1,1,No
25,186468,568,13,90751,0.342,2,3,No
30,113619,850,1,51008,0.262,4,3,No
53,147315,494,21,31878,0.057,1,2,No
58,91038,623,27,33595,0.289,3,0,No
33,168828,364,12,84535,0.121,1,2,No
51,166677,500,19,24448,0.185,2,0,No
56,178488,541,25,87108,0.463,4,4,No
65,81558,306,26,13642,0.393,4,4,No
44,193559,518,22,84023,0.366,5,3,No
35,131052,302,3,45925,0.388,5,2,No
49,118079,763,6,42969,0.122,0,1,Yes
28,121816,604,21,31375,0.149,0,1,No
25,158942,613,7,67281,0.376,1,1,No
49,152942,777,22,90717,0.294,4,1,Yes
24,160830,710,15,12490,0.328,3,3,No
32,136342,797,24,8452,0.577,3,1,Yes
65,194808,833,19,23189,0.161,1,3,No
22,90138,656,8,20918,0.596,5,1,No
47,75250,370,20,67487,0.564,4,3,No
51,142857,312,28,78050,0.591,2,2,No
56,140070,705,10,55621,0.435,0,4,Yes
56,65558,816,24,26945,0.568,2,3,No
46,78092,321,30,51841,0.645,5,3,No
63,100121,608,13,24230,0.333,3,4,No
47,147140,594,26,70071,0.567,2,3,No
25,155877,848,3,13666,0.592,0,2,No
40,80604,330,30,74676,0.236,1,0,No
31,62039,361,18,80932,0.316,0,4,No
30,94859,520,14,81700,0.394,2,3,No
60,117506,658,13,34293,0.259,4,2,Yes
58,125342,682,22,6214,0.243,3,1,No
26,30461,817,15,39801,0.278,4,4,No
28,65831,636,19,82359,0.304,2,1,No
43,76137,461,20,80147,0.201,0,2,No
46,59030,457,2,82261,0.334,4,4,No
63,161803,312,5,42806,0.517,1,3,No
32,46500,485,28,34889,0.425,2,0,No
46,58117,608,3,19372,0.278,3,0,No
33,119138,447,0,12930,0.144,5,3,No
60,187246,354,17,93108,0.544,2,2,No
38,58208,809,7,26688,0.357,2,1,No
45,109728,344,15,74118,0.633,5,2,No
53,109482,385,30,37268,0.202,1,4,No
60,50960,591,19,82128,0.155,0,0,No
63,166319,563,27,81087,0.055,2,0,No
32,121342,567,15,94289,0.1,4,3,No
64,132918,524,14,97900,0.281,4,4,No
56,139761,515,30,97549,0.169,5,4,No
24,51038,530,25,42608,0.073,4,0,No
25,183842,476,1,83233,0.185,4,1,No
57,147232,816,28,58436,0.487,0,4,Yes
28,97485,812,11,92125,0.491,0,2,No
62,82773,403,3,30205,0.14,4,3,No
48,108391,400,22,72754,0.612,3,2,No
51,77633,604,10,99693,0.145,0,4,No
29,147226,650,1,78497,0.104,2,3,No
49,175636,750,5,30040,0.148,0,0,Yes
34,174186,568,16,25190,0.134,5,2,No
60,57803,671,27,89505,0.429,3,2,No
61,140708,337,18,78279,0.144,0,2,No
42,154997,362,8,88645,0.431,0,2,No
31,128838,804,4,42361,0.216,2,3,Yes
43,48545,564,13,62204,0.199,1,1,No
21,87759,834,15,21645,0.588,5,3,No
57,131313,378,26,57333,0.179,1,4,No
41,101488,484,23,17605,0.569,3,1,No
46,142805,794,0,49609,0.232,1,2,Yes
56,78866,669,19,27185,0.645,3,0,No
43,152145,630,2,17826,0.639,0,0,No
21,95499,739,9,67272,0.547,0,0,No
60,103243,537,24,49113,0.571,2,3,No
35,145779,591,14,89692,0.544,3,4,No
41,168932,725,22,17864,0.428,0,4,Yes
29,107946,594,27,96807,0.535,5,1,No
29,143353,799,2,79090,0.427,1,0,No
30,42670,336,29,17449,0.555,3,0,No
46,109766,825,0,8502,0.611,0,1,Yes
61,197352,696,12,97941,0.502,4,2,No
55,114694,695,14,45822,0.629,1,0,No
45,191133,321,20,42501,0.319,3,2,No
46,75764,639,9,21629,0.605,0,3,No
31,140164,794,2,55440,0.186,1,2,Yes
58,48810,702,26,26612,0.069,1,1,No
22,134660,502,17,62506,0.127,5,2,No
27,115894,645,18,22304,0.146,1,3,No
38,40933,314,20,69842,0.545,4,1,No
47,186106,329,4,96693,0.291,1,0,No
54,26947,328,9,14084,0.19,0,0,No
47,44715,459,23,52372,0.537,0,4,No
37,55956,571,15,68007,0.171,1,4,No
63,105846,719,19,60197,0.097,4,0,No
64,41303,788,17,31449,0.33,0,3,No
44,138318,475,7,92782,0.092,0,3,Yes
45,49031,530,12,31818,0.217,1,0,No
27,119786,617,30,16718,0.47,3,3,No
26,112389,766,7,8894,0.275,3,1,No
44,174049,739,25,76265,0.102,2,2,Yes
53,67707,355,12,72207,0.292,3,1,No
49,170537,630,23,69938,0.358,4,1,No
63,100761,572,11,36151,0.2,0,3,Yes
42,172712,320,12,17831,0.153,4,0,No
46,56535,464,29,26863,0.507,2,0,No
48,195352,791,26,59605,0.091,4,0,Yes
41,27991,717,16,31948,0.624,2,2,No
27,173873,566,14,73870,0.055,4,0,No
37,114680,637,27,29521,0.441,2,0,No
40,32965,487,8,21020,0.13,0,3,No
61,169802,774,19,93988,0.378,2,4,No
40,54553,507,3,9549,0.162,3,4,No
42,143802,373,23,32173,0.071,1,3,No
48,33301,693,11,26096,0.566,2,0,Yes
60,43936,789,23,8458,0.304,2,4,No
27,170227,325,21,43052,0.215,2,0,No
21,152978,836,3,91544,0.618,1,1,No
52,152230,814,12,72232,0.099,3,2,Yes
33,73848,556,2,44460,0.259,3,0,No
50,27042,579,4,93190,0.156,1,3,No
43,174637,332,12,18728,0.645,3,3,No
39,62260,593,13,10882,0.378,1,3,No
52,61326,607,7,51363,0.537,5,2,No
50,67581,590,22,49663,0.148,2,0,No
49,159730,603,10,29941,0.233,0,4,No
65,106855,342,7,43969,0.422,4,1,No
49,109614,779,30,25143,0.157,5,0,No
50,127188,382,29,77574,0.35,4,2,No
36,193620,503,11,65913,0.609,5,0,No
60,175740,437,10,17722,0.608,2,1,Yes
39,196357,382,16,39157,0.263,1,2,Yes
38,178618,450,26,18839,0.36,0,4,No
21,62874,618,12,68210,0.169,2,0,No
34,76318,546,3,91239,0.637,2,2,No
22,62165,336,12,82232,0.362,2,0,No
48,81820,567,8,64244,0.174,4,2,No
50,70411,414,21,57824,0.557,2,1,No
58,110312,380,13,25110,0.302,5,3,No
24,61479,826,11,42865,0.432,4,0,No
21,145567,635,25,30626,0.556,3,2,No
28,124890,383,23,34230,0.236,2,2,No
49,64906,453,29,75809,0.397,5,2,No
59,154523,552,12,35151,0.084,0,1,No
23,98198,801,7,89392,0.191,4,3,No
52,97940,747,4,85392,0.133,1,0,No
30,198677,572,10,64573,0.437,3,2,No
30,34542,806,23,81294,0.203,2,0,No
39,52774,431,19,8611,0.506,4,0,No
54,164628,624,5,89957,0.507,1,2,No
53,103342,650,6,20421,0.521,5,4,No
43,142887,382,21,63294,0.13,2,3,No
48,198658,425,21,65018,0.366,5,2,No
52,151081,513,30,10192,0.457,4,1,No
27,39864,761,23,84970,0.244,2,0,No
49,120552,404,29,95814,0.206,4,0,No
28,83989,670,14,26810,0.481,0,0,Yes
21,81093,362,4,43092,0.261,0,1,No
23,58749,768,23,37559,0.199,5,2,No
44,84739,325,8,77259,0.388,3,3,No
43,199068,300,27,6289,0.422,0,2,Yes
28,42305,393,19,76033,0.516,0,4,No
57,102474,751,30,19873,0.075,2,1,Yes
23,41318,311,18,8966,0.155,1,3,No
53,77810,597,4,20284,0.516,5,3,No
48,151662,719,12,96050,0.369,4,4,Yes
28,146752,466,25,96802,0.534,4,4,No
54,193892,553,25,88221,0.319,3,1,No
55,86800,593,11,81395,0.326,0,2,No
52,95942,443,4,27304,0.277,3,0,No
44,45661,508,29,8545,0.465,2,0,No
34,108394,525,6,20198,0.404,3,3,No
52,55816,757,2,65596,0.286,1,4,No
63,37850,583,12,49380,0.163,0,3,No
36,195938,785,10,79084,0.051,4,1,Yes
24,182716,410,9,62466,0.105,4,3,No
57,77919,649,29,95425,0.115,4,2,No
41,52428,632,8,7318,0.392,3,2,No
34,130023,379,29,26685,0.506,4,0,No
51,139160,685,28,86650,0.324,5,1,No
38,131898,703,5,15941,0.299,0,4,No
27,189452,627,13,64448,0.129,2,0,No
30,97822,593,9,62983,0.591,3,3,No
27,100604,793,24,40918,0.491,3,3,No
53,159089,483,16,93121,0.3,0,2,No
43,34926,511,1,41345,0.108,1,3,No
41,69508,550,25,63784,0.558,5,4,No
39,179558,466,1,30133,0.152,1,2,No
39,150799,842,26,28247,0.454,2,0,Yes
56,120933,461,23,91013,0.254,0,4,No
49,185583,572,3,87785,0.566,2,2,No
38,150030,835,6,29660,0.402,1,2,Yes
22,139541,718,19,73075,0.186,4,3,No
21,35002,706,3,53776,0.058,3,0,No
25,73586,691,7,26552,0.177,4,1,No
40,93737,737,13,91854,0.269,1,2,No
31,154157,386,26,57045,0.475,2,4,No
62,52048,704,25,17637,0.18,1,3,No
22,196396,574,19,61151,0.207,4,3,No
23,152912,714,2,28986,0.311,5,0,No
43,104517,626,10,76559,0.076,0,4,No
32,170597,411,25,49342,0.511,0,3,No
40,146443,601,24,85576,0.097,5,4,No
25,77634,435,2,17769,0.492,2,3,No
57,86491,632,4,32219,0.211,2,1,No
58,147416,302,15,94182,0.326,5,4,No
50,30565,461,10,54678,0.296,3,4,No
29,105483,811,0,74298,0.202,4,2,No
54,131234,376,8,34252,0.203,2,4,No
64,97053,484,21,43645,0.619,2,3,No
55,39287,779,4,28765,0.233,4,2,No
42,102365,462,19,61331,0.16,3,2,No
64,158494,320,23,74292,0.2,3,4,No
44,54060,597,10,26150,0.467,1,2,No
37,66633,598,1,25277,0.235,4,4,No
30,130251,581,29,35428,0.153,0,4,Yes
50,38790,771,9,17437,0.299,0,2,No
43,156059,709,4,14455,0.121,0,3,Yes
52,181240,691,23,46787,0.289,4,2,Yes
37,180091,464,16,5283,0.567,4,0,No
37,199811,381,11,58140,0.274,3,4,No
34,28668,463,2,12626,0.358,1,1,No
29,101280,403,6,82130,0.523,1,1,No
60,53754,429,10,76126,0.36,3,1,No
22,110058,419,30,42097,0.078,4,1,No
65,29509,558,10,46292,0.179,4,4,No
45,158572,403,25,25522,0.587,4,4,No
59,143981,663,11,38558,0.531,0,2,No
29,100440,845,4,31720,0.506,3,2,No
42,51921,668,9,17660,0.378,4,1,No
63,79551,625,24,67041,0.262,3,4,No
24,41683,484,11,33067,0.467,1,2,No
46,102952,693,13,24749,0.448,0,2,No
49,39833,643,0,99198,0.436,5,2,No
65,43290,829,26,98967,0.352,5,4,No
54,39003,716,13,86481,0.206,1,0,No
43,148086,530,6,7299,0.311,3,1,No
57,96656,434,9,88243,0.357,1,2,No
31,66253,344,11,26264,0.18,2,2,No
26,113022,791,5,36027,0.188,5,1,No
38,178778,721,15,78494,0.525,3,4,No
41,112231,850,9,33672,0.242,3,3,No
62,129791,444,19,31716,0.634,3,1,No
56,198804,616,26,70816,0.312,4,1,Yes
61,57716,592,11,90509,0.415,0,3,No
58,31880,835,26,23889,0.352,5,3,No
54,53949,765,9,9583,0.346,0,1,No
37,91064,348,9,69309,0.584,4,2,No
57,68093,758,21,5406,0.106,1,3,Yes
45,178916,724,25,22682,0.257,5,0,Yes
58,178432,367,10,54079,0.222,4,0,No
32,112941,808,8,91942,0.246,5,1,No
43,152668,509,8,85998,0.598,2,2,No
62,149240,599,11,38573,0.092,3,3,No
42,68322,423,1,14618,0.22,4,1,No
41,176776,591,13,49138,0.493,0,3,No
47,73181,720,8,57608,0.193,1,0,No
51,186661,349,28,80128,0.55,5,2,No
26,112972,482,17,15417,0.248,5,0,No
47,137431,546,21,66537,0.118,0,4,No
60,115179,387,28,44481,0.362,5,0,No
54,108562,849,22,46296,0.357,4,3,Yes
32,165284,371,29,42473,0.073,4,4,No
65,169922,590,24,30312,0.481,4,0,No
27,64767,803,26,87170,0.135,4,4,No
30,32322,612,12,84772,0.178,2,0,No
65,60911,587,21,53629,0.387,4,2,No
37,30678,807,15,26860,0.584,5,0,No
46,90265,370,12,72799,0.062,2,0,No
41,91918,460,7,23863,0.544,5,0,No
48,177852,426,25,49166,0.502,5,2,No
22,183578,755,30,75699,0.147,0,2,Yes
63,198368,828,11,50727,0.274,3,0,Yes
21,195954,603,18,69202,0.594,0,3,No
56,85510,789,9,43815,0.138,5,2,No
46,67202,538,21,29650,0.117,3,4,No
49,157777,475,1,87771,0.491,5,4,No
41,112983,509,14,57408,0.333,4,3,No
31,196802,658,16,61225,0.22,4,0,No
60,115016,488,27,19574,0.153,5,2,No
31,56051,808,5,83449,0.483,5,3,No
56,142282,332,27,14916,0.314,3,0,No
59,102665,800,2,39974,0.194,4,1,No
60,149559,611,10,9382,0.616,5,4,No
55,186857,839,27,42387,0.387,1,3,Yes
54,147827,450,4,78506,0.262,0,2,No
44,54402,818,21,96113,0.482,2,1,No
42,27704,410,12,49022,0.348,5,1,No
25,52027,431,15,7360,0.056,0,1,No
53,84092,819,25,62370,0.554,4,0,No
56,30725,604,21,17174,0.09,4,4,No
40,89105,328,27,80229,0.644,1,2,No
39,181295,650,9,95019,0.26,4,2,Yes
55,117305,817,12,96501,0.365,3,0,No
63,183456,791,22,93471,0.65,1,3,No
37,87993,707,30,97497,0.212,4,0,Yes
65,122681,807,22,99615,0.328,2,0,Yes
63,133033,404,10,99175,0.503,2,0,No
54,55027,619,15,6099,0.33,5,1,No
29,168839,345,5,25738,0.25,3,1,No
46,112017,540,27,22922,0.122,1,1,No
22,43354,569,0,44196,0.358,3,0,No
29,73777,336,7,81853,0.381,4,1,No
29,177973,504,25,31021,0.19,5,0,No
60,74966,785,29,69734,0.25,0,4,Yes
37,41515,409,19,34504,0.229,4,1,No
21,180878,785,16,26220,0.306,0,3,Yes
45,123698,617,9,10780,0.529,5,4,No
63,28573,375,28,78453,0.25,3,2,No
60,198013,797,1,47536,0.213,4,3,No
62,130410,778,18,69233,0.554,1,3,Yes
45,68915,688,5,67995,0.537,3,1,No
59,30060,663,1,90563,0.526,0,1,No
55,154471,608,17,21074,0.496,0,0,No
23,80421,362,13,96066,0.583,0,2,No
57,70610,566,5,78910,0.478,2,3,No
64,35933,332,11,7306,0.152,2,1,No
64,97168,339,19,12803,0.07,3,3,No
50,68898,559,20,61181,0.159,0,3,No
58,30589,566,26,87189,0.269,0,0,No
54,36612,524,7,75444,0.082,2,4,No
32,72611,682,2,7398,0.504,4,0,No
39,43888,797,4,64106,0.435,5,3,No
57,44417,304,16,59459,0.481,0,4,No
64,70440,745,25,43064,0.107,4,4,Yes
37,191816,587,19,53520,0.247,0,2,Yes
30,36891,357,29,94525,0.326,1,1,No
32,97131,371,29,22221,0.412,4,4,No
36,87093,840,4,69860,0.532,5,4,No
44,53557,381,13,37563,0.636,2,1,No
39,136129,576,28,82293,0.099,1,2,No
28,108817,821,19,83910,0.435,4,4,No
51,27192,435,27,6780,0.131,1,2,No
41,198933,413,13,47517,0.23,2,2,No
37,59946,456,8,67774,0.513,5,4,No
43,74884,695,7,93688,0.646,2,1,No
57,71360,528,10,83957,0.366,1,2,No
36,88252,554,27,69002,0.262,1,1,No
26,153651,478,28,33929,0.178,2,3,Yes
28,66472,528,17,83363,0.52,1,4,No
45,60455,666,8,68908,0.592,0,0,No
38,53672,330,1,72012,0.559,5,4,No
45,28756,407,21,28839,0.356,5,1,No
32,131927,581,1,54616,0.403,3,4,No
35,95030,689,5,14290,0.552,4,3,No
46,83151,840,5,13293,0.607,2,2,No
61,59047,828,10,71046,0.613,5,0,Yes
65,158293,703,22,76970,0.464,3,1,No
46,30164,469,9,16822,0.165,5,1,No
52,58622,474,12,92953,0.238,0,0,No
30,60980,373,20,31746,0.21,2,4,No
36,144528,753,27,10784,0.154,3,0,Yes
27,109688,808,18,75061,0.2,3,1,No
37,179684,539,27,35011,0.572,0,4,Yes
43,103066,395,30,27759,0.512,5,1,No
46,144947,813,1,78310,0.076,5,1,No
41,113660,501,28,94110,0.139,4,3,No
42,133115,336,19,37633,0.641,5,2,No
27,58043,390,28,70997,0.186,1,2,No
34,146886,532,13,81364,0.431,1,0,No
35,102831,552,27,61246,0.173,5,4,No
27,91250,670,0,34987,0.19,2,1,No
29,194894,743,26,75359,0.349,2,2,Yes
28,91345,740,11,32504,0.343,4,0,No
43,110898,363,17,49401,0.438,0,4,No
49,156108,304,23,95132,0.151,1,4,No
38,188474,371,15,56521,0.208,1,4,No
51,115034,696,4,67072,0.424,5,0,No
50,118923,629,20,98656,0.108,1,1,No
59,35273,847,18,32328,0.596,0,0,No
55,181102,446,13,89426,0.157,3,0,No
38,152419,714,10,47319,0.313,5,3,No
62,77460,648,16,89634,0.115,0,3,No
59,135803,664,21,15255,0.461,2,4,No
37,101939,715,14,15541,0.246,0,3,Yes
34,175111,806,15,96494,0.094,1,1,No
51,39017,822,30,64079,0.406,5,1,No
44,107901,549,13,34615,0.638,0,3,No
55,138000,548,27,56218,0.573,1,2,No
64,64215,650,16,32225,0.472,1,4,No
65,37583,568,3,47532,0.058,3,4,No
54,188991,747,13,92737,0.566,1,4,No
23,72025,382,3,96574,0.588,4,4,No
57,82943,840,26,52412,0.073,5,1,No
63,165586,706,2,19382,0.123,4,1,No
60,194488,638,3,17418,0.321,0,4,Yes
46,26511,379,29,7135,0.291,1,2,No
43,174714,394,21,17629,0.227,2,0,No
64,107151,558,5,17326,0.169,4,4,No
59,49225,421,29,84688,0.379,4,1,No
35,176918,423,26,43048,0.513,1,1,No
24,54152,834,21,49705,0.612,4,0,No
49,131053,588,21,67512,0.231,3,0,No
42,91107,761,3,24760,0.472,2,2,No
45,149387,391,26,62737,0.523,2,1,No
33,182260,323,6,21735,0.337,1,0,No
38,85910,406,6,77513,0.603,5,1,No
53,67530,351,17,76750,0.064,5,2,No
36,103753,593,11,38751,0.59,3,1,No
65,66999,599,15,29310,0.586,1,3,No
62,31609,644,5,65875,0.132,4,0,No
64,74322,681,4,14315,0.314,1,0,No
22,30151,493,9,80226,0.36,3,2,No
55,31406,735,16,21896,0.291,4,2,No
62,87678,684,29,9771,0.587,4,2,No
54,72062,671,2,72551,0.478,2,0,No
50,189028,619,8,28514,0.124,3,0,No
33,136377,538,28,31142,0.606,4,3,No
33,78830,691,26,34792,0.078,4,0,No
38,38133,584,24,79349,0.407,4,1,No
52,37209,312,9,26177,0.364,3,0,No
52,134828,684,24,68999,0.093,3,0,No
55,99681,840,26,71612,0.468,1,2,Yes
59,79345,592,9,77152,0.628,4,0,No
49,67585,556,20,63982,0.325,2,3,No
49,59638,407,5,19413,0.358,0,1,No
64,45645,482,24,56447,0.28,3,3,No
36,43408,666,3,96569,0.575,2,4,No
64,37521,833,10,93836,0.607,2,1,No
30,112414,822,19,67259,0.288,5,4,No
50,153432,584,27,87832,0.585,5,0,No
45,148520,558,8,90637,0.173,0,2,No
59,63221,472,11,64844,0.325,3,3,No
40,125131,629,22,63873,0.201,3,1,No
25,177158,751,21,40196,0.184,5,1,Yes
21,41923,770,9,80611,0.564,1,2,No
50,106761,380,5,8004,0.479,3,3,No
23,32202,620,12,69905,0.09,5,2,No
65,120675,740,30,30456,0.504,2,4,No
34,193278,698,4,87236,0.394,1,0,No
50,175957,487,27,91674,0.522,4,4,No
24,135443,737,26,81717,0.406,5,2,No
38,36218,747,3,49883,0.276,3,1,No
57,70692,769,2,18613,0.347,1,3,No
45,122148,839,29,77539,0.135,0,1,No
21,31716,760,22,19332,0.236,4,2,No
35,41088,814,4,86787,0.063,0,2,No
29,56001,536,17,45770,0.294,0,1,No
35,178656,480,2,67231,0.105,2,1,No
44,156022,709,4,45513,0.446,5,1,No
24,29286,815,8,91545,0.598,3,3,No
32,160811,371,27,54904,0.494,2,0,No
57,55158,481,5,76597,0.174,2,0,No
57,125393,403,14,95671,0.354,1,2,No
63,30605,571,26,85701,0.477,1,3,No
26,81492,586,17,42605,0.533,5,1,No
59,28321,386,7,72226,0.22,4,0,No
44,37170,685,11,25029,0.336,2,3,No
31,81045,372,29,38125,0.113,5,1,No
33,165005,609,21,6357,0.486,3,3,No
54,165978,742,5,71368,0.311,0,3,Yes
45,135540,535,28,28859,0.075,2,4,Yes
27,179886,529,29,21384,0.368,1,3,Yes
24,126101,553,7,40367,0.525,4,4,No
28,25818,654,30,54735,0.077,0,2,No
40,33434,794,22,78872,0.292,0,3,No
49,146494,709,14,98184,0.339,1,0,No
65,55571,498,15,28018,0.65,5,3,No
30,65694,728,28,28019,0.181,4,0,Yes
63,119426,774,30,56916,0.541,2,1,Yes
54,143792,641,4,42698,0.138,2,0,No
46,70485,773,10,25258,0.628,2,2,Yes
61,168141,696,29,73407,0.234,0,3,Yes
23,82198,725,24,97541,0.137,3,4,No
26,123316,344,16,10005,0.279,5,3,No
25,194734,642,12,16495,0.059,0,4,Yes
25,113970,316,19,79016,0.115,4,4,No
43,97928,518,30,46879,0.348,1,3,No
29,172174,490,25,92748,0.614,3,0,No
55,189529,690,27,5952,0.317,0,1,Yes
40,112798,738,26,53257,0.446,1,0,No
62,77290,796,24,37058,0.474,1,0,No
55,147664,393,15,35445,0.072,3,2,No
38,168004,394,17,83620,0.243,0,1,No
37,36766,381,12,33380,0.648,0,0,No
44,113247,639,28,90987,0.054,5,1,No
23,38292,659,2,87742,0.332,5,4,No
52,97944,411,2,46821,0.552,1,3,No
55,131446,602,5,23581,0.223,5,3,No
58,59533,350,14,62044,0.648,3,3,No
33,105773,580,18,13808,0.342,2,1,No
45,149433,412,2,17504,0.598,5,0,No
29,161850,335,20,17167,0.367,0,1,No
24,60059,377,28,30056,0.289,0,3,No
34,147418,839,2,59799,0.476,4,0,No
57,160938,344,20,54319,0.625,1,2,No
54,98965,603,2,92212,0.276,5,3,No
31,85661,691,17,45626,0.569,4,0,No
61,68352,314,7,46993,0.446,3,0,No
23,135051,466,15,19411,0.277,1,4,No
48,113373,362,2,98304,0.083,2,2,No
49,59075,502,21,24398,0.237,3,2,No
29,116931,456,10,81972,0.549,1,4,No
23,49104,814,15,7900,0.107,1,0,Yes
45,90827,850,1,37743,0.393,5,2,No
54,94222,577,0,35263,0.357,4,2,No
32,157714,400,7,91997,0.447,2,1,No
62,122013,468,11,57947,0.613,2,0,No
29,87845,831,18,86932,0.501,3,4,No
35,33769,702,17,11207,0.356,0,3,No
60,120369,440,17,50783,0.548,4,4,No
45,75375,646,20,86715,0.471,5,1,No
25,188150,492,21,49657,0.587,4,1,No
31,37268,451,10,43424,0.485,0,3,No
54,166916,685,29,33170,0.502,4,0,No
44,99174,507,17,99689,0.1,0,2,No
35,127677,848,5,68382,0.052,3,4,No
58,167305,687,0,23009,0.623,1,4,No
28,55496,377,8,12664,0.201,1,3,No
25,173878,471,19,74033,0.149,2,0,No
46,196398,636,15,38847,0.145,4,0,No
38,103807,730,28,73384,0.493,4,2,No
26,195585,788,29,87529,0.078,4,4,No
57,44465,405,28,58094,0.447,1,4,No
33,195574,508,4,61860,0.393,1,3,No
48,164322,647,18,35173,0.138,1,4,Yes
25,85503,651,21,48884,0.131,2,0,No
33,46310,347,16,72546,0.13,0,0,No
37,155301,545,22,24364,0.206,0,2,No
60,118518,330,7,14716,0.435,4,3,No
65,57206,774,18,20305,0.174,0,4,Yes
52,34764,776,17,73001,0.446,0,2,No
49,168914,556,11,60307,0.633,1,0,No
23,159048,425,15,21732,0.567,1,0,No
60,163498,518,13,13742,0.529,0,2,No
54,178959,544,3,96794,0.619,5,1,No
60,51710,779,7,5028,0.417,0,1,No
47,66387,742,26,33353,0.511,4,3,No
33,162558,800,23,50657,0.514,2,0,Yes
65,195330,526,29,34164,0.635,1,2,Yes
53,137418,554,11,48887,0.438,1,1,No
26,47623,369,10,38522,0.214,5,3,No
44,48806,754,12,63593,0.167,4,0,No
39,162045,301,7,12901,0.234,1,2,No
36,139162,794,17,16595,0.507,2,3,No
60,185229,624,12,70043,0.444,4,4,No
48,30521,702,3,17216,0.182,3,4,No
53,37891,428,25,34536,0.566,1,3,No
61,107331,782,30,23184,0.639,0,1,Yes
33,47474,445,0,91529,0.504,0,3,No
63,182579,395,26,67619,0.087,5,1,No
65,35687,800,22,77225,0.427,4,1,No
45,123550,755,30,83541,0.613,0,2,No
62,167081,703,9,23768,0.238,3,0,No
56,113762,307,5,70975,0.401,3,2,No
47,113484,519,10,16604,0.186,5,0,No
58,125475,401,6,97949,0.578,3,0,No
27,69291,301,9,75739,0.572,3,2,No
25,73296,789,11,94278,0.269,4,0,No
63,65225,499,20,87220,0.26,2,1,No
65,59828,325,21,88282,0.05,5,4,No
51,192174,649,27,95843,0.24,4,1,No
43,58712,401,5,40286,0.519,1,3,No
62,51823,630,5,15530,0.067,0,0,No
30,161433,671,24,99509,0.172,3,2,No
52,116374,496,29,9580,0.488,1,4,No
63,105174,809,3,50929,0.439,5,2,No
50,63052,329,1,87595,0.642,1,0,No
59,48265,598,24,12897,0.284,2,4,No
51,115287,432,25,62990,0.13,4,0,No
38,67012,831,6,66060,0.449,0,0,No
56,35916,607,20,85598,0.097,3,0,No
22,150462,320,21,15211,0.12,3,3,No
34,100045,340,26,11990,0.391,2,4,No
33,114860,797,6,30680,0.333,2,3,No
49,170075,771,20,96064,0.208,3,1,No
32,67634,607,20,29175,0.337,5,3,No
59,120479,758,21,86018,0.571,3,1,Yes
22,99992,813,23,18211,0.485,3,4,No
52,36369,802,28,89860,0.323,2,2,No
33,44329,343,1,32358,0.237,1,4,No
47,111700,340,30,29191,0.399,1,1,No
61,127960,562,26,74965,0.052,4,4,Yes
37,37410,593,9,89041,0.49,0,4,No
60,185802,308,24,45385,0.531,1,3,No
51,158737,352,13,30312,0.123,3,0,No
54,195971,427,25,74717,0.292,5,0,No
44,193775,830,4,91849,0.137,2,0,Yes
65,180244,824,19,14919,0.619,3,3,Yes
55,27684,439,7,83598,0.546,3,3,No
26,175822,531,19,56699,0.062,3,1,No
39,44887,387,17,31536,0.632,0,1,No
50,176898,500,20,45364,0.135,5,0,No
27,162252,687,4,74149,0.1,0,0,No
30,71779,660,3,90925,0.07,2,3,No
61,93095,431,18,9262,0.524,0,4,No
52,196977,476,10,39450,0.605,3,3,No
54,152510,351,4,50486,0.107,0,2,No
48,126261,845,15,66477,0.64,2,0,No
35,81068,321,8,35308,0.24,0,3,No
50,43113,618,24,18257,0.457,1,1,No
57,67861,467,24,79318,0.642,2,3,No
49,103487,337,5,73548,0.055,3,2,No
42,50617,672,7,65145,0.378,1,2,No
24,123330,726,0,39282,0.444,3,0,No
40,158655,465,30,33514,0.273,4,0,No
52,51250,801,0,22155,0.116,5,2,Yes
56,28055,374,22,70408,0.423,2,1,No
24,97337,739,27,77144,0.078,0,4,No
47,190498,564,4,59868,0.604,4,1,No
37,152615,705,17,96757,0.327,3,0,No
32,127255,542,3,31005,0.596,4,0,No
42,85532,842,15,16451,0.552,3,3,No
37,114376,576,19,40875,0.052,4,4,No
30,34933,849,21,93933,0.326,1,4,No
21,56979,607,23,90896,0.583,1,1,No
42,70047,702,28,73973,0.273,2,1,No
46,29137,729,18,19838,0.244,2,3,No
38,36423,375,27,83700,0.461,1,0,No
34,114851,638,27,44885,0.473,4,1,No
49,59482,749,29,46049,0.436,5,3,No
32,77483,378,6,31243,0.268,2,2,No
56,59754,337,14,40122,0.088,2,2,No
55,192384,617,17,27438,0.604,1,3,Yes
32,48363,627,8,13297,0.24,4,2,No
27,42085,729,27,62011,0.527,2,2,No
49,81889,462,6,89170,0.261,1,2,No
31,127090,657,30,26814,0.347,4,0,No
53,104951,628,0,23027,0.274,0,3,No
26,153227,713,12,59302,0.099,0,4,No
35,154925,775,3,48911,0.248,0,0,Yes
52,81414,755,1,97246,0.623,3,1,No
31,142159,451,9,17143,0.116,5,2,No
43,111934,837,4,84502,0.384,1,2,No
46,57691,714,24,53192,0.631,1,0,No
54,79697,642,2,67190,0.062,4,2,No
54,159116,685,4,54929,0.092,5,1,No
49,28883,466,10,15839,0.595,3,1,No
24,56712,771,25,85206,0.491,0,2,No
37,138655,439,17,62200,0.377,2,4,No
55,46545,528,30,24631,0.372,3,3,No
33,43204,372,19,87389,0.635,1,2,No
61,48268,727,1,42911,0.063,0,0,No
59,109383,598,23,10065,0.212,4,3,No
35,192211,535,22,47646,0.24,2,3,No
49,144755,396,15,14540,0.122,4,1,No
49,121940,777,22,81576,0.264,5,2,No
31,53436,790,22,43947,0.272,0,0,No
52,160197,595,24,89199,0.625,3,0,No
22,197606,705,17,71881,0.315,0,3,No
34,123524,746,5,98409,0.611,1,3,No
40,111842,574,14,89907,0.536,5,0,No
42,67973,319,11,81990,0.492,3,2,No
31,101369,726,28,6196,0.248,1,2,No
47,112533,660,29,68460,0.306,2,2,Yes
23,58521,609,3,35328,0.077,3,3,No
37,163560,655,28,66303,0.276,5,4,Yes
64,64974,326,11,27193,0.572,2,4,No
48,148900,346,25,47818,0.519,4,2,No
49,67448,755,10,48862,0.535,3,3,No
41,32938,411,21,36460,0.183,0,3,No
36,129262,674,8,15368,0.176,3,3,No
57,171842,614,26,70265,0.448,4,3,No
40,74934,425,0,8910,0.441,2,4,No
26,90526,306,17,87935,0.167,5,4,No
39,122204,659,5,52042,0.482,1,2,No
25,46487,661,30,90074,0.276,5,3,No
23,37869,563,11,26341,0.582,5,4,No
21,196869,574,27,79888,0.269,0,1,No
58,139576,695,22,20970,0.188,5,0,Yes
35,107209,612,28,21546,0.168,5,1,No
54,107299,791,2,35860,0.589,2,1,No
55,69933,703,0,26145,0.566,5,1,No
45,101579,676,6,97332,0.306,0,1,Yes
44,165642,840,27,42042,0.194,0,1,Yes
32,162958,619,17,40992,0.221,5,4,No
38,199159,524,11,78510,0.281,0,2,No
35,115177,755,28,17746,0.077,2,0,No
64,92719,588,21,76133,0.09,5,4,No
36,119606,580,19,36284,0.606,2,2,No
47,159846,716,15,92613,0.51,5,1,No
28,54018,783,25,19440,0.538,0,1,No
45,110839,837,19,50022,0.337,2,4,Yes
37,170344,612,24,71759,0.269,4,4,No
49,178658,356,6,89282,0.105,3,2,No
28,58545,422,16,66845,0.385,0,1,No
35,27566,589,3,79405,0.496,3,0,No
47,101489,609,9,11871,0.168,0,4,No
27,90355,527,5,48294,0.283,4,2,No
23,187768,305,1,61112,0.606,5,0,No
49,97940,742,3,25403,0.556,1,0,No
64,151731,609,17,24312,0.529,2,0,No
44,123382,301,0,70901,0.074,1,4,No
23,196807,674,0,34912,0.149,4,2,No
40,148865,545,15,39783,0.234,0,1,No
35,47129,771,24,23172,0.232,1,1,No
45,55845,603,12,95416,0.127,2,2,No
50,104449,357,13,32353,0.224,5,4,No
34,35739,524,10,42987,0.307,3,4,No
27,158745,725,24,34206,0.08,3,0,No
37,56171,501,19,69493,0.292,3,2,No
64,114179,817,29,85154,0.348,5,4,No
40,125022,329,28,41852,0.075,2,0,Yes
56,166696,450,7,35850,0.455,3,3,No
29,133906,847,27,70639,0.098,3,1,Yes
58,77930,409,9,12706,0.439,4,1,No
42,190680,420,15,99188,0.646,5,3,No
22,74649,540,26,40517,0.086,1,3,No
44,175761,329,6,36501,0.213,4,1,No
28,88503,765,4,92771,0.128,4,4,No
31,198196,764,30,89651,0.272,2,1,No
33,141659,536,9,97184,0.551,4,4,No
37,121875,670,17,49007,0.608,0,1,No
28,163659,448,24,60498,0.554,0,0,No
41,159599,673,6,52155,0.465,5,4,No
38,189139,815,3,17755,0.48,5,0,No
50,76538,732,30,16681,0.122,0,0,Yes
38,62455,551,9,68484,0.199,3,0,No
51,45243,772,29,38682,0.268,4,0,No
58,148793,835,17,43904,0.08,5,1,Yes
52,188765,345,17,24947,0.543,4,3,No
31,136371,838,2,99464,0.203,3,2,No
65,94231,734,12,26696,0.081,5,0,No
45,99648,575,30,31756,0.094,4,1,No
53,57059,807,30,78912,0.632,3,2,No
58,97778,394,13,88093,0.597,2,1,No
61,100477,445,21,60553,0.625,1,0,No
28,80283,701,13,12624,0.624,2,1,Yes
31,88853,803,0,81523,0.53,3,2,No
42,45001,714,4,71950,0.216,0,3,No
44,27700,575,9,38044,0.245,0,0,No
61,174157,625,13,82370,0.291,0,0,No
37,142990,555,18,33424,0.521,4,0,No
32,38339,812,22,33791,0.606,4,1,No
52,171906,446,6,83408,0.314,0,4,No
35,151378,594,25,5250,0.231,0,0,Yes
36,54543,674,14,51475,0.196,2,0,No
42,60930,355,27,18803,0.204,3,1,No
48,197146,525,20,18923,0.054,4,1,Yes
40,54044,818,30,49616,0.19,1,0,No
53,103673,319,8,44049,0.227,3,4,No
30,190977,458,26,50680,0.515,0,1,No
60,137997,769,28,52689,0.379,2,1,Yes
52,108725,665,9,11719,0.249,1,0,No
53,51012,300,7,35000,0.408,3,4,No
22,103513,528,8,39287,0.523,1,2,No
53,122585,582,10,50667,0.416,5,2,Yes
53,46694,418,21,65570,0.092,0,0,No
61,123760,526,7,41360,0.195,3,4,No
33,57835,323,25,83649,0.222,5,4,No
50,143777,607,17,87683,0.268,4,1,No
53,43186,606,4,75685,0.065,2,0,No
33,185617,793,7,13141,0.497,4,2,No
46,69391,807,1,63668,0.332,1,1,No
42,130858,610,30,5924,0.588,3,0,No
59,129199,388,17,72291,0.361,3,1,No
22,53401,574,18,78502,0.643,4,0,No
58,122764,779,17,84568,0.47,0,1,No
59,83611,756,19,42503,0.582,2,1,No
46,37202,654,15,77757,0.634,3,4,No
35,58135,561,3,63958,0.333,1,3,No
54,113121,475,16,86710,0.43,0,0,No
62,138944,703,5,37927,0.598,3,4,No
64,138765,529,11,87314,0.395,2,0,No
60,88535,622,6,91859,0.082,3,4,No
31,170969,576,22,56058,0.468,4,2,No
23,142328,574,13,23802,0.611,4,4,No
26,177363,516,11,34862,0.519,5,2,No
29,160579,489,20,14971,0.525,1,2,No
26,140473,317,19,62032,0.098,4,1,No
29,184926,713,1,45729,0.492,4,3,No
59,138056,483,20,13515,0.069,4,0,No
51,40475,542,30,29076,0.608,5,2,No
52,104870,725,3,42148,0.599,1,0,No
61,109366,352,7,52342,0.638,1,1,No
32,148836,525,30,40400,0.232,0,3,No
28,117814,618,9,50737,0.374,3,1,No
28,109285,668,16,32069,0.397,1,3,No
48,65185,547,6,45679,0.384,0,2,No
40,89398,476,20,84046,0.297,2,4,No
27,121682,775,9,26702,0.642,3,3,No
31,101593,312,20,91036,0.582,2,1,No
40,182499,660,16,99472,0.416,2,0,No
36,132518,588,15,76153,0.439,1,2,No
24,80535,730,30,77364,0.479,1,3,No
26,134626,638,24,53538,0.412,0,2,No
42,139190,333,12,90188,0.475,1,2,No
46,39060,623,30,73423,0.54,0,3,No
23,169679,850,22,66710,0.637,1,0,No
61,88560,755,17,54740,0.559,2,2,No
62,114610,524,26,70195,0.128,5,2,No
34,57970,432,4,34050,0.378,3,1,No
31,184282,779,7,87862,0.429,3,2,No
38,69088,520,29,14759,0.209,1,2,No
32,36683,700,30,90027,0.335,4,2,No
43,159034,359,26,6712,0.61,4,2,No
32,125631,431,6,53564,0.205,2,0,No
33,191624,692,29,54558,0.24,1,4,No
45,136789,313,17,94233,0.595,5,4,No
65,70321,734,22,68883,0.107,5,4,No
39,88565,773,5,30430,0.578,2,2,No
56,145454,450,27,28933,0.232,3,4,No
65,199933,769,12,92169,0.349,2,0,No
28,195236,710,23,65651,0.436,3,1,No
49,107095,644,8,96802,0.438,1,3,No
52,138610,495,29,79142,0.638,2,2,No
64,28532,843,22,77111,0.071,2,2,No
38,139527,372,29,45789,0.472,4,2,No
26,176805,493,7,74700,0.557,4,1,No
38,108463,491,11,49176,0.403,2,1,No
39,199186,729,9,63410,0.635,2,4,No
42,30456,800,6,74062,0.301,4,3,No
57,28413,516,6,45081,0.5,0,0,No
52,32085,784,16,59334,0.462,3,3,Yes
61,184009,659,4,44195,0.069,1,0,Yes
23,45563,608,9,90698,0.382,4,3,No
48,62575,720,20,55784,0.207,1,3,Yes
30,32386,710,30,16227,0.367,2,3,Yes
55,125244,816,19,8831,0.58,1,1,No
49,84150,542,14,6937,0.428,2,1,No
35,185644,471,12,86550,0.406,2,3,No
53,151053,759,13,64850,0.453,2,2,No
27,191343,664,16,87904,0.367,0,3,Yes
32,101566,377,6,54960,0.319,4,4,No
50,169210,789,23,61941,0.275,3,4,Yes
41,154549,831,20,37474,0.47,1,2,No
51,171718,825,3,49107,0.515,3,3,No
44,53812,505,27,22608,0.304,5,2,No
40,113958,590,8,87292,0.076,4,1,No
57,101181,803,18,90313,0.376,4,2,No
24,39628,727,13,89296,0.394,5,2,No
48,49486,770,2,68854,0.337,1,4,No
64,148934,812,28,90623,0.266,0,4,Yes
40,64266,623,3,88122,0.588,3,0,No
44,113268,554,22,84998,0.339,0,0,No
52,71557,350,1,82967,0.529,2,1,No
61,41494,399,7,78920,0.433,2,2,No
56,177643,763,1,58716,0.522,2,4,No
54,59486,798,3,6265,0.577,4,2,No
56,86635,536,1,59692,0.196,0,0,No
22,156197,771,29,75208,0.547,4,2,No
35,73814,697,24,42296,0.483,0,2,No
54,148141,456,28,15286,0.387,1,4,No
56,175390,597,3,35119,0.377,5,2,No
26,87363,313,20,92437,0.237,4,4,No
59,68162,415,8,72999,0.374,2,0,No
62,152083,438,1,40799,0.281,2,3,No
32,32590,374,19,6830,0.583,4,0,No
23,59850,659,21,86508,0.399,5,2,No
65,168206,323,16,97573,0.229,3,0,No
38,155091,705,0,38322,0.137,1,3,No
60,50230,625,22,31038,0.466,2,2,No
41,40058,633,5,40371,0.449,1,2,No
35,104837,628,28,94419,0.266,5,2,No
53,128397,599,15,21770,0.147,3,4,No
55,52039,388,3,44764,0.48,4,2,No
46,63334,314,4,43457,0.212,1,2,No
28,68525,600,4,58082,0.567,0,2,No
56,151681,617,8,63761,0.486,0,2,Yes
50,109194,477,4,46481,0.585,3,2,No
43,184515,761,1,21336,0.641,5,2,No
62,28972,568,6,12337,0.255,0,2,No
64,89936,404,30,23465,0.352,2,1,No
34,116703,816,14,31777,0.292,0,1,Yes
34,134877,638,25,47113,0.097,2,0,No
22,54519,691,24,11856,0.293,2,0,No
57,127417,440,22,64381,0.316,2,2,No
25,100864,468,7,83380,0.154,2,2,No
58,80881,316,28,78732,0.58,0,2,No
65,49732,843,30,11169,0.225,3,0,No
61,173745,304,25,77179,0.505,2,4,No
34,100909,436,2,11888,0.096,3,0,No
59,30720,461,10,22742,0.068,3,2,No
45,84115,762,28,90400,0.647,4,3,No
40,140843,737,24,39585,0.124,3,1,Yes
22,76940,681,22,61411,0.51,5,3,No
59,161225,681,9,87646,0.413,1,0,No
26,96762,781,3,6620,0.322,2,4,No
37,194091,654,11,53661,0.072,3,3,Yes
45,109833,544,25,59674,0.247,4,3,No
48,172659,775,12,76153,0.59,4,1,No
22,43206,764,6,50097,0.593,1,0,No
55,116471,489,18,37227,0.41,4,4,No
57,120169,793,26,81958,0.395,2,0,No
25,35736,822,15,95611,0.305,4,0,No
21,131937,834,9,13441,0.515,1,4,No
60,163043,581,29,5330,0.58,2,1,Yes
32,81577,729,6,72408,0.487,0,2,No
56,181796,552,2,37480,0.365,2,3,No
65,156003,342,1,10482,0.431,3,0,No
43,112702,781,0,29025,0.182,0,4,No
51,103694,440,26,10539,0.645,5,2,No
31,116310,810,21,10569,0.612,3,0,No
30,80155,836,15,19199,0.624,3,3,No
23,153491,569,12,14406,0.15,3,3,No
34,167180,660,29,93433,0.442,1,0,No
36,102613,594,2,27806,0.444,1,0,No
30,81938,774,25,35769,0.263,2,2,Yes
49,126163,771,27,57544,0.569,1,3,No
30,93498,460,26,99379,0.519,5,4,No
32,42751,344,13,10117,0.482,4,0,No
50,136161,506,17,52801,0.067,4,4,No
61,57390,407,10,98880,0.644,5,2,No
21,126213,803,18,80428,0.481,3,0,No
25,133712,741,23,43276,0.632,5,1,No
40,172065,364,2,9706,0.102,2,1,No
28,85403,566,19,14845,0.467,5,4,No
63,51859,698,1,34941,0.497,5,0,No
32,176950,523,30,48929,0.089,4,4,No
21,124124,588,23,36529,0.089,0,3,No
40,150940,584,5,95327,0.507,1,2,No
48,52100,485,24,43554,0.529,3,0,No
63,196095,525,29,90941,0.596,1,1,No
57,142350,499,30,52185,0.513,2,4,No
57,146792,803,23,10722,0.194,3,1,Yes
32,79524,310,28,34304,0.631,3,4,No
57,127757,797,3,83282,0.21,1,1,No
64,110049,576,28,94879,0.486,3,2,No
48,69974,302,12,90373,0.368,3,0,No
35,78768,304,7,75310,0.123,0,3,No
26,73544,820,14,40654,0.606,3,2,No
64,174122,579,0,74003,0.403,1,3,No
40,175856,722,26,98216,0.105,4,4,No
34,36774,537,24,59037,0.28,5,2,No
22,191040,616,15,10389,0.509,3,3,No
29,102678,426,20,50522,0.421,2,3,No
57,75135,603,19,78172,0.184,3,1,No
40,179079,477,4,33540,0.392,3,4,No
46,50158,789,12,36144,0.235,3,4,Yes
49,96587,736,16,38196,0.366,0,1,No
21,160187,337,1,15820,0.241,2,4,No
55,84317,782,12,73706,0.348,5,2,No
26,31371,614,1,59715,0.555,1,4,No
57,119226,783,30,86503,0.177,5,1,Yes
25,64355,396,10,42129,0.051,3,0,Yes
53,122956,316,28,62565,0.143,5,0,No
34,199447,746,14,27664,0.555,1,1,No
32,138538,578,8,66333,0.299,0,2,No
62,127126,751,21,50204,0.494,3,3,No
40,33338,328,18,5126,0.068,0,3,No
44,178079,845,3,47223,0.138,0,1,No
63,27477,309,28,48286,0.391,5,0,No
54,67423,400,16,44996,0.482,5,2,No
45,100973,386,14,31206,0.523,5,3,No
49,54236,769,6,22808,0.436,4,4,No
59,156440,600,22,93502,0.504,4,4,No
51,50839,505,12,99060,0.149,4,0,No
63,142537,381,7,65692,0.445,2,0,No
43,136902,511,0,53808,0.305,0,2,No
64,126051,418,8,42006,0.599,1,0,No
58,32139,435,17,21698,0.419,4,0,No
40,183213,676,28,65302,0.375,2,0,Yes
43,133314,727,16,19364,0.397,3,4,Yes
65,89262,613,16,70034,0.549,4,2,No
36,162776,703,7,28513,0.057,3,3,No
62,157959,542,2,20057,0.566,3,3,No
28,36975,644,28,98524,0.068,5,3,No
41,156616,723,21,68959,0.4,3,0,Yes
21,109984,315,21,81401,0.352,4,1,No
28,113366,815,10,77247,0.272,0,2,No
49,145491,565,1,27708,0.127,2,1,No
52,75382,319,1,12692,0.124,2,3,No
58,48926,310,15,48845,0.495,0,4,No
25,121538,319,16,40594,0.118,4,4,No
42,138117,578,8,24831,0.462,0,1,No
54,38333,632,0,77086,0.644,5,0,No
21,41942,846,28,48504,0.459,3,1,Yes
46,178519,700,28,12223,0.095,5,0,Yes
63,99397,337,21,8336,0.375,3,3,No
30,180905,382,11,83970,0.551,4,0,No
50,46530,331,24,26842,0.623,2,1,No
38,72060,353,5,24682,0.487,0,4,No
37,106292,836,10,41831,0.236,0,2,No
46,66104,344,5,15989,0.201,0,3,No
28,27634,593,19,45014,0.52,2,2,No
60,32288,424,4,25754,0.506,0,0,No
32,59253,847,12,74984,0.342,0,1,No
47,151628,643,0,81758,0.102,4,2,No
28,52005,722,15,22627,0.453,2,1,No
45,74824,466,18,57483,0.404,0,0,No
24,102702,568,10,57014,0.057,1,3,No
53,42798,493,21,93478,0.435,4,4,No
21,185373,423,1,79116,0.129,0,3,No
39,80267,570,0,10408,0.545,5,4,No
51,159966,357,12,57527,0.454,4,2,No
36,28846,358,16,96517,0.081,3,2,No
34,88571,749,13,84855,0.369,0,1,No
25,39481,516,16,76610,0.533,0,3,No
61,149908,781,25,82025,0.548,0,4,Yes
46,67154,543,9,13127,0.101,2,0,No
48,154447,402,27,18960,0.097,4,4,No
22,33048,816,16,48368,0.515,5,1,No
26,52386,563,12,16426,0.19,0,1,No
29,189408,540,5,41910,0.406,0,0,No
53,129794,528,29,29630,0.415,4,2,No
61,179925,751,25,48274,0.428,2,2,Yes
45,59713,754,3,83368,0.253,1,4,No
33,172863,843,3,23373,0.074,3,2,Yes
29,102481,673,13,74559,0.372,5,4,No
33,197645,323,3,80071,0.359,4,0,No
51,64899,605,23,40804,0.31,4,4,No
61,115217,673,22,40897,0.218,1,0,No
31,39975,486,4,65011,0.556,0,0,No
24,98247,411,13,54043,0.272,1,1,No
54,135295,792,14,64665,0.126,5,1,Yes
58,144045,593,22,48692,0.505,0,4,Yes
24,37105,721,7,16386,0.432,0,4,No
58,74645,448,25,89115,0.235,0,1,No
39,155291,450,23,85184,0.141,2,2,No
26,55146,473,10,55385,0.314,1,1,No
54,159940,496,6,73340,0.09,2,1,No
38,69294,554,22,91938,0.184,2,1,No
33,100596,713,12,52377,0.628,1,1,No
61,161505,467,13,46104,0.14,1,1,No
43,47612,381,8,62944,0.215,0,0,No
39,173894,369,26,91788,0.133,4,3,No
65,59120,725,30,35597,0.597,4,1,No
31,197076,701,14,56573,0.605,5,1,No
21,46294,824,20,20335,0.086,3,0,No
44,109300,511,7,71915,0.589,0,4,No
27,107119,401,1,63126,0.135,1,4,No
45,106096,637,11,61870,0.288,5,2,No
41,160496,632,15,49495,0.402,5,2,No
35,65615,504,30,46957,0.327,5,3,No
21,51863,786,28,36892,0.132,4,0,Yes
32,54469,528,7,44653,0.525,3,0,No
27,128101,488,0,12948,0.462,4,1,No
35,179256,398,24,75940,0.615,2,3,No
41,114446,710,16,92393,0.262,0,0,No
39,137613,759,29,98444,0.308,5,3,No
49,142456,493,23,14864,0.26,0,2,Yes
45,191247,319,30,68170,0.088,5,2,No
53,88872,610,18,87109,0.083,5,1,No
52,57208,378,29,49765,0.507,5,1,No
55,76998,469,19,85706,0.221,2,4,No
64,81994,545,30,84984,0.342,3,0,No
58,84895,771,28,40517,0.637,1,0,No
46,57894,398,26,7493,0.061,5,4,No
31,46990,621,12,41539,0.361,1,0,No
55,198652,440,25,9528,0.361,2,0,No
28,98230,408,22,59438,0.649,5,1,No
34,61087,612,14,5680,0.551,2,3,No
30,33673,420,25,70841,0.09,5,2,No
22,194271,398,12,22377,0.144,0,2,No
29,57187,793,2,84376,0.07,4,2,Yes
23,48553,443,15,61884,0.168,3,0,No
41,68780,409,8,39169,0.177,3,4,No
46,129794,783,18,69694,0.104,5,4,No
28,107158,429,7,74837,0.366,4,2,No
22,26420,699,7,76408,0.635,5,1,No
26,69310,805,13,43730,0.532,1,4,No
48,68953,509,18,32063,0.172,3,1,No
49,29987,660,12,30344,0.52,0,0,No
46,57456,453,2,13384,0.639,2,0,No
45,143763,832,25,57159,0.551,4,3,Yes
32,194252,846,4,43542,0.331,1,0,Yes
25,110398,659,7,41097,0.212,5,0,No
54,142183,609,5,86931,0.499,5,1,No
57,114782,773,4,30516,0.522,4,4,No
35,147740,599,20,36928,0.228,4,4,No
64,54681,640,26,45745,0.185,4,2,No
56,33323,303,11,70750,0.453,0,1,No
35,92393,468,5,37445,0.583,1,1,No
63,121123,719,7,79445,0.062,2,3,No
43,116354,579,21,81234,0.642,0,0,No
26,181319,688,22,84211,0.165,3,4,No
64,123808,484,24,99918,0.26,4,2,No
63,33484,622,6,9416,0.082,3,3,No
65,186754,310,13,84479,0.083,4,3,No
41,95459,577,8,74374,0.214,4,0,No
43,152162,438,25,21398,0.389,1,4,No
63,198091,385,28,30765,0.591,5,2,No
36,106456,530,16,76009,0.092,2,1,No
35,199335,750,18,37064,0.378,0,0,No
45,178010,437,5,12617,0.3,0,2,No
56,79890,830,30,71261,0.644,2,0,No
31,38319,637,18,45827,0.162,4,1,No
35,132697,455,26,91093,0.272,3,1,No
24,151193,316,29,54890,0.07,5,2,No
41,84432,560,17,5207,0.599,1,0,No
33,162972,459,20,22298,0.423,0,1,No
42,92696,608,0,98032,0.403,0,3,No
39,172308,380,4,27558,0.079,4,1,No
54,81485,512,12,5193,0.109,3,2,No
34,147359,726,10,95211,0.524,0,4,No
24,162293,641,23,97362,0.38,2,1,No
47,50294,658,8,49911,0.169,1,3,No
49,166110,505,9,42572,0.38,3,4,No
48,179432,635,28,69993,0.631,5,4,No
55,33255,560,21,74573,0.112,1,2,No
28,134429,542,19,27177,0.632,1,3,No
36,112464,694,18,47755,0.515,5,1,No
62,156444,636,23,30379,0.137,5,1,No
56,137848,578,27,36915,0.539,1,3,No
50,174970,548,30,32847,0.496,2,1,No
38,48855,329,1,64049,0.394,5,0,No
22,59758,430,7,94839,0.515,2,2,No
33,165679,823,22,67969,0.135,2,2,No
24,130094,759,17,8566,0.483,1,1,No
46,99089,694,17,59315,0.435,2,2,No
45,30383,827,1,12426,0.221,4,2,Yes
50,85112,712,14,41859,0.464,1,3,No
31,156787,416,16,14269,0.457,4,0,No
27,165909,448,22,31296,0.193,0,3,No
51,104486,408,23,17939,0.139,5,3,No
64,98528,535,22,88327,0.267,3,3,No
30,182889,726,14,10306,0.289,0,1,Yes
59,124354,816,19,98843,0.544,1,1,Yes
33,95278,479,26,83279,0.312,5,3,No
51,38369,695,14,9092,0.492,4,3,Yes
27,85428,300,27,17446,0.328,4,0,No
62,161116,307,24,55654,0.09,3,4,No
62,90123,443,12,54176,0.442,5,3,No
56,115914,574,17,50873,0.587,1,0,No
40,163333,586,20,60527,0.361,1,1,No
24,43064,789,14,96756,0.471,2,0,No
27,38690,330,17,22927,0.517,5,0,No
21,158129,751,18,19813,0.33,1,4,No
64,126025,543,17,49637,0.2,0,4,No
65,193661,439,23,18944,0.566,4,3,No
62,125867,700,14,12002,0.547,4,4,Yes
33,39559,840,9,91434,0.566,2,2,No
42,169764,463,29,63859,0.545,1,1,No
41,73429,403,28,44948,0.13,3,2,No
42,41972,362,21,55964,0.299,2,1,No
48,66530,314,20,18384,0.165,5,4,No
29,148297,793,20,19487,0.143,5,1,No
46,26365,478,15,52535,0.519,5,3,No
29,74683,822,8,66696,0.339,0,0,No
35,119356,740,1,5253,0.104,5,1,No
30,154406,824,12,48778,0.294,0,4,No
44,83896,787,0,26133,0.646,2,2,No
62,124339,610,21,29697,0.177,2,2,No
28,174073,429,23,95144,0.288,5,4,No
44,162794,765,7,14475,0.407,4,4,No
36,45100,801,5,15789,0.17,2,1,No
46,145763,562,18,12982,0.631,4,3,No
47,173532,470,18,43132,0.431,0,1,No
57,86645,705,1,43028,0.188,0,0,No
24,94551,324,28,83454,0.318,0,4,No
44,29840,748,17,7536,0.267,4,4,Yes
39,111069,459,17,52988,0.123,2,3,No
56,110990,516,22,69422,0.221,1,1,No
59,73105,789,14,76448,0.382,1,1,No
30,30699,579,25,83053,0.103,3,0,No
45,161994,380,24,28397,0.079,3,0,No
38,180991,424,25,55341,0.375,5,1,No
39,182580,469,29,90026,0.31,4,0,No
56,112200,389,15,10108,0.163,2,2,No
30,122806,679,26,38718,0.478,0,3,No
53,181350,410,12,54381,0.103,1,2,Yes
25,170934,463,22,56625,0.212,3,1,No
55,169670,714,27,92643,0.111,2,3,Yes
64,151473,454,23,45626,0.487,1,3,No
54,180846,493,27,83822,0.43,2,3,No
53,27822,775,27,47734,0.163,5,4,No
41,193324,320,4,70257,0.384,0,1,No
37,115585,408,17,93295,0.468,4,2,No
42,112420,698,29,71462,0.071,1,3,Yes
57,38052,428,23,24787,0.448,1,1,No
35,108574,808,4,44901,0.237,2,1,No
55,155171,579,15,60193,0.131,5,3,No
48,144879,726,28,45894,0.543,2,4,Yes
27,169341,326,29,92166,0.414,2,0,No
52,41551,643,24,72422,0.378,5,4,Yes
31,94915,700,5,9463,0.552,0,0,No
30,32661,594,28,80785,0.209,5,0,No
29,97503,495,6,53675,0.058,1,3,No
34,120406,455,0,67361,0.619,4,1,No
33,110930,739,7,62524,0.208,4,1,No
45,169603,400,6,12888,0.43,4,0,No
22,177442,799,22,96589,0.636,2,0,No
55,174637,584,6,15325,0.19,0,2,No
27,149534,368,30,99927,0.646,2,0,No
41,156904,685,6,50269,0.373,5,1,No
38,166257,751,30,53436,0.625,4,3,No
23,159564,437,26,47150,0.102,0,3,No
62,83859,547,0,80068,0.369,2,0,No
59,69630,402,11,25531,0.617,3,2,No
61,196656,809,24,23627,0.143,3,1,No
31,26076,674,22,22096,0.215,0,1,No
59,138868,454,22,54833,0.177,4,1,No
44,190211,386,10,75898,0.629,4,2,No
39,193774,781,28,86247,0.208,4,2,Yes
24,183607,508,15,38354,0.123,4,0,No
46,123343,477,27,94266,0.528,4,2,No
58,88705,557,0,63754,0.358,5,3,No
62,184270,572,5,60180,0.404,1,1,No
52,139870,323,25,21747,0.414,4,1,No
59,120395,699,23,31508,0.418,2,1,No
65,128800,652,29,66816,0.323,0,2,Yes
56,70760,600,4,49604,0.635,5,4,No
60,148476,309,11,93343,0.154,1,2,No
57,60276,342,27,84507,0.625,4,0,No
53,86913,350,16,46686,0.225,2,2,No
56,98608,406,12,92529,0.164,4,3,No
23,38348,534,4,88040,0.425,3,3,No
29,71678,789,14,62933,0.585,0,1,No
28,170024,774,1,27004,0.268,3,3,No
53,139369,591,1,95959,0.095,4,4,No
26,25318,780,19,87848,0.372,3,0,No
61,102354,759,29,90032,0.641,5,0,Yes
59,51011,724,15,40777,0.284,5,1,No
24,43787,628,11,52601,0.062,2,1,No
33,137286,484,26,97773,0.351,5,0,No
22,134160,805,3,31375,0.28,1,1,Yes
25,168588,777,30,13066,0.09,2,2,No
64,124032,313,25,92287,0.575,2,4,No
47,190127,392,22,94664,0.421,0,2,No
52,127305,479,8,58844,0.143,5,3,No
41,33752,604,26,89088,0.606,0,3,No
28,149345,774,11,81231,0.396,3,2,No
58,105506,841,1,85769,0.464,4,3,No
28,135382,823,7,78686,0.4,3,4,No
23,123328,410,13,42288,0.637,1,1,No
64,173610,714,23,60732,0.584,4,0,No
23,37657,720,10,99922,0.06,2,2,No
42,173915,710,7,31207,0.059,2,3,No
26,106119,822,8,51958,0.343,1,3,No
22,46491,628,24,98631,0.238,4,2,No
43,128010,571,29,98091,0.373,1,3,No
64,153801,313,25,79158,0.253,5,2,No
22,67180,474,6,56888,0.577,3,3,No
58,43540,457,20,95806,0.152,1,0,No
37,32943,533,22,13029,0.084,5,1,No
55,145730,440,13,81539,0.256,0,4,Yes
54,33911,780,6,43507,0.133,1,3,No
43,196326,418,25,11681,0.405,4,0,No
50,88000,681,9,28215,0.333,3,2,No
28,94305,820,6,36873,0.475,0,3,No
42,27479,709,23,47421,0.094,5,4,No
64,35112,348,14,71802,0.503,3,4,No
56,134575,669,17,22658,0.216,2,3,Yes
25,71809,632,12,73773,0.453,5,2,No
33,57205,448,3,53404,0.225,0,3,No
49,162629,456,11,71593,0.55,1,2,No
51,192170,451,24,90782,0.55,5,2,No
36,194862,760,19,95867,0.234,3,3,No
62,135947,675,17,34517,0.596,1,2,No
50,59826,724,6,28718,0.243,1,1,No
36,178146,347,21,65484,0.587,3,2,No
32,151201,634,3,80380,0.166,1,0,No
37,112691,768,28,95184,0.223,0,2,No
36,141558,544,23,10420,0.581,3,1,No
32,126925,561,21,32454,0.098,4,1,No
28,121320,549,7,39798,0.471,5,4,No
40,57401,796,19,37740,0.459,1,1,Yes
23,167637,351,17,67471,0.633,2,3,No
36,115236,788,27,82597,0.633,5,3,No
50,89702,441,5,96659,0.338,3,2,No
65,167184,671,8,73371,0.445,2,1,No
43,104297,550,11,33351,0.143,5,3,No
48,133327,613,8,38692,0.186,4,1,No
60,164957,524,14,21566,0.385,5,1,No
25,157448,355,26,47251,0.193,4,4,No
40,162011,638,12,60379,0.18,2,3,No
60,198021,820,24,32157,0.064,3,2,Yes
64,158918,799,29,66165,0.094,2,3,Yes
21,97353,783,2,24350,0.477,0,4,No
50,32430,463,2,74932,0.059,1,2,No
41,182400,740,25,83873,0.587,5,2,No
40,167223,432,18,54258,0.097,4,1,No
26,183691,380,20,75427,0.144,4,3,No
42,59484,649,20,36158,0.254,4,0,No
38,149506,433,12,49228,0.486,0,0,No
28,183736,351,20,73201,0.47,0,0,No
59,162852,793,23,48340,0.198,0,1,Yes
52,53604,501,25,17468,0.246,2,0,No
53,132385,807,11,21557,0.543,2,0,Yes
36,42762,313,23,79108,0.348,1,2,No
32,144272,684,30,77013,0.325,2,2,Yes
58,179837,500,29,11466,0.43,5,0,No
54,193115,464,23,23932,0.324,4,1,No
34,114230,432,29,59757,0.31,0,4,No
56,166628,418,24,34218,0.529,5,1,No
53,104091,785,25,98103,0.609,4,4,No
43,139919,482,5,71474,0.38,0,2,No
65,155731,757,17,91291,0.224,2,0,Yes
22,35004,634,8,10744,0.62,1,3,No
61,128726,530,21,74687,0.471,3,4,No
41,176882,610,16,32755,0.443,0,0,No
22,25247,302,27,7050,0.414,5,2,No
47,176834,380,11,74514,0.494,0,0,No
29,136902,574,20,60357,0.515,4,0,No
21,70995,687,22,63846,0.525,1,3,No
31,84423,644,29,68161,0.635,1,4,No
23,86969,518,27,7936,0.297,1,0,No
43,54052,362,27,26532,0.196,3,4,No
46,74214,739,16,99629,0.286,4,4,No
24,190391,326,14,53726,0.51,1,1,No
38,93858,680,22,74397,0.374,4,3,No
26,65765,547,26,35165,0.569,2,2,No
55,180942,453,20,55984,0.192,1,1,Yes
42,168538,509,20,37877,0.492,5,2,No
63,70284,321,1,85702,0.2,3,1,No
35,75034,318,27,7684,0.529,3,4,No
42,58161,808,3,77101,0.313,5,0,No
57,78565,728,8,55543,0.644,2,4,No
62,86314,336,11,19001,0.451,2,0,No
32,144378,706,1,63728,0.495,3,0,No
62,76929,723,24,48398,0.076,0,1,No
58,33086,637,23,43807,0.472,3,4,No
38,124209,570,30,10118,0.301,4,3,No
65,196851,761,28,61561,0.244,5,1,Yes
55,179534,614,3,6453,0.527,3,2,No
50,143409,357,11,91477,0.187,3,3,No
44,173028,675,1,22218,0.159,2,1,No
62,107563,755,5,54510,0.263,2,2,Yes
50,138212,706,30,29911,0.428,0,2,Yes
34,130317,684,6,77853,0.204,2,3,No
26,70602,355,30,14044,0.385,3,3,No
23,161677,758,17,94224,0.281,0,1,Yes
36,101213,774,23,34014,0.288,4,0,No
27,173010,815,24,86840,0.172,0,0,Yes
34,137355,316,4,91911,0.243,2,4,No
29,77545,732,21,79609,0.214,0,2,No
35,199606,536,21,16245,0.196,3,1,No
41,133720,606,9,34987,0.098,0,1,No
55,40009,732,17,90230,0.31,0,2,Yes
22,55246,323,28,76651,0.197,1,2,No
47,53185,599,10,29793,0.627,0,4,No
22,149868,537,16,42399,0.411,0,2,No
55,111488,791,29,49968,0.327,4,3,No
38,71642,587,10,25842,0.253,1,0,No
34,34185,714,4,10901,0.326,4,4,No
40,89366,699,5,28258,0.255,1,0,No
38,175915,715,13,47507,0.564,5,1,No
30,42505,782,15,59865,0.204,0,2,No
45,53022,550,27,24243,0.218,3,2,No
22,172511,699,13,31760,0.476,4,0,No
45,105196,440,0,70089,0.591,2,4,No
53,99385,677,23,20455,0.458,5,3,No
56,95272,419,4,57024,0.101,2,1,No
51,191449,637,4,68662,0.589,1,0,No
34,28909,749,7,82015,0.512,1,3,No
21,170939,460,13,79625,0.194,2,0,No
36,156866,404,7,18692,0.088,3,2,No
23,108481,391,8,70016,0.48,0,4,No
55,83527,784,26,29943,0.191,5,1,No
61,171441,718,19,17525,0.364,4,3,Yes
26,48807,720,2,62682,0.104,3,4,No
45,35856,353,9,65654,0.391,5,2,No
33,162867,813,15,56345,0.063,4,2,No
54,187135,396,10,53491,0.37,5,4,No
28,194332,484,1,46025,0.55,4,4,No
41,166221,732,0,95585,0.398,0,0,No
54,117205,770,29,85056,0.581,0,4,Yes
24,182400,424,9,75899,0.379,4,3,No
45,128303,633,20,30663,0.462,0,1,Yes
35,94098,563,5,6751,0.27,0,0,No
24,141382,490,7,38434,0.228,3,3,No
65,189695,520,29,52606,0.251,4,4,No
32,198327,498,30,22716,0.112,2,2,Yes
52,144443,643,5,6466,0.203,3,4,No
52,192461,473,30,18299,0.282,0,3,No
48,160278,516,1,91645,0.255,2,1,No
33,127900,505,7,90532,0.347,3,1,No
51,154611,672,20,61174,0.343,3,4,No
34,45897,473,28,31695,0.491,5,4,No
40,160442,377,2,61052,0.287,0,1,No
38,180117,622,29,29798,0.456,4,2,Yes
49,112236,683,21,12393,0.584,1,3,No
26,126751,736,11,23189,0.323,1,2,No
52,146918,498,5,37112,0.382,2,1,No
49,73671,306,18,61596,0.456,1,3,No
63,171398,562,6,78128,0.346,5,0,No
22,128533,824,22,11272,0.148,4,3,No
43,186711,319,22,41250,0.226,4,2,No
39,85874,553,23,84361,0.067,2,2,No
51,195838,479,26,59079,0.46,0,3,Yes
25,177350,652,22,98874,0.218,5,4,No
39,133459,514,12,10493,0.544,0,3,No
54,195655,657,3,67186,0.444,2,1,No
30,118679,519,20,16189,0.492,1,3,No
45,151750,636,13,70609,0.579,1,2,No
22,95400,618,3,80165,0.305,2,4,No
31,34676,765,17,32102,0.163,3,4,No
51,29234,453,6,76138,0.611,2,4,No
35,177412,650,12,7287,0.647,0,0,No
29,137451,361,2,57380,0.181,1,2,No
43,109259,759,28,99152,0.495,3,4,No
39,164598,539,16,45679,0.093,3,4,No
29,59626,489,0,93362,0.066,1,2,No
55,26207,445,24,85936,0.455,3,0,No
41,154330,821,10,79698,0.203,3,4,Yes
29,107844,591,18,66143,0.571,2,4,No
48,77097,359,6,34016,0.358,2,2,No
27,145069,772,24,65406,0.519,4,2,No
36,161501,372,13,98881,0.112,1,3,No
36,78591,538,6,96533,0.575,4,0,No
53,163663,715,26,37194,0.164,2,1,Yes
24,136248,478,23,39229,0.391,0,1,No
24,194732,366,21,19893,0.416,2,1,No
59,102313,376,10,79624,0.09,4,1,No
60,129249,547,18,82307,0.637,5,1,No
37,65459,367,15,24322,0.231,3,0,No
57,127331,398,16,94273,0.478,1,2,No
59,127599,844,25,9950,0.429,0,2,Yes
49,103405,841,13,28682,0.07,2,1,No
56,114399,837,23,92949,0.567,0,0,Yes
58,160733,623,21,38377,0.233,3,3,Yes
59,69802,422,14,35998,0.199,0,3,No
57,43782,332,17,32325,0.085,0,3,No
55,135446,444,11,60049,0.2,0,0,No
27,157970,816,12,48011,0.422,4,4,Yes
47,196140,609,25,26961,0.171,2,3,Yes
48,92963,443,23,26335,0.33,5,2,No
42,101303,816,3,75871,0.53,1,1,No
34,108956,494,9,54271,0.623,4,4,No
27,61123,782,8,72854,0.47,4,1,No
57,81198,774,30,53907,0.167,2,2,No
42,77872,468,11,6152,0.28,1,1,No
25,29902,482,24,68337,0.382,0,0,No
22,182922,412,24,91391,0.573,1,0,No
47,73554,575,3,48912,0.379,2,2,No
41,199106,775,5,42178,0.345,0,3,Yes
58,164352,477,13,88048,0.206,4,3,No
35,105490,590,3,18301,0.35,3,1,No
41,82465,733,25,30374,0.241,4,2,No
30,193801,762,9,50108,0.389,1,2,Yes
43,57800,716,4,7441,0.535,1,0,No
59,122143,437,6,14386,0.617,4,3,No
25,143529,788,6,40985,0.536,3,3,No
21,103871,467,9,70090,0.547,1,4,No
33,96713,433,21,88275,0.265,4,0,No
41,66206,460,27,58611,0.467,1,3,No
46,28926,676,25,70621,0.283,4,3,No
65,138682,629,19,81234,0.065,5,1,No
41,68056,694,30,64181,0.581,5,3,No
38,93495,471,12,6200,0.081,1,1,Yes
57,109147,769,27,28190,0.119,3,3,No
65,190233,721,28,97555,0.061,1,1,Yes
52,174479,555,14,85668,0.09,2,0,No
56,81714,419,20,85088,0.085,3,1,No
37,154613,318,30,7647,0.456,1,3,No
55,162711,546,4,9666,0.562,1,0,No
31,27478,504,24,57532,0.528,2,2,No
41,89546,719,29,82123,0.426,3,3,No
46,144147,366,30,50412,0.522,5,3,No
24,113373,641,15,80292,0.324,2,4,No
54,198013,644,26,43914,0.594,5,4,Yes
38,54974,686,5,72422,0.326,4,0,No
60,69183,641,3,10486,0.067,2,2,No
55,164490,407,5,49452,0.471,4,1,No
61,125361,701,22,35782,0.548,3,4,No
49,82148,601,22,81054,0.185,0,2,No
49,137007,406,25,5432,0.241,4,2,No
58,137239,776,15,96221,0.467,1,0,Yes
62,133747,636,18,60004,0.394,1,1,No
41,187780,759,5,66298,0.584,5,0,No
62,126245,612,10,84948,0.337,2,2,No
33,188996,453,13,18954,0.453,2,1,No
61,48382,648,22,56605,0.213,1,3,No
37,51649,828,14,83192,0.608,0,4,No
29,135559,599,0,93308,0.272,3,1,No
61,123099,833,3,86443,0.374,5,4,No
21,55373,535,6,64785,0.42,2,3,No
22,47791,510,27,51199,0.203,3,0,No
49,48115,585,9,97086,0.24,5,0,No
53,173413,722,0,81690,0.351,4,2,No
30,138109,793,13,27343,0.213,0,0,No
60,172709,718,23,20251,0.128,2,1,Yes
41,180341,644,5,45925,0.552,1,4,No
48,108489,822,13,13570,0.245,5,1,No
31,48877,618,21,65446,0.3,0,4,No
54,65273,641,18,18778,0.378,3,3,No
28,81035,678,5,88062,0.555,4,4,No
42,168477,845,19,92117,0.134,5,2,No
28,136141,507,24,33994,0.426,1,0,Yes
35,66767,485,28,80937,0.261,1,1,No
37,145456,316,19,83811,0.572,4,1,No
43,166045,589,5,12634,0.447,3,0,No
44,83565,553,10,39598,0.137,2,3,No
65,114461,745,28,83041,0.228,0,4,No
39,153577,755,30,61715,0.072,3,1,Yes
25,135159,446,28,7969,0.512,2,2,No
52,48091,413,29,65226,0.298,4,1,No
64,44584,396,28,56289,0.079,3,0,No
21,129861,681,21,46089,0.058,0,2,No
43,147235,675,10,59074,0.623,1,3,No
57,139688,805,16,63748,0.561,0,1,Yes
28,41550,621,19,7098,0.251,3,4,No
33,158135,627,8,29955,0.36,5,2,No
28,117816,648,13,98541,0.396,3,1,No
43,36631,469,26,13458,0.359,2,4,No
63,26125,606,25,47783,0.235,5,2,No
21,191481,498,5,53635,0.284,0,4,No
65,75581,476,27,18759,0.159,3,2,No
44,47485,423,3,80214,0.07,0,4,No
55,133539,456,6,46013,0.143,3,4,No
44,108554,585,29,71853,0.058,2,1,No
37,99398,534,9,73231,0.31,1,2,No
25,157762,593,6,82328,0.447,3,3,No
40,40740,317,4,86766,0.159,2,4,No
41,113560,473,3,47322,0.37,3,1,No
60,110877,702,14,7428,0.245,5,1,No
51,34156,680,3,78090,0.122,0,2,No
56,139968,419,14,55600,0.127,1,1,Yes
31,193286,395,6,68344,0.421,1,0,No
35,121589,330,5,70224,0.121,4,4,No
39,88389,396,3,33468,0.382,4,2,No
27,158880,769,18,22005,0.164,4,0,Yes
48,95938,345,1,37096,0.57,0,4,No
63,92500,535,14,14439,0.08,0,2,No
25,85734,636,19,85325,0.282,5,2,No
25,173278,584,22,86904,0.507,0,3,No
50,165701,433,29,56952,0.499,4,1,No
52,57337,838,1,19653,0.137,3,2,Yes
28,112095,559,12,96444,0.168,3,1,No
30,88829,802,27,91970,0.378,1,0,Yes
58,94830,479,24,45701,0.461,0,1,No
52,71939,566,13,78424,0.501,0,3,No
48,37965,383,8,22277,0.422,3,0,No
37,37228,709,15,37082,0.52,2,3,No
51,73419,455,21,93414,0.314,4,3,No
28,121913,789,8,29402,0.386,2,0,No
60,74229,627,16,28190,0.31,1,3,No
45,168894,645,21,69430,0.507,3,4,No
29,55070,396,2,92714,0.155,3,1,No
22,149045,482,21,72136,0.201,1,0,No
35,32135,626,4,35064,0.552,1,3,No
23,124093,677,11,96104,0.479,0,0,No
56,124626,386,4,43960,0.491,2,3,No
24,64441,434,13,43563,0.109,5,1,No
34,141190,389,16,30216,0.341,1,2,No
61,195956,787,29,92891,0.389,5,1,Yes
61,174115,388,4,77213,0.518,0,3,No
45,121108,592,12,83754,0.303,1,3,No
30,100043,745,26,32650,0.374,3,3,No
41,28062,698,21,26899,0.193,5,0,No
56,115236,813,14,81522,0.549,2,0,No
32,77214,694,30,19756,0.598,0,0,No
47,78409,316,16,53953,0.328,3,2,No
60,166940,541,9,52948,0.312,2,3,No
22,93089,843,15,43657,0.247,2,4,Yes
33,119047,303,28,64072,0.21,4,0,No
52,42428,580,29,91259,0.382,0,0,No
51,133283,832,22,69613,0.151,1,3,No
36,194461,770,28,91489,0.404,0,2,Yes
52,59734,537,15,93243,0.387,5,4,No
52,90107,777,16,39995,0.466,2,0,Yes
54,111889,388,6,53910,0.185,1,1,No
31,137168,412,10,64461,0.471,5,4,No
30,109170,441,13,71087,0.06,3,4,No
35,167751,350,11,20368,0.371,2,4,No
37,180789,507,8,90617,0.556,3,4,No
60,181651,822,6,47437,0.487,4,4,No
38,59782,807,13,42008,0.56,0,3,Yes
29,95160,569,15,55838,0.139,1,4,No
45,143296,562,27,98918,0.481,2,4,No
60,179175,485,9,33751,0.331,4,1,No
34,78077,520,30,63930,0.244,2,2,No
45,53534,380,27,7645,0.263,0,2,No
42,63636,708,4,31255,0.111,2,0,No
50,124108,385,18,74804,0.468,0,0,No
40,75486,403,6,66628,0.429,1,3,No
41,119096,583,21,40595,0.142,4,4,No
64,58435,759,23,45136,0.377,5,2,No
52,58152,760,29,74507,0.128,4,0,No
41,134620,420,7,42477,0.238,1,2,No
55,83952,651,9,90881,0.076,1,2,No
52,44638,739,26,16465,0.423,4,2,No
50,142436,488,21,11306,0.057,0,0,No
59,41396,849,22,24730,0.206,3,4,Yes
32,196566,528,2,7330,0.21,5,0,No
61,182855,685,13,54704,0.499,5,2,No
38,161475,430,19,99890,0.32,4,4,No
41,48838,470,22,43939,0.394,2,2,No
33,63919,629,21,38342,0.199,1,2,No
41,102895,334,2,27338,0.379,2,1,No
28,72995,500,14,68976,0.14,5,0,No
60,178686,467,9,88372,0.645,1,4,No
27,100593,808,6,83540,0.36,2,3,No
43,156172,810,18,13639,0.578,1,2,Yes
64,119191,545,9,41174,0.113,2,4,No
52,95514,523,28,87376,0.404,2,2,No
31,35988,640,13,8366,0.453,2,1,No
42,144392,836,7,16385,0.523,4,1,Yes
42,140137,739,28,33476,0.342,0,4,No
63,102229,843,22,56665,0.072,5,3,Yes
45,126471,449,19,14922,0.207,3,0,No
42,63148,655,0,80611,0.218,2,0,No
48,169895,832,5,47792,0.241,2,0,No
49,49696,672,14,28086,0.105,2,1,No
33,36629,711,4,34334,0.05,0,3,No
38,159928,551,13,85249,0.362,2,3,No
22,56051,313,8,88020,0.492,4,1,No
49,58469,514,25,24214,0.188,4,0,No
41,97372,835,30,92963,0.466,2,3,Yes
35,68406,319,5,39316,0.489,0,3,No
47,112754,787,0,27657,0.297,0,1,No
51,60017,735,18,49092,0.365,5,0,No
35,35705,620,14,94920,0.238,4,0,No
43,175678,351,1,11568,0.275,1,1,No
44,111911,656,18,85469,0.403,2,3,No
64,117469,647,16,67979,0.267,1,3,Yes
33,98654,625,10,42812,0.351,5,4,No
42,191391,826,17,48629,0.496,0,3,Yes
63,117185,518,23,97631,0.629,0,1,No
57,70318,821,13,96149,0.585,1,3,No
53,158286,704,18,50712,0.599,5,0,Yes
23,99070,318,8,77845,0.597,1,0,No
39,74869,593,10,38511,0.195,3,0,No
43,191300,314,10,94574,0.618,0,2,No
49,28255,625,3,92080,0.183,2,2,No
50,145478,457,17,5829,0.569,4,1,No
59,52841,403,11,50875,0.399,1,3,No
64,30334,581,22,62383,0.553,0,0,No
45,130134,446,8,37802,0.639,3,0,No
57,65522,813,4,37217,0.575,2,2,No
28,195780,367,0,41538,0.54,5,4,No
62,55697,803,24,90984,0.174,1,2,No
36,166794,368,8,27192,0.566,0,1,No
28,126936,712,6,16002,0.149,4,2,No
21,148935,363,0,70785,0.358,0,1,No
64,41029,536,19,60887,0.351,4,0,No
25,90550,695,16,12557,0.361,4,4,No
23,164280,438,2,5865,0.484,3,1,No
21,100507,615,22,13572,0.288,0,2,No
24,113719,722,0,8880,0.324,0,0,Yes
60,113499,431,23,8743,0.445,5,3,No
55,126383,525,12,92060,0.459,3,3,No
52,164199,772,25,67300,0.313,1,3,Yes
62,40646,417,19,35538,0.081,5,1,No
54,47713,638,19,26495,0.205,5,0,No
63,57267,718,27,98060,0.616,3,4,No
45,28864,734,11,86882,0.606,2,4,No
30,101197,478,16,27939,0.44,2,0,No
41,188631,761,20,85350,0.161,3,3,No
59,142201,403,7,26105,0.107,3,3,No
47,97246,413,23,46210,0.62,4,3,No
47,187434,570,29,36052,0.574,1,0,No
22,57380,605,22,85234,0.289,1,4,No
61,66284,354,22,64205,0.428,2,1,No
33,143178,823,23,7970,0.598,3,3,No
29,148556,733,23,74300,0.133,2,2,No
56,80277,489,14,6490,0.432,3,3,No
42,40316,688,16,11605,0.602,0,3,No
62,180535,634,1,29633,0.552,4,4,No
46,160960,645,9,12478,0.222,2,3,No
32,36325,564,23,89268,0.621,3,0,No
37,175160,403,0,40995,0.172,5,2,No
34,99922,440,24,58403,0.175,0,4,No
34,138949,538,24,53024,0.108,5,3,No
54,155856,729,12,93345,0.121,5,0,No
40,129564,397,11,73346,0.507,5,1,No
31,101803,760,14,53445,0.216,5,3,No
36,40419,556,9,94283,0.571,4,3,No
51,70854,310,1,21276,0.565,4,0,No
26,158976,477,27,48984,0.12,4,4,No
39,134796,692,21,27245,0.369,2,0,No
57,124427,593,30,63273,0.494,5,1,No
24,105535,696,14,8403,0.46,5,2,No
24,113855,688,19,6752,0.112,5,3,No
40,176772,836,9,49308,0.243,4,1,No
30,52633,565,22,33707,0.417,5,3,No
44,141958,432,30,24013,0.401,0,0,No
55,49055,577,1,13659,0.538,0,0,No
46,174714,400,12,58940,0.084,5,0,No
57,159718,703,9,68635,0.338,2,2,No
58,169245,583,16,98663,0.559,2,2,No
41,32025,576,15,59494,0.646,2,1,No
60,37549,438,14,88411,0.127,0,4,No
59,39853,520,24,16890,0.438,1,1,No
41,86156,368,11,70662,0.051,4,3,No
30,167398,476,27,58240,0.26,2,1,No
58,159535,672,8,10725,0.317,4,2,No
24,52163,844,11,75914,0.258,1,1,No
65,123136,600,24,24155,0.425,3,0,No
40,148296,527,20,83343,0.059,2,4,No
37,39075,671,11,13148,0.595,0,0,No
27,119245,698,18,14007,0.241,4,3,No
24,68315,442,21,83230,0.14,3,0,No
49,128245,436,25,45565,0.31,1,2,No
34,41010,355,16,21385,0.358,1,3,No
23,131548,681,15,90577,0.081,5,0,No
44,25605,770,29,16001,0.529,0,0,No
57,192517,507,9,40933,0.492,0,1,Yes
36,62315,334,23,64442,0.357,4,4,No
24,33652,565,9,8243,0.162,0,0,No
44,188301,320,19,94239,0.606,0,4,No
54,186602,439,1,99367,0.527,1,3,No
50,145179,564,26,64575,0.19,0,4,No
38,118439,699,19,80569,0.492,1,0,Yes
39,105266,756,29,84005,0.111,2,0,Yes
51,193996,419,0,17453,0.121,5,2,No
39,63541,682,15,28670,0.317,1,1,No
39,89658,834,9,26325,0.471,0,4,Yes
42,81327,338,14,12862,0.6,1,4,No
44,118434,321,25,18720,0.633,1,1,No
65,68654,346,28,89012,0.465,1,4,No
32,40930,838,23,49221,0.52,5,1,No
50,155682,683,14,48142,0.356,3,3,No
58,159590,781,5,41688,0.084,5,3,No
51,187054,347,16,97136,0.125,2,4,No
56,31775,380,12,10274,0.632,3,2,No
39,180062,344,0,45165,0.286,2,0,No
65,30378,574,17,80798,0.513,3,4,No
56,71402,610,22,73767,0.182,0,3,No
50,195513,531,1,99721,0.37,1,4,No
53,104712,385,2,90180,0.142,3,1,No
38,50060,404,27,64387,0.535,1,1,No
48,152067,476,10,55286,0.151,4,3,No
31,153334,488,24,33029,0.474,0,0,No
65,143684,359,0,39566,0.141,1,1,No
53,118104,519,24,46432,0.541,1,3,No
37,47765,415,5,83465,0.352,2,2,No
26,179268,769,15,62072,0.297,5,3,No
24,141677,466,14,71640,0.252,0,3,No
40,171540,744,8,43044,0.463,4,0,No
47,119385,532,11,94325,0.103,3,0,No
35,127649,413,9,95427,0.564,0,0,No
26,33174,807,26,21354,0.507,2,2,No
34,70820,450,23,31640,0.274,1,1,No
31,151518,669,6,70719,0.637,1,3,No
59,175170,648,9,36214,0.549,1,0,Yes
29,97582,466,6,40413,0.212,1,1,No
46,160258,371,5,91962,0.583,2,1,No
36,41722,652,12,49952,0.109,2,2,No
25,133157,310,10,53595,0.464,3,4,No
30,96504,452,29,67223,0.129,3,2,No
23,135760,461,23,46112,0.636,4,1,No
33,65452,685,24,39062,0.08,0,2,No
63,53270,443,7,72172,0.19,5,0,No
50,66129,438,24,76758,0.368,0,0,No
65,31387,505,4,64150,0.4,4,2,No
26,49394,395,2,79935,0.358,2,1,No
37,152113,655,3,44505,0.494,0,0,No
65,101827,770,3,72108,0.051,0,3,No
39,136110,617,24,72714,0.388,5,3,No
62,186165,811,8,80056,0.419,3,2,Yes
55,60241,318,0,68381,0.175,4,0,No
46,53337,712,29,79421,0.445,5,1,No
25,125992,706,14,80885,0.442,4,1,No
49,29804,701,12,73634,0.368,3,1,No
57,190130,400,30,7435,0.206,1,0,No
40,82450,317,4,26730,0.3,0,3,No
41,84529,454,17,39944,0.213,2,4,No
30,147766,428,4,52875,0.512,4,1,No
25,56334,614,10,56638,0.421,2,3,No
56,88452,665,20,43423,0.141,1,1,No
26,162583,761,2,71669,0.391,0,4,No
46,197037,460,3,97828,0.592,1,2,No
24,132018,675,6,82333,0.55,2,2,No
59,64440,631,25,16414,0.585,5,2,No
59,88118,319,28,27740,0.6,4,0,No
55,110263,845,3,77525,0.163,1,2,Yes
21,151775,761,2,89487,0.482,3,1,No
44,74217,457,9,90071,0.437,1,4,No
56,187211,663,19,25962,0.07,3,4,No
26,93517,622,10,57311,0.517,2,0,No
61,168857,388,17,7618,0.174,3,4,No
64,79740,472,0,49121,0.6,1,2,No
51,126119,339,20,29326,0.551,5,0,No
40,38950,502,8,92548,0.511,3,2,No
44,97209,542,24,29236,0.468,3,0,No
45,92278,805,16,85089,0.332,2,2,No
56,63488,387,11,47239,0.529,0,1,No
41,61277,831,0,93729,0.542,5,2,No
50,28534,450,23,78921,0.109,5,4,No
44,105221,399,22,38147,0.249,0,3,No
64,96121,546,6,66674,0.24,2,0,No
62,99090,836,13,27580,0.125,2,0,Yes
50,134777,795,8,5678,0.635,5,0,No
42,26634,588,11,54771,0.4,1,3,No
48,41908,714,20,19286,0.404,3,2,No
27,177382,378,7,80391,0.279,4,0,No
55,105653,684,6,74090,0.511,1,0,No
48,92258,737,13,93241,0.335,2,2,No
34,94400,827,1,97215,0.495,5,3,No
30,141107,640,1,95535,0.577,2,4,No
36,154468,358,28,80630,0.444,2,4,No
36,137436,843,19,33559,0.424,4,1,Yes
51,56131,518,16,99384,0.522,4,0,No
62,176458,399,9,49319,0.352,0,0,No
45,86760,402,20,82172,0.537,1,3,No
33,92370,418,4,32052,0.105,5,1,No
26,154841,306,0,21596,0.195,2,0,No
64,79470,687,4,57687,0.605,4,3,No
29,144688,777,3,89351,0.153,3,3,No
65,78283,821,11,87091,0.322,3,2,No
56,155263,580,13,76848,0.338,2,4,Yes
63,158425,341,25,72168,0.301,5,1,No
40,38878,395,10,77414,0.57,0,4,No
38,142743,803,20,46300,0.5,5,0,No
63,101668,545,3,58397,0.536,5,0,No
41,33203,523,24,66840,0.645,4,4,No
24,35322,413,8,80352,0.635,4,1,No
53,101831,843,2,27491,0.585,3,4,No
47,60925,629,2,30265,0.389,0,0,No
27,47247,802,2,96859,0.231,1,4,No
26,132930,452,6,58406,0.484,2,3,No
35,173412,516,0,93972,0.62,2,2,No
38,144496,788,12,50001,0.644,4,3,No
52,178594,571,3,7098,0.418,1,1,No
31,102631,699,24,72319,0.47,5,2,No
40,71335,649,11,25256,0.217,3,0,No
44,113961,721,7,89840,0.171,0,4,No
35,59723,560,18,37787,0.433,3,4,No
27,29991,818,23,19511,0.185,1,4,Yes
41,192905,563,5,48899,0.287,1,4,No
62,172139,617,9,37839,0.346,4,0,No
46,38763,415,12,53071,0.61,1,4,No
64,69863,511,29,73325,0.637,0,1,No
34,42408,459,26,15203,0.198,3,3,No
57,181248,776,2,41472,0.129,1,4,No
41,191169,447,27,55151,0.185,3,1,No
38,139177,746,8,23061,0.361,4,2,No
25,191866,377,9,60474,0.52,5,1,No
23,114767,561,12,92757,0.363,5,2,No
43,26011,351,15,69638,0.61,4,2,No
46,179499,557,22,74200,0.432,4,4,Yes
57,63392,850,7,53532,0.34,3,3,No
44,83990,547,25,44420,0.512,5,3,No
39,171301,587,10,21102,0.622,0,3,No
45,103780,553,1,72419,0.25,2,0,No
41,181374,513,28,10925,0.215,4,2,No
32,48536,391,18,74155,0.178,2,1,No
61,112746,843,28,65131,0.371,0,4,No
53,30585,531,22,91024,0.331,2,2,No
24,82210,312,1,73331,0.198,1,3,No
62,161528,832,5,81514,0.483,2,0,No
27,147365,744,15,51394,0.229,3,2,Yes
42,193361,802,15,22644,0.504,3,3,No
53,34775,825,6,69849,0.553,3,0,No
37,39099,705,10,92861,0.57,3,0,No
44,127341,843,26,62488,0.138,4,1,Yes
54,66842,587,15,69081,0.234,1,4,No
48,82163,725,5,70027,0.364,5,0,No
63,147863,735,4,27520,0.557,0,1,No
61,120608,380,8,18295,0.291,1,4,No
59,165931,787,2,47508,0.446,2,3,No
42,134478,481,20,88914,0.323,2,2,No
37,80700,657,28,46586,0.068,5,3,No
54,27539,554,20,34994,0.24,3,2,No
26,133609,465,7,95587,0.504,3,3,No
26,103735,764,7,7311,0.488,3,0,No
54,189230,555,16,13595,0.58,3,0,No
21,82824,722,29,82946,0.406,3,4,No
30,37281,497,5,18521,0.51,0,3,No
41,171192,512,11,9294,0.299,4,1,No
25,34946,824,5,96314,0.26,3,3,No
22,149128,351,14,82241,0.254,5,3,No
42,149016,564,10,49927,0.145,5,2,No
22,101427,624,9,38908,0.313,4,0,No
30,51111,306,28,24190,0.536,2,1,No
54,58290,343,1,63781,0.057,3,4,No
36,190534,471,20,97002,0.395,3,0,No
59,29837,401,28,41332,0.154,5,0,No
42,36801,595,5,94427,0.497,2,2,No
32,154342,504,18,38380,0.134,0,1,No
44,179782,790,16,45457,0.148,0,2,Yes
60,122157,617,8,75033,0.076,3,3,No
58,65916,470,1,86375,0.316,4,1,No
30,169137,517,3,21545,0.439,1,0,No
55,87546,800,24,86963,0.223,5,0,No
52,70474,492,8,99118,0.075,4,1,No
27,118766,632,7,92518,0.61,3,1,No
41,61388,452,29,97635,0.566,5,4,No
40,101167,322,3,93939,0.328,0,2,No
46,120364,515,0,28747,0.544,4,1,No
24,99667,342,10,88859,0.531,0,3,No
42,104843,660,10,10447,0.387,0,3,No
35,28709,713,6,84985,0.366,5,0,No
60,73754,717,17,61474,0.441,0,2,No
41,111257,615,7,55977,0.483,4,2,No
35,30094,729,29,5822,0.542,4,2,No
42,165487,798,14,28715,0.395,4,0,No
48,32472,648,25,5468,0.498,3,4,No
34,61131,374,9,47951,0.161,3,3,No
47,109943,532,13,72798,0.498,1,2,No
61,108737,337,26,56818,0.085,5,1,No
60,184020,561,1,95432,0.445,2,2,No
48,48115,745,9,12764,0.478,3,0,Yes
46,52961,511,18,22323,0.631,2,2,No
22,72083,757,14,72882,0.303,5,3,No
45,72182,581,21,8145,0.118,5,3,No
23,152987,505,19,18761,0.251,0,4,No
28,27017,304,1,66884,0.302,5,0,No
64,160295,542,16,95252,0.512,1,0,No
53,86852,447,2,80253,0.162,5,3,No
62,75509,622,3,21376,0.152,3,4,No
55,179147,686,24,22435,0.182,0,2,Yes
26,31531,692,24,25637,0.189,2,2,No
59,160738,549,4,81881,0.604,2,3,No
43,69023,727,11,10225,0.146,4,0,No
45,191308,668,20,51721,0.298,3,4,Yes
63,65059,746,22,88289,0.292,2,4,No
39,65023,321,23,10293,0.127,3,4,No
25,29236,849,18,97376,0.115,0,2,No
31,192696,838,30,67290,0.596,1,4,No
32,188890,581,11,77216,0.552,3,1,No
30,186172,578,4,50544,0.61,1,0,No
28,130109,419,22,97472,0.24,1,2,No
44,151682,552,14,11803,0.366,0,3,No
48,49941,776,26,20353,0.203,3,3,No
61,118067,364,17,85645,0.285,1,4,No
56,126349,602,24,49817,0.526,0,4,No
57,101629,616,18,93752,0.336,0,0,No
41,189097,473,22,91993,0.116,2,1,No
28,36651,714,27,17179,0.052,0,3,Yes
29,115380,559,24,75502,0.192,0,2,No
35,74823,584,24,58409,0.16,4,2,No
60,169661,372,2,71953,0.526,0,2,No
38,64768,378,1,29864,0.45,3,0,No
62,110558,343,10,25082,0.553,1,4,No
40,137784,302,13,41754,0.301,1,1,No
26,129389,742,20,20406,0.4,3,3,No
32,156306,378,4,24120,0.3,1,3,No
22,97370,676,29,43850,0.183,4,4,No
27,171127,438,12,29605,0.429,2,1,No
36,93743,306,7,18798,0.283,5,1,No
23,158472,812,5,66908,0.2,1,0,Yes
65,112009,376,11,81090,0.613,1,3,No
23,135866,342,6,97917,0.115,2,2,No
47,114471,456,10,57173,0.516,2,4,No
63,85598,829,7,27814,0.38,5,4,No
60,50015,519,8,74908,0.508,0,4,No
58,89430,489,3,34968,0.104,3,0,No
53,74185,561,4,12165,0.284,2,1,No
48,87306,443,3,16188,0.528,4,2,No
21,44416,784,24,21791,0.539,2,0,No
28,103655,577,11,23660,0.523,0,4,No
57,98180,606,17,86831,0.497,2,0,No
52,75262,849,28,77936,0.276,0,2,Yes
63,99189,455,30,11753,0.48,5,3,No
57,104952,599,14,70299,0.116,0,4,No
24,78662,646,7,85143,0.148,5,1,No
50,77191,722,10,5825,0.374,0,3,Yes
26,168285,725,13,16312,0.38,3,1,No
39,108176,341,6,43313,0.333,1,1,No
52,86353,615,30,29971,0.491,0,3,No
29,126544,376,28,53057,0.388,3,4,No
32,171874,395,15,96707,0.089,2,2,No
31,68671,562,22,86687,0.582,1,0,No
36,68388,504,7,34985,0.427,0,1,No
21,190672,587,28,15684,0.587,0,1,No
65,108944,562,26,85101,0.308,0,2,No
41,85690,614,10,96220,0.051,1,2,No
50,161808,668,0,24696,0.508,0,1,No
33,199943,551,16,62101,0.39,2,0,No
54,72165,632,6,10738,0.062,1,2,No
24,56247,725,17,37997,0.394,5,4,No
48,144645,594,11,5245,0.609,4,4,No
58,53821,584,19,78828,0.175,3,0,No
51,159285,616,27,7856,0.219,5,0,No
47,133659,811,21,12787,0.44,2,1,Yes
25,185567,328,20,57152,0.543,2,1,No
45,96744,593,4,64037,0.435,0,2,No
23,165716,306,26,25553,0.453,3,1,No
53,162525,841,5,22510,0.246,4,1,Yes
24,142441,514,25,14307,0.056,3,2,Yes
45,137045,514,22,45693,0.554,4,1,No
40,36263,463,1,30836,0.647,2,4,No
54,81480,469,11,65114,0.57,2,0,No
46,151926,520,10,92645,0.289,5,4,No
25,188093,559,3,59195,0.261,5,3,No
55,143055,560,6,95643,0.626,3,4,No
48,174030,771,4,51102,0.643,1,3,No
49,66128,554,10,34534,0.417,0,4,No
29,112498,577,29,58246,0.359,3,1,No
58,67563,323,27,20219,0.36,5,3,No
26,42414,732,15,38625,0.171,1,2,No
39,147452,777,9,51029,0.487,3,2,No
64,100462,793,30,85645,0.153,3,4,No
31,130209,681,8,94248,0.176,1,4,No
22,62210,673,5,52111,0.454,4,4,No
64,171362,622,12,61638,0.572,0,0,Yes
64,155768,388,3,75787,0.45,4,0,No
29,28667,391,10,45844,0.335,5,1,No
41,152710,676,10,8618,0.467,1,4,No
44,42660,380,27,7140,0.323,1,0,No
54,97089,399,29,57184,0.443,4,1,No
42,107462,422,15,83753,0.518,1,2,No
23,160880,695,25,89279,0.059,0,3,Yes
32,119148,322,19,76306,0.181,3,1,No
48,196571,818,28,31917,0.472,0,3,Yes
50,184087,576,18,7780,0.291,5,3,No
46,58351,394,28,26077,0.363,1,3,No
41,146359,681,29,17729,0.461,1,0,Yes
48,99674,676,5,89597,0.366,1,1,No
46,61241,324,23,92713,0.552,2,1,No
53,157270,590,16,91637,0.277,1,2,No
41,117983,526,30,5462,0.465,2,1,No
55,127299,472,17,88262,0.305,3,4,No
54,168185,752,3,38388,0.368,5,2,No
61,127839,587,22,41774,0.118,2,2,No
38,63639,368,27,32875,0.549,1,2,No
31,89036,580,17,59179,0.242,1,2,Yes
43,110223,641,10,81591,0.231,0,2,Yes
42,92983,632,11,78462,0.103,4,1,No
37,151164,685,9,53524,0.354,0,1,Yes
25,99944,641,27,50057,0.301,0,0,No
64,147427,616,23,27126,0.109,4,1,No
31,42674,606,2,57634,0.501,1,0,No
50,37413,472,14,22158,0.09,5,0,No
35,79986,843,17,65520,0.137,1,4,No
47,48071,499,15,71777,0.326,0,2,No
55,99229,374,6,97434,0.265,0,4,No
53,199903,516,10,71471,0.215,3,2,No
40,147116,831,27,80065,0.388,1,0,Yes
36,107306,748,9,24913,0.365,1,0,No
54,197443,306,8,75435,0.309,0,1,No
22,153345,692,19,49031,0.516,1,3,Yes
55,92542,685,17,17095,0.349,3,2,No
60,30213,800,24,93090,0.637,0,3,No
48,88815,446,25,28175,0.531,3,0,No
59,192708,615,20,35080,0.114,3,2,Yes
26,88948,753,12,24070,0.214,3,0,No
29,100066,486,25,21456,0.372,2,1,No
40,72128,624,22,47374,0.331,2,0,No
21,74504,617,9,36195,0.078,3,3,No
28,95500,693,20,72964,0.367,4,3,No
43,77340,678,11,68969,0.413,1,1,No
23,154222,773,12,44055,0.328,4,1,No
24,59070,317,20,42577,0.57,0,0,No
45,98285,448,21,45265,0.384,1,0,No
58,148405,311,4,23605,0.522,4,3,No
35,170948,761,23,90916,0.402,4,1,No
41,43262,459,26,66144,0.596,0,3,No
55,127409,565,11,39226,0.179,3,1,No
34,180126,846,26,90714,0.549,0,4,Yes
56,179123,379,3,90492,0.319,3,4,No
32,184457,817,2,86566,0.469,1,4,No
37,60587,367,13,8361,0.39,0,1,No
59,153595,543,2,6755,0.115,1,2,Yes
29,80131,308,1,15514,0.312,2,4,No
55,118019,456,7,35107,0.454,2,3,No
33,183725,763,28,58253,0.589,4,4,No
35,67018,599,29,46562,0.181,5,3,No
38,142177,619,6,52267,0.263,2,0,No
53,110184,548,21,29064,0.266,5,1,No
26,122292,622,1,34742,0.365,2,0,No
47,69561,761,17,70558,0.568,0,0,Yes
43,141981,697,25,90186,0.287,4,4,No
47,166142,692,16,61404,0.138,0,3,No
54,195097,527,13,64735,0.354,0,4,Yes
58,58779,543,11,47894,0.073,0,1,No
34,172688,356,25,99154,0.257,2,3,No
56,120909,442,17,59570,0.359,4,2,No
28,142715,491,24,29455,0.361,3,3,No
55,125477,818,16,92410,0.542,0,4,No
39,126688,703,28,45545,0.531,4,0,No
50,142016,574,15,67433,0.22,5,0,No
34,156869,338,9,50227,0.231,4,2,No
40,195961,492,3,59503,0.639,2,2,No
45,169666,626,1,17773,0.285,2,1,No
60,72754,782,4,34378,0.136,3,2,Yes
44,78639,324,13,92199,0.444,1,1,No
34,37669,401,9,25522,0.196,4,1,No
46,154239,516,7,54898,0.412,3,1,No
58,109509,566,0,18769,0.543,3,3,No
43,177157,461,8,94545,0.154,0,3,No
42,53787,586,22,66245,0.321,5,0,No
39,49051,546,20,36984,0.28,1,4,No
23,75615,473,4,14610,0.65,1,3,No
62,193711,695,8,67925,0.477,4,3,No
39,161361,308,8,25958,0.099,1,4,No
29,144123,747,17,49168,0.187,5,0,No
48,180816,620,23,78263,0.144,0,1,Yes
40,153814,424,4,7949,0.059,3,4,No
65,42945,340,29,42104,0.24,4,0,No
27,139135,636,15,82365,0.245,3,3,No
34,180299,625,1,16069,0.191,3,1,No
29,107494,485,24,77830,0.382,4,1,No
39,166006,540,3,45418,0.181,5,0,No
34,78168,638,20,45289,0.615,0,3,No
58,101086,393,22,69055,0.489,0,4,No
56,146915,715,17,79326,0.123,5,1,Yes
60,94560,362,4,73738,0.211,1,2,No
37,56772,819,7,79623,0.639,5,1,No
50,164794,508,11,12934,0.17,4,2,No
29,92656,508,13,94148,0.12,5,1,No
53,120625,675,26,78614,0.189,4,0,Yes
45,111884,384,16,94828,0.478,3,3,No
34,142129,506,11,50546,0.361,3,4,No
31,161949,646,26,22666,0.091,5,4,Yes
55,43904,460,23,37142,0.267,1,0,No
61,111328,749,1,30538,0.102,1,3,No
34,105195,415,3,12836,0.224,3,4,No
50,185756,661,10,22694,0.153,0,0,No
61,91500,550,11,98510,0.182,5,1,No
24,59902,482,18,91582,0.517,0,0,No
24,78606,627,1,79698,0.52,4,2,No
48,148574,306,9,43895,0.489,0,1,No
28,60571,819,9,64483,0.463,4,3,No
22,94447,686,1,79619,0.197,5,3,No
61,101752,669,25,56427,0.314,2,1,No
42,112157,847,21,62258,0.326,3,0,Yes
61,82203,378,18,16373,0.371,1,2,No
36,82805,520,25,29423,0.564,2,3,No
49,97649,711,19,43864,0.583,3,4,No
50,155294,778,3,76217,0.18,1,0,Yes
32,65910,396,17,48557,0.309,2,4,No
55,178833,692,19,49116,0.139,4,3,No
31,49992,767,17,77371,0.439,1,3,No
41,112521,670,13,59611,0.393,5,3,No
41,80448,692,19,30797,0.56,4,0,No
25,94903,317,12,32723,0.361,0,2,No
40,35786,483,23,96088,0.519,4,1,No
57,136316,442,14,38964,0.241,3,0,No
23,67706,762,14,61544,0.467,3,2,No
64,134997,806,24,46571,0.074,3,4,Yes
53,101587,633,30,60314,0.141,1,0,No
29,40611,361,19,34439,0.318,3,2,No
29,29490,462,3,10764,0.582,3,3,No
24,75004,478,14,52340,0.581,1,2,No
55,121849,534,13,31025,0.409,3,2,No
37,154213,359,6,81409,0.128,2,3,No
54,162449,527,16,83831,0.459,3,1,No
44,34903,538,22,90533,0.156,5,1,No
52,170639,383,28,49619,0.26,2,2,No
21,51606,340,8,6829,0.239,3,4,No
28,148116,737,3,82139,0.581,0,2,No
65,158332,828,30,28836,0.466,5,4,No
43,186339,404,17,55957,0.093,2,3,No
60,41833,836,12,76385,0.556,1,1,No
32,140256,681,30,71017,0.308,5,3,No
32,28498,392,14,60881,0.503,4,1,No
35,150740,514,3,66274,0.516,0,1,No
61,35518,516,17,34432,0.649,1,0,No
39,47254,788,9,70131,0.258,5,0,No
46,106438,450,6,41072,0.569,0,0,No
49,181617,673,5,57456,0.222,3,3,No
42,159417,748,12,40593,0.647,1,2,No
60,84829,721,27,89006,0.296,4,0,No
41,118767,506,26,94147,0.446,0,4,No
58,132399,776,17,54377,0.647,4,3,No
40,34642,525,30,7966,0.17,0,3,No
49,108375,686,21,89447,0.424,4,0,No
24,114217,405,8,44317,0.649,4,1,No
27,154412,375,10,12125,0.616,1,0,No
48,189371,815,15,72926,0.182,3,0,Yes
48,191107,486,29,7837,0.109,3,2,Yes
24,140020,831,7,12101,0.306,4,2,No
42,144937,574,24,76389,0.508,3,1,No
32,179655,838,4,16538,0.524,5,2,No
65,47105,317,29,92061,0.414,2,2,No
23,38736,584,14,54790,0.419,2,3,No
42,67281,601,25,19720,0.122,5,2,No
64,104351,798,1,67113,0.315,4,0,Yes
22,114932,556,4,45451,0.396,4,4,No
44,180384,518,9,55732,0.46,2,0,No
54,102780,656,29,84115,0.105,2,2,No
47,198740,555,18,84963,0.464,2,0,No
61,80652,573,13,84140,0.615,1,0,No
21,156030,633,26,70922,0.522,0,0,No
28,36718,667,29,37411,0.424,1,2,No
43,121219,314,12,43620,0.108,2,3,No
58,146727,478,13,10249,0.527,0,3,No
26,187500,744,30,14143,0.448,3,4,No
42,182562,702,3,58732,0.379,2,4,No
45,72351,387,6,29512,0.531,2,2,No
38,66001,393,17,82613,0.455,3,3,No
37,150050,694,29,29686,0.332,0,1,No
32,41410,327,5,21099,0.191,2,4,No
26,77685,374,14,37171,0.353,0,3,No
46,191458,353,10,28785,0.142,1,3,No
47,146317,620,16,76569,0.086,4,3,No
28,114547,533,9,35756,0.19,1,0,No
39,181358,529,15,33440,0.27,4,4,No
62,167463,631,18,34800,0.438,2,2,Yes
21,51999,771,10,36058,0.35,1,2,No
49,158090,616,6,84037,0.491,1,2,No
65,37952,400,26,31352,0.492,5,0,No
55,175354,547,27,7238,0.474,3,3,Yes
60,112995,779,20,28438,0.378,5,3,No
34,125351,520,27,76469,0.448,4,1,No
55,42942,638,23,97215,0.636,4,0,No
65,26722,447,22,18425,0.473,2,4,No
40,192892,595,22,8097,0.495,3,4,No
33,190618,706,13,74741,0.225,3,4,Yes
58,154385,777,0,81735,0.337,4,3,No
28,91219,323,16,78619,0.311,3,0,No
63,132775,485,28,23882,0.262,0,4,No
40,174466,469,21,66592,0.326,2,3,No
53,182541,843,12,13980,0.409,1,2,Yes
46,99041,737,7,56873,0.425,4,3,No
59,130747,600,18,22395,0.554,3,2,No
41,86338,663,23,16877,0.444,3,0,No
62,30492,476,7,33008,0.572,3,1,No
63,172899,443,16,41376,0.444,2,1,No
61,141359,822,26,74824,0.26,1,4,Yes
29,183564,780,4,34596,0.429,3,2,Yes
44,168941,791,24,11943,0.487,1,2,No
57,195854,785,10,63111,0.461,1,4,No
61,177935,784,25,88310,0.56,2,0,No
37,54136,736,13,89919,0.593,3,1,No
44,144829,494,9,58519,0.251,3,1,No
41,39837,765,26,79271,0.097,1,4,Yes
59,100592,375,11,59510,0.444,3,0,No
61,156787,459,2,21334,0.116,5,1,No
59,173347,789,8,78092,0.58,2,2,No
33,45191,399,28,69469,0.543,3,1,No
31,85126,415,10,99058,0.478,3,4,No
39,33894,679,8,5327,0.606,3,1,No
31,109253,362,0,10710,0.582,2,4,No
33,109114,431,17,76443,0.604,1,3,No
65,48321,547,2,44001,0.491,5,0,No
21,133505,694,13,7499,0.271,1,1,Yes
60,49959,710,3,82246,0.079,3,3,No
64,166587,727,27,49441,0.087,5,4,Yes
39,90196,625,4,23249,0.526,2,1,No
32,177515,845,20,53879,0.165,3,1,Yes
28,193280,674,9,75204,0.238,2,3,No
28,157855,597,26,44310,0.402,2,1,Yes
65,103649,578,4,91687,0.129,1,3,No
32,95921,595,2,47079,0.641,5,3,No
53,163054,826,21,50973,0.54,0,0,Yes
65,125887,414,19,56989,0.401,0,0,No
46,40316,792,8,89799,0.595,4,4,No
59,138652,356,11,8415,0.346,4,2,No
48,145357,441,1,33136,0.588,5,0,No
25,130364,708,10,89274,0.546,5,0,No
28,27936,377,0,37470,0.058,0,3,No
45,102400,301,22,96762,0.528,1,3,No
47,99843,334,30,53765,0.52,4,3,No
43,31709,694,15,32572,0.24,5,2,No
50,45707,517,24,93291,0.346,0,0,No
65,64384,366,25,59500,0.133,1,1,No
43,60187,368,24,61690,0.45,4,0,No
40,91935,523,2,99092,0.455,4,4,No
38,67536,660,27,33635,0.639,0,2,Yes
38,141772,757,30,61121,0.484,4,4,No
22,180260,593,26,21407,0.318,1,3,No
24,39245,625,12,74554,0.158,5,1,No
50,136282,502,14,36756,0.523,0,2,No
53,137740,596,0,66104,0.262,1,2,No
56,57286,560,24,77081,0.616,4,1,No
38,190375,817,22,47169,0.216,1,4,Yes
57,197121,431,23,44838,0.168,3,0,No
39,105901,624,26,28030,0.422,2,4,No
48,103986,367,15,96297,0.599,4,1,No
60,94726,425,14,62183,0.135,3,0,No
40,141342,692,5,63825,0.075,2,2,No
53,198933,701,25,68518,0.63,0,1,No
32,199711,635,21,40682,0.132,2,4,Yes
35,48937,328,26,14294,0.415,5,1,No
61,148245,344,14,61602,0.169,0,2,No
59,28960,400,19,50242,0.151,3,3,No
22,64602,525,17,12542,0.144,2,2,No
49,166636,718,16,29960,0.476,4,2,Yes
61,90533,561,13,65099,0.506,3,3,No
30,72510,591,21,77086,0.122,2,1,No
22,30091,511,24,14981,0.132,1,3,No
31,87335,755,25,81641,0.611,5,2,No
33,186591,535,25,42683,0.403,1,0,Yes
30,159782,833,17,71488,0.519,0,0,No
34,88564,368,16,71134,0.098,3,4,No
38,154257,545,0,41786,0.081,1,4,No
29,140517,536,13,88922,0.288,2,2,No
59,84977,630,6,89090,0.383,4,1,No
48,129931,662,29,31067,0.273,0,3,Yes
23,32988,830,0,20550,0.478,5,1,No
40,191826,764,24,64603,0.452,2,1,Yes
26,118650,528,24,37476,0.318,0,3,No
47,48074,808,26,11988,0.098,5,0,No
22,46198,681,2,79011,0.407,1,0,No
49,101045,426,10,64671,0.195,3,3,No
58,181252,413,17,93829,0.282,4,3,No
23,73068,542,24,53405,0.059,1,0,No
36,135969,444,29,27997,0.363,3,1,No
50,41560,738,13,73775,0.469,4,3,Yes
60,198746,637,2,8274,0.396,3,0,No
22,90152,707,1,51983,0.501,1,3,No
37,148516,467,19,94183,0.65,4,1,No
61,195010,466,14,7775,0.43,2,0,No
32,60391,832,6,42479,0.183,5,3,No
55,53731,464,12,16924,0.393,5,3,No
63,109698,561,3,41223,0.197,1,2,No
21,138880,560,7,85550,0.248,0,2,No
65,143440,474,27,34804,0.261,4,1,No
35,181308,395,20,81605,0.362,3,1,No
46,193205,656,29,98521,0.364,1,3,Yes
57,29340,669,1,17265,0.45,3,0,No
41,95291,441,12,42821,0.313,2,1,No
51,73731,466,25,51277,0.163,3,3,Yes
45,77822,618,3,43572,0.345,1,3,No
43,66866,634,12,44246,0.528,4,1,No
44,139295,773,15,77684,0.472,1,0,Yes
58,121791,444,11,87702,0.119,0,1,No
48,127262,353,12,63533,0.619,0,1,No
41,66813,421,22,26490,0.233,3,3,No
63,164787,423,28,64967,0.402,3,1,No
38,126354,466,0,86276,0.069,5,4,No
56,39783,321,22,78331,0.596,5,1,No
55,114012,575,2,84603,0.46,1,3,No
65,92933,707,22,71903,0.216,3,1,No
29,65680,781,2,14926,0.46,3,2,Yes
58,148207,598,11,87634,0.226,5,3,No
50,84179,576,27,19287,0.206,5,2,No
64,124613,621,23,87886,0.318,3,2,No
54,64970,414,3,85461,0.41,4,0,No
52,29718,571,0,17224,0.176,0,1,No
23,183183,467,16,49261,0.496,4,1,No
23,194790,735,19,11945,0.397,5,1,No
48,100769,563,8,83329,0.054,1,2,No
64,104707,549,4,74832,0.38,2,4,No
35,166798,761,28,12163,0.303,0,4,Yes
61,117304,738,20,83867,0.452,1,4,Yes
43,42139,641,2,40571,0.589,3,0,No
60,144804,765,20,19181,0.208,2,0,Yes
31,69782,357,6,62054,0.454,2,2,No
52,44958,304,2,54620,0.141,2,3,No
56,177379,564,4,53332,0.101,5,2,No
53,128026,548,11,81846,0.609,4,3,No
44,94134,394,2,50080,0.567,5,4,No
59,38583,756,0,49645,0.351,1,3,No
54,42013,616,21,6340,0.133,4,3,No
48,72984,418,2,33339,0.208,4,3,No
57,146246,501,15,45054,0.39,5,1,No
27,196269,352,17,80743,0.441,0,2,No
24,154110,616,2,25687,0.464,4,0,No
57,34096,543,28,38780,0.499,3,1,No
21,98533,393,4,56219,0.176,2,4,No
21,139795,579,4,95069,0.228,1,1,No
40,50618,391,8,16881,0.058,4,2,No
39,34868,337,11,7732,0.094,1,0,No
49,46882,712,15,68524,0.236,0,3,No
30,176711,542,26,58390,0.161,5,4,No
38,193035,663,8,12304,0.346,2,4,No
48,131760,363,17,56371,0.559,0,3,No
55,127125,500,26,77235,0.484,4,0,No
63,150677,606,21,74239,0.503,1,0,No
51,185542,474,28,38621,0.41,0,2,Yes
47,134982,847,24,54547,0.47,2,4,Yes
31,95714,398,24,40738,0.158,4,2,No
58,96102,525,10,14106,0.381,4,3,No
25,176425,848,21,83025,0.392,2,4,Yes
28,194260,572,16,72554,0.427,0,3,No
54,58375,485,0,61255,0.518,1,3,No
32,96210,751,24,89843,0.616,2,1,No
58,178344,804,30,53011,0.477,0,4,No
21,177788,393,2,73657,0.604,3,0,No
51,114276,606,4,46724,0.38,0,1,No
24,113706,816,21,49871,0.224,0,1,Yes
65,191234,473,0,13038,0.445,3,1,No
25,98606,372,14,69759,0.639,2,2,No
50,185544,444,16,8593,0.476,2,4,No
44,144837,355,3,45559,0.631,0,2,No
23,133343,543,21,56441,0.063,3,0,No
31,86401,503,23,23876,0.205,1,0,No
65,83835,315,22,85348,0.214,0,4,No
24,81936,425,13,85245,0.306,5,4,No
46,187590,765,1,43448,0.068,1,1,No
47,152446,727,3,72632,0.599,4,4,No
63,183385,650,4,30593,0.474,5,4,No
47,153344,378,23,78035,0.1,2,1,No
62,41110,800,6,72104,0.155,0,0,Yes
26,190888,678,3,22229,0.412,0,4,No
35,86549,563,7,69790,0.595,3,2,No
50,155834,604,10,68472,0.103,3,0,No
62,53530,787,7,42044,0.31,5,0,No
57,25893,424,3,33964,0.17,4,3,No
57,153745,380,10,88164,0.158,3,2,No
62,148967,474,11,67947,0.488,1,4,No
57,119260,424,27,42505,0.546,3,2,No
55,51885,647,1,5915,0.603,3,1,No
43,69560,666,14,94092,0.46,0,4,Yes
26,38613,834,13,87394,0.089,3,0,No
24,162159,714,18,29401,0.264,0,0,Yes
38,191773,551,20,84564,0.315,1,4,No
29,43665,533,29,10589,0.216,4,2,No
49,131568,657,16,26708,0.374,4,4,No
33,54622,625,15,43667,0.19,0,4,No
37,120834,364,4,46401,0.59,4,4,No
65,66989,592,19,86891,0.136,5,0,No
52,69741,623,20,78670,0.306,5,3,No
42,45163,630,27,67021,0.125,3,2,No
24,96637,828,27,36783,0.265,2,4,Yes
25,84175,434,0,89324,0.341,2,3,No
57,58546,718,9,34829,0.382,2,2,No
61,159547,429,6,67554,0.249,5,2,No
33,95259,848,9,51328,0.536,5,4,No
54,39890,656,24,23770,0.359,2,2,No
65,179342,821,15,82768,0.645,3,3,Yes
42,31713,759,4,10425,0.124,1,1,No
43,118389,794,18,18824,0.16,1,4,Yes
23,90317,838,24,6161,0.531,4,4,No
62,107979,560,5,17912,0.383,3,2,No
54,146061,435,11,19058,0.266,5,1,No
52,155742,526,5,94101,0.296,4,3,No
65,198329,527,9,89013,0.388,4,0,No
41,140039,557,9,92591,0.101,1,1,No
64,71492,713,12,39929,0.509,5,2,No
41,134718,519,18,72825,0.319,2,3,No
64,171467,535,29,18840,0.298,0,2,No
31,97005,319,16,65333,0.514,3,4,No
59,50040,723,15,99439,0.392,2,2,No
24,134009,712,3,71929,0.502,4,4,No
21,93702,688,29,44368,0.607,0,0,Yes
48,46637,644,19,21576,0.618,2,2,No
44,92745,766,2,78797,0.308,1,3,Yes
55,164819,488,28,49325,0.092,3,2,No
33,176322,667,29,89837,0.057,5,4,No
54,115467,684,26,48878,0.473,1,3,No
31,136855,397,4,89860,0.099,4,0,No
56,79040,569,12,31768,0.284,4,3,No
37,132518,517,13,17872,0.447,2,2,No
55,187377,320,8,91140,0.649,5,3,No
38,108110,571,8,37522,0.184,4,4,No
60,121395,459,7,86716,0.056,0,1,No
42,166168,791,27,90137,0.075,5,1,Yes
44,100764,728,9,65653,0.184,0,0,Yes
39,165290,346,21,9836,0.646,4,0,No
57,115367,522,28,96554,0.096,2,3,No
59,109338,457,19,33843,0.5,0,0,No
41,175407,346,29,66734,0.14,3,2,No
28,54907,832,17,95634,0.172,5,3,No
48,64387,650,11,7313,0.102,2,4,Yes
25,99655,618,12,65543,0.187,2,4,No
37,82407,530,15,90345,0.119,0,4,No
57,160627,597,25,94943,0.06,4,3,No
56,71095,744,2,60688,0.529,1,2,Yes
39,26042,404,8,61277,0.164,3,3,No
47,128748,598,15,48365,0.121,1,2,No
54,29188,367,16,72181,0.213,5,3,No
31,103596,837,15,97895,0.502,5,4,No
65,166305,340,22,27535,0.185,2,2,No
32,28088,499,9,66460,0.375,0,3,No
41,26646,847,21,46167,0.18,4,0,No
31,169199,674,17,44008,0.282,2,1,No
59,188687,705,20,67296,0.363,3,2,Yes
48,40453,533,1,18042,0.505,2,4,No
25,77233,807,13,93678,0.219,3,3,No
37,190587,541,24,38029,0.318,4,3,No
40,108087,638,4,70475,0.436,5,2,No
61,86993,319,5,36254,0.215,3,1,No
32,111392,470,19,61648,0.182,5,1,No
26,147349,515,30,71147,0.391,3,4,No
37,178260,315,0,65874,0.621,0,2,No
39,91019,582,14,97789,0.596,4,4,No
46,25451,600,2,97555,0.41,2,2,No
64,160141,464,20,63082,0.303,2,1,No
64,89274,557,18,66382,0.389,4,4,No
52,169458,652,23,70720,0.531,1,2,No
26,163279,386,17,22052,0.106,4,4,No
56,194511,825,27,48732,0.519,4,0,Yes
58,43157,308,14,77002,0.445,3,4,No
31,99726,762,17,33220,0.211,3,2,No
53,130716,835,0,59012,0.576,5,0,No
44,197429,596,27,63940,0.098,3,1,No
43,171001,516,13,92413,0.601,2,0,No
35,129636,527,16,21599,0.283,0,1,No
47,32913,331,19,20389,0.536,1,3,No
31,51727,730,7,80006,0.143,3,4,No
37,158018,469,23,20642,0.391,1,3,No
34,86061,530,7,98660,0.07,1,4,No
47,138388,369,26,67843,0.217,0,1,No
38,92957,410,16,75173,0.548,0,1,No
48,110839,388,29,9963,0.323,2,1,No
24,130649,301,0,26686,0.446,5,4,No
27,175539,355,6,57374,0.534,4,0,No
65,180576,570,22,26796,0.368,5,2,No
55,26844,573,25,20257,0.401,0,2,No
29,59572,843,13,63097,0.51,5,0,No
28,179047,569,20,86470,0.122,3,1,No
65,44449,489,23,14124,0.093,4,3,No
37,135137,782,5,73018,0.423,1,3,No
37,44459,607,16,14027,0.635,2,0,No
53,174676,321,13,76373,0.437,4,0,No
52,150298,313,6,87283,0.473,0,4,No
28,134334,785,14,8774,0.445,1,4,No
39,85140,845,7,30892,0.413,4,3,No
58,50362,763,27,5626,0.169,0,1,No
23,184015,732,23,49542,0.554,1,1,No
25,46319,699,15,43605,0.396,0,3,No
33,125751,578,9,22560,0.637,1,3,No
51,163769,409,28,21840,0.091,3,4,No
36,121896,347,30,96288,0.229,3,3,No
52,53735,381,8,62704,0.11,2,4,No
42,56293,577,18,95397,0.565,1,3,No
49,164082,680,29,48286,0.541,2,1,Yes
42,117305,609,1,82950,0.514,0,0,No
63,114359,841,7,70920,0.457,2,0,No
23,65727,539,29,32668,0.114,4,1,No
30,129545,482,10,5254,0.294,0,1,No
62,39787,483,3,36242,0.473,2,1,No
41,142710,765,17,13305,0.267,4,0,Yes
36,136489,736,17,53345,0.481,0,4,No
32,169375,532,1,78651,0.221,1,2,No
22,123782,300,4,93712,0.376,2,4,No
61,78448,804,13,77260,0.263,0,1,No
44,94513,661,12,20918,0.603,2,0,No
55,31068,582,7,22646,0.315,1,1,No
50,135040,828,24,10793,0.222,1,2,Yes
50,143962,468,10,42408,0.084,0,0,No
55,187299,485,21,74497,0.137,3,2,No
39,37740,421,7,79930,0.389,5,3,No
28,113333,740,14,34134,0.471,5,4,Yes
46,89745,773,5,89382,0.623,5,0,No
60,163863,421,16,77058,0.408,5,4,No
27,156557,591,10,50367,0.458,1,1,No
50,186767,546,24,94542,0.422,0,3,No
27,193513,487,25,28596,0.591,3,2,No
23,25337,822,6,46504,0.231,5,0,No
21,155996,583,1,92007,0.412,1,3,No
56,171164,423,2,96698,0.626,4,0,No
45,81052,546,17,74252,0.054,3,0,No
57,26471,705,24,63661,0.213,4,3,No
21,76194,636,23,23052,0.505,2,3,No
35,144076,458,20,29631,0.332,2,4,No
57,98392,566,19,75480,0.151,4,4,No
33,86088,591,22,19936,0.393,3,1,No
60,124909,450,29,31520,0.359,0,3,Yes
28,30664,584,13,56650,0.322,3,2,No
25,113859,450,8,49323,0.255,3,2,No
29,116991,423,7,96511,0.082,5,1,No
21,144805,571,23,24931,0.412,4,2,No
56,161451,639,26,34575,0.36,4,1,No
55,56536,746,17,8902,0.401,3,4,No
22,161063,756,11,80362,0.051,1,2,Yes
60,119754,830,11,18288,0.1,3,0,Yes
43,141134,412,9,24304,0.151,4,2,No
29,121649,829,8,74225,0.319,5,2,No
54,126610,825,1,12545,0.535,3,1,No
34,118513,363,23,51897,0.198,5,4,No
24,53359,692,20,32548,0.535,4,2,No
50,142060,798,10,54090,0.191,5,4,No
51,139209,817,21,91315,0.499,1,2,No
58,43043,654,9,37984,0.575,4,1,No
31,113059,452,24,7817,0.54,4,4,No
55,34070,628,7,70643,0.493,5,1,No
28,170205,778,4,48368,0.073,4,4,No
23,81955,690,21,27881,0.248,1,1,No
34,53571,711,4,30742,0.168,4,2,Yes
33,183063,557,8,42606,0.335,5,3,No
65,102115,806,10,27438,0.263,4,1,Yes
52,123891,593,11,22831,0.421,4,2,No
54,155644,776,4,47187,0.389,5,4,No
65,46871,807,5,58747,0.309,2,1,Yes
39,162295,418,0,62651,0.51,1,0,No
58,39197,777,15,17119,0.059,5,3,No
36,99923,618,23,23053,0.569,5,2,No
22,127657,694,13,8769,0.052,5,0,Yes
60,117438,347,23,77921,0.321,2,1,No
37,125909,737,13,64010,0.579,5,3,No
54,125842,774,23,72935,0.301,0,2,Yes
62,104432,849,12,85045,0.503,2,2,Yes
36,66525,435,29,23577,0.292,1,1,No
58,41198,817,11,65599,0.561,0,4,No
22,190596,623,22,72419,0.65,1,4,No
22,119187,496,6,43304,0.589,1,0,No
46,123172,410,5,78872,0.083,3,3,No
33,124499,849,22,98983,0.139,5,2,Yes
51,174587,414,8,29651,0.375,4,1,No
54,131313,787,20,7772,0.627,1,3,Yes
59,47027,664,15,79113,0.294,4,0,No
23,38792,783,8,67617,0.216,2,2,No
28,106313,609,13,7214,0.629,2,0,No
43,110330,412,8,21830,0.475,3,4,No
34,57544,569,3,9496,0.512,3,1,No
47,110263,619,8,60411,0.116,4,4,No
49,138329,474,7,14315,0.208,4,0,No
59,179737,318,13,72617,0.352,2,3,No
59,56126,502,26,99013,0.492,2,4,No
21,175553,425,4,11961,0.258,3,4,No
37,124637,766,15,38365,0.173,1,3,Yes
61,152208,553,9,18809,0.312,1,0,No
50,48549,591,30,61038,0.305,0,0,No
33,61155,451,26,46337,0.574,3,2,No
41,62481,498,2,84953,0.61,4,3,No
39,92967,498,8,38650,0.151,3,0,No
39,124320,752,2,47839,0.218,1,3,Yes
45,107561,479,18,56968,0.522,1,1,Yes
42,45446,517,18,90480,0.197,5,2,No
51,33507,619,0,73929,0.209,2,3,No
37,150183,322,21,28719,0.456,1,4,No
43,58208,383,18,97311,0.357,3,1,No
52,42522,625,25,12731,0.472,2,0,No
30,72402,628,14,13193,0.094,5,2,No
30,181562,629,18,39714,0.353,2,0,No
56,194083,772,24,27209,0.454,5,3,Yes
28,191143,777,6,41182,0.335,2,4,No
40,70102,534,30,5957,0.127,5,3,No
52,39040,418,29,70311,0.13,0,3,No
34,129254,339,23,19082,0.403,4,2,No
48,163118,559,0,18082,0.136,0,4,No
44,195446,305,23,32655,0.232,5,4,No
35,61189,610,15,14488,0.315,4,1,No
42,136738,365,7,8692,0.406,5,0,No
50,108998,673,11,40104,0.209,5,1,No
24,111070,445,27,48336,0.293,4,4,No
33,191040,533,29,23529,0.271,5,3,No
43,177007,328,23,54515,0.108,3,1,No
28,80581,769,5,76672,0.532,5,0,No
38,131531,660,9,88434,0.495,4,3,No
32,34009,654,13,37710,0.52,3,4,No
51,192796,325,4,35607,0.138,5,4,No
34,135847,589,3,27362,0.361,2,2,No
54,76377,370,26,92118,0.248,3,4,No
38,93861,388,24,46279,0.259,1,0,No
54,164771,476,22,57311,0.089,0,0,Yes
31,159817,326,27,82168,0.618,3,1,No
61,135612,588,30,72769,0.614,4,0,No
32,69837,830,13,79322,0.295,5,3,No
35,186866,783,30,6012,0.563,5,3,Yes
51,177270,733,16,91630,0.248,3,2,No
49,145791,792,26,60646,0.386,3,3,Yes
46,169561,577,0,88462,0.497,2,1,No
38,75557,645,16,12276,0.364,5,1,No
52,47474,537,19,95938,0.148,0,0,No
42,81439,436,8,86905,0.277,2,4,No
58,93213,462,15,73977,0.506,0,3,No
37,80296,592,2,77450,0.519,0,1,No
43,190584,327,9,58359,0.253,4,3,No
44,101711,555,16,48293,0.374,5,3,No
28,132727,564,15,32017,0.174,2,0,No
61,26177,780,29,6121,0.201,3,0,No
26,25761,700,0,28052,0.137,1,1,No
25,31458,759,18,74798,0.313,1,1,No
64,79775,432,28,19783,0.482,5,4,No
49,176182,490,14,47264,0.578,4,0,No
48,118789,423,26,93289,0.377,4,1,No
31,151048,730,30,72495,0.441,4,2,No
21,143249,517,6,86213,0.21,4,0,No
63,53433,702,7,82863,0.171,2,0,No
39,97715,621,3,79215,0.287,0,1,No
29,39849,600,11,51497,0.385,3,1,No
47,94980,370,1,63882,0.07,3,3,No
54,93500,513,6,87355,0.105,2,1,No
64,198062,844,24,52354,0.428,5,0,Yes
24,84891,673,25,66229,0.17,3,1,No
56,84866,635,5,13021,0.322,1,2,No
38,196064,470,29,55273,0.612,3,0,No
35,148469,643,1,58572,0.568,5,2,No
33,101008,755,24,25283,0.088,0,4,Yes
39,28101,709,6,86761,0.085,5,3,No
26,51990,600,24,73085,0.137,3,1,Yes
32,94214,795,26,85883,0.12,0,2,Yes
57,59611,590,1,53408,0.202,4,1,No
37,121265,736,25,41094,0.273,2,4,No
43,40958,401,3,18718,0.1,1,0,No
46,114786,309,15,9504,0.326,5,0,No
49,92002,340,5,17129,0.368,3,4,No
53,74887,669,9,30697,0.447,1,3,Yes
47,25339,425,22,80883,0.294,3,1,No
45,135083,682,13,95461,0.228,4,2,Yes
30,75528,626,2,23554,0.436,0,3,No
43,111639,749,13,78015,0.597,5,0,No
41,107624,822,28,54410,0.288,2,2,No
41,94260,831,25,40220,0.226,2,4,Yes
63,131493,572,10,28762,0.481,1,3,No
33,78570,801,10,54328,0.576,0,1,No
57,46643,786,20,81157,0.626,2,2,No
53,85252,526,10,50025,0.182,1,2,No
44,116580,526,3,33534,0.232,0,0,No
64,166406,640,4,82645,0.594,4,4,No
31,123856,571,5,22987,0.212,4,0,No
37,126795,694,21,13478,0.257,1,1,Yes
24,87977,423,13,68789,0.434,5,3,No
45,25789,494,6,20660,0.391,4,4,No
50,58941,472,5,91474,0.577,5,3,No
29,25552,502,13,42808,0.417,3,1,No
41,44806,332,21,9867,0.343,3,2,No
40,61979,510,15,57860,0.094,0,4,No
39,164895,350,3,92759,0.635,4,4,No
39,56980,706,17,77120,0.303,2,4,No
32,25860,840,25,31789,0.394,1,4,No
57,25290,817,6,40077,0.351,2,4,No
62,67417,432,22,68192,0.493,3,4,No
37,104880,395,26,16159,0.438,4,0,No
57,161942,723,18,73531,0.256,2,2,No
59,58397,381,13,62126,0.362,1,0,No
48,130311,614,14,64556,0.546,0,2,No
61,41186,579,20,6633,0.43,0,3,Yes
55,140162,385,5,35113,0.623,1,2,No
38,177088,665,9,68870,0.502,5,0,No
34,94616,665,24,20399,0.341,3,1,No
55,103508,392,2,20607,0.534,5,0,No
64,92296,370,12,45740,0.315,1,1,No
61,167346,625,18,6661,0.178,1,1,No
27,48304,806,20,87907,0.428,4,3,No
61,121161,625,17,24505,0.262,2,3,No
33,39705,490,2,51575,0.065,1,0,No
38,192401,513,30,26258,0.178,5,1,No
57,77996,346,30,12885,0.15,1,1,No
33,35607,388,21,16195,0.527,0,0,No
56,55006,526,2,45699,0.486,2,3,No
51,103554,696,16,70031,0.419,0,4,No
22,141196,516,22,40611,0.611,3,3,No
36,176566,600,6,98907,0.157,0,2,Yes
29,177309,715,1,28099,0.148,5,3,No
29,65963,469,4,48775,0.595,5,0,No
58,186613,664,8,31968,0.438,3,2,No
31,28447,531,28,69777,0.385,5,4,No
42,52156,627,2,21958,0.494,3,2,No
53,192631,532,7,57412,0.219,2,2,No
56,177537,336,3,75645,0.407,3,1,No
65,67120,701,2,35026,0.306,1,4,No
43,107753,725,17,50209,0.234,1,4,No
65,35190,707,29,43550,0.576,0,0,Yes
65,88394,516,14,60230,0.146,0,2,No
54,30335,469,28,96794,0.061,2,2,No
29,181850,657,24,61465,0.265,3,2,No
44,174631,485,10,30777,0.169,1,4,No
28,198413,460,4,37914,0.537,0,0,No
27,45557,583,24,78998,0.126,4,1,No
56,126092,483,15,7963,0.612,5,2,No
38,199853,836,23,74778,0.151,2,2,Yes
23,122074,441,18,44366,0.584,3,0,No
48,45575,530,3,94490,0.151,2,3,No
26,97848,767,27,17211,0.079,3,0,No
64,138216,687,21,76343,0.343,3,4,No
64,29616,457,10,17337,0.264,2,3,No
41,189835,617,25,96836,0.409,0,1,No
48,58124,484,11,32527,0.434,0,2,No
60,158662,720,4,62356,0.611,3,4,No
21,186942,482,9,88145,0.622,1,2,No
56,34534,351,9,46618,0.347,3,3,No
41,32921,302,18,47936,0.175,4,1,No
63,157763,376,4,25329,0.198,0,0,No
55,67042,315,4,94952,0.11,2,2,No
33,76209,529,24,15397,0.218,3,1,No
30,78603,566,3,75621,0.597,0,1,No
64,69377,605,23,16164,0.269,0,0,Yes
30,64705,305,3,90538,0.428,3,4,No
33,121492,409,25,22775,0.639,3,1,No
57,174836,442,1,10912,0.114,0,3,Yes
58,40783,506,2,66816,0.515,4,1,No
44,33515,728,28,73713,0.47,2,2,No
22,158142,465,3,40186,0.541,3,0,No
42,107850,559,7,56309,0.132,3,1,No
37,169843,693,8,94078,0.351,5,1,No
56,121776,420,27,84652,0.429,1,1,No
34,89206,712,27,66401,0.506,3,0,No
30,108364,439,21,7378,0.478,4,2,No
55,135532,467,29,15663,0.393,4,4,No
45,143090,383,7,48231,0.332,3,2,No
23,45936,720,11,89140,0.615,2,2,No
58,116618,567,9,69495,0.159,2,1,No
37,173977,337,4,70781,0.173,3,4,No
32,159170,602,4,85392,0.117,3,2,No
44,52020,637,23,48303,0.118,4,3,No
49,147043,629,14,93219,0.574,1,1,No
63,35985,498,30,21992,0.414,3,1,No
45,164355,304,19,49679,0.611,2,1,No
56,154100,731,28,62636,0.582,3,1,Yes
46,144635,670,2,12889,0.23,0,0,No
58,71323,402,25,81911,0.435,4,0,No
21,62708,734,30,61771,0.278,4,3,No
40,95298,680,1,33748,0.576,1,0,No
48,125057,365,14,39378,0.491,2,2,No
36,30054,569,12,90547,0.124,3,0,No
37,144580,346,27,28629,0.202,1,1,No
60,96317,664,23,42775,0.445,5,0,No
48,88304,479,11,21819,0.198,2,3,No
32,41471,367,13,82492,0.37,5,3,No
47,126266,414,11,12893,0.197,4,1,No
62,150022,325,14,25241,0.46,0,2,No
50,195750,506,20,17199,0.095,3,3,No
61,51527,372,27,73796,0.483,2,0,No
54,68250,558,21,99242,0.252,2,3,No
57,144917,685,29,34254,0.322,3,2,Yes
26,37029,329,28,33954,0.34,4,2,No
27,66583,720,24,40548,0.167,1,2,No
52,127061,302,29,97297,0.615,3,3,No
52,128100,820,12,50642,0.05,2,4,No
45,93147,819,2,85787,0.274,5,4,No
53,164425,820,14,35368,0.127,4,0,No
27,68042,700,19,51826,0.266,3,3,No
32,118125,573,27,95596,0.112,1,4,No
36,197068,771,17,81533,0.277,4,0,No
36,101604,671,5,53463,0.166,5,1,No
63,80918,730,14,44364,0.382,5,1,No
56,147225,838,28,7533,0.057,5,3,No
33,93882,647,24,28226,0.354,0,3,No
27,61822,370,11,54089,0.22,0,1,No
56,73760,781,1,76092,0.243,1,0,No
29,29200,555,4,17293,0.263,3,1,No
52,72259,402,25,94300,0.442,4,3,No
31,33527,446,16,40934,0.505,2,3,No
28,35535,439,12,16169,0.248,1,0,No
53,174016,722,27,89528,0.605,2,0,No
43,196362,363,12,62086,0.498,0,2,No
45,136477,570,3,74916,0.292,3,3,No
28,37438,812,15,87297,0.109,1,2,No
65,89344,306,7,19837,0.386,2,2,No
42,145127,692,2,11592,0.418,0,2,No
24,95388,300,19,95853,0.132,1,3,No
60,97249,560,1,46744,0.561,2,3,No
23,86083,346,24,69609,0.279,3,3,No
49,56354,301,20,71096,0.141,1,0,No
61,149365,834,2,70167,0.363,0,2,Yes
49,174865,658,10,48142,0.303,1,3,No
54,193138,776,10,68203,0.435,1,2,No
54,96135,721,9,97940,0.154,3,0,No
48,188843,503,27,27227,0.062,5,4,No
33,169512,526,22,23819,0.336,1,0,No
35,36289,450,10,71756,0.144,0,3,No
43,134344,546,16,78032,0.144,1,1,No
64,136568,316,24,52850,0.457,4,3,No
46,74178,603,6,64211,0.205,5,4,No
24,91500,813,28,58325,0.554,2,0,No
46,142784,496,0,60054,0.359,2,3,No
60,74223,745,19,48908,0.415,4,2,No
29,194441,640,14,37553,0.243,1,3,No
25,170256,360,6,31439,0.184,3,1,No
52,93483,566,3,60431,0.145,4,4,No
40,144178,396,22,98656,0.474,4,0,No
31,169228,582,2,61643,0.463,5,3,No
35,158483,546,19,46330,0.346,2,2,No
52,40674,334,27,25633,0.519,2,3,No
48,164380,768,2,80338,0.532,2,3,No
42,133707,367,28,75048,0.315,1,3,No
61,93460,488,19,47005,0.441,5,2,No
37,25576,340,27,91271,0.597,2,1,No
46,170713,366,9,42852,0.099,4,2,No
64,123264,607,28,39372,0.057,5,2,No
27,75907,418,2,51720,0.334,0,3,No
62,197211,485,25,5853,0.249,3,4,No
46,109325,369,29,95146,0.102,1,1,No
45,64651,583,25,92223,0.14,1,4,No
30,118435,847,4,79974,0.204,2,3,No
65,171730,647,19,21002,0.11,1,2,Yes
39,63907,494,18,12366,0.241,0,1,No
31,88917,783,20,91825,0.13,4,3,No
33,187819,579,9,57793,0.425,4,4,No
28,79936,647,8,12155,0.468,1,0,No
60,51178,777,10,93799,0.515,2,2,Yes
24,155614,397,0,75495,0.572,5,3,No
51,124423,581,29,84444,0.052,1,0,No
48,33000,718,29,27991,0.156,1,2,Yes
31,164137,522,19,51339,0.539,3,0,No
63,133407,551,12,26520,0.068,3,3,No
21,157157,379,22,66794,0.449,5,1,No
58,74325,712,3,81711,0.158,4,2,No
44,136868,692,23,34111,0.354,2,3,No
51,173694,633,30,59243,0.627,4,4,No
61,151190,627,22,32608,0.439,1,3,No
46,88902,301,20,30895,0.271,5,4,No
25,29834,502,9,95077,0.463,4,3,No
40,110733,557,3,75284,0.053,3,1,No
61,37008,666,7,65515,0.62,0,1,No
31,103498,445,16,45225,0.257,5,4,No
53,72229,677,1,96271,0.638,0,1,No
58,137892,740,20,73854,0.456,1,1,No
47,164084,754,25,11353,0.222,1,4,Yes
54,76125,706,6,63246,0.419,1,2,No
35,110702,318,24,71544,0.278,4,3,No
52,109164,732,2,92597,0.436,5,1,No
41,165921,728,20,45149,0.524,5,0,Yes
25,197444,551,10,14414,0.332,4,2,No
26,38767,520,17,95238,0.183,3,1,No
58,196061,412,5,18693,0.639,4,0,No
42,196654,448,21,84884,0.298,3,3,No
38,70052,357,19,36105,0.156,0,1,No
34,124427,496,13,11891,0.494,4,0,No
30,155591,317,12,78473,0.443,3,0,No
33,177637,514,1,63396,0.54,1,1,No
51,125547,315,15,90329,0.051,0,3,No
50,93125,698,30,60225,0.258,3,1,No
23,75281,532,23,98697,0.239,5,1,No
50,100285,324,7,97090,0.604,5,3,No
26,48423,700,14,16188,0.26,3,2,No
49,109693,664,12,75339,0.366,3,4,No
28,113860,594,0,37688,0.052,0,1,Yes
64,26706,736,1,32309,0.535,2,2,No
65,76753,370,3,41167,0.118,4,0,No
63,118755,324,12,50667,0.579,0,4,No
64,66334,673,29,87223,0.491,5,2,No
53,92148,844,11,88848,0.384,1,0,No
37,127601,757,11,40217,0.499,0,3,No
31,75627,513,0,26809,0.526,5,3,No
33,40546,510,5,39645,0.501,5,3,No
31,99581,840,10,8274,0.447,1,0,No
51,181371,338,15,73762,0.578,0,0,No
48,68347,559,1,20681,0.304,1,3,No
64,66221,394,2,44489,0.39,3,2,No
26,196848,689,10,87141,0.632,2,0,No
61,123203,519,8,16605,0.273,5,1,No
36,40948,567,6,58082,0.501,4,0,No
24,50118,793,3,40530,0.285,2,0,No
55,128729,365,27,93206,0.332,0,3,No
46,151677,686,9,46967,0.251,4,3,No
32,42021,492,0,19703,0.142,2,1,No
31,73215,619,12,34104,0.633,4,3,No
57,26223,846,3,57518,0.318,3,1,No
45,192182,474,25,83536,0.218,2,1,No
38,115162,411,12,10206,0.438,4,2,No
39,121453,607,21,11147,0.117,4,1,No
43,46526,639,23,42304,0.376,4,0,No
58,63829,379,10,10290,0.394,4,3,No
38,76862,777,24,41101,0.168,1,0,Yes
46,152048,410,14,94049,0.626,1,3,No
26,176408,786,12,95042,0.407,1,2,No
24,55796,752,3,66248,0.184,3,3,No
64,183239,712,5,39133,0.55,3,1,No
49,41818,485,1,71589,0.234,2,3,No
54,194964,386,1,36545,0.488,1,1,No
37,49488,523,5,17373,0.427,2,2,No
63,194024,350,24,76392,0.146,4,0,No
63,108904,425,2,63052,0.107,0,3,No
36,169295,445,19,46261,0.415,5,0,No
22,121931,340,26,28497,0.451,4,4,No
54,186333,654,24,57468,0.129,5,2,No
28,100520,744,24,63763,0.154,5,4,No
33,93334,662,10,76536,0.08,2,0,No
62,163675,835,14,70090,0.131,0,1,Yes
28,136587,583,28,35844,0.403,5,2,No
50,102240,335,20,43921,0.17,3,4,Yes
52,59261,576,8,78216,0.223,0,1,No
56,142367,624,20,88961,0.383,5,2,No
50,40707,481,20,9844,0.298,4,3,No
21,43009,770,6,6395,0.557,2,4,No
63,77169,716,14,29158,0.393,1,4,No
59,43231,449,21,58430,0.129,4,1,No
37,28246,703,9,45149,0.281,2,2,No
40,54825,813,10,79536,0.205,4,1,No
44,171997,740,22,89937,0.205,5,3,No
42,26316,545,25,79185,0.204,0,0,No
49,108870,345,1,87638,0.301,3,2,No
42,121608,374,13,92620,0.129,5,0,No
64,139911,448,15,47476,0.201,5,3,No
29,158098,705,8,79833,0.471,0,1,No
57,40289,302,21,87232,0.546,5,4,No
30,127082,308,24,47799,0.058,1,2,No
56,73886,813,15,83641,0.1,5,1,No
57,90020,537,0,57164,0.563,2,0,No
48,64279,839,1,22005,0.179,0,3,Yes
48,131061,589,6,57186,0.237,2,1,No
62,110643,480,11,67680,0.252,5,2,No
63,124827,614,17,9211,0.57,4,4,No
41,153089,565,5,51489,0.148,5,0,No
44,183351,382,1,96756,0.538,0,0,No
62,174428,557,13,24734,0.331,5,2,No
60,90200,498,15,46046,0.52,0,2,No
22,186115,591,9,71784,0.463,5,0,No
28,120502,382,4,81030,0.489,1,0,No
47,168867,565,21,57213,0.118,0,1,Yes
42,107536,716,15,16537,0.235,3,0,Yes
57,178230,318,6,72910,0.186,2,1,No
47,44005,829,14,68711,0.126,4,3,No
49,135737,670,12,19022,0.434,5,0,No
23,109013,322,16,66307,0.467,3,3,No
64,196324,684,17,13327,0.135,3,2,No
33,70176,821,17,76281,0.511,0,3,No
65,140754,678,16,35137,0.222,3,2,Yes
30,156777,389,2,94044,0.276,4,2,No
56,76510,443,11,54513,0.646,5,0,No
29,71293,503,5,39610,0.165,3,0,No
47,143222,819,11,49448,0.121,3,1,No
54,151947,691,10,70309,0.211,0,1,No
21,69420,600,8,42441,0.609,2,2,No
52,176224,804,18,84035,0.122,2,0,No
45,122391,452,27,65387,0.42,1,1,No
49,84278,828,30,92317,0.526,2,4,No
27,85216,638,18,90023,0.603,3,2,No
23,98699,811,1,94072,0.337,1,2,Yes
40,25209,634,12,52856,0.325,1,4,No
40,160906,808,17,37903,0.547,0,0,Yes
50,187584,355,22,71622,0.168,1,0,No
55,87485,850,3,70744,0.327,0,0,Yes
55,94498,429,21,15279,0.433,4,4,No
59,169100,397,23,76340,0.47,1,4,No
47,76542,721,13,54665,0.117,0,0,Yes
46,177975,379,13,96903,0.57,4,4,No
34,167789,587,4,96952,0.541,4,3,No
37,55545,468,28,57198,0.24,0,2,No
38,60212,378,18,92279,0.336,1,0,No
65,134079,370,1,83576,0.28,4,0,No
49,66100,562,15,97702,0.639,2,2,No
40,152215,829,30,64971,0.4,2,4,Yes
47,77016,509,5,94321,0.212,1,2,No
38,191447,416,10,56545,0.498,4,0,No
24,176392,376,11,63760,0.543,5,4,No
21,44301,614,23,75622,0.486,0,1,No
21,108717,310,12,50106,0.1,1,4,No
46,34168,350,26,37453,0.223,2,4,No
65,93109,306,28,98209,0.267,5,0,No
40,43973,848,9,12370,0.18,5,0,No
43,192123,560,13,70144,0.339,4,1,Yes
30,198831,811,3,53595,0.242,2,0,No
31,118059,499,1,18307,0.072,3,4,No
61,124017,629,18,67059,0.441,3,1,No
61,176023,389,18,10722,0.312,0,4,No
25,187377,354,14,23461,0.067,0,4,No
21,106115,520,8,58958,0.61,0,4,No
37,100406,391,25,58476,0.441,5,1,No
42,34109,355,3,24023,0.094,4,0,No
54,51842,478,21,98306,0.584,0,2,No
65,166788,360,12,91250,0.303,5,1,No
61,122969,416,8,69595,0.194,2,0,No
49,132055,535,11,69112,0.078,1,4,No
24,71408,332,13,46829,0.497,3,2,No
25,133407,542,25,36059,0.632,0,4,No
31,61530,373,23,9053,0.161,5,2,No
41,135047,320,28,5837,0.3,0,1,No
55,84730,453,11,93939,0.193,1,1,No
32,100623,553,24,10619,0.393,1,4,No
46,102658,506,21,63003,0.573,0,2,No
39,55898,448,29,73804,0.128,1,3,No
65,88908,601,12,8274,0.229,0,4,No
27,106377,596,17,47113,0.149,5,3,No
27,116118,790,4,21029,0.187,3,1,No
46,82392,343,25,15887,0.128,2,4,No
60,100578,443,18,85679,0.431,4,2,No
25,51505,543,2,64015,0.076,1,1,No
41,113830,718,25,53784,0.487,5,3,No
34,162245,816,27,67493,0.135,3,0,Yes
24,109052,361,16,60680,0.21,5,4,No
43,31932,837,26,95308,0.257,3,3,Yes
62,108445,616,19,21447,0.279,1,2,No
40,186313,734,28,45399,0.154,3,3,Yes
35,172784,680,6,7083,0.343,0,1,Yes
65,54105,335,2,97750,0.587,4,1,No
49,132083,841,6,19326,0.325,0,3,Yes
28,55382,531,5,40504,0.067,1,4,No
61,112892,332,13,48088,0.268,0,0,No
39,44589,651,27,25172,0.292,1,1,No
59,195673,554,0,77215,0.22,5,1,No
48,145829,349,13,71154,0.228,5,1,No
47,114452,322,20,81526,0.169,1,2,No
24,196747,553,26,58626,0.624,3,1,No
35,190438,693,21,96757,0.368,1,1,No
55,159923,572,10,62932,0.372,5,3,No
57,163654,549,8,86341,0.305,2,0,No
21,196663,536,9,80260,0.42,2,0,No
23,161579,531,21,23056,0.304,3,0,No
44,162006,727,10,92951,0.463,1,4,No
47,66971,541,23,59436,0.103,4,0,No
60,29659,433,17,54258,0.068,4,2,No
56,29398,370,16,51346,0.387,5,1,No
54,31242,764,13,76553,0.49,4,2,No
49,184692,720,30,64002,0.451,0,1,No
44,166868,609,16,32822,0.289,4,4,No
44,155014,578,29,20165,0.052,1,3,Yes
62,76175,518,6,63918,0.122,5,3,No
24,193347,606,30,34674,0.285,3,2,No
23,38937,613,30,80171,0.449,3,0,No
54,175641,702,30,94065,0.237,4,1,No
43,37343,787,7,69846,0.369,0,1,No
43,81875,704,7,7851,0.155,1,4,No
65,71803,678,27,92628,0.152,1,0,No
25,84937,580,18,26831,0.496,4,4,No
51,102069,626,4,43872,0.313,5,4,No
61,187204,334,30,35039,0.619,0,3,No
26,187428,369,6,75311,0.177,0,1,No
57,40438,659,29,27924,0.319,5,4,No
30,182438,707,12,7794,0.163,1,4,Yes
60,104504,818,14,23980,0.204,0,4,Yes
27,42490,683,13,88194,0.434,5,4,No
59,175245,380,24,26137,0.596,4,3,No
58,166448,737,20,55137,0.127,3,1,Yes
41,91254,549,14,97065,0.128,3,2,No
40,130380,337,28,14593,0.621,0,1,No
23,61763,344,13,47270,0.492,3,0,No
42,90841,658,12,43478,0.238,3,3,No
24,66347,436,30,98523,0.294,4,3,No
48,66684,760,19,41419,0.523,1,2,No
32,55711,666,30,81743,0.469,4,0,No
58,39177,604,3,83777,0.416,0,1,No
56,180642,528,21,50951,0.569,0,1,Yes
61,191436,482,8,47193,0.237,1,3,No
25,174891,766,13,76254,0.177,3,4,No
33,150220,503,28,70597,0.296,0,3,No
43,56391,367,16,16342,0.054,1,2,No
50,40788,849,0,62067,0.354,5,4,No
57,76055,604,0,99470,0.269,1,0,No
45,139187,394,3,71415,0.129,4,0,No
47,143071,545,30,38950,0.575,1,0,No
34,179637,378,19,83078,0.167,4,2,No
56,155101,732,26,14055,0.474,2,3,Yes
59,111462,579,7,51669,0.473,0,1,No
36,38376,668,29,7386,0.076,3,1,No
42,177947,578,4,78393,0.307,0,2,No
41,72606,650,13,11223,0.336,0,2,Yes
41,103393,525,25,78608,0.541,3,2,No
28,87996,705,19,95304,0.425,3,3,No
36,26283,745,23,62368,0.088,4,2,No
51,105456,622,22,35343,0.319,3,0,Yes
62,90783,372,13,24750,0.231,4,1,No
30,121382,817,21,67215,0.153,4,3,No
52,97178,620,1,46612,0.216,4,4,No
54,42365,321,20,27210,0.554,1,3,No
29,137255,478,28,55369,0.422,5,4,Yes
37,174021,408,11,81652,0.311,0,1,No
31,141829,671,17,63267,0.482,0,2,No
52,189575,755,5,28043,0.631,1,4,Yes
30,151267,528,8,99022,0.606,5,2,No
42,101387,830,8,56805,0.108,3,0,No
37,104942,663,21,77889,0.249,4,4,No
24,171000,724,3,72912,0.238,5,2,No
45,172904,515,9,27152,0.382,1,1,No
41,163606,347,11,72094,0.104,5,1,No
57,157907,764,24,59986,0.603,4,1,No
58,95251,572,20,75156,0.52,2,4,No
21,189453,329,7,6500,0.124,0,4,No
45,79780,489,27,90918,0.203,0,4,No
56,91412,451,24,58613,0.136,0,1,No
37,165397,675,20,43674,0.337,4,0,No
61,185518,554,21,75660,0.584,3,4,No
44,123975,333,19,59255,0.437,0,1,No
22,154788,486,15,17762,0.413,0,1,No
60,85662,748,11,49407,0.095,4,0,Yes
35,123664,385,16,39701,0.594,3,0,No
52,105249,417,16,26653,0.218,0,2,No
59,81525,357,20,8477,0.59,4,0,No
26,166656,317,18,42309,0.322,0,3,No
21,159973,439,6,31035,0.367,1,2,No
43,138094,757,28,66263,0.413,5,1,Yes
59,81203,511,19,61742,0.223,1,2,No
37,112597,785,3,84988,0.551,0,4,Yes
54,27090,419,19,61911,0.625,4,3,No
61,182924,302,21,82239,0.22,4,0,No
49,47454,528,8,42259,0.05,4,1,No
29,80084,528,27,74583,0.365,3,3,No
33,122103,642,11,31251,0.406,2,2,No
26,189895,440,12,86247,0.088,5,2,No
26,188079,356,8,27916,0.454,5,1,No
40,129560,515,28,9707,0.225,4,1,No
23,170213,413,10,55779,0.625,5,3,No
37,37746,593,4,37245,0.519,4,0,No
32,28347,327,28,33283,0.094,0,0,No
65,165433,837,26,71795,0.623,4,2,Yes
21,136972,620,28,90507,0.186,2,3,No
37,29101,812,7,60654,0.529,5,3,No
23,130811,331,19,17134,0.436,0,4,No
46,73095,710,11,14170,0.372,4,1,No
35,197525,696,23,42656,0.61,5,0,No
56,126483,316,15,27242,0.414,2,3,No
52,188740,351,9,47167,0.565,0,1,No
52,145902,669,14,36582,0.547,3,2,Yes
24,42747,463,24,88538,0.453,3,0,No
38,171081,602,11,95719,0.344,0,3,No
39,114187,749,23,49236,0.109,5,2,No
63,157128,843,23,23477,0.142,2,4,Yes
55,188982,801,13,55833,0.37,2,4,Yes
60,177287,650,24,79940,0.249,1,4,Yes
34,55375,678,12,26062,0.175,1,2,Yes
53,166148,738,15,16308,0.63,4,0,No
34,141612,500,9,54581,0.565,5,2,No
54,135541,406,29,57240,0.308,1,2,No
24,191321,804,7,12566,0.573,0,3,No
44,65664,683,19,25257,0.086,2,4,Yes
49,63779,595,13,18686,0.11,2,0,No
39,84312,327,4,5650,0.619,0,3,No
26,36414,636,25,35551,0.463,3,0,No
53,192990,586,5,32305,0.509,1,4,No
60,171948,642,20,58853,0.55,0,3,No
39,148938,330,8,77916,0.082,4,1,No
21,34198,786,12,42884,0.481,3,0,No
25,118302,550,28,50994,0.264,5,0,No
47,124524,662,30,21442,0.541,0,4,Yes
36,193501,406,12,32275,0.283,1,0,No
26,128170,805,1,36688,0.511,3,2,Yes
60,148393,741,21,21907,0.591,5,2,No
33,141305,416,12,21923,0.254,4,3,No
55,145759,544,25,82485,0.332,5,1,No
39,95148,378,1,81652,0.372,5,3,No
32,133169,785,26,58031,0.463,3,1,No
36,56528,322,14,95978,0.556,5,2,No
63,166355,496,23,16036,0.176,5,2,No
30,161025,660,23,83975,0.617,2,4,No
45,150728,726,20,66381,0.521,0,2,No
40,111234,516,30,81589,0.134,3,2,No
51,84121,495,11,73380,0.252,0,0,No
24,195891,742,9,57275,0.201,0,4,No
64,47016,758,23,74159,0.145,0,1,No
43,169320,758,20,97677,0.437,2,0,No
22,145184,783,3,70306,0.089,5,0,No
42,173348,443,24,8236,0.409,3,3,No
57,121544,613,7,58632,0.547,2,4,No
28,173427,556,3,41015,0.267,5,3,No
27,83451,773,1,43123,0.344,1,2,No
34,46529,798,17,26246,0.136,3,2,No
23,192086,518,17,39699,0.482,5,1,No
36,145542,830,13,70200,0.595,3,2,No
39,45096,657,26,85296,0.49,2,0,No
38,120653,536,27,67147,0.124,3,3,No
36,28417,574,29,6265,0.257,2,0,No
28,96981,516,28,49779,0.154,5,0,No
53,95953,696,30,5106,0.404,0,4,No
32,40494,373,28,63068,0.484,5,1,No
31,136670,627,9,68361,0.635,1,4,No
25,143839,707,11,7035,0.352,0,4,No
47,169374,447,7,50652,0.432,5,2,No
32,80669,385,21,87365,0.114,4,2,No
37,192499,820,16,39104,0.143,4,4,Yes
26,83263,802,11,45875,0.189,0,1,No
53,65274,531,28,64044,0.083,2,4,No
25,144240,797,25,85461,0.295,4,0,No
48,184875,722,19,64822,0.621,4,1,No
34,185236,766,2,51268,0.442,2,0,No
25,63441,546,9,95451,0.312,3,1,No
53,88327,669,10,25706,0.346,2,1,No
61,125461,812,13,50744,0.138,1,2,No
39,124099,404,6,98627,0.108,3,4,No
42,101925,533,25,10573,0.205,3,0,No
25,76035,757,4,48590,0.234,5,1,No
22,134863,556,0,75629,0.124,1,0,No
50,38490,774,11,70891,0.465,0,0,No
59,31044,471,15,61741,0.604,3,0,No
24,197841,572,5,27656,0.155,3,2,No
53,52509,493,19,91912,0.553,0,0,No
33,52844,411,9,76116,0.229,1,3,No
40,87212,322,14,61326,0.414,3,0,No
27,177676,614,14,29211,0.103,0,1,No
35,183632,501,5,77747,0.194,1,2,No
43,157278,800,22,38736,0.145,1,2,Yes
34,139587,324,24,66964,0.147,4,4,No
43,103632,807,0,71342,0.61,3,0,No
39,185622,665,5,61431,0.268,3,2,No
49,77232,830,12,69051,0.168,0,2,No
40,60228,345,10,91424,0.153,0,3,No
49,110925,334,23,36627,0.454,4,4,No
44,62693,501,19,67425,0.481,0,1,No
38,109533,834,25,80191,0.638,4,1,No
30,125019,664,24,90461,0.426,5,4,No
61,112165,769,19,30984,0.325,2,4,No
28,59337,599,19,55759,0.184,4,1,No
46,42060,715,11,12106,0.074,2,4,No
49,198865,645,13,68857,0.578,5,3,No
30,191353,648,8,72156,0.523,4,3,No
37,197832,489,12,31142,0.528,2,1,No
22,73993,702,3,31344,0.243,3,0,No
26,104459,648,8,5922,0.265,4,0,No
25,190871,672,0,67209,0.52,1,3,No
48,132606,804,7,59648,0.463,4,2,Yes
61,140600,590,1,27876,0.44,0,2,No
25,30322,410,23,8577,0.383,3,1,No
38,195947,802,20,96113,0.271,3,0,Yes
46,63438,600,12,78722,0.495,0,1,No
40,104369,312,12,57717,0.267,0,0,No
61,43134,822,29,32015,0.491,2,3,Yes
47,32575,401,0,84138,0.164,3,2,No
32,101899,496,0,46506,0.404,5,0,No
27,113307,690,28,78494,0.264,2,4,No
23,119265,354,5,76190,0.547,3,4,No
30,191852,482,15,17010,0.361,5,3,No
54,44812,318,16,54453,0.424,1,1,No
45,69522,662,12,26266,0.1,3,1,No
55,113383,772,17,25558,0.347,3,2,No
36,49932,308,26,85455,0.518,1,4,No
22,73966,324,29,30184,0.566,1,4,No
44,70580,605,30,71018,0.483,1,4,No
30,196162,733,2,72303,0.301,5,4,No
58,133113,721,14,65428,0.204,1,0,Yes
42,51199,356,26,92473,0.283,4,1,No
46,128528,833,26,54566,0.387,4,1,Yes
63,169909,847,1,11995,0.053,3,2,Yes
59,37688,478,24,81414,0.597,4,0,No
47,165859,367,25,79661,0.256,1,0,No
49,190829,795,27,25792,0.528,1,0,Yes
58,115640,300,5,15851,0.371,5,4,No
40,85539,347,24,85397,0.447,4,1,No
47,156135,716,20,55525,0.506,4,0,No
61,102688,496,19,74260,0.223,4,4,No
40,109732,347,27,15433,0.414,4,3,No
64,199853,654,13,85421,0.501,0,2,No
39,171031,533,17,6556,0.513,0,4,No
40,187352,736,3,80420,0.3,3,3,No
55,183539,389,7,14087,0.487,4,3,Yes
22,172128,668,1,38969,0.231,0,3,Yes
50,28135,468,27,26887,0.125,5,0,No
54,42564,662,23,83094,0.118,0,0,No
42,88258,476,1,89916,0.353,3,0,No
23,128813,799,16,29518,0.28,0,2,No
26,52462,432,3,50314,0.189,4,2,No
35,81682,471,22,27358,0.285,3,2,No
47,27728,829,15,17811,0.297,3,0,No
30,163703,740,1,69033,0.382,3,3,No
29,166956,411,26,67764,0.085,1,3,No
53,49974,339,18,39144,0.595,0,4,No
52,140092,401,27,14058,0.273,5,4,No
26,126177,668,5,61987,0.419,3,1,No
61,138795,473,1,22190,0.234,0,2,No
56,192108,640,8,9354,0.507,1,2,No
22,109614,495,30,43062,0.325,1,1,No
49,166346,481,5,38291,0.243,3,1,No
24,174923,622,5,72114,0.628,3,1,Yes
21,86816,412,27,5332,0.569,4,4,No
39,73526,850,7,90367,0.158,5,1,No
46,78467,534,0,33157,0.47,5,4,No
45,141609,804,15,41953,0.503,3,0,No
30,149420,370,9,16017,0.071,2,4,No
35,104430,518,18,72059,0.627,0,4,No
42,51965,816,17,66284,0.19,5,4,No
41,186630,464,29,70803,0.595,3,1,No
42,84807,812,15,43964,0.442,5,0,No
56,77520,680,0,53818,0.357,5,1,No
54,155030,483,26,13463,0.522,5,0,No
50,123983,668,27,86383,0.455,4,2,No
45,147194,747,14,32486,0.494,5,1,No
65,107667,307,15,27937,0.565,1,0,No
48,173777,681,10,88713,0.333,1,3,Yes
21,154335,681,5,37796,0.305,5,3,No
65,70110,747,13,16613,0.59,2,1,No
24,156032,453,15,22903,0.529,3,1,No
27,29789,333,3,18998,0.062,2,1,No
29,25533,796,21,63250,0.442,5,2,No
56,75970,321,7,38441,0.592,4,4,No
39,53776,679,22,58749,0.46,0,3,No
21,43725,447,30,61262,0.382,4,4,No
30,89367,850,27,14446,0.156,2,2,No
56,97230,398,18,68004,0.62,2,1,No
29,95542,830,18,46952,0.426,1,0,No
65,117534,570,21,99328,0.111,4,1,No
62,127849,300,0,72760,0.607,0,3,No
52,198500,586,2,70143,0.36,5,0,No
52,120623,479,7,29922,0.144,1,4,No
26,128211,555,12,17624,0.186,0,1,No
58,29485,473,18,37458,0.631,3,0,No
37,91771,349,0,93973,0.312,2,1,No
30,199746,831,28,90260,0.302,0,0,Yes
47,122519,489,12,10026,0.342,4,0,No
55,91681,342,9,84923,0.47,5,1,No
41,179876,816,28,19872,0.269,1,4,Yes
45,26475,365,29,77423,0.303,2,2,No
48,151803,695,15,74867,0.498,1,0,No
35,77073,550,27,40196,0.327,3,3,No
24,35047,427,8,34162,0.478,5,1,No
49,151104,487,1,52546,0.627,1,0,Yes
29,120957,482,22,50515,0.628,5,2,No
47,118491,711,7,44796,0.318,0,0,Yes
46,112599,378,2,69579,0.191,1,0,No
39,73444,318,28,43831,0.201,1,0,No
48,177871,777,29,62320,0.542,3,2,Yes
37,111858,344,22,64120,0.098,5,0,No
63,136897,521,25,29282,0.074,0,2,No
61,128351,428,19,50484,0.459,1,1,No
62,82895,529,1,86991,0.596,3,2,No
40,133500,526,3,56958,0.188,5,4,No
65,197015,696,15,7631,0.083,1,3,Yes
60,87559,574,7,60580,0.587,0,4,No
59,180075,437,14,10634,0.262,4,3,No
43,178573,472,15,48230,0.38,1,1,No
52,56092,626,17,39479,0.552,1,0,No
53,54768,514,21,21129,0.2,4,4,No
25,59604,527,9,33905,0.411,4,4,No
63,112824,406,18,11145,0.645,5,4,No
54,71760,458,13,10664,0.495,4,2,No
60,31476,435,18,78761,0.288,1,0,No
31,154416,329,21,70121,0.511,5,3,No
23,123138,397,13,72621,0.063,4,1,No
53,132620,822,30,56326,0.179,5,3,No
31,141070,641,2,14933,0.497,1,3,No
36,100498,467,13,98918,0.207,1,0,No
38,53439,510,1,25627,0.126,2,4,No
50,28400,484,28,93019,0.226,0,2,No
30,114976,731,1,52264,0.153,0,2,No
38,154418,723,2,50689,0.302,1,2,No
58,49610,338,1,53172,0.125,4,4,No
39,76356,686,28,58743,0.553,5,1,No
56,185647,750,5,5449,0.518,1,3,Yes
33,44728,414,3,58997,0.234,0,3,No
23,142702,700,0,53139,0.362,5,0,No
30,54067,603,2,35415,0.563,0,0,No
58,70262,608,15,93330,0.607,3,3,No
21,26628,402,14,34844,0.105,1,4,No
47,130068,401,25,7763,0.483,5,4,No
28,100057,389,28,16971,0.131,4,1,No
62,129049,417,10,95046,0.062,1,3,No
37,181452,438,29,69489,0.097,4,3,No
29,84853,602,18,60790,0.396,4,4,No
26,184995,816,3,61080,0.276,0,1,No
63,59058,508,21,65666,0.121,3,2,No
45,81162,386,0,63556,0.335,0,2,No
59,119416,618,1,47183,0.355,1,0,No
48,175042,544,30,15681,0.522,2,2,No
53,63891,389,9,64741,0.448,2,0,No
57,161002,777,2,56320,0.33,4,1,No
29,191390,411,20,88570,0.245,0,1,No
38,75107,693,26,97200,0.051,2,0,No
41,86953,539,27,91167,0.549,3,3,No
22,133433,571,22,25650,0.21,1,2,No
63,74108,442,16,23768,0.178,4,3,No
58,57574,418,11,60389,0.491,1,1,No
60,130287,550,28,30576,0.093,4,0,No
56,165929,577,1,69627,0.208,0,1,No
63,179585,462,12,12914,0.311,2,1,No
57,125434,649,3,43337,0.315,4,0,No
35,48593,330,14,60293,0.145,4,2,No
48,113219,757,25,38951,0.074,5,2,Yes
38,127044,390,16,56624,0.332,0,2,No
54,174956,427,10,30610,0.264,3,4,No
42,83986,847,0,28488,0.221,1,0,No
31,161379,808,26,23547,0.212,2,1,Yes
33,37904,536,24,95852,0.353,5,2,No
24,130071,832,21,32921,0.063,1,4,Yes
42,119714,350,1,8079,0.114,2,1,No
27,169654,768,9,16546,0.245,5,4,No
63,82965,687,6,35929,0.338,3,4,No
44,126448,361,25,50569,0.466,0,2,No
24,164097,642,29,18904,0.226,4,4,No
48,197686,452,21,67410,0.45,2,3,No
35,109724,340,10,28853,0.282,0,0,No
21,32604,785,21,69709,0.515,2,0,No
23,183362,681,23,33036,0.338,2,4,No
34,32871,395,25,35379,0.375,4,1,No
58,127318,592,28,97585,0.311,5,1,No
21,101981,534,18,67306,0.13,0,4,No
58,101574,640,9,30970,0.153,1,0,No
58,136376,837,1,76127,0.29,4,1,No
41,136358,649,13,52261,0.109,1,2,No
49,159577,506,24,84923,0.134,1,3,No
25,197550,790,20,73910,0.424,5,1,No
30,109605,680,28,93611,0.43,4,1,No
48,170490,440,21,6823,0.126,5,4,No
41,41411,322,26,91753,0.562,3,3,No
27,123569,663,6,11955,0.564,3,1,No
23,34498,447,12,91415,0.278,4,0,No
65,81257,850,1,98766,0.349,3,0,No
40,111995,804,26,45799,0.531,5,2,No
39,178275,517,5,14872,0.508,4,0,No
55,118566,781,27,42535,0.268,2,1,No
24,140498,715,0,66453,0.24,5,0,No
25,111596,624,24,29008,0.449,0,0,No
21,71917,788,27,32788,0.268,4,3,No
24,150154,707,21,61305,0.464,0,0,No
32,45930,443,10,83463,0.128,2,1,No
47,104029,510,6,97888,0.453,2,1,No
62,38638,558,27,65171,0.521,5,0,No
43,30724,526,4,53812,0.593,3,2,No
45,90738,671,17,17784,0.324,1,3,No
41,123705,690,19,74597,0.386,3,3,No
44,158099,387,11,60091,0.223,0,1,No
45,170879,699,20,21020,0.14,3,3,Yes
65,118962,608,26,95647,0.154,1,3,Yes
52,88109,303,25,31234,0.557,2,2,No
52,66849,472,17,10408,0.375,3,3,No
25,25178,843,8,80248,0.276,0,2,No
56,30817,525,1,16422,0.568,4,0,No
62,97721,638,17,78762,0.118,2,3,No
62,150762,505,1,17106,0.407,3,0,No
59,28984,401,1,62488,0.524,0,0,No
36,89096,357,20,77271,0.125,1,4,No
53,111941,449,13,24475,0.122,0,2,No
41,112432,551,6,75106,0.07,0,2,Yes
29,170707,778,0,16511,0.615,2,2,No
26,134914,727,29,9429,0.465,2,4,No
65,187414,841,27,12189,0.093,4,2,Yes
55,79680,823,8,21821,0.453,3,1,No
59,135326,790,26,55032,0.232,5,1,No
42,154094,825,29,52562,0.116,3,2,Yes
61,32988,591,21,39000,0.645,0,0,No
25,57070,344,11,9466,0.158,3,0,No
62,122491,499,0,74712,0.529,2,4,No
43,103132,323,0,29522,0.579,2,4,No
37,48659,686,8,26199,0.368,3,2,No
32,100952,734,15,88284,0.636,1,4,No
43,175243,541,24,88936,0.122,3,1,No
36,78778,502,16,55316,0.627,0,1,No
23,123113,536,29,45048,0.092,2,1,No
50,47736,593,0,48772,0.336,4,2,No
42,82781,647,4,32676,0.563,2,1,No
29,129192,386,15,82262,0.382,4,0,No
49,60126,509,4,44561,0.4,3,4,No
57,151734,301,6,46870,0.147,0,3,No
43,54652,528,19,55298,0.641,0,3,No
33,30390,709,25,47346,0.189,0,0,No
52,111136,542,16,52610,0.565,1,1,No
43,90942,767,5,25991,0.624,3,1,No
65,78492,757,25,37251,0.218,1,3,No
37,123300,512,28,68010,0.488,4,0,No
60,123531,685,2,85693,0.098,5,1,No
41,136473,711,6,22300,0.495,1,1,Yes
22,109104,814,13,51237,0.341,0,1,No
57,100969,827,16,49911,0.121,2,4,No
26,152633,687,13,39477,0.587,5,4,No
64,147439,578,19,12977,0.457,0,2,No
38,73481,401,25,14708,0.151,5,3,No
50,53612,689,11,79950,0.37,3,0,No
42,112743,501,8,68664,0.246,3,3,No
53,166867,691,30,36639,0.476,0,2,Yes
50,42564,653,25,85079,0.426,0,3,No
37,73603,534,29,57804,0.164,3,4,No
63,198071,413,5,97033,0.195,1,1,No
52,125403,366,1,23946,0.473,1,1,No
62,156585,339,5,79036,0.455,3,1,No
34,36324,402,8,58769,0.237,0,2,No
30,40491,710,10,42399,0.337,0,1,No
56,104229,594,0,86007,0.33,3,1,No
54,59600,336,11,87336,0.125,3,4,No
29,89179,366,4,70021,0.423,1,1,No
62,166944,702,12,89447,0.209,3,0,No
48,199130,505,23,96357,0.326,0,2,No
31,155047,640,14,67723,0.093,0,3,No
34,36358,351,12,75834,0.418,3,0,No
59,96343,725,22,80267,0.554,4,3,No
39,51503,508,25,75686,0.392,0,3,No
35,77268,813,1,43328,0.408,5,3,No
48,72905,477,23,9296,0.454,1,1,No
44,87668,321,8,23461,0.168,4,2,No
28,178306,668,25,63612,0.091,4,4,No
63,187047,381,29,83837,0.562,2,4,No
29,113104,463,23,77179,0.558,4,2,No
53,53106,676,27,41006,0.377,5,0,No
53,83438,302,21,26090,0.168,3,2,No
39,73397,417,24,17312,0.54,2,3,No
23,192496,694,7,24704,0.182,1,4,No
30,76275,565,3,49601,0.567,4,1,No
60,79034,734,28,32876,0.304,2,4,No
62,172089,526,14,50529,0.084,0,4,No
21,104372,675,27,40433,0.54,4,3,No
49,104722,561,21,72885,0.386,2,3,No
54,59432,665,4,18144,0.241,0,4,No
33,178829,727,9,56988,0.322,5,4,No
21,72188,307,8,21880,0.582,2,0,No
54,153161,340,26,38153,0.172,5,3,No
49,56116,556,30,56401,0.112,5,0,No
33,192788,401,3,64808,0.521,0,0,No
49,83738,518,0,36774,0.423,3,1,No
59,45456,543,29,18699,0.572,0,0,No
44,159706,602,10,17098,0.238,4,3,No
46,74366,669,24,46412,0.387,4,3,No
37,151934,574,10,50520,0.075,5,4,No
27,45856,369,8,76564,0.558,5,0,No
33,85615,346,22,86786,0.165,4,1,No
25,108126,416,4,19508,0.119,4,2,No
46,99137,816,26,79918,0.341,1,4,Yes
23,94005,553,22,70259,0.497,4,4,No
27,180863,472,24,35568,0.176,4,1,No
59,62615,728,18,39804,0.19,2,3,No
21,25348,335,20,48761,0.239,1,1,No
37,61419,706,2,36960,0.537,1,1,No
63,158950,715,7,59412,0.498,4,3,No
45,36857,711,15,34568,0.212,2,4,No
23,128053,787,26,58857,0.203,2,3,No
35,134608,620,16,55526,0.594,0,2,No
49,50658,372,3,30159,0.419,2,0,No
63,48267,712,22,88767,0.185,2,3,No
52,135998,423,14,87656,0.134,5,2,No
46,104889,684,12,68325,0.09,5,1,No
36,150513,531,29,86704,0.198,0,2,Yes
45,148892,732,8,76128,0.482,5,0,No
48,78416,790,9,27949,0.273,2,4,No
29,186439,385,26,45305,0.629,0,1,No
21,173304,329,1,14696,0.245,2,2,No
49,84048,499,29,33645,0.14,5,4,No
42,74357,455,24,70971,0.156,4,2,No
36,182540,831,29,26839,0.343,5,4,Yes
61,46497,451,5,49023,0.612,5,2,No
64,139009,376,22,32386,0.59,1,2,No
61,31258,627,19,13351,0.16,1,1,No
27,80959,471,4,16649,0.503,4,1,No
34,59902,704,16,57033,0.501,2,1,No
49,40454,705,3,7195,0.149,4,2,No
39,62606,661,7,57186,0.229,1,1,No
39,79969,427,21,74205,0.096,5,2,No
22,111465,822,22,76142,0.095,1,0,No
61,156857,635,0,75143,0.315,4,2,No
65,98679,564,22,77367,0.34,2,2,No
35,114628,494,21,60506,0.07,1,2,No
23,143785,399,3,50702,0.63,4,4,No
31,38635,670,17,24195,0.342,1,1,No
50,101518,727,27,48809,0.523,4,2,No
60,38409,432,12,50160,0.431,5,3,No
38,43541,555,17,90060,0.422,1,1,No
22,83022,749,22,97482,0.232,4,1,No
52,94064,703,2,13791,0.582,3,1,No
28,192399,353,17,71858,0.23,2,1,No
42,49946,706,9,61852,0.621,1,4,No
26,122616,684,18,27027,0.074,2,3,Yes
32,126241,541,25,13223,0.119,3,3,No
60,154622,346,1,78390,0.486,3,2,No
56,180628,414,13,6392,0.415,3,3,No
35,128445,429,26,42312,0.48,2,3,No
48,140409,454,29,78539,0.435,1,4,No
65,152280,794,18,10904,0.366,5,0,Yes
38,140611,381,4,8934,0.069,1,3,No
22,46775,324,25,83182,0.535,2,3,No
33,156907,633,15,61167,0.356,0,2,No
65,191819,481,25,12328,0.113,5,0,No
35,199357,731,9,56391,0.165,4,4,No
40,172176,473,4,5475,0.447,1,2,No
49,39927,340,13,82961,0.096,3,0,No
62,160593,744,6,56710,0.572,2,4,No
49,69086,694,9,48976,0.524,5,1,No
23,170352,587,10,79201,0.234,1,3,No
39,88266,561,18,62840,0.58,3,3,No
23,186825,356,10,62453,0.581,3,4,No
34,119971,305,2,5801,0.553,5,1,No
60,184149,461,6,39265,0.235,3,2,No
24,140210,596,13,22764,0.444,1,2,No
31,193417,356,5,31078,0.321,1,1,No
51,187108,827,21,35702,0.373,2,2,Yes
63,176074,358,19,14509,0.296,5,1,No
52,73440,465,26,28087,0.052,5,0,No
47,195470,845,12,53554,0.056,5,4,No
50,142771,345,13,21411,0.514,2,3,No
63,96466,346,29,75568,0.618,5,3,No
22,103924,689,19,30835,0.188,2,4,Yes
29,146411,551,29,42351,0.377,0,1,No
48,78965,465,14,81727,0.234,5,3,No
51,44691,667,17,69464,0.337,5,0,No
54,94178,678,10,51457,0.121,1,0,No
35,44201,616,21,7010,0.485,1,0,No
45,32421,431,9,24515,0.36,2,4,No
56,130351,688,10,25704,0.235,0,1,No
28,169626,647,18,96588,0.448,1,2,No
29,96124,796,21,82875,0.357,5,4,No
57,114307,810,14,78316,0.293,2,0,No
65,116360,818,27,13923,0.37,1,2,No
59,99852,751,2,85121,0.622,0,4,No
52,85245,842,2,64351,0.092,4,1,No
37,133153,515,0,96859,0.604,5,1,No
55,70562,769,14,27951,0.126,3,1,No
57,184306,603,30,23473,0.174,2,4,Yes
39,110322,597,12,43308,0.638,3,1,No
64,171401,645,14,46939,0.536,2,0,Yes
49,171770,585,20,51486,0.261,0,4,Yes
27,41548,425,17,66762,0.293,4,2,No
48,195829,350,25,9420,0.229,5,3,No
29,90234,718,27,93398,0.185,5,3,No
48,43340,350,17,58869,0.087,4,0,No
26,94396,770,30,95228,0.07,2,0,Yes
49,109695,675,8,71116,0.351,1,2,No
37,183937,664,17,31873,0.368,1,4,Yes
36,169815,531,10,63854,0.507,1,0,No
43,103254,779,17,54337,0.107,5,3,No
51,135192,605,5,6766,0.359,4,4,No
23,151658,737,25,57727,0.605,4,2,Yes
41,50530,550,26,29406,0.562,5,0,No
46,84003,641,16,50486,0.371,1,3,No
56,57908,431,23,88728,0.13,3,1,Yes
62,140407,823,28,22800,0.144,4,0,No
57,92186,805,16,67275,0.336,1,1,No
42,65653,698,8,59557,0.42,0,4,No
62,155503,417,19,76518,0.637,3,4,No
32,58783,360,27,8644,0.549,2,2,No
62,78535,480,30,99137,0.299,4,0,No
33,131838,612,2,71970,0.26,0,4,No
31,113273,564,22,46276,0.058,1,0,No
36,50551,328,23,61311,0.055,5,3,No
28,68543,562,11,34048,0.335,0,3,No
60,175576,638,29,64688,0.092,4,3,No
60,172443,721,20,20561,0.144,4,0,Yes
65,75975,388,2,51679,0.638,3,2,No
22,54036,631,29,36187,0.48,3,2,No
50,106083,730,3,69079,0.321,5,4,No
50,78756,451,9,97776,0.565,5,3,No
32,117739,425,21,21315,0.156,1,1,Yes
30,149348,342,27,66429,0.284,5,4,No
64,34305,720,4,74355,0.227,2,2,No
31,91436,789,19,39992,0.647,3,0,No
35,28747,552,2,6769,0.591,0,1,No
36,48245,783,21,7961,0.366,5,1,No
37,159175,592,6,65125,0.304,0,4,Yes
46,139938,516,1,9580,0.649,2,1,No
22,185649,468,5,66188,0.174,4,4,No
32,164559,684,18,13842,0.295,0,1,Yes
46,120559,315,9,97163,0.477,5,0,No
43,70567,336,7,85228,0.472,4,3,No
38,136709,720,15,72442,0.395,3,1,No
52,141322,595,29,20883,0.621,4,0,No
58,145717,734,1,35512,0.198,4,3,Yes
23,161687,619,15,91638,0.391,1,0,No
58,101004,833,20,63651,0.536,1,3,No
23,35879,598,13,34913,0.189,5,1,No
50,122491,315,23,94377,0.573,3,3,No
21,169150,694,24,99135,0.433,5,4,No
50,29590,576,12,58440,0.279,0,3,No
65,35910,582,22,61224,0.439,1,1,No
52,188048,385,8,68918,0.607,0,4,No
48,46574,506,29,96169,0.643,1,4,No
41,196724,776,8,97231,0.219,1,3,Yes
33,58430,430,30,70551,0.595,0,0,No
47,80627,699,7,10391,0.073,2,0,Yes
56,77239,435,6,52987,0.054,1,4,No
27,78913,645,15,77562,0.411,1,0,No
42,123972,469,5,35177,0.339,3,3,No
30,118276,462,28,16347,0.332,2,3,No
59,165549,498,27,38933,0.19,0,4,No
35,77772,347,28,91649,0.408,2,4,No
35,90696,793,10,7749,0.06,5,0,No
24,199430,402,18,81225,0.31,0,0,No
52,125837,847,7,60698,0.27,4,1,No
43,178966,305,18,45636,0.166,3,2,No
26,127750,311,14,59209,0.356,3,2,No
44,138572,402,10,45210,0.464,5,0,No
40,27918,726,8,57603,0.538,3,4,No
57,136683,470,15,86389,0.327,4,1,No
40,50629,388,24,67768,0.194,0,0,No
32,41699,738,12,57207,0.176,2,1,No
53,137436,646,9,46680,0.398,1,2,No
48,78984,510,9,89509,0.284,4,2,No
28,76363,733,29,63936,0.241,1,0,No
21,32069,832,24,7727,0.364,3,0,No
57,131815,824,19,59043,0.384,3,1,Yes
42,129726,725,8,87605,0.19,2,0,No
26,95063,419,27,25936,0.277,1,3,No
41,44099,477,1,26713,0.475,1,0,No
52,40622,428,0,7775,0.282,5,2,No
55,182353,717,7,62887,0.316,1,2,Yes
35,64433,617,30,11585,0.434,3,1,No
25,64875,541,15,43219,0.164,5,0,No
26,154381,655,21,81513,0.57,2,2,No
45,161204,737,28,80417,0.253,4,3,No
60,119932,757,10,75852,0.463,0,4,No
49,83016,741,25,11230,0.228,4,0,No
27,199311,527,8,9973,0.439,3,3,No
60,85891,707,24,84438,0.216,1,3,No
33,131966,576,18,47527,0.499,4,1,No
58,118343,317,17,54337,0.113,3,1,No
38,64550,610,28,74964,0.234,5,1,No
22,142295,623,6,81670,0.391,5,4,No
28,52196,346,20,26874,0.43,4,2,No
31,78849,829,28,40680,0.133,1,1,No
53,72358,799,9,47951,0.242,1,3,No
58,64513,491,5,49239,0.111,3,4,No
47,195100,348,20,16126,0.551,5,0,No
40,105481,393,3,17582,0.64,0,2,No
32,113915,466,0,24151,0.22,2,3,No
63,149790,793,3,42676,0.34,5,1,No
51,63877,553,25,33812,0.354,0,4,No
47,178897,356,28,36801,0.149,5,4,No
52,91451,305,28,5914,0.451,3,0,No
30,48848,537,28,48210,0.36,3,2,No
23,169741,523,2,22103,0.358,3,0,No
65,34875,319,2,56080,0.085,0,2,No
47,105389,503,13,99540,0.098,5,0,No
55,92961,441,4,87066,0.629,2,3,No
51,122976,675,0,93029,0.614,4,2,No
35,189265,706,10,84158,0.061,3,3,No
36,125091,379,5,77442,0.374,1,3,No
33,41552,509,1,73982,0.089,3,1,No
55,189354,611,12,43544,0.526,1,2,No
31,192275,676,0,94053,0.08,3,4,No
41,153682,339,26,13156,0.38,3,1,No
31,121338,652,7,81603,0.422,3,1,No
50,101105,752,30,65201,0.108,5,3,No
55,115802,722,9,15289,0.407,4,2,No
42,93740,385,14,46026,0.615,4,3,No
58,98301,535,2,14216,0.108,5,0,No
51,181000,714,29,7180,0.461,4,0,Yes
34,39679,655,5,90344,0.213,3,4,No
44,124421,547,1,44293,0.214,5,2,No
52,59173,528,20,53038,0.376,2,3,No
56,69899,838,24,14814,0.607,0,3,Yes
52,72865,660,22,56857,0.188,2,3,No
35,63182,474,19,42886,0.646,3,1,No
63,64109,673,2,54219,0.105,4,0,No
55,160246,360,30,30448,0.614,3,2,No
23,173133,469,8,9192,0.061,0,4,No
36,132046,806,19,30049,0.147,4,1,No
25,90524,713,4,65181,0.636,4,4,No
41,103812,415,5,40613,0.21,4,3,No
30,143942,474,9,70113,0.054,0,1,No
39,135572,723,20,16008,0.581,5,3,No
45,184553,427,8,64461,0.598,2,3,No
24,76938,788,0,56934,0.497,1,0,No
49,187348,304,26,93047,0.614,1,4,No
39,89850,625,15,96442,0.209,1,3,No
63,151193,471,5,50891,0.437,0,2,No
22,186673,498,15,21969,0.495,1,3,No
30,75324,530,19,57412,0.634,5,4,No
63,177336,632,19,28727,0.589,4,4,No
45,104426,765,2,15548,0.085,3,2,No
40,67852,723,13,93865,0.253,0,2,No
39,142503,612,20,33885,0.419,2,0,No
43,177130,822,7,24966,0.563,1,4,No
44,106657,723,19,87773,0.218,0,0,No
31,128500,474,22,70670,0.055,1,2,No
54,62352,673,13,48046,0.162,4,2,No
48,30021,536,23,91820,0.305,5,1,No
25,47614,742,14,86334,0.087,2,3,No
25,84131,337,20,27798,0.075,1,0,No
41,199022,838,9,65489,0.291,4,1,Yes
32,135813,455,16,5383,0.439,5,1,No
24,199492,493,7,71148,0.476,3,1,No
62,27631,460,25,26181,0.37,1,2,No
40,162417,425,18,75257,0.312,4,1,No
58,131400,846,3,18635,0.061,0,3,Yes
45,72674,538,9,37689,0.208,2,1,No
34,155323,340,22,58160,0.452,4,4,No
31,51844,485,24,44996,0.32,4,1,No
52,96836,760,3,5155,0.208,0,2,No
31,129148,688,28,56440,0.188,5,2,No
38,30362,560,19,34163,0.06,4,4,No
47,33097,705,21,83575,0.545,1,4,No
38,161671,845,24,22399,0.577,0,4,Yes
43,29258,748,3,99498,0.269,5,2,No
31,116066,700,9,60122,0.471,3,3,No
41,97176,606,23,78461,0.089,4,1,No
64,62056,436,2,78140,0.583,3,4,No
25,42261,501,17,64347,0.594,4,1,No
43,144173,456,13,58216,0.144,4,1,No
61,76696,554,19,6338,0.518,1,0,No
45,193899,480,13,43254,0.334,3,1,No
61,40141,708,28,93808,0.459,0,0,No
30,182824,327,19,32629,0.335,0,2,No
42,114084,814,22,80794,0.097,3,1,No
39,125904,844,13,30263,0.554,5,3,No
21,118219,498,6,76088,0.101,3,1,No
27,77680,368,8,19536,0.266,5,3,No
24,43792,316,25,77461,0.642,5,2,No
21,193700,845,1,66085,0.306,5,4,No
35,133469,359,19,13307,0.542,5,2,No
60,78100,483,2,52098,0.151,3,2,No
32,149118,664,11,54856,0.548,3,4,No
42,156839,733,18,54476,0.327,3,3,No
42,51992,498,15,36446,0.356,2,4,No
37,153468,531,6,62349,0.631,3,0,No
49,54570,667,11,22453,0.582,2,0,No
34,144571,729,9,44977,0.259,4,2,No
40,111126,418,21,50767,0.62,5,2,No
53,130389,629,2,78916,0.112,0,1,No
63,86580,514,7,38822,0.066,3,2,No
35,25744,621,30,58198,0.37,4,1,No
32,176630,448,23,72001,0.512,1,4,No
60,57259,707,6,62632,0.183,2,4,No
40,177522,676,8,65723,0.098,3,0,No
50,81949,619,29,24302,0.557,4,0,No
58,193001,304,18,32935,0.642,3,0,No
23,71589,701,4,70077,0.467,0,2,No
48,100122,502,21,68104,0.635,3,1,No
46,156358,336,8,24844,0.55,1,4,No
50,199634,353,15,66845,0.201,2,4,No
33,41387,587,19,77670,0.116,1,3,No
33,139365,583,30,88956,0.535,0,4,No
22,47319,344,20,87564,0.446,3,0,No
57,156483,583,8,9165,0.538,3,2,Yes
58,45729,341,11,26310,0.481,0,2,No
22,110647,716,26,88693,0.353,3,3,No
56,137102,571,19,27205,0.614,3,4,No
46,40704,440,14,31407,0.502,3,2,No
31,166181,346,17,49133,0.055,4,3,No
28,187244,466,8,82544,0.473,4,3,No
64,174056,425,26,83254,0.376,2,1,No
60,183532,771,27,77015,0.133,0,1,Yes
63,146845,669,2,26815,0.311,1,3,Yes
42,155317,306,10,96931,0.365,0,4,No
40,194546,575,5,5055,0.331,5,4,No
28,69449,364,8,34696,0.311,3,2,No
49,145247,501,2,26713,0.429,3,2,No
60,163268,441,23,86981,0.445,0,0,Yes
46,76534,397,8,98926,0.469,3,0,No
50,38549,516,2,74801,0.507,2,0,No
37,34821,592,18,96253,0.55,1,4,No
40,60564,807,3,45740,0.395,3,4,No
36,36073,433,12,56906,0.094,4,3,No
63,32282,561,16,20900,0.269,5,3,No
27,175261,583,1,9867,0.052,3,2,No
36,134966,401,29,30054,0.407,5,2,No
65,35771,676,15,59922,0.635,3,0,No
47,86492,505,0,90533,0.546,3,3,No
43,199797,312,2,30166,0.342,0,3,No
44,178306,422,15,7638,0.475,0,0,No
29,59096,309,5,56897,0.495,0,1,No
55,37236,466,7,91687,0.407,4,4,No
40,76544,450,4,20004,0.581,2,2,No
57,60921,336,7,61795,0.243,2,2,No
62,49576,773,21,48092,0.454,0,4,No
37,156238,743,0,33901,0.089,5,4,No
51,170724,641,18,11694,0.133,3,0,No
28,175710,304,29,72466,0.613,0,3,No
35,40233,525,1,48871,0.376,3,3,No
51,26885,838,5,14370,0.503,4,4,No
50,78520,423,23,66719,0.572,5,3,No
40,124203,702,5,23212,0.61,5,4,No
59,191088,334,19,36552,0.104,3,4,No
32,134759,536,19,79527,0.471,3,3,No
37,167841,767,8,56764,0.428,2,4,Yes
62,199219,798,0,71688,0.41,3,3,No
50,162521,811,1,97268,0.137,0,0,No
49,198251,616,19,59940,0.514,5,4,No
39,131459,602,18,76864,0.239,1,2,No
31,33136,401,15,19942,0.183,5,0,No
54,96986,611,8,84885,0.474,4,1,No
27,67999,381,4,27596,0.179,5,1,No
64,114567,492,23,16965,0.349,5,4,No
54,56052,523,19,47581,0.241,5,4,No
40,167418,352,10,59834,0.544,1,2,No
58,39852,644,19,62868,0.623,4,0,No
44,140418,384,13,82565,0.545,5,0,No
30,97603,510,25,58579,0.288,0,4,No
52,187557,482,12,55792,0.148,0,0,No
35,131071,571,26,75275,0.469,1,2,No
57,49272,805,2,63405,0.592,2,2,No
40,159835,526,24,51589,0.291,4,4,No
23,84087,311,25,27147,0.074,5,1,No
57,79848,392,1,60965,0.125,2,2,No
60,55075,629,26,28616,0.28,5,3,No
28,53692,489,15,12868,0.35,0,4,No
60,117085,592,27,29990,0.224,3,3,No
64,91414,560,10,57208,0.342,4,4,No
43,184920,622,2,5433,0.625,4,2,No
60,145170,309,14,32926,0.096,0,4,No
31,44268,387,2,34645,0.532,2,2,No
28,150887,639,26,88771,0.323,3,1,No
49,101323,617,26,68927,0.442,1,0,No
50,141985,848,30,20459,0.632,3,4,Yes
30,197692,522,18,96734,0.326,2,0,No
59,101872,508,3,5289,0.108,5,0,No
48,118274,348,20,20854,0.547,0,4,No
56,65139,835,21,78445,0.209,3,1,Yes
33,59037,562,4,18992,0.593,1,3,No
52,103434,505,8,91012,0.099,2,3,No
56,173750,796,6,85085,0.187,5,4,No
57,199123,764,22,11953,0.631,3,4,No
46,43141,319,22,22217,0.578,3,4,No
42,49160,407,12,32283,0.181,3,3,No
24,168907,439,27,14381,0.516,5,2,No
51,34383,390,26,25260,0.102,5,1,No
38,129882,570,22,31404,0.145,0,3,No
58,180636,628,17,99579,0.159,3,4,Yes
44,132549,509,23,60307,0.076,0,0,No
43,194556,754,14,63331,0.341,1,4,No
42,76556,583,11,16655,0.284,5,2,No
22,184352,665,9,45412,0.404,0,0,Yes
51,198854,783,16,29468,0.463,1,3,No
31,182367,302,5,12087,0.407,4,1,No
48,82596,463,27,61943,0.217,4,1,No
52,123236,687,10,95686,0.1,5,2,No
25,138424,308,2,82522,0.489,1,2,No
58,123145,665,5,34576,0.235,5,1,No
30,100287,311,21,56030,0.198,0,2,No
60,96678,373,23,94402,0.464,0,0,No
44,70955,537,19,89022,0.315,2,4,No
55,76080,407,11,78180,0.173,4,0,No
64,106793,824,2,62541,0.51,0,4,No
43,178722,533,1,75961,0.534,2,4,No
37,128717,738,27,62276,0.641,5,4,No
21,179284,780,21,97356,0.331,4,1,No
51,92726,391,2,43189,0.072,5,2,No
51,67882,497,12,34649,0.36,0,2,No
62,48038,415,19,68010,0.064,1,4,No
62,98630,664,8,29774,0.619,3,3,No
54,47451,452,22,12977,0.155,3,0,No
29,80352,407,29,78652,0.605,4,1,No
42,45521,827,16,87092,0.62,5,2,No
33,89308,355,13,36029,0.515,5,2,No
45,145631,751,19,63047,0.102,2,3,Yes
38,62206,691,26,70994,0.385,5,1,No
32,94963,507,7,47920,0.263,5,4,No
60,151407,809,25,71314,0.542,4,0,Yes
37,161628,599,3,51718,0.231,5,3,No
35,131836,578,0,53748,0.321,2,3,No
62,43772,443,9,32483,0.394,1,1,No
35,184135,503,12,70530,0.071,3,4,No
35,130296,528,1,48831,0.415,5,4,No
59,47709,564,4,26882,0.257,0,1,No
33,161455,765,5,56481,0.368,2,1,No
37,26233,436,0,87583,0.125,5,1,No
52,52146,539,4,20531,0.251,0,2,No
29,154205,748,23,68129,0.399,2,1,Yes
60,153443,614,14,13011,0.393,0,0,Yes
40,76450,450,7,86592,0.145,3,3,No
46,180785,624,17,21358,0.299,5,2,No
47,199830,702,24,14963,0.362,4,0,No
41,105325,652,17,98200,0.099,3,0,No
38,37374,409,3,99927,0.41,2,3,No
33,75985,765,25,18278,0.189,3,1,No
36,56012,339,19,50663,0.602,4,0,No
29,109059,639,19,55800,0.211,4,4,No
32,49783,671,6,67601,0.522,5,0,No
64,171635,824,7,66935,0.399,5,4,No
58,68193,806,28,20292,0.461,5,2,No
39,35042,352,23,80149,0.591,0,0,No
27,84031,379,19,76539,0.559,1,2,No
55,68163,650,12,96310,0.127,5,1,No
38,113356,850,3,48657,0.61,1,1,No
36,121788,639,21,79550,0.133,2,1,No
59,158280,420,30,54371,0.24,2,2,No
24,38796,364,24,92191,0.364,1,3,No
45,115962,739,20,48645,0.61,2,2,No
52,178742,595,17,5757,0.426,4,1,No
60,49320,504,12,47535,0.575,1,3,No
33,45074,577,13,95302,0.615,0,4,No
65,52931,434,8,71878,0.499,3,3,No
37,43993,677,11,42736,0.339,0,3,No
57,80330,351,8,69264,0.283,4,3,No
26,189063,366,26,37940,0.215,4,3,No
39,40003,302,0,56432,0.354,3,0,No
33,39743,750,8,77611,0.079,0,2,No
46,149291,809,6,16912,0.187,4,0,Yes
34,104543,737,0,69744,0.265,5,1,No
51,49300,827,1,13942,0.562,3,0,Yes
24,135888,401,17,54802,0.276,5,3,No
59,131818,736,30,54236,0.194,0,2,Yes
28,96509,320,7,17311,0.52,5,0,No
45,34703,686,0,69256,0.616,4,3,No
33,114403,832,26,76394,0.515,1,0,Yes
52,196503,391,2,84330,0.125,3,0,No
58,81436,432,28,11460,0.242,5,3,No
58,46845,804,0,69340,0.412,1,2,No
48,106777,752,20,75894,0.168,3,2,No
50,60055,447,30,94028,0.432,4,0,No
23,164950,531,19,9884,0.192,4,1,No
48,35209,464,2,66152,0.376,1,4,No
23,83812,613,7,29121,0.474,3,4,No
65,119035,597,11,40783,0.522,2,4,No
54,128139,522,6,75876,0.53,0,4,No
36,125838,652,19,9340,0.515,0,3,No
42,167076,715,0,97550,0.132,0,2,No
52,121123,361,22,87304,0.644,0,0,No
58,189462,675,2,54604,0.513,4,2,No
28,53400,704,20,8519,0.112,3,4,Yes
28,101511,554,11,34179,0.469,1,0,No
26,103121,750,7,77921,0.332,5,2,No
34,140763,689,8,75859,0.307,1,0,No
52,162948,647,14,28418,0.456,4,1,No
55,148183,801,25,18940,0.151,4,1,Yes
30,115775,621,10,19395,0.65,0,2,No
23,68906,843,25,71032,0.377,2,4,No
32,144925,363,22,47494,0.407,5,0,No
51,45378,453,5,29829,0.305,0,2,No
49,51568,816,4,61225,0.414,4,4,No
25,122046,694,4,98525,0.448,5,4,No
45,112332,629,15,63225,0.257,1,3,No
61,132014,762,14,34704,0.327,3,1,Yes
51,55796,391,28,12752,0.203,0,4,No
41,80061,521,10,12039,0.513,2,0,No
40,100597,489,19,95540,0.492,0,0,No
59,49401,504,22,60824,0.537,2,1,No
42,159882,511,16,85390,0.472,0,1,No
24,124216,388,29,64494,0.062,5,4,No
33,114362,662,27,12649,0.165,2,3,Yes
65,29902,670,18,6935,0.283,1,1,No
62,110148,631,21,42304,0.191,5,1,No
40,74723,725,25,79587,0.369,3,0,No
33,85599,754,16,27808,0.589,5,1,No
37,38967,721,14,43677,0.493,1,0,No
56,138312,470,12,87358,0.21,0,4,No
53,196608,548,22,84649,0.289,3,0,No
21,161207,480,17,53014,0.081,2,2,No
35,87365,774,22,74391,0.054,1,0,No
33,104608,782,15,89239,0.305,3,3,No
37,110953,683,29,23725,0.487,0,4,No
44,141327,703,19,23773,0.566,3,0,No
28,96979,460,24,37604,0.309,5,1,No
47,128146,547,20,51506,0.158,4,2,No
65,177997,618,0,85471,0.207,2,0,Yes
43,127331,830,27,49904,0.317,2,4,Yes
28,55993,412,26,22878,0.44,3,2,No
28,153238,643,19,45120,0.376,1,2,No
46,99663,422,26,12205,0.554,3,1,No
33,74483,618,12,7070,0.061,3,1,No
59,180915,777,3,55211,0.645,0,4,No
57,141747,712,11,79161,0.608,3,2,No
48,62879,544,14,97769,0.14,2,4,No
45,28888,843,19,20244,0.079,0,4,Yes
36,90713,756,11,96752,0.421,3,0,No
22,148825,452,18,43253,0.483,3,3,No
38,32426,314,18,14091,0.335,2,0,No
37,95031,742,25,94716,0.217,0,1,Yes
50,35047,603,14,49835,0.433,4,1,No
59,174111,544,20,64838,0.432,3,3,No
33,191373,754,4,39515,0.139,4,4,No
52,46366,658,10,53604,0.53,2,3,No
49,176817,351,17,50949,0.5,1,2,No
50,199154,310,9,19645,0.101,1,2,No
38,167425,526,27,66518,0.327,3,4,No
33,50080,413,25,59732,0.286,3,2,No
63,43788,836,12,41923,0.327,2,3,No
41,191041,386,24,73237,0.327,0,4,No
50,85633,549,18,32195,0.364,3,0,Yes
41,152461,549,30,86211,0.216,5,4,No
37,161731,720,19,59805,0.332,1,2,Yes
60,58921,509,14,32072,0.11,2,4,No
39,160233,820,17,6600,0.156,5,3,No
35,171575,847,7,8998,0.103,0,0,Yes
29,49982,356,22,59134,0.162,2,0,No
30,94014,362,2,18280,0.053,5,0,No
64,77632,637,30,92744,0.073,3,0,Yes
51,183244,831,10,81901,0.528,1,1,No
43,145056,305,26,85102,0.169,2,4,No
50,100696,810,4,74013,0.362,1,2,No
53,125750,760,11,22532,0.272,3,3,Yes
29,83926,655,0,45406,0.247,2,3,No
21,98137,518,27,8009,0.564,0,3,No
64,94053,666,5,86406,0.342,3,2,No
55,95338,663,25,77136,0.36,1,1,No
31,135694,689,5,23435,0.325,3,2,No
54,109295,594,11,5216,0.211,0,3,Yes
36,162816,804,20,84054,0.46,5,4,No
29,113309,587,24,13663,0.078,4,0,Yes
52,138721,476,14,53743,0.219,4,3,No
35,75123,598,3,41295,0.447,3,2,No
32,138732,583,17,29218,0.07,2,3,No
53,97672,353,11,76386,0.065,4,3,No
65,198357,619,6,72500,0.274,3,0,No
34,77238,778,4,61674,0.201,5,1,No
28,38417,841,22,28228,0.471,3,3,No
28,115841,520,22,77037,0.504,0,3,No
47,62719,642,22,67685,0.072,0,0,No
32,29002,513,2,85550,0.312,3,0,No
21,158404,621,28,40164,0.616,0,2,No
63,51149,314,4,10885,0.238,0,2,No
60,119994,779,28,40076,0.168,2,3,Yes
62,123989,433,16,9433,0.363,2,1,No
31,110808,323,5,91478,0.321,3,4,No
59,83923,676,19,45758,0.182,5,1,No
63,42352,441,1,80514,0.186,1,0,No
51,86081,738,18,16516,0.462,5,3,No
37,46645,623,14,75744,0.244,2,0,No
53,50343,421,30,13633,0.642,0,4,No
52,25645,599,2,57501,0.224,2,1,No
49,56775,640,29,36945,0.379,2,3,No
41,29121,478,0,27972,0.094,1,0,No
41,88742,507,22,26987,0.373,1,0,No
60,34271,465,25,19539,0.326,5,3,No
43,195276,340,29,36252,0.26,2,4,No
26,181284,374,18,14230,0.308,0,3,No
42,135821,779,6,60818,0.157,5,3,No
58,100828,647,25,26574,0.542,4,3,Yes
57,179553,571,9,57695,0.603,1,0,No
65,120011,465,27,87302,0.552,5,1,No
28,63682,385,30,12565,0.533,5,1,No
61,98749,850,8,21621,0.379,3,1,No
55,89747,454,28,27902,0.25,2,1,No
31,26903,522,15,5837,0.153,0,1,No
44,191416,716,30,66361,0.542,5,1,No
41,127413,661,14,25525,0.076,3,2,No
22,111534,645,12,5071,0.159,2,2,No
60,147702,445,21,83627,0.291,0,0,No
39,43319,366,7,14156,0.167,1,3,No
59,123919,816,26,62932,0.4,3,2,No
48,177513,358,10,92701,0.485,0,2,No
37,101178,315,0,20857,0.595,0,0,No
26,180934,785,23,78253,0.176,0,1,No
39,187175,475,7,99169,0.218,2,1,No
58,167582,621,11,70035,0.48,3,3,No
48,190763,760,18,85941,0.18,5,1,Yes
22,96991,435,5,49879,0.28,2,2,No
58,196444,727,15,84428,0.502,3,2,No
57,93309,841,29,76623,0.276,4,2,No
24,199122,621,30,35278,0.138,2,4,No
42,52377,635,29,76416,0.212,3,1,No
46,83336,812,13,19554,0.099,1,4,No
63,100312,470,21,69793,0.455,0,1,No
56,119941,428,6,11220,0.077,2,2,No
33,84229,717,2,84074,0.394,4,3,No
52,90679,696,30,12213,0.62,5,3,No
37,50698,360,9,59160,0.566,5,3,No
61,173155,416,0,50437,0.094,3,4,No
56,70169,772,28,8974,0.479,0,4,No
39,178774,696,24,69105,0.464,4,0,No
55,123574,517,5,11089,0.229,1,1,No
60,66022,776,4,94964,0.116,2,4,No
48,91543,567,14,69937,0.562,5,3,No
21,117955,375,17,46846,0.383,0,1,No
62,133768,368,3,88429,0.469,3,3,No
38,121416,744,4,12220,0.325,4,4,No
60,163275,597,9,82965,0.183,1,3,No
53,61492,773,3,11668,0.206,1,1,Yes
32,119525,459,9,34255,0.371,4,1,No
28,135230,307,19,86384,0.191,3,4,No
44,113519,784,26,88913,0.289,1,1,Yes
36,83636,387,21,72232,0.095,2,2,No
24,80639,440,30,38124,0.647,2,2,No
58,65685,840,30,71451,0.42,0,2,No
64,40739,824,3,65227,0.138,4,2,Yes
47,185989,642,28,12552,0.128,5,0,No
29,45704,515,11,15738,0.34,0,3,No
36,120688,805,8,19546,0.065,2,1,No
32,72383,373,27,85343,0.297,2,2,No
51,49307,368,1,78916,0.617,5,2,No
44,29716,522,4,93245,0.544,1,4,No
34,125924,685,29,86141,0.608,0,4,Yes
65,174992,584,15,61650,0.117,5,1,Yes
45,193943,421,18,65629,0.272,2,0,No
54,67928,740,23,38271,0.383,5,3,Yes
23,38587,756,13,64074,0.482,0,0,No
44,26195,463,14,94168,0.285,4,4,No
62,150711,562,18,38007,0.241,5,1,No
29,181155,391,23,95107,0.233,1,2,No
46,140982,635,23,45231,0.524,4,0,No
40,178510,613,17,42881,0.279,5,1,No
60,45009,765,10,57115,0.06,5,1,No
30,131172,700,12,83882,0.512,1,2,No
39,126123,784,9,70771,0.147,1,0,No
23,38696,576,28,20271,0.427,0,2,No
44,153733,365,6,61010,0.068,1,4,No
25,32564,500,26,68628,0.282,3,1,No
23,28637,767,21,97249,0.324,3,2,No
47,173862,733,26,87070,0.634,2,2,No
36,118695,437,0,10607,0.103,4,0,No
35,37568,351,17,82068,0.501,0,2,No
55,118539,751,3,85433,0.629,5,2,No
32,95847,457,15,23895,0.216,2,3,No
61,66596,505,17,79860,0.185,2,4,No
64,63315,641,20,76757,0.621,5,4,No
46,42191,615,18,72559,0.344,0,2,No
54,142083,435,14,52100,0.544,5,4,No
43,45908,374,21,87483,0.527,0,3,No
51,157487,748,24,79081,0.246,0,2,Yes
40,65276,368,29,94971,0.162,1,0,No
32,72650,501,9,58991,0.472,4,1,No
43,89427,466,6,29412,0.351,0,3,No
24,109369,420,29,63906,0.344,4,4,No
43,171478,396,20,45613,0.378,1,1,No
21,185408,676,0,85460,0.065,5,4,No
45,119957,790,0,96970,0.053,2,1,No
22,102316,352,0,31726,0.238,2,1,No
50,64871,308,30,15597,0.244,4,1,No
23,37221,630,18,59074,0.481,3,3,No
41,46116,550,6,83494,0.245,5,2,No
45,195862,659,14,63965,0.266,1,0,No
40,66474,648,12,87818,0.38,4,4,No
42,65100,423,8,7884,0.405,5,1,No
41,142982,498,13,28746,0.25,4,4,No
53,30416,710,5,90326,0.385,4,2,No
58,40251,679,6,80489,0.421,5,1,No
35,183146,804,13,25122,0.207,4,4,Yes
35,79822,394,10,34260,0.191,4,1,No
45,68655,329,2,67461,0.584,5,2,No
41,158099,391,10,26473,0.438,3,0,No
44,114091,314,7,81945,0.237,1,0,No
25,168016,759,25,31633,0.38,3,0,No
26,25315,322,5,70987,0.474,1,3,No
63,192829,625,2,24905,0.064,3,0,No
64,123834,386,28,52773,0.602,3,0,No
43,180340,492,11,40251,0.48,5,2,No
24,133898,562,17,75653,0.285,2,4,No
47,76011,728,24,75878,0.609,1,1,No
38,65640,659,10,82112,0.084,1,2,No
41,138802,732,6,9781,0.503,5,1,No
48,186039,807,29,68490,0.366,5,2,Yes
55,116331,348,9,14022,0.449,5,3,No
42,53798,467,15,59187,0.333,3,1,No
60,133262,740,25,94697,0.138,5,3,Yes
43,124371,527,15,24917,0.206,5,0,No
23,56461,513,14,46852,0.328,1,1,No
60,124031,453,12,29886,0.601,3,2,No
30,107163,706,24,78789,0.091,2,1,No
45,88496,317,3,63340,0.113,4,2,No
28,116897,766,3,10126,0.142,1,0,No
31,91247,643,5,12954,0.429,1,4,No
25,167157,623,17,69373,0.27,0,2,No
65,118262,545,25,74906,0.14,1,1,No
57,106085,359,0,17368,0.123,3,0,No
65,152061,793,29,98415,0.454,5,4,No
58,83852,348,9,52288,0.328,3,0,No
49,133293,552,2,8476,0.574,4,0,No
25,27560,682,27,82418,0.292,3,4,No
29,44944,608,13,76424,0.443,0,3,No
22,92713,844,10,77529,0.528,1,2,No
21,45098,357,4,94789,0.622,5,2,No
60,52475,363,1,21326,0.572,1,0,No
50,198808,424,8,81698,0.515,4,4,No
31,177488,360,28,92322,0.298,1,0,Yes
48,141338,679,28,18122,0.64,1,1,No
64,27948,437,16,35195,0.209,4,3,No
32,158592,365,28,7676,0.447,0,3,No
59,152294,478,18,23127,0.128,3,4,No
46,87976,470,30,66443,0.414,5,3,No
33,169408,643,20,41268,0.464,1,4,Yes
28,39020,486,16,79424,0.104,1,2,No
48,117816,526,19,79623,0.227,2,1,No
50,89566,565,9,84232,0.435,4,1,No
29,134014,491,16,54772,0.411,0,4,No
59,172818,425,10,64225,0.451,2,2,No
51,92792,773,26,71406,0.125,2,2,No
41,130656,398,27,77898,0.359,3,2,No
54,118248,643,26,88971,0.607,1,2,No
51,103372,542,6,9529,0.622,0,0,No
45,181783,319,0,20492,0.126,0,0,No
32,29358,658,15,25275,0.587,5,3,No
21,167411,732,2,57354,0.396,4,4,No
42,57039,786,14,51865,0.502,0,0,Yes
60,144985,629,3,92725,0.14,2,1,No
57,46245,606,3,51813,0.493,4,2,No
21,154024,484,30,53221,0.093,5,4,No
21,42259,634,29,66920,0.43,4,1,No
62,86086,805,28,49176,0.451,1,4,Yes
62,196645,762,22,87086,0.449,2,4,No
41,197660,302,30,26583,0.085,2,4,No
35,101747,474,4,29864,0.281,0,2,No
37,155196,832,14,14070,0.497,4,0,Yes
42,106164,597,10,80201,0.528,3,3,No
58,182372,417,23,61897,0.299,5,4,No
55,108048,505,18,53599,0.147,4,4,No
65,147262,434,29,66091,0.35,1,0,No
36,90124,502,7,8330,0.44,0,0,No
28,60609,334,10,58095,0.602,1,2,No
37,167211,329,10,5159,0.459,0,1,No
37,194317,727,28,80917,0.544,0,2,Yes
46,185024,556,8,59649,0.209,5,0,No
33,89403,680,13,18733,0.55,0,4,No
37,102538,481,24,69132,0.417,2,4,No
58,163601,507,24,21356,0.379,5,4,No
37,73478,738,13,35381,0.21,0,3,Yes
34,87525,641,30,57697,0.172,2,3,Yes
65,94248,677,12,68671,0.376,1,1,No
26,154210,710,0,23384,0.585,0,1,No
55,64826,826,29,57539,0.191,4,4,No
34,44328,682,8,25050,0.217,2,1,No
28,108247,764,7,63118,0.619,2,1,No
35,30906,692,28,34068,0.066,2,4,Yes
47,54107,450,30,46586,0.341,0,0,No
33,76412,668,17,92025,0.367,0,0,No
51,108349,406,2,83959,0.455,5,3,No
55,165225,438,22,69219,0.166,5,3,No
26,71213,579,2,89490,0.393,2,2,No
25,187751,371,1,30190,0.116,3,2,No
42,138632,804,3,26455,0.21,1,0,Yes
43,109388,405,8,25232,0.059,1,3,No
45,137958,800,14,74800,0.322,4,1,No
54,175684,458,17,61971,0.155,4,0,No
46,55907,449,16,85466,0.108,4,3,No
25,120707,313,25,53712,0.257,2,3,No
46,154185,304,30,80732,0.098,0,4,No
40,78551,572,29,93203,0.449,5,2,No
26,160038,637,22,30636,0.171,5,0,No
26,132412,510,29,16396,0.476,1,0,No
38,177473,626,10,17296,0.554,1,1,Yes
24,177611,765,0,33856,0.495,1,3,Yes
37,59018,378,5,45083,0.508,5,2,No
34,84542,476,13,63437,0.436,4,2,No
34,88534,431,4,72815,0.276,0,1,No
33,61555,591,26,56057,0.259,4,1,No
27,121915,677,23,84741,0.391,1,3,No
64,35470,715,2,87767,0.199,5,0,No
35,63426,643,18,19803,0.257,1,0,No
39,77924,676,0,7677,0.143,1,4,No
63,130267,784,3,78386,0.518,5,0,No
64,83954,445,25,91352,0.491,4,1,No
55,149507,831,15,14909,0.352,2,0,No
37,192831,595,25,29381,0.272,2,2,No
55,39735,644,5,69777,0.468,2,3,No
39,72011,696,4,8229,0.101,0,4,No
40,135721,774,6,37006,0.079,0,0,Yes
56,150373,824,30,65088,0.47,1,4,Yes
55,61671,345,27,70674,0.38,1,4,No
52,147908,727,26,13391,0.49,5,1,No
64,181908,522,9,65991,0.218,3,0,No
60,126974,322,0,65132,0.115,2,2,No
44,111814,366,18,52134,0.308,5,3,No
37,153338,782,26,84471,0.306,4,0,No
27,85854,505,13,79840,0.505,4,1,No
63,76488,557,3,86337,0.123,5,0,No
21,61091,845,14,81635,0.618,3,1,No
55,163192,552,5,69214,0.084,2,1,No
52,32859,488,19,61114,0.238,5,2,No
56,186683,452,22,50461,0.472,1,1,No
33,162858,376,29,52305,0.48,2,4,No
26,123997,839,25,28085,0.39,2,2,Yes
34,46185,668,30,90392,0.093,4,4,No
57,121726,453,9,33940,0.564,5,2,No
35,94245,454,14,21719,0.431,4,3,No
24,140718,570,18,48378,0.505,1,2,No
60,88906,808,7,5587,0.282,1,4,No
36,111395,689,12,50295,0.196,4,1,No
48,94745,367,22,77304,0.482,5,1,No
36,113915,431,18,38574,0.539,3,1,No
24,174075,564,15,85146,0.538,3,2,No
65,116087,519,24,54980,0.48,0,2,Yes
46,109436,588,28,59367,0.133,3,4,Yes
48,102916,378,25,18880,0.183,4,3,No
52,34707,619,28,83894,0.35,2,3,No
65,180451,617,20,24278,0.354,1,2,No
22,75277,786,17,90151,0.343,2,0,No
51,115604,690,8,82312,0.546,2,2,No
23,106431,338,23,96854,0.125,5,2,No
28,79756,498,14,64426,0.525,2,3,No
44,105748,404,7,71259,0.063,5,3,No
35,104859,806,16,9766,0.244,0,4,Yes
63,123470,628,29,98075,0.168,2,0,No
51,86579,607,3,25270,0.366,3,1,No
29,143877,521,22,48031,0.364,1,3,No
59,97884,326,21,32123,0.354,5,0,No
65,196011,450,27,79057,0.223,2,0,No
22,171820,472,8,61653,0.363,1,4,No
28,93879,321,30,21888,0.473,0,1,No
27,141506,844,7,56960,0.286,5,4,No
64,67115,693,8,73578,0.607,3,0,No
59,87023,346,3,89349,0.091,5,4,No
62,112943,424,7,23524,0.642,1,1,No
36,67495,634,29,47184,0.507,3,2,No
55,134229,594,27,53371,0.406,0,3,No
50,196819,836,21,58897,0.172,3,1,No
30,177627,837,24,57991,0.426,4,4,No
58,182695,596,25,45052,0.531,1,3,No
38,193381,343,16,71492,0.202,2,2,No
25,157139,321,5,82313,0.074,4,4,No
49,42265,525,25,73886,0.316,0,3,No
59,97445,848,9,30425,0.233,2,3,Yes
54,177488,673,1,21064,0.222,3,3,No
63,104772,303,30,34066,0.485,1,2,No
65,121901,323,11,72940,0.139,0,2,No
43,182197,621,18,43780,0.441,3,2,Yes
25,78709,838,24,67371,0.087,5,1,No
50,66060,671,4,65768,0.602,5,0,No
26,56411,664,15,43462,0.402,5,0,No
64,77684,368,4,55211,0.609,1,0,No
24,191656,771,0,72512,0.571,4,0,No
49,96947,804,9,66911,0.572,0,2,No
43,187674,612,27,17725,0.122,0,0,Yes
26,139025,371,29,14790,0.468,5,2,No
52,97740,545,27,41565,0.29,4,4,No
62,43899,372,1,54838,0.325,5,2,No
38,82852,827,15,39322,0.217,2,1,No
35,194626,339,8,71465,0.134,4,0,No
60,168085,338,6,11934,0.234,2,2,No
52,155320,355,12,52213,0.38,4,4,No
29,128024,471,3,31073,0.296,4,3,No
57,192566,601,6,29149,0.472,0,4,No
30,25678,789,30,38888,0.553,2,0,No
40,186424,731,9,73042,0.176,3,1,Yes
26,70797,303,11,33401,0.084,3,2,No
23,165170,560,1,16391,0.645,1,2,No
62,164531,848,27,71228,0.58,0,3,Yes
31,63894,709,4,45846,0.209,0,1,No
63,123202,564,27,84320,0.148,0,2,No
37,103763,314,24,55808,0.621,1,2,No
52,95442,387,14,20632,0.189,1,2,No
24,32898,398,10,79645,0.183,0,3,No
24,75352,516,1,99625,0.116,2,0,No
37,72207,709,14,70952,0.223,0,3,Yes
61,189956,490,18,32160,0.555,0,3,Yes
39,96880,514,4,59797,0.392,0,4,No
25,145618,326,15,32757,0.105,4,2,No
52,132394,481,20,83129,0.63,3,0,No
42,183438,458,30,85917,0.374,4,4,No
26,137382,529,7,23770,0.3,5,2,No
55,166908,534,6,20973,0.521,2,2,No
42,42442,685,2,23179,0.386,5,3,No
21,81436,829,20,13263,0.587,4,1,Yes
40,153934,583,7,23220,0.471,3,4,No
42,196992,370,4,34951,0.451,0,3,No
31,146751,803,13,69625,0.253,3,4,No
33,37686,514,1,88637,0.644,0,2,No
62,68604,416,9,75484,0.441,4,3,No
23,166428,399,17,38530,0.315,5,0,No
29,66163,594,16,59625,0.139,1,2,No
32,183865,476,5,7954,0.383,2,4,No
43,27491,431,16,57367,0.45,1,0,No
34,111742,356,23,92526,0.273,1,4,No
53,84382,312,16,19541,0.089,5,2,No
38,104464,492,23,25731,0.529,2,0,No
61,64772,809,21,27976,0.442,5,2,Yes
29,102096,452,24,79590,0.461,1,2,No
43,32011,322,18,99379,0.197,2,3,No
30,184705,329,15,85554,0.128,4,2,No
39,160934,668,29,99448,0.321,5,1,No
25,63118,690,29,12115,0.195,5,0,No
43,88849,609,22,58146,0.519,5,2,No
50,167775,700,1,79064,0.369,5,1,No
45,148793,652,4,59001,0.129,4,0,No
48,132915,365,11,86999,0.168,1,2,No
54,40096,465,0,56968,0.582,5,3,No
65,85047,791,4,73854,0.429,5,0,No
45,90891,479,7,11685,0.29,3,2,No
30,143160,843,9,65095,0.482,0,0,Yes
34,33432,316,2,56108,0.535,5,3,No
62,171772,425,30,24994,0.119,1,0,No
50,149790,381,5,98783,0.555,0,1,No
61,81862,339,12,10787,0.618,3,4,No
45,181268,518,19,12069,0.104,3,3,No
34,122186,481,7,15713,0.244,0,0,No
55,71618,737,28,58847,0.151,5,0,No
54,107774,829,29,30438,0.308,2,1,No
30,135239,460,17,15968,0.182,1,0,No
55,84658,486,4,37897,0.267,1,0,No
31,118312,653,5,55428,0.195,1,1,No
31,146051,674,26,6094,0.052,5,2,No
41,153081,766,30,57591,0.061,0,4,Yes
41,162776,540,23,38878,0.359,3,1,No
42,110544,633,1,45482,0.358,3,1,No
65,171451,347,24,82405,0.072,2,1,No
27,79598,410,6,79140,0.47,3,2,No
37,67020,403,15,27385,0.066,0,4,No
22,33573,762,9,16689,0.342,1,4,No
32,178487,373,28,10042,0.287,5,0,No
62,91668,616,29,95446,0.58,4,1,No
38,76628,301,19,31620,0.396,3,2,No
31,77287,671,9,22935,0.543,2,2,Yes
36,138838,768,1,31631,0.649,2,2,No
38,25944,309,7,12771,0.156,2,1,No
55,161912,722,1,98735,0.088,5,3,No
46,64442,557,1,88700,0.515,2,3,No
36,199561,775,12,95317,0.429,1,1,Yes
26,69278,544,30,81372,0.43,1,0,No
64,58602,636,24,18745,0.24,3,0,No
63,45134,787,3,5282,0.111,0,0,Yes
62,94720,372,6,96807,0.483,1,2,No
32,97714,304,25,60525,0.376,5,2,No
33,188726,761,13,93348,0.351,1,4,No
24,33146,665,19,47928,0.492,1,2,No
59,137188,794,4,63098,0.643,0,2,No
22,143222,516,0,53291,0.494,4,2,No
46,141740,513,30,15620,0.611,4,0,No
47,131455,624,25,35838,0.289,4,3,No
47,108780,609,0,21919,0.589,0,0,No
35,164006,337,25,94983,0.486,3,4,No
28,120381,360,25,32302,0.273,5,1,No
27,131355,394,29,22287,0.355,1,1,No
60,120597,532,18,61795,0.171,3,4,No
32,27127,847,5,99033,0.099,2,2,No
33,175163,812,15,63834,0.33,4,0,No
63,166005,449,11,78874,0.646,5,3,No
37,150553,770,30,16941,0.572,5,4,No
37,40877,514,0,8653,0.06,0,0,No
56,190653,698,27,70261,0.632,1,0,Yes
41,37519,305,11,62008,0.331,1,0,No
28,33351,380,19,23523,0.157,1,0,No
25,148223,488,24,53363,0.599,0,0,No
46,171720,327,17,62761,0.605,2,1,No
36,82548,434,1,22580,0.558,0,2,No
56,134538,604,30,11869,0.423,0,4,Yes
48,117997,794,17,35558,0.192,0,2,No
49,150597,579,9,11405,0.195,1,2,No
32,195089,379,9,34342,0.629,3,2,No
57,64253,690,22,59505,0.217,1,4,No
50,111967,314,22,37511,0.303,2,2,No
43,177996,522,5,32780,0.502,5,0,No
36,59864,565,1,52140,0.544,4,2,No
34,37493,619,15,44964,0.297,2,3,No
30,30337,405,4,16355,0.287,2,3,No
27,88281,552,30,63008,0.264,3,0,No
65,41035,498,28,5137,0.283,1,3,No
57,113854,355,5,14313,0.505,0,3,No
49,44884,706,21,57750,0.087,2,1,No
23,34074,737,25,20261,0.53,4,2,No
35,117885,756,21,80980,0.179,1,0,Yes
56,51907,776,30,37484,0.147,2,1,Yes
39,129723,646,21,9336,0.122,5,0,No
33,33624,785,0,8638,0.191,5,1,No
62,183328,662,27,86348,0.55,2,0,No
41,166527,511,3,53781,0.373,5,0,No
57,167266,736,16,37110,0.211,2,3,No
47,46622,442,12,59241,0.162,1,4,No
49,98106,584,11,52070,0.512,5,3,No
40,46487,369,30,32831,0.353,0,1,No
45,25617,827,12,84858,0.122,1,2,No
26,135988,609,18,20676,0.275,4,2,No
56,150385,562,27,74380,0.317,1,1,No
22,131813,359,26,65165,0.262,0,3,No
42,138021,821,15,12413,0.209,0,2,Yes
52,162357,608,29,15663,0.247,3,3,Yes
36,58224,819,26,93844,0.493,4,4,No
38,53994,681,26,10933,0.622,5,1,No
25,87439,640,10,8311,0.066,0,3,No
56,127178,848,17,29804,0.426,5,0,No
50,48014,383,17,54300,0.094,2,2,No
65,95509,533,21,45263,0.171,2,0,No
39,95310,539,0,94889,0.377,5,2,No
43,113635,403,3,37052,0.526,5,1,No
54,75218,524,8,84838,0.311,4,1,No
33,71390,578,2,10150,0.578,4,3,No
63,193556,692,7,64219,0.479,5,1,Yes
49,67588,728,8,31850,0.166,0,1,Yes
56,139391,701,17,19017,0.462,5,1,No
42,38302,345,4,12679,0.241,4,0,No
56,28234,813,21,28383,0.51,3,0,No
29,162566,475,4,31954,0.188,3,1,No
59,170311,665,21,80203,0.137,0,2,No
39,95034,472,4,9505,0.433,2,1,No
58,134734,603,22,14725,0.42,1,2,No
26,95803,451,15,83829,0.394,2,3,No
35,168618,650,4,39150,0.196,0,4,No
40,180551,391,4,89297,0.174,4,0,No
29,61437,460,11,8263,0.597,1,0,No
52,165729,405,6,47819,0.37,5,3,No
24,112989,402,2,38904,0.294,0,3,No
38,125265,431,25,65819,0.542,5,2,No
25,137244,588,22,72965,0.08,1,0,Yes
40,42259,757,7,53854,0.456,3,4,No
43,153526,400,20,9138,0.138,0,1,No
31,184717,320,19,51428,0.186,3,1,No
57,87674,548,17,90739,0.434,1,4,No
42,40032,491,4,81764,0.218,0,1,No
24,111419,612,5,21493,0.517,3,0,No
49,196073,467,29,14119,0.361,0,4,No
64,51004,470,26,22237,0.244,5,2,No
54,38170,515,24,64180,0.569,1,3,No
33,129251,808,21,90749,0.427,1,2,No
62,42842,473,21,87283,0.303,2,0,No
29,130699,835,5,50126,0.322,5,3,No
62,182139,707,23,27421,0.211,3,3,Yes
51,93708,800,5,82625,0.115,5,0,Yes
27,61195,437,10,51266,0.232,1,1,No
24,153138,398,26,17827,0.209,1,0,No
39,196638,356,12,98396,0.251,0,2,No
62,32736,546,13,53694,0.332,4,4,No
50,73258,406,16,29099,0.088,4,4,No
51,121804,347,0,37707,0.114,3,0,No
55,68475,585,30,86322,0.488,2,1,No
41,69511,345,9,33370,0.16,5,2,No
51,29206,695,30,30906,0.253,4,4,No
39,141888,419,27,6913,0.432,4,0,No
51,44348,359,29,19388,0.636,3,0,No
52,81057,446,1,90642,0.13,3,1,No
22,192153,796,12,93621,0.504,1,1,Yes
30,138359,417,16,19417,0.345,1,2,No
22,142615,536,18,18485,0.106,0,1,Yes
22,180926,517,2,6868,0.151,0,1,No
44,43032,423,3,81082,0.467,4,1,No
37,79679,562,5,97938,0.578,4,1,No
52,185344,469,12,15034,0.057,3,3,No
36,132654,691,28,8098,0.184,3,2,Yes
36,139169,449,25,48568,0.265,0,1,No
59,60109,545,22,77975,0.643,0,3,No
51,75670,800,13,75961,0.441,0,1,No
63,75022,490,8,75542,0.266,5,0,No
44,161610,473,23,14653,0.171,5,1,No
21,69237,471,14,97429,0.186,2,4,No
31,165605,637,5,67926,0.08,0,1,Yes
41,34363,710,24,14725,0.647,1,3,No
24,71304,369,19,56921,0.639,5,2,No
27,36819,397,10,49235,0.057,4,1,No
46,37191,816,21,95905,0.212,5,2,Yes
32,31499,484,6,41391,0.062,2,4,No
51,88001,712,17,72829,0.231,0,0,No
37,135383,677,27,47513,0.591,1,0,Yes
53,42668,311,16,42785,0.575,5,3,No
31,164834,708,13,5501,0.461,0,4,No
48,121828,717,25,65525,0.642,5,1,No
52,175320,630,7,38681,0.498,2,2,Yes
21,129349,579,28,97175,0.195,3,4,Yes
48,141665,414,7,98540,0.551,1,0,No
62,121188,509,26,60444,0.355,3,3,No
27,131942,746,6,91515,0.352,0,3,No
22,38070,693,24,89598,0.55,4,3,No
62,116392,480,8,48996,0.371,3,0,No
44,122164,764,11,64869,0.246,4,2,No
24,193879,327,2,49295,0.607,3,2,No
64,113959,492,0,80003,0.094,2,4,No
39,181284,555,14,76266,0.445,1,2,Yes
46,126277,723,8,14817,0.521,3,0,No
31,29626,390,16,35151,0.081,2,4,No
60,74270,444,11,82073,0.191,4,2,No
63,65767,751,16,49055,0.184,1,0,Yes
31,86505,727,27,90060,0.584,2,2,No
65,27292,541,28,68897,0.44,0,3,No
23,141792,785,12,86737,0.18,2,1,No
32,39859,330,12,70546,0.596,3,1,No
23,186657,359,14,29835,0.196,0,2,No
62,159891,775,20,65425,0.447,3,1,Yes
47,135986,400,17,40723,0.321,4,4,No
22,26280,572,14,7794,0.109,3,3,No
36,170219,777,17,49122,0.502,1,3,Yes
22,33634,357,4,28776,0.247,5,1,No
50,93550,804,6,73063,0.266,4,1,No
40,166845,686,5,78750,0.179,0,0,Yes
58,173953,760,4,49215,0.533,2,4,No
48,164352,344,18,94303,0.146,5,3,No
45,84593,590,8,56757,0.181,2,0,No
52,181627,557,23,62693,0.294,1,3,No
30,66421,545,29,50641,0.139,5,0,No
62,110472,539,10,74632,0.118,5,0,No
60,183404,712,2,37396,0.363,2,1,Yes
53,69588,427,6,24235,0.622,1,3,No
33,117613,575,2,38853,0.531,5,4,No
61,163709,717,26,70086,0.156,3,0,Yes
62,115491,506,5,52426,0.403,3,0,No
57,111416,664,18,11891,0.526,2,0,No
36,71158,645,15,66455,0.137,2,2,No
65,78798,459,7,36181,0.099,5,0,No
42,172227,395,18,70959,0.585,1,0,No
40,73081,724,20,53885,0.197,4,4,No
63,80956,415,18,90228,0.349,2,0,No
47,65278,511,29,96439,0.175,4,0,No
61,93486,606,15,12278,0.079,0,3,Yes
36,72155,567,7,7456,0.358,2,0,No
54,114338,343,9,23101,0.311,0,0,No
52,162135,757,29,13668,0.486,2,4,Yes
46,104741,771,8,35544,0.564,0,3,No
45,69690,308,15,64336,0.135,0,0,No
22,152304,488,30,72153,0.153,2,0,No
32,182579,680,21,22867,0.62,1,1,No
60,32661,414,30,91444,0.301,0,0,No
29,192261,801,13,64504,0.622,5,2,No
32,169129,687,9,41605,0.253,2,2,No
46,124786,738,3,53692,0.259,3,3,No
29,191385,618,9,72381,0.474,3,3,No
30,61988,743,19,46055,0.108,0,0,No
52,168563,327,20,97647,0.298,3,1,No
54,85159,697,27,17224,0.278,1,1,No
40,58410,376,26,74397,0.071,1,3,No
59,103868,657,14,60090,0.238,5,1,No
22,59354,485,18,13331,0.289,5,2,No
21,109329,850,10,43074,0.085,3,1,No
56,31504,533,19,68575,0.062,3,3,No
44,118961,547,13,63715,0.41,2,4,No
47,54811,698,27,73446,0.174,1,0,No
22,42225,628,14,79981,0.268,2,4,No
51,127891,304,3,22381,0.098,1,2,No
34,117732,647,16,79075,0.111,1,3,No
22,175362,698,0,83792,0.143,4,4,No
49,27272,558,24,85469,0.068,1,2,No
35,162213,718,18,30862,0.507,0,1,Yes
32,89980,690,4,97828,0.594,0,1,No
57,82167,414,17,70406,0.363,5,2,No
48,180750,303,16,63748,0.54,0,1,No
40,99697,427,22,83836,0.131,3,4,No
59,157143,308,9,43007,0.32,5,3,No
44,173192,623,8,44212,0.136,2,1,Yes
41,116477,417,3,35089,0.647,4,1,No
30,180205,766,19,97009,0.085,0,4,Yes
34,159702,762,18,34315,0.316,3,0,Yes
57,90763,424,30,36511,0.117,5,0,No
38,138646,522,2,59356,0.091,2,1,No
44,104544,627,17,66009,0.491,3,1,No
34,44954,558,2,92449,0.098,5,3,No
54,148324,366,28,98111,0.064,5,1,No
32,131297,361,20,83663,0.62,3,0,No
42,105211,825,7,32670,0.161,2,1,No
26,87787,578,23,85136,0.557,2,2,No
56,157691,422,4,36768,0.622,1,4,No
65,103421,571,30,31851,0.501,1,2,No
56,102230,801,26,93710,0.112,5,1,No
42,135122,568,0,41192,0.152,5,0,No
34,196414,517,25,75330,0.157,0,2,No
36,165445,458,29,70466,0.442,5,3,No
56,36448,659,17,56678,0.158,5,0,No
45,187282,764,23,79128,0.068,0,3,Yes
52,181482,843,25,16426,0.325,1,1,Yes
53,185100,547,30,5313,0.403,5,0,No
65,68369,590,13,93604,0.326,2,0,Yes
56,143372,335,24,78150,0.343,3,2,No
40,36467,365,26,95942,0.324,1,2,No
38,164271,726,6,92249,0.209,0,4,No
58,52095,456,8,15569,0.624,0,2,No
23,133715,420,27,63638,0.553,1,2,No
43,64007,491,24,50175,0.244,1,3,No
52,143562,775,13,52416,0.074,4,2,No
65,38617,653,15,47630,0.565,4,2,No
36,53304,842,15,54253,0.495,1,3,Yes
25,121729,656,26,28769,0.099,3,1,No
24,96120,830,21,14553,0.469,4,3,Yes
41,99341,779,5,46733,0.322,2,1,No
60,115800,372,6,95092,0.128,5,4,No
34,99625,690,0,7858,0.485,2,4,No
59,169711,375,10,83808,0.263,3,3,No
51,180757,487,8,49728,0.596,4,4,No
34,90416,637,0,18899,0.076,5,2,No
26,138792,775,23,59322,0.612,5,3,No
32,85356,605,25,25028,0.103,5,1,No
36,36110,461,17,38885,0.072,1,3,No
37,124464,346,9,62208,0.399,2,0,No
65,177200,323,30,86428,0.416,3,4,No
43,130635,635,26,82730,0.169,2,4,Yes
34,39684,583,28,24014,0.576,1,4,No
27,138102,473,12,36797,0.531,3,3,No
52,49419,606,30,32497,0.22,4,1,Yes
35,157599,529,22,45786,0.316,4,4,No
64,171292,417,4,73581,0.52,4,3,No
37,179774,352,7,84385,0.55,5,3,No
61,133409,491,12,99161,0.528,1,3,No
64,52757,822,26,89363,0.211,2,1,No
54,71664,440,25,69516,0.509,5,1,No
25,151226,412,15,70412,0.43,2,1,No
65,40205,563,6,16429,0.366,3,4,No
47,85207,790,7,32909,0.628,1,4,No
43,45994,643,17,67720,0.409,3,2,No
60,146409,822,25,67026,0.571,1,2,No
34,111170,398,26,32773,0.501,0,2,No
35,133502,772,8,49623,0.077,0,3,No
63,55569,322,27,36065,0.21,0,0,No
53,120711,538,21,88366,0.415,1,2,No
51,135702,562,10,73656,0.313,4,1,No
55,31626,624,21,11225,0.623,1,4,No
37,126159,686,21,20396,0.4,0,1,No
48,28964,421,16,72417,0.607,3,2,No
39,137794,599,13,51304,0.174,5,1,No
43,43058,616,22,67720,0.589,3,1,No
52,191232,319,1,6316,0.372,2,0,No
60,172334,841,14,39066,0.178,1,3,Yes
33,130182,599,17,67974,0.284,0,4,No
40,166956,769,4,22868,0.631,2,4,No
55,29433,385,28,8236,0.626,1,0,No
25,108747,704,21,42431,0.063,4,4,Yes
29,101227,411,0,35426,0.234,4,2,No
49,56063,438,15,5802,0.59,3,3,No
26,58484,309,11,59216,0.07,1,1,No
45,111780,590,29,54235,0.624,3,4,Yes
51,115196,678,13,80949,0.283,1,0,No
42,192608,537,16,52060,0.119,1,4,No
22,55084,629,0,30055,0.231,5,1,No
65,139455,484,13,32789,0.535,5,2,No
25,49802,724,14,59457,0.649,4,4,No
47,82012,622,22,93222,0.13,0,3,No
45,139610,781,11,39576,0.433,4,3,No
28,176686,657,16,92702,0.605,5,0,No
21,94922,661,8,17858,0.59,4,3,No
40,33157,335,2,15840,0.28,0,1,No
64,73742,815,30,6489,0.569,1,4,Yes
43,32675,629,11,11970,0.165,2,4,No
52,51228,568,25,83977,0.429,2,0,No
31,43251,369,12,78305,0.409,5,1,No
59,48349,818,1,88937,0.52,5,1,No
44,154417,677,21,96513,0.187,4,3,No
31,74178,592,14,17555,0.427,4,0,No
49,106362,585,1,61047,0.416,3,3,No
46,162660,659,4,67172,0.101,0,2,No
36,121479,823,20,15871,0.248,2,1,Yes
55,154044,636,8,62193,0.174,3,4,Yes
40,112687,841,27,78338,0.65,4,1,No
23,153325,335,29,69176,0.644,1,0,No
21,88196,787,13,10923,0.201,3,4,No
21,57400,678,12,68701,0.535,1,0,No
37,38536,643,3,73485,0.54,3,1,No
22,158772,529,7,51562,0.612,3,1,No
49,171187,696,22,80368,0.128,5,4,No
40,109607,720,6,16364,0.451,2,3,No
26,63100,701,16,9702,0.174,5,3,No
28,177512,787,21,32752,0.445,5,2,No
49,57947,345,5,74356,0.573,4,3,No
53,98532,453,25,66057,0.099,0,0,No
23,105398,560,7,86634,0.432,2,4,No
55,84413,586,21,59939,0.373,0,3,No
25,179176,630,7,48142,0.155,2,1,No
47,107841,771,12,50844,0.193,1,2,No
64,60860,568,21,46579,0.362,0,3,No
32,149390,456,7,19552,0.566,1,1,No
40,38727,728,4,90457,0.455,1,2,No
65,114385,551,8,98608,0.066,1,1,No
40,158791,566,27,83060,0.126,3,0,No
29,138771,358,19,52692,0.58,2,3,No
59,168996,470,21,24828,0.442,2,3,No
24,34215,618,26,72054,0.061,3,2,No
39,115124,697,1,24085,0.408,1,0,No
58,115826,314,2,41304,0.151,3,1,No
47,85494,761,3,44500,0.602,2,3,No
65,110545,437,18,35729,0.123,4,0,No
63,187984,449,27,69976,0.096,5,4,No
33,26144,599,28,92350,0.437,0,2,No
33,144170,722,30,85385,0.526,5,1,No
42,193374,718,6,61832,0.214,4,4,No
48,151223,492,8,75190,0.231,1,2,No
65,105171,582,5,8162,0.264,4,4,No
42,142917,553,2,37338,0.509,3,4,No
63,144416,803,13,97433,0.207,5,0,No
39,183116,612,12,37120,0.103,3,3,No
28,143501,577,30,59984,0.236,0,1,No
28,25537,609,12,8133,0.63,1,3,No
62,139233,485,24,60832,0.311,2,0,No
46,101552,523,0,57437,0.386,0,3,No
46,60453,721,14,42836,0.507,1,2,Yes
43,26980,326,4,62500,0.385,5,0,No
63,96442,680,29,41722,0.444,2,2,No
33,189379,619,28,30045,0.578,5,0,No
48,113966,430,26,33239,0.274,0,2,No
29,184701,822,26,63874,0.117,3,2,No
40,183847,579,30,67151,0.107,4,1,Yes
39,196101,584,25,54012,0.52,5,4,No
59,120934,496,30,57929,0.443,4,0,No
32,66988,574,25,39116,0.39,5,1,No
35,156123,367,20,39509,0.608,0,1,No
51,49818,532,1,83031,0.426,1,4,No
34,157758,521,4,11898,0.079,1,2,No
31,175277,752,16,38889,0.331,2,4,No
46,164168,603,0,53137,0.179,5,0,No
62,133336,699,26,76367,0.423,5,1,Yes
47,199159,619,29,53747,0.163,0,2,Yes
31,148574,563,3,6138,0.437,0,0,No
58,33545,664,14,20898,0.58,1,0,No
54,141377,688,14,7492,0.096,4,4,No
63,33484,526,21,86446,0.205,0,2,No
39,48667,755,15,44694,0.454,0,0,No
26,95111,604,12,86265,0.477,3,4,No
58,111492,804,13,44564,0.402,2,0,Yes
62,152000,627,26,37098,0.133,2,0,Yes
48,101206,820,1,31727,0.196,3,0,No
21,171709,619,20,20882,0.594,5,2,No
55,117476,791,26,49436,0.542,1,2,Yes
60,123941,760,9,37406,0.62,1,2,No
28,65747,834,4,89523,0.295,2,2,No
27,84749,743,2,89549,0.314,0,2,No
31,34491,742,19,61227,0.205,0,3,No
59,78100,526,10,87365,0.365,1,1,No
24,148569,826,12,41592,0.548,1,3,No
45,168703,815,1,86105,0.199,5,0,No
32,183254,717,28,30769,0.134,3,1,Yes
46,33903,400,6,24812,0.5,4,1,No
58,117722,707,28,89932,0.466,2,0,No
32,82782,704,2,86331,0.548,3,0,No
63,102261,429,12,48421,0.501,2,1,No
57,102606,818,5,97591,0.302,4,1,No
44,61109,334,8,42595,0.144,4,0,No
36,106604,453,22,93990,0.479,3,4,No
33,96086,701,19,81477,0.577,0,0,Yes
45,174239,363,1,54238,0.142,1,2,No
24,50443,528,11,28785,0.361,5,4,No
31,140155,552,14,36646,0.247,5,3,No
52,155560,787,29,68864,0.362,5,2,No
27,185620,314,22,52750,0.069,1,2,No
31,87358,639,23,37147,0.262,4,3,No
48,112825,662,15,68571,0.341,0,4,No
61,174232,479,2,47398,0.141,0,1,No
43,124385,514,26,34448,0.294,4,3,No
65,87280,453,13,56466,0.156,1,0,No
43,61852,344,22,92045,0.179,2,1,No
48,70021,651,0,70529,0.637,4,2,No
63,130932,320,15,88370,0.411,0,0,No
46,31195,668,26,20418,0.284,3,4,No
45,180358,377,23,78325,0.363,4,0,No
49,189653,418,22,78745,0.28,1,4,No
39,102674,658,5,89862,0.411,4,2,No
53,51719,813,26,97533,0.05,3,2,No
56,123576,802,14,29619,0.192,1,4,No
34,73450,331,30,92200,0.643,5,1,No
34,45028,657,14,38090,0.117,2,4,No
55,41192,361,2,9332,0.097,0,1,No
50,108636,396,3,50736,0.346,0,0,No
48,96812,677,23,30871,0.224,0,1,No
37,52551,795,16,79978,0.37,5,4,No
23,145920,751,12,42209,0.626,4,3,No
36,86444,514,1,95851,0.126,0,1,No
50,189196,383,29,43740,0.314,2,1,No
49,38654,705,0,64363,0.505,4,4,No
65,25203,406,19,96090,0.146,2,3,No
35,176201,788,5,59536,0.477,1,2,No
45,141284,656,4,5410,0.29,2,0,No
58,97150,430,28,38182,0.422,0,4,No
62,189336,321,5,57366,0.365,3,0,No
58,169061,525,17,98407,0.32,2,3,No
43,152812,405,30,80528,0.337,4,2,No
45,131154,693,20,19436,0.138,2,1,Yes
62,161400,400,0,85080,0.311,5,2,No
27,153062,447,12,86339,0.502,2,1,No
42,198112,529,5,34734,0.588,5,1,No
37,84199,386,19,54842,0.426,5,1,No
38,82039,822,28,53679,0.546,5,3,No
61,102232,392,11,59005,0.355,2,0,No
30,126683,452,28,92685,0.18,2,2,Yes
30,75750,722,9,30637,0.484,3,4,No
27,41119,653,24,25789,0.471,3,1,No
58,49017,708,27,65978,0.054,5,3,No
47,182276,386,28,94204,0.338,4,4,No
53,175634,510,18,46695,0.612,0,1,No
21,180500,682,2,39800,0.641,3,3,No
64,46497,823,14,57321,0.324,1,2,Yes
54,28372,452,24,26665,0.483,2,0,No
24,113683,304,30,42195,0.061,2,0,No
37,42453,375,13,17680,0.211,4,1,No
24,137716,710,3,57048,0.483,3,1,No
63,76928,303,6,45155,0.442,1,2,No
46,58960,671,9,51293,0.446,2,4,No
24,42197,382,13,63033,0.468,0,4,No
21,124456,730,1,98555,0.308,1,2,No
27,157955,771,0,51649,0.613,2,4,No
50,41651,661,25,80372,0.27,2,2,No
29,27812,711,15,44184,0.591,4,0,No
55,120981,334,15,42179,0.086,0,1,No
28,31562,541,12,57361,0.56,4,4,No
44,95713,379,29,92034,0.232,4,1,No
39,45469,374,0,69206,0.446,3,3,No
56,142538,583,5,75705,0.083,1,2,Yes
63,121765,537,3,28910,0.098,5,4,No
47,118523,636,1,26103,0.084,3,2,No
52,113641,830,28,75612,0.341,0,3,Yes
34,107969,382,6,6703,0.3,4,2,No
38,43217,617,23,59914,0.241,3,2,No
48,121844,596,29,93797,0.318,0,2,No
49,165061,641,13,65750,0.238,1,3,No
36,193307,723,22,42210,0.573,0,4,No
55,109895,318,25,81830,0.388,3,3,No
51,98497,303,24,87703,0.236,2,1,No
24,180055,766,0,79916,0.323,2,3,No
57,32186,489,9,75555,0.57,5,1,No
37,163578,580,5,63182,0.295,1,1,No
59,197098,362,7,72899,0.306,1,3,No
46,120761,553,8,79559,0.253,0,0,No
59,149272,301,10,31542,0.206,1,3,Yes
61,32791,366,23,42541,0.333,4,4,No
24,118133,585,5,73641,0.492,4,2,No
50,97306,431,7,91677,0.271,4,1,No
50,34893,347,23,58341,0.186,4,0,No
42,181226,346,15,18304,0.446,1,0,No
31,114854,530,16,93019,0.535,1,2,No
22,196827,583,23,85562,0.063,0,4,Yes
64,130469,848,6,57935,0.429,2,0,Yes
32,169586,327,7,19124,0.591,2,0,No
50,187430,710,7,79497,0.103,0,1,Yes
56,149858,772,27,52033,0.59,1,2,Yes
38,127809,521,25,66021,0.121,1,4,No
46,48631,675,29,72979,0.648,0,0,No
27,30807,308,26,47985,0.357,1,2,No
21,155184,712,9,5869,0.488,3,3,No
46,36908,770,21,41634,0.088,1,3,No
43,180507,369,8,57133,0.111,1,4,No
46,86716,641,18,62162,0.628,0,4,No
65,55432,365,9,33152,0.643,2,2,No
26,125458,369,16,53531,0.216,1,1,No
26,196582,560,29,92978,0.255,3,4,No
64,170299,831,8,41127,0.056,3,1,Yes
28,174676,695,13,39521,0.624,3,3,No
44,119101,657,25,10270,0.601,3,1,No
42,132494,657,29,94640,0.12,4,4,No
39,50790,691,25,42889,0.269,2,0,No
57,187016,675,1,23493,0.63,4,0,No
38,178259,485,2,51824,0.125,0,3,No
51,160097,604,26,99943,0.574,1,1,No
57,180584,363,19,83455,0.171,1,1,No
50,171979,477,23,95671,0.091,4,3,No
62,62924,534,26,67351,0.135,2,1,No
53,72196,339,8,8978,0.476,5,4,No
30,170482,586,18,58868,0.132,5,2,No
57,199835,558,17,7349,0.052,2,1,No
32,128116,766,17,29632,0.515,5,0,No
50,164722,539,10,19274,0.443,2,4,No
47,73826,802,8,88379,0.577,4,4,No
59,182349,841,11,53157,0.397,0,2,Yes
29,82970,650,7,31166,0.077,1,0,No
41,158528,840,17,21533,0.063,4,3,No
32,172662,611,28,92811,0.521,4,3,No
49,52892,407,7,58141,0.584,5,0,No
53,42740,329,3,89476,0.53,2,2,No
63,36788,608,5,72943,0.274,4,2,No
35,114381,785,20,7730,0.447,4,1,No
22,137569,345,15,78580,0.097,3,0,Yes
59,164223,658,20,60822,0.481,2,3,No
64,51515,436,12,47363,0.2,0,1,No
38,167059,730,25,14615,0.611,1,4,Yes
23,80674,550,15,16497,0.253,0,2,No
27,72767,732,25,66011,0.254,2,0,No
63,140737,506,22,44609,0.222,0,3,No
38,64644,745,23,91473,0.43,4,3,No
64,63741,358,20,91304,0.108,0,0,No
58,90121,505,28,81382,0.082,3,3,No
57,197507,630,19,76909,0.468,2,3,No
53,164128,824,17,33927,0.617,4,4,No
64,111549,457,20,82760,0.496,0,0,No
51,191585,403,7,62624,0.2,4,4,No
31,49660,658,0,9494,0.267,3,2,No
24,27639,664,5,89931,0.172,4,0,No
38,111856,478,17,9642,0.46,1,3,No
24,97009,657,1,75467,0.192,5,1,No
54,35622,563,7,21639,0.393,5,3,No
49,143192,848,5,65427,0.554,3,3,No
44,43808,652,5,36325,0.36,3,0,No
42,155473,663,21,39664,0.406,2,3,No
22,47951,549,24,75805,0.631,2,1,No
64,141909,419,13,5417,0.242,2,0,No
26,146522,491,30,48482,0.528,1,1,No
62,171417,361,28,97056,0.462,4,3,No
45,156469,509,2,85294,0.118,1,2,No
41,39665,351,17,80723,0.644,0,0,No
36,39560,612,29,61890,0.464,0,2,No
51,51376,578,4,44883,0.058,2,1,No
34,175929,687,21,95545,0.483,1,2,No
59,123042,501,24,46020,0.13,1,2,Yes
48,133304,438,15,60456,0.226,5,4,No
52,176382,318,24,52494,0.259,2,4,No
48,43328,620,17,81946,0.236,0,2,No
29,197469,394,8,63348,0.497,2,2,No
65,194231,429,24,41499,0.502,2,4,No
42,145087,404,28,27660,0.367,4,0,No
52,73998,496,21,55397,0.39,4,3,No
25,144292,559,0,95738,0.238,2,2,No
43,89853,338,10,98587,0.064,2,0,No
25,127304,800,7,86582,0.261,1,3,No
62,175120,430,7,30296,0.056,4,2,No
52,75217,453,23,90713,0.569,4,2,No
30,179957,620,12,60261,0.434,3,1,No
59,91139,421,28,81627,0.638,2,3,No
35,96831,443,7,28103,0.16,5,4,No
27,197220,485,15,82121,0.445,3,0,No
49,32103,846,25,95886,0.163,2,3,Yes
23,181323,510,20,59305,0.433,5,0,No
39,39546,699,17,51785,0.345,5,4,No
30,171528,332,8,11410,0.449,4,1,No
48,43228,458,11,53534,0.485,1,1,No
49,25046,705,26,26997,0.364,5,3,No
35,91355,663,21,33128,0.346,2,1,No
55,192647,462,2,70234,0.092,2,1,No
26,157152,850,0,36946,0.268,2,0,Yes
32,140965,430,30,66303,0.231,3,2,No
58,102462,395,27,72163,0.425,3,0,No
33,40930,569,20,60916,0.216,2,4,No
49,138476,666,19,50067,0.189,1,3,No
39,105823,664,28,20480,0.559,0,3,No
23,195581,733,28,50842,0.547,0,1,Yes
28,125521,360,28,72819,0.247,4,2,No
28,103880,622,19,48556,0.101,3,2,No
40,197827,507,8,95139,0.349,1,1,No
24,32293,647,28,93363,0.321,4,0,No
41,93542,344,21,25676,0.572,2,4,No
23,85528,646,7,15991,0.378,2,1,No
65,180428,668,24,80479,0.616,4,2,Yes
28,133885,833,12,32255,0.34,2,2,No
43,192983,657,16,45290,0.45,1,1,Yes
36,170771,794,22,70669,0.338,3,4,Yes
33,184506,359,6,53073,0.243,3,2,No
23,79669,597,29,40700,0.066,4,2,No
29,42602,358,14,32403,0.526,4,1,No
34,196858,723,13,37372,0.592,3,0,Yes
33,34952,530,24,27978,0.49,0,1,No
27,66684,747,15,91900,0.213,3,1,No
35,141032,667,16,62843,0.54,3,0,No
27,186561,328,15,16171,0.418,4,3,No
58,57905,576,17,18568,0.46,5,0,No
54,78602,678,13,83042,0.09,2,0,Yes
61,38381,337,5,63288,0.399,3,4,No
42,53130,506,19,58909,0.387,5,3,No
44,55415,588,20,88251,0.447,4,0,No
57,109679,792,14,68326,0.513,3,1,No
64,140458,524,4,46514,0.293,1,4,No
21,156460,751,25,95282,0.143,2,4,No
30,102652,327,16,76093,0.604,4,3,No
63,175878,633,0,21020,0.516,1,4,Yes
36,89333,672,12,8188,0.374,1,0,No
28,135930,600,6,68323,0.263,4,4,No
45,29852,503,18,16941,0.64,4,4,No
32,164699,678,20,93342,0.106,5,4,No
45,185120,414,23,38370,0.611,1,1,No
37,125286,319,4,87668,0.292,4,3,No
46,138120,695,25,73943,0.108,1,0,Yes
34,101596,351,8,6227,0.278,0,4,No
61,151697,485,3,90810,0.5,2,2,No
56,33209,652,30,9886,0.305,0,0,No
43,78482,413,6,66618,0.346,5,1,No
63,63197,813,12,49279,0.544,1,3,No
26,102694,845,30,83573,0.419,5,1,No
25,174148,581,7,99453,0.451,4,1,No
63,142458,469,22,31717,0.142,3,3,No
45,144614,620,30,89367,0.201,2,0,No
38,114484,665,28,67833,0.297,4,1,No
33,174151,819,3,62759,0.116,4,4,No
63,170050,409,7,47427,0.217,1,1,No
34,37705,843,25,6428,0.55,1,0,No
48,182979,842,26,54114,0.063,2,2,Yes
38,78832,623,15,79474,0.081,5,2,No
48,112367,311,25,32706,0.462,1,3,No
47,79612,322,12,24689,0.282,2,3,No
52,134165,460,9,15027,0.514,3,1,No
29,98501,563,13,92632,0.609,3,2,No
60,35248,679,19,45915,0.21,5,3,No
52,71988,379,9,93705,0.072,3,2,No
40,114169,570,12,95644,0.324,0,0,No
48,120039,724,27,99859,0.629,3,4,No
53,32461,735,7,66949,0.377,2,2,No
24,183070,377,23,52355,0.276,1,3,No
54,168893,823,19,13140,0.381,3,2,Yes
23,44870,410,4,18760,0.149,3,3,No
46,38410,751,20,29141,0.501,5,3,No
28,112721,713,20,42975,0.458,5,0,No
26,44133,559,18,97467,0.484,2,3,No
36,114705,650,12,80480,0.231,4,3,No
44,48359,483,1,57217,0.538,4,0,No
59,52400,474,15,29291,0.586,0,4,No
50,59173,685,13,17813,0.623,3,0,No
65,36179,571,16,98073,0.433,2,2,No
33,126879,485,26,69153,0.259,2,1,No
25,60495,466,2,81732,0.283,1,4,No
45,31487,442,15,82375,0.389,2,0,No
40,39760,792,8,99375,0.395,2,2,No
38,152600,371,6,64537,0.525,5,1,No
38,116975,643,1,99915,0.101,3,3,No
22,117465,798,10,18626,0.39,2,4,No
30,54403,446,23,17922,0.259,5,4,No
65,140625,800,10,51176,0.55,0,3,No
32,133576,637,28,63732,0.261,4,1,No
33,26755,384,13,66437,0.331,3,3,No
31,153500,442,15,73161,0.187,4,1,No
39,192230,610,7,55955,0.227,3,4,No
55,96352,668,22,58693,0.383,4,1,No
59,188688,740,27,35105,0.306,5,0,Yes
46,140891,366,26,89621,0.171,0,4,No
34,101759,833,21,27280,0.334,4,1,No
65,137133,640,14,78990,0.149,4,2,No
64,181038,401,15,78576,0.579,2,1,No
44,32688,613,1,22838,0.605,1,1,No
61,195556,409,30,46657,0.186,1,4,Yes
21,183625,731,3,85659,0.081,5,1,No
63,94282,641,0,6614,0.606,5,3,No
42,174651,478,6,78655,0.237,0,2,No
43,169086,433,30,20868,0.163,5,3,No
39,73443,329,10,55602,0.602,1,3,No
38,198033,772,17,54521,0.58,0,3,Yes
32,144086,684,21,43753,0.082,0,4,No
48,61397,308,24,67395,0.175,5,0,No
48,98302,435,4,64571,0.538,1,2,No
53,138417,589,4,47711,0.21,5,0,No
39,26063,342,19,20891,0.451,4,0,No
48,165406,404,16,18080,0.074,4,4,No
57,100848,330,3,36779,0.555,4,1,No
46,181199,518,8,28554,0.303,4,1,Yes
55,192115,412,13,36790,0.332,1,4,No
54,91512,559,8,91155,0.535,5,4,No
55,135687,311,22,44136,0.323,0,2,No
60,151230,770,12,13987,0.112,3,3,Yes
36,160141,639,15,68050,0.353,0,0,No
58,153167,545,19,33557,0.324,0,1,No
33,171676,549,12,63616,0.32,3,4,No
43,39612,808,8,34806,0.166,2,4,Yes
42,64170,603,20,80457,0.148,2,3,No
36,90881,812,11,50371,0.517,4,4,No
48,193782,660,11,56046,0.422,5,0,No
55,147092,343,9,15316,0.054,1,1,No
65,140764,618,28,43419,0.551,2,3,Yes
28,165435,788,1,50578,0.123,3,3,No
64,159842,593,24,73969,0.493,2,2,No
42,145340,808,21,56891,0.108,1,3,No
41,69121,820,4,97718,0.633,2,1,No
46,98960,625,10,71169,0.59,5,0,No
60,36990,552,25,52754,0.16,0,4,No
41,119258,607,27,91899,0.055,0,0,Yes
45,152640,622,23,90208,0.086,0,0,Yes
61,69659,335,1,75038,0.535,0,1,No
21,57137,590,20,46680,0.096,0,2,No
26,40573,841,9,98629,0.517,4,3,No
43,172906,788,7,31974,0.542,4,2,No
43,34554,535,19,8374,0.234,4,2,No
63,132804,684,9,6553,0.491,3,2,Yes
63,107164,660,25,96458,0.542,5,4,No
43,38015,555,10,96244,0.518,3,0,No
52,160806,658,8,91754,0.165,4,0,No
50,136175,842,6,5252,0.32,2,2,Yes
33,84617,324,11,43502,0.091,1,2,No
63,135041,300,6,59226,0.365,0,3,No
38,100195,657,15,46878,0.315,5,4,No
43,145603,417,24,81894,0.592,5,3,No
35,189653,778,18,24899,0.061,2,4,Yes
53,184989,758,15,59615,0.368,4,2,No
41,162715,412,14,64580,0.489,1,4,No
59,38269,494,29,99864,0.328,4,0,No
43,43358,319,13,68029,0.193,4,1,No
47,123029,585,12,41698,0.416,5,0,No
65,108857,757,28,17447,0.642,5,2,No
64,156275,747,2,94365,0.075,5,0,No
38,106254,384,12,85167,0.168,3,4,No
44,126892,573,28,88191,0.344,5,4,No
60,81235,702,25,72021,0.409,2,2,No
62,60304,552,6,60451,0.424,0,3,No
27,47172,664,1,52531,0.086,2,4,No
40,98834,559,9,96061,0.124,3,0,No
47,110731,733,29,93800,0.617,5,2,No
26,69857,421,14,84151,0.095,4,0,No
47,166483,816,30,74653,0.301,3,1,Yes
29,32825,842,2,57071,0.396,5,2,No
65,121774,818,5,68716,0.238,4,0,No
51,194814,311,28,22196,0.203,3,3,No
41,143624,309,30,38051,0.224,2,3,No
46,179412,456,24,37740,0.22,0,0,No
60,52151,440,13,74698,0.278,1,4,No
65,68327,436,3,92637,0.12,4,4,No
33,165324,699,14,30069,0.562,4,0,No
43,60314,742,4,69180,0.506,4,4,No
40,72368,741,30,72174,0.07,0,4,Yes
57,86110,566,5,86494,0.507,3,4,No
48,153667,812,18,78733,0.547,2,2,No
37,157744,576,17,72213,0.603,5,4,No
48,40322,655,19,52651,0.418,0,4,No
61,167263,392,5,83678,0.562,4,0,No
22,193153,435,3,64468,0.505,5,2,No
45,170737,410,11,75187,0.065,2,1,No
61,86625,343,23,40565,0.537,1,2,No
26,80504,510,24,47028,0.399,0,4,No
31,82631,642,29,73978,0.44,1,1,No
58,74239,658,23,63991,0.581,3,0,No
26,129583,660,13,53040,0.056,5,4,No
65,27967,630,6,23181,0.115,0,4,No
31,62018,710,1,20469,0.394,0,0,No
34,180867,807,25,22798,0.296,3,2,Yes
22,93774,531,1,23642,0.301,5,2,No
60,164585,469,25,15590,0.237,2,3,No
23,93274,703,20,36068,0.541,1,3,No
55,95472,533,19,71606,0.112,4,4,No
53,59604,819,3,63859,0.37,3,1,No
44,92104,601,19,54002,0.325,0,1,No
39,133818,399,22,64970,0.381,0,2,No
38,121396,552,2,42616,0.08,3,0,No
44,29720,607,1,80468,0.454,5,1,No
65,65725,686,20,51076,0.058,0,3,No
55,68923,422,28,26607,0.367,3,3,No
21,64293,431,5,92564,0.209,5,4,No
56,55029,535,13,71023,0.238,0,1,No
45,51585,520,7,68975,0.493,4,1,No
65,83271,361,10,26815,0.642,0,2,No
63,179970,702,30,32659,0.335,0,3,Yes
54,48449,470,30,31628,0.452,4,0,No
45,162809,775,18,7764,0.199,0,2,Yes
36,60308,313,29,15678,0.382,0,3,No
54,148374,569,29,89606,0.11,4,3,No
49,82175,353,14,39635,0.56,2,0,No
39,54059,712,19,65233,0.323,1,0,No
43,181520,430,19,22934,0.267,0,1,No
39,175780,816,19,31177,0.358,0,4,Yes
45,107549,600,22,97384,0.598,1,0,No
36,159058,726,19,58345,0.516,4,1,No
29,147767,415,13,36798,0.142,5,4,No
21,77934,535,22,19040,0.511,0,0,No
62,162557,312,3,76606,0.286,0,3,No
39,145094,517,29,71862,0.287,1,0,No
53,143156,628,30,54903,0.505,5,1,No
54,114064,367,9,33668,0.326,1,4,No
36,36772,690,7,66031,0.093,5,3,No
64,168603,391,4,9365,0.198,5,3,No
60,82564,403,17,88959,0.587,0,4,No
38,63635,725,28,72214,0.405,5,3,No
54,181991,603,24,79914,0.567,4,3,No
45,178972,678,30,61293,0.233,1,1,Yes
65,62394,647,24,65574,0.463,1,1,No
26,60030,474,30,85289,0.521,1,2,No
41,92950,691,16,72272,0.16,0,3,No
26,171631,704,4,59534,0.064,5,0,No
52,183629,387,2,91002,0.431,3,2,No
61,194080,548,9,39597,0.396,1,4,No
63,170125,665,26,64774,0.074,1,2,Yes
59,197889,388,20,54024,0.296,0,4,No
51,128426,755,3,94080,0.388,0,4,No
62,161065,714,18,65807,0.177,5,1,No
30,148652,754,22,99631,0.108,4,1,No
50,38515,810,4,59021,0.531,2,1,Yes
38,132301,474,0,61142,0.605,5,1,No
44,172407,508,3,77690,0.318,4,2,No
29,83724,612,0,36251,0.13,2,3,No
51,27175,670,14,74712,0.303,3,1,No
35,27405,612,2,7655,0.217,0,3,No
24,77515,803,26,71746,0.344,3,2,No
60,32341,385,9,95245,0.055,4,2,No
29,180356,565,30,12334,0.57,5,2,No
65,184074,519,25,18275,0.085,0,2,Yes
29,116796,594,4,78353,0.308,3,0,No
46,134460,805,21,61036,0.447,3,4,No
24,106499,462,10,36905,0.441,3,0,No
37,108525,426,16,57940,0.229,3,0,No
36,175013,416,25,13778,0.35,5,4,No
35,181091,705,8,57061,0.348,0,2,No
55,171851,655,12,93027,0.129,1,1,Yes
25,43426,521,13,70750,0.273,1,4,No
25,186255,675,8,70212,0.122,2,2,No
40,60927,613,16,40130,0.084,4,1,No
35,31395,449,6,94965,0.083,4,4,No
38,162046,535,15,78482,0.311,1,3,No
22,30150,467,19,37268,0.488,0,0,No
49,102668,794,12,79045,0.641,4,1,No
33,74572,711,13,58211,0.393,2,1,No
24,198883,368,17,28409,0.23,2,4,No
62,109028,566,27,21454,0.174,4,4,No
65,79497,449,10,90232,0.467,5,4,No
30,127300,824,26,57586,0.081,0,1,Yes
51,47466,681,1,87965,0.207,0,3,No
61,34550,673,21,97197,0.463,0,1,No
28,78062,805,30,5653,0.317,1,4,Yes
23,60394,536,5,55949,0.35,4,1,No
29,123794,624,4,25717,0.635,0,3,No
50,165559,549,2,78246,0.293,3,0,No
31,80084,750,26,8964,0.407,5,1,No
55,100809,721,6,34746,0.649,3,3,No
57,187003,515,2,92426,0.462,2,4,No
62,110291,320,12,33560,0.359,3,4,No
33,104220,604,26,73627,0.244,2,0,No
56,36366,652,22,72385,0.636,1,0,No
33,145525,744,1,84601,0.226,1,3,Yes
32,187935,565,30,45409,0.119,5,4,Yes
57,184401,467,23,65913,0.606,5,2,No
30,128293,357,1,65532,0.241,3,0,No
29,88818,623,17,50722,0.403,4,4,No
27,135325,565,3,43412,0.438,0,2,No
22,197443,361,25,49519,0.207,0,4,No
43,85325,388,16,38284,0.304,4,3,No
59,196313,715,10,50712,0.143,2,4,Yes
60,26676,375,6,62231,0.581,2,1,No
59,131094,704,1,60643,0.401,2,2,No
41,161354,664,14,27417,0.584,0,2,No
43,51222,684,13,96048,0.204,3,4,No
49,38376,308,30,67462,0.43,4,4,No
34,34431,814,13,11783,0.181,1,2,Yes
46,58370,668,5,11365,0.223,1,4,No
25,158009,608,29,41575,0.267,0,2,No
51,180673,469,4,12762,0.38,0,2,No
45,130116,446,13,45764,0.383,5,3,No
51,26067,817,20,29238,0.17,0,2,Yes
40,103937,379,28,69839,0.078,4,4,No
64,128556,751,3,83403,0.513,5,4,No
37,169544,765,13,7967,0.366,4,4,No
65,189219,711,4,84856,0.238,4,4,No
22,116396,594,11,68287,0.082,4,2,No
45,79654,429,26,74625,0.113,4,2,No
33,161268,464,24,17792,0.304,2,1,No
59,55593,749,12,42246,0.34,1,1,No
48,135423,806,28,62162,0.276,3,0,Yes
62,90059,368,11,58579,0.39,2,1,No
26,132041,799,27,38606,0.538,1,4,No
23,69401,434,16,11722,0.456,1,0,No
55,56593,801,17,92263,0.57,2,1,No
38,166533,644,11,91785,0.419,5,4,No
31,118220,353,30,30872,0.113,3,0,No
40,60690,631,22,44593,0.14,4,1,No
25,120360,719,8,36545,0.284,4,4,No
39,93923,612,18,54276,0.22,2,3,No
42,46826,437,21,33972,0.441,1,3,No
39,145240,654,28,78805,0.425,2,2,No
36,170625,801,20,15544,0.328,0,2,No
44,78165,524,24,47089,0.436,5,0,No
61,82454,398,14,69144,0.597,1,4,No
24,31959,606,8,40180,0.345,2,2,No
35,67715,690,12,30059,0.258,4,1,No
45,185451,390,14,54603,0.336,2,0,No
64,178746,673,11,8101,0.137,2,2,No
55,165631,503,9,95933,0.108,1,4,No
34,57252,416,2,80315,0.296,0,1,No
39,51104,365,25,47153,0.604,5,1,No
58,156623,430,9,10786,0.568,5,1,No
56,90669,685,17,72934,0.457,2,4,No
27,162679,391,28,64084,0.481,0,3,Yes
50,101639,376,9,34642,0.566,5,1,No
39,67973,551,3,45052,0.599,2,3,No
45,151142,619,27,98793,0.446,2,0,No
36,185930,353,27,23378,0.282,5,1,No
60,195439,444,24,38401,0.138,0,4,No
28,124364,385,2,14951,0.054,1,4,No
38,81536,440,19,20287,0.439,4,1,No
48,104584,344,17,81908,0.289,4,2,No
36,120959,416,16,41339,0.098,0,2,No
39,174642,446,4,53241,0.217,4,3,No
62,192010,320,19,56546,0.331,2,1,No
37,122216,835,9,32494,0.52,5,3,No
65,140283,457,1,37573,0.239,4,1,No
33,127410,775,21,12361,0.444,5,3,No
27,70820,347,20,35215,0.076,4,0,No
47,123235,718,0,72114,0.627,2,4,No
30,189290,409,15,28664,0.633,1,2,No
54,34990,828,9,97590,0.367,3,2,No
56,37778,603,2,79067,0.445,2,0,No
45,196212,781,3,61324,0.509,2,4,No
26,125196,436,0,48447,0.632,4,2,No
44,112448,376,27,41327,0.377,3,0,No
38,117334,569,11,98496,0.503,3,2,No
43,100012,384,12,18260,0.165,1,2,No
26,84871,767,26,37365,0.142,5,1,No
49,141445,541,7,93429,0.478,4,0,No
45,185012,363,18,9768,0.604,4,4,No
37,113873,539,30,89155,0.391,3,4,No
44,54590,394,4,16336,0.371,5,2,No
31,92145,697,11,62377,0.393,5,1,No
46,185369,348,18,10191,0.578,3,0,No
54,183938,752,3,53695,0.53,1,4,No
48,146909,444,14,74195,0.531,5,3,No
23,58991,697,24,82155,0.114,4,3,No
31,26907,602,12,98778,0.506,1,0,No
58,182010,727,12,11634,0.511,2,1,No
34,101479,316,2,86603,0.129,1,3,No
46,161882,380,7,46594,0.333,2,3,No
41,80600,483,21,76227,0.109,0,2,No
59,83612,766,5,93641,0.288,1,3,No
50,62705,582,16,94960,0.435,4,2,No
28,42615,370,27,31767,0.181,5,1,No
40,100475,389,10,95321,0.129,4,0,No
52,134054,664,6,32979,0.433,3,3,No
42,120490,502,14,44001,0.546,0,3,No
27,91273,530,3,28577,0.143,3,3,No
29,111356,305,7,22658,0.593,3,0,No
65,73703,656,24,85410,0.492,4,0,No
21,133447,748,1,40380,0.457,1,3,No
49,57567,445,23,57054,0.123,2,2,No
28,29418,354,10,10204,0.608,5,4,No
24,67164,366,7,47159,0.334,0,0,No
55,26986,446,21,17580,0.371,5,4,No
23,63593,531,29,60265,0.358,3,4,No
65,58983,767,18,30644,0.369,5,2,Yes
60,137194,395,4,26122,0.544,2,4,No
27,188061,790,17,64781,0.109,5,2,Yes
47,123548,547,29,92501,0.34,3,2,No
21,150605,431,29,57613,0.418,0,4,No
47,71887,824,5,97316,0.121,0,3,Yes
36,179514,369,29,11304,0.399,3,1,No
58,36243,648,18,59800,0.355,2,2,No
27,25132,741,19,85889,0.184,3,1,No
64,171628,555,24,56128,0.204,2,3,No
43,89397,685,25,91794,0.102,5,3,No
61,108290,804,4,20994,0.473,3,1,No
31,189927,715,12,94921,0.139,4,3,No
62,34839,618,22,74854,0.523,2,4,No
53,199292,615,11,33395,0.584,5,3,No
56,104364,629,8,54064,0.195,1,1,No
57,197150,431,28,80899,0.206,1,4,Yes
61,150688,443,4,18461,0.124,0,1,No
37,91430,546,16,37173,0.375,1,1,No
55,26265,362,17,36537,0.629,2,2,No
25,178879,802,2,48892,0.196,2,3,No
52,100501,535,18,59798,0.146,1,0,No
23,89817,696,14,8459,0.414,0,3,No
55,120948,422,16,68319,0.564,0,0,No
34,188301,569,8,29092,0.572,5,0,No
51,188820,307,29,41879,0.257,5,3,No
51,197345,641,24,9608,0.522,1,3,Yes
37,79784,614,27,25833,0.405,4,0,No
44,174162,635,3,43351,0.49,4,0,No
43,169446,555,8,57191,0.456,3,0,No
38,152247,415,3,83951,0.127,1,3,No
34,71116,688,23,87062,0.264,4,3,No
35,84133,384,2,55128,0.508,2,1,No
35,102338,349,8,21720,0.506,4,0,No
26,192534,463,10,31402,0.123,1,3,No
47,75141,447,10,58940,0.327,2,4,No
35,110600,435,19,11044,0.571,3,1,No
56,166727,517,30,77907,0.525,3,1,No
28,66864,805,28,42926,0.399,2,2,No
35,162482,671,7,6536,0.174,1,1,No
23,126701,533,28,79288,0.245,2,2,No
33,189750,414,1,63700,0.442,1,1,No
61,47970,488,15,86706,0.519,2,4,No
54,84951,716,22,38111,0.418,0,3,Yes
44,174579,496,1,28639,0.287,3,1,No
60,174307,849,20,19668,0.396,5,1,No
52,72683,823,24,22763,0.052,4,2,Yes
52,146144,313,20,32524,0.491,2,3,No
50,103399,544,29,75582,0.556,5,0,No
33,135261,601,19,38613,0.078,3,4,No
21,117874,763,23,37207,0.29,3,0,No
54,165469,732,4,41421,0.559,2,0,No
35,127330,761,8,50420,0.408,4,4,No
64,54655,583,24,95609,0.34,4,2,No
34,90446,833,1,91851,0.102,2,3,Yes
49,68639,667,25,42950,0.492,2,4,No
54,43830,456,8,76247,0.464,0,0,No
38,33014,762,10,7915,0.404,3,2,Yes
27,199133,460,7,89986,0.086,1,3,No
49,93752,473,29,59511,0.436,1,1,No
51,177931,798,25,63964,0.081,5,3,Yes
45,101758,849,6,16344,0.543,4,2,No
58,174980,635,5,94154,0.572,5,3,No
34,184765,325,19,40415,0.369,1,0,No
28,114418,803,26,45442,0.559,2,1,Yes
47,169675,598,14,7005,0.29,5,3,No
22,68702,736,14,67957,0.224,1,3,No
37,174417,310,6,43658,0.34,4,0,No
57,47687,537,27,87598,0.385,4,2,No
34,54581,709,30,56670,0.51,3,1,Yes
45,193465,633,27,31890,0.411,0,1,Yes
50,118733,612,21,64103,0.564,0,1,No
49,33292,300,7,6390,0.611,5,4,No
40,132809,822,16,10405,0.363,5,4,Yes
41,159520,387,18,93881,0.481,2,1,No
42,44628,541,23,47467,0.339,4,4,No
55,170750,431,1,40394,0.594,1,3,No
57,194887,627,8,41527,0.068,3,3,No
36,51477,410,28,8879,0.481,1,1,No
63,78826,588,1,88103,0.348,3,1,No
37,45010,716,12,42731,0.087,4,1,No
36,90146,373,24,85573,0.497,5,4,No
22,83133,407,11,89197,0.286,0,1,No
24,65643,815,22,36445,0.366,1,0,No
41,122100,404,3,50553,0.478,0,3,No
59,145956,681,18,28499,0.201,4,3,Yes
54,181150,376,7,33199,0.223,4,2,No
50,90708,502,25,31829,0.264,1,3,No
26,42270,800,30,15561,0.499,4,3,Yes
37,118644,540,12,18706,0.639,2,1,No
59,106580,671,28,21841,0.268,1,2,Yes
45,162335,504,26,57710,0.416,0,0,No
25,45752,711,29,96013,0.244,2,0,No
25,36621,513,13,49168,0.576,3,1,No
40,67369,740,6,82976,0.611,0,1,No
36,97592,830,25,53644,0.164,2,0,No
61,85267,511,27,50365,0.442,3,0,No
57,111873,352,29,33098,0.594,2,1,No
60,149790,810,0,40083,0.335,5,3,Yes
29,39245,387,10,38669,0.251,0,0,No
25,57676,308,22,61052,0.593,2,2,No
62,138982,382,16,58449,0.205,1,0,No
22,157424,324,16,61918,0.174,2,4,No
29,30243,524,14,84141,0.578,5,2,No
63,84484,796,26,66341,0.43,4,3,No
56,109926,729,20,10284,0.161,4,0,No
42,118730,727,9,5507,0.436,1,1,No
42,74974,493,15,66161,0.576,3,2,No
42,121383,417,4,18371,0.104,4,1,No
54,90702,377,27,83733,0.204,4,4,No
49,177382,451,1,73163,0.413,1,0,No
58,135827,355,6,30251,0.119,3,0,No
53,173511,656,2,55183,0.593,0,2,No
38,157326,558,14,22688,0.406,4,3,No
27,29286,834,26,98603,0.401,4,1,No
21,94543,705,10,84389,0.084,4,1,No
53,39992,414,0,14842,0.303,5,1,No
21,87052,773,22,74819,0.167,5,4,Yes
44,165795,633,15,91828,0.535,0,3,No
24,118640,608,10,39532,0.252,3,3,No
24,90183,630,19,87478,0.292,5,1,No
38,170662,843,19,57913,0.434,5,1,No
47,106174,803,18,20812,0.48,0,0,No
63,70002,387,6,30425,0.524,2,2,No
52,168088,302,17,45927,0.155,0,3,No
53,160816,682,22,7089,0.208,0,3,No
48,135269,823,27,68238,0.105,5,4,Yes
62,124306,447,9,95089,0.564,3,1,No
61,55239,805,7,45963,0.239,1,4,No
56,121001,383,1,98800,0.126,5,4,No
26,168994,697,23,96820,0.237,0,0,No
36,156156,483,6,18086,0.084,4,0,No
54,77147,468,25,42967,0.552,2,3,No
43,136319,407,7,19396,0.222,5,0,No
62,85631,492,18,94260,0.26,2,4,No
44,40373,513,5,63754,0.614,4,0,No
33,30156,659,0,14134,0.164,5,0,No
38,194623,394,22,69002,0.172,5,2,No
33,63463,842,10,23434,0.386,3,4,No
57,135661,455,19,38244,0.633,0,1,No
63,74305,823,3,53899,0.591,3,1,No
59,165725,571,11,33730,0.406,3,4,No
62,48068,462,27,44970,0.537,0,3,Yes
37,190859,479,29,21692,0.343,4,3,No
35,181745,522,8,14615,0.311,5,1,No
38,172227,415,22,32826,0.29,0,2,Yes
43,25570,304,7,23585,0.323,5,3,No
50,131226,365,5,65784,0.474,1,2,No
54,106736,826,17,12585,0.543,3,0,Yes
24,167841,748,18,62586,0.396,3,2,Yes
23,63921,448,19,8514,0.571,3,0,No
27,175147,400,17,51338,0.433,5,2,No
38,114589,566,26,62533,0.532,2,1,No
62,35301,365,0,53529,0.464,4,1,No
27,149798,649,28,10715,0.514,4,0,No
60,80119,419,8,90185,0.061,3,4,No
26,94191,544,12,46725,0.57,2,1,No
42,41347,688,11,34725,0.582,3,0,No
21,146359,586,25,66899,0.555,3,4,No
24,47053,347,29,16430,0.488,0,3,No
63,84056,717,17,71367,0.523,3,3,No
49,83688,650,26,69746,0.159,0,1,No
41,151845,454,20,90688,0.079,3,1,No
46,83450,637,6,25462,0.224,0,1,No
34,151385,560,28,15558,0.315,2,1,No
29,168376,828,10,59599,0.212,0,1,No
32,129816,502,17,46174,0.572,1,3,No
62,56403,739,21,57758,0.629,2,0,No
26,138547,465,9,32467,0.512,4,3,No
40,132078,678,26,27789,0.336,0,3,No
44,127654,737,7,15937,0.137,0,4,No
47,101418,347,13,58187,0.573,0,1,No
58,193496,528,13,69120,0.555,5,3,No
28,84924,321,12,95621,0.147,4,3,No
21,153391,574,6,88608,0.079,5,3,No
44,177250,412,14,74018,0.589,4,3,No
27,173893,844,5,10251,0.543,3,3,Yes
39,25714,388,11,19876,0.611,5,3,No
42,107328,310,10,60016,0.265,2,4,No
55,154196,326,23,65014,0.445,1,2,Yes
50,139312,755,17,41826,0.569,3,0,No
49,97882,330,3,64654,0.255,3,3,No
42,131342,746,30,37159,0.335,2,4,Yes
31,180196,727,3,32967,0.369,0,3,No
40,111951,813,12,39159,0.068,4,1,Yes
49,42511,698,6,44466,0.547,3,2,No
61,79588,831,29,83179,0.616,3,1,No
62,102567,686,22,82725,0.3,2,2,No
54,167287,629,18,61123,0.417,5,2,No
21,167923,437,3,87396,0.375,5,1,No
51,189622,781,0,34339,0.259,5,3,No
50,141867,599,7,39855,0.099,3,2,Yes
38,80958,331,11,10442,0.362,5,4,No
37,157250,756,11,40796,0.196,4,2,No
58,109727,841,19,36524,0.441,5,1,No
34,135756,684,10,83178,0.372,3,4,No
43,56146,631,20,6811,0.404,3,0,No
45,93260,343,20,25926,0.411,1,2,No
35,191375,846,16,15952,0.581,4,3,No
42,110066,723,29,25793,0.138,4,2,No
23,157273,344,16,65656,0.533,1,4,No
39,100547,679,22,51650,0.623,1,4,No
64,80103,796,11,79612,0.483,0,3,Yes
54,168736,437,30,7708,0.133,5,0,No
55,139008,707,27,39090,0.56,2,3,No
21,93624,484,11,86128,0.525,5,2,No
41,66456,788,16,35506,0.568,4,4,No
49,33664,317,28,31839,0.342,4,0,No
26,133384,371,8,76014,0.542,1,1,No
57,131229,470,21,34822,0.142,3,4,No
21,91696,376,12,86770,0.396,0,4,No
21,166786,699,16,96038,0.381,5,1,No
47,29312,820,28,7622,0.588,4,1,Yes
41,131691,500,0,31029,0.568,5,3,No
36,141936,538,20,20805,0.48,1,2,No
64,176917,616,30,66722,0.155,5,1,No
60,60215,822,26,32691,0.534,0,3,Yes
46,112564,619,2,23605,0.419,4,0,No
36,127613,849,7,28100,0.54,3,0,No
48,147184,821,7,94227,0.613,2,0,No
21,197150,827,25,34922,0.32,2,4,Yes
56,61264,776,7,78108,0.497,5,3,No
30,190556,624,5,58210,0.634,3,2,No
63,117995,765,14,36331,0.178,5,1,No
37,111857,341,20,59388,0.558,2,1,No
43,142602,533,4,58439,0.135,4,4,No
27,124976,736,5,31751,0.06,2,3,No
64,198234,579,21,67983,0.558,2,0,Yes
27,113465,503,28,76119,0.626,5,1,No
64,139644,605,25,61534,0.069,5,0,No
35,64794,809,24,83508,0.557,1,0,No
54,54237,595,22,5353,0.47,4,3,No
65,138742,321,5,83999,0.47,4,3,No
24,90294,541,26,7933,0.326,3,4,No
34,156439,693,9,66460,0.3,2,2,No
34,38417,726,22,50708,0.274,0,4,Yes
36,77328,752,18,75961,0.279,4,1,No
27,162845,806,27,14219,0.612,5,1,No
52,170277,512,1,35428,0.539,4,4,No
39,127116,540,25,19205,0.238,0,3,No
22,80443,708,6,56131,0.494,4,1,No
30,72119,344,18,57931,0.444,3,3,No
37,58668,536,12,25116,0.558,5,4,No
57,27770,412,3,46889,0.105,2,4,No
32,62948,806,10,26576,0.47,3,1,No
26,138612,749,17,93984,0.197,2,0,No
42,159678,837,20,97264,0.195,3,2,Yes
52,105214,508,27,16604,0.473,3,3,No
61,144726,589,20,13323,0.587,2,2,No
40,58025,797,10,48327,0.36,1,2,No
21,75373,482,12,38615,0.329,4,4,No
26,39388,699,9,19360,0.539,4,4,No
39,107570,507,25,24879,0.065,5,4,No
38,133814,722,30,42382,0.474,2,3,No
26,55920,689,16,31493,0.084,0,2,No
65,191265,665,30,81460,0.197,1,2,Yes
53,171083,735,3,18828,0.45,4,4,No
43,122883,611,2,41647,0.278,4,0,No
43,187326,638,6,99484,0.227,4,4,No
46,83266,446,15,72674,0.353,4,4,No
33,142847,756,20,74371,0.56,1,1,No
27,36106,710,5,33361,0.306,3,4,No
35,46786,581,17,58224,0.37,2,3,No
64,41944,713,0,85502,0.145,3,2,No
47,98917,396,18,34294,0.317,2,4,No
46,197236,462,9,69985,0.06,0,0,No
53,184787,736,2,38984,0.553,3,2,No
35,121895,495,25,32208,0.174,1,2,No
56,191881,460,22,75310,0.602,5,0,No
65,31844,554,10,59297,0.265,0,1,No
47,74864,369,6,24783,0.552,0,0,No
25,193246,711,25,31413,0.284,4,3,Yes
22,70933,335,30,76957,0.142,4,0,No
53,38144,604,29,46893,0.352,4,1,No
36,32649,769,5,52917,0.206,2,4,No
43,192717,608,13,8023,0.244,4,4,No
58,128955,496,29,99253,0.24,3,2,No
36,37818,780,28,89056,0.258,0,4,Yes
34,61880,635,19,58755,0.349,3,4,No
49,85109,590,7,93336,0.127,2,0,No
46,193405,729,25,51175,0.205,2,2,Yes
55,79058,731,10,98249,0.429,4,2,No
35,181202,833,1,91912,0.503,0,0,Yes
23,182788,809,6,72528,0.196,2,3,Yes
43,56297,804,16,18804,0.207,1,3,No
49,44062,708,23,46177,0.337,0,3,Yes
54,54492,701,29,8504,0.639,2,0,No
53,111861,340,4,51370,0.38,5,4,No
61,166639,683,5,40899,0.538,2,1,Yes
61,61806,590,21,61581,0.601,3,3,No
43,125108,482,16,27952,0.432,5,4,No
27,99457,339,22,12368,0.361,4,3,No
23,94885,524,14,51000,0.509,5,1,No
52,100191,584,2,97697,0.241,1,4,No
51,72674,437,17,66601,0.634,5,3,No
38,105415,634,14,92625,0.335,3,0,No
63,68127,437,22,25457,0.607,4,3,No
27,179574,773,25,71819,0.506,0,2,Yes
61,120029,787,24,54510,0.177,1,0,Yes
21,162312,445,3,56425,0.182,2,0,No
34,132889,708,22,85136,0.26,1,1,No
52,73544,809,20,86988,0.273,5,4,No
26,172712,384,9,23409,0.059,0,1,No
59,57895,308,25,45968,0.563,2,0,No
30,132878,388,10,22959,0.194,1,1,No
27,120387,388,22,92234,0.545,3,4,No
46,36920,518,0,13984,0.34,1,0,No
54,105453,649,26,79034,0.405,2,3,No
50,186715,704,28,90880,0.372,3,1,Yes
56,54227,460,9,87065,0.617,3,0,No
41,48251,342,24,74101,0.301,3,0,No
37,49238,773,21,21826,0.283,0,3,No
53,85044,557,14,86082,0.419,1,2,No
30,183795,458,7,29884,0.279,0,1,No
62,59973,431,8,70326,0.414,4,4,No
32,119292,344,0,43460,0.393,3,3,No
36,164585,620,20,68729,0.515,5,3,No
61,199388,493,11,27072,0.644,5,2,No
52,186297,817,15,51412,0.636,2,3,Yes
35,160451,562,6,94491,0.124,3,1,No
47,131371,734,11,91598,0.321,2,4,No
48,167377,829,11,90960,0.303,5,3,No
37,56722,596,10,89641,0.164,4,0,No
22,102684,800,15,17341,0.496,1,0,No
56,80429,368,7,71112,0.631,4,3,No
27,103437,324,18,30844,0.142,2,4,No
33,198548,812,7,5199,0.213,0,2,Yes
35,176780,482,4,60730,0.563,3,2,No
45,137421,353,16,67836,0.233,5,0,No
43,52621,380,15,37552,0.315,2,1,No
42,186073,459,3,30984,0.494,0,4,No
46,39220,685,17,48672,0.126,4,3,No
53,115230,748,11,41592,0.366,2,2,No
31,90122,563,20,26043,0.116,4,0,No
30,106757,608,3,90840,0.233,3,1,No
45,130385,343,17,58730,0.192,3,2,No
57,92907,500,6,62108,0.488,5,1,No
63,193856,583,1,80481,0.14,0,4,No
58,195142,446,1,36044,0.447,5,1,No
61,64150,739,12,78732,0.395,5,1,No
65,86262,703,3,90486,0.455,0,0,No
44,134756,483,4,5948,0.576,3,1,No
60,52161,846,29,79746,0.37,1,4,No
53,177252,508,25,43127,0.482,3,0,No
37,43825,381,11,59277,0.533,2,1,No
44,117811,562,10,55494,0.467,5,0,No
57,157089,338,28,15138,0.241,4,1,No
22,176957,585,2,80248,0.627,3,3,No
52,126351,322,29,65341,0.086,5,2,No
44,71260,773,10,71974,0.273,2,0,No
29,166332,602,8,11036,0.543,2,2,No
24,62018,505,25,87957,0.26,2,3,No
37,185302,731,21,43095,0.378,4,0,No
37,49769,394,26,54153,0.131,2,2,No
50,130695,774,7,13721,0.564,5,4,Yes
60,191286,675,20,61354,0.609,4,2,No
31,57492,436,7,53077,0.64,0,3,No
41,88767,450,9,9857,0.096,0,3,No
41,87473,501,5,89049,0.169,5,4,No
38,141087,549,22,69338,0.347,3,0,No
49,134015,373,17,91808,0.214,5,2,No
44,113215,621,5,8554,0.436,4,3,No
30,28687,848,20,14701,0.557,0,3,No
65,98400,465,11,84307,0.126,2,3,No
37,96663,300,15,23229,0.052,0,0,No
38,120009,637,23,98711,0.646,1,2,No
62,74704,590,20,8475,0.32,2,1,Yes
40,145231,370,15,39948,0.091,4,0,No
57,169906,407,22,61636,0.403,1,1,No
65,164993,789,3,76582,0.502,0,3,No
38,142248,480,17,73375,0.531,4,2,No
37,184645,324,28,71794,0.392,0,4,No
29,62876,450,26,52231,0.458,2,2,No
34,29266,564,12,53190,0.336,0,4,No
49,62713,502,2,21727,0.422,5,2,No
51,165057,774,26,96260,0.621,0,2,No
24,47068,519,25,8694,0.643,4,1,No
38,115236,381,11,50851,0.427,3,4,No
40,164438,463,19,16643,0.4,2,4,No
63,94384,568,18,73218,0.257,0,4,No
64,55472,482,22,19084,0.245,4,2,No
29,159528,479,27,83540,0.605,2,1,No
33,168103,771,4,42902,0.449,3,1,No
35,110675,410,18,83952,0.325,1,2,No
47,176098,344,18,37304,0.45,2,0,No
35,65887,849,24,12939,0.123,5,3,Yes
48,184849,831,28,76181,0.616,1,2,No
57,199002,730,11,83042,0.363,1,0,Yes
39,157732,657,27,43281,0.25,5,4,No
46,52151,358,24,81374,0.058,5,2,No
46,49613,523,4,77036,0.456,2,3,No
45,90266,488,1,40115,0.632,5,1,No
46,134020,358,25,31444,0.385,4,3,No
46,79738,307,15,70699,0.25,3,3,No
48,55702,783,30,67335,0.301,1,1,No
38,149188,705,20,72002,0.391,4,2,No
52,102263,771,3,42535,0.463,5,3,No
23,145813,320,21,10484,0.16,0,3,No
22,155311,683,14,17260,0.611,3,1,No
53,137225,711,9,45000,0.299,5,2,Yes
62,122925,604,21,86599,0.425,2,2,No
39,153428,609,5,96651,0.597,2,4,No
37,86804,530,6,30809,0.397,5,1,No
64,117340,535,1,76756,0.46,5,0,No
53,38021,345,3,69216,0.43,0,2,No
32,142611,521,14,28374,0.199,3,0,No
23,69001,455,12,40496,0.628,1,4,No
63,175164,394,8,21680,0.333,0,3,No
46,184987,382,4,73617,0.109,3,3,No
55,151832,544,16,56316,0.649,2,2,No
28,131726,309,5,72459,0.44,1,1,No
56,40739,388,13,89164,0.415,5,4,No
27,98012,625,4,51763,0.6,2,4,No
56,38699,585,30,64578,0.375,5,0,No
36,158876,514,1,71213,0.266,1,0,No
44,63343,371,13,65645,0.155,3,4,No
21,167847,507,18,83103,0.536,0,4,No
45,133985,438,18,82463,0.249,1,3,No
30,88012,678,27,67695,0.36,3,4,No
36,72686,701,22,69339,0.355,0,3,No
36,89236,822,12,57339,0.494,5,0,No
28,155025,639,20,78130,0.461,2,4,No
49,143222,475,30,45522,0.304,4,2,No
59,56586,656,11,27394,0.306,3,1,No
48,82009,677,27,26078,0.212,0,3,Yes
26,25607,615,24,71132,0.255,3,4,No
36,62386,374,0,14315,0.477,3,1,No
40,104625,398,2,28166,0.387,4,0,No
36,138872,564,9,84756,0.081,4,2,No
27,193097,382,7,90535,0.355,4,4,No
61,139235,527,12,99985,0.623,4,4,No
34,145300,430,30,52716,0.116,5,0,No
63,88492,309,18,31490,0.113,5,0,No
46,166295,844,2,61752,0.451,2,3,No
46,47943,543,23,97454,0.625,4,4,No
34,112051,525,25,66934,0.066,4,4,No
27,120155,527,2,43066,0.257,0,2,No
53,91287,544,26,84503,0.09,1,3,Yes
46,136541,743,17,53443,0.209,0,2,No
65,130849,760,2,98923,0.383,2,3,No
40,95880,681,28,65095,0.315,2,4,No
23,190045,491,11,64715,0.268,4,3,No
24,192727,821,1,86509,0.176,4,4,Yes
46,99158,457,29,71157,0.422,3,1,No
31,147207,555,7,53281,0.395,3,1,No
22,127987,846,30,19540,0.448,0,3,Yes
34,85461,805,27,36725,0.526,0,0,No
64,43658,466,20,60366,0.488,2,1,No
50,147211,321,13,21535,0.624,3,4,No
32,61133,366,18,99402,0.152,5,3,No
46,150275,316,10,50873,0.621,3,4,No
64,45620,554,15,34173,0.153,4,1,No
53,193139,487,13,23447,0.556,1,1,No
33,185747,627,7,9318,0.523,2,4,No
34,25860,679,29,93269,0.45,3,0,No
44,140532,645,23,28217,0.474,3,3,Yes
54,52618,539,26,23803,0.465,1,2,Yes
64,52916,772,19,58231,0.368,4,2,No
46,107056,606,13,98784,0.07,0,4,No
41,112667,475,24,78078,0.398,0,1,No
48,47878,612,11,59386,0.283,4,2,No
56,101960,843,16,65409,0.213,5,4,No
60,63554,634,22,11529,0.344,4,3,No
22,182868,678,11,38338,0.559,1,3,Yes
62,165417,839,20,20308,0.397,1,3,Yes
29,148858,632,11,32838,0.629,4,0,No
43,148448,439,11,90969,0.302,2,3,No
35,47584,584,6,73925,0.151,2,1,No
33,36598,642,9,60425,0.239,2,3,No
43,174517,568,29,86670,0.137,2,0,No
37,68813,485,15,5373,0.461,1,4,No
22,159802,409,26,27732,0.146,3,2,No
40,36684,334,23,62991,0.361,5,0,No
40,129426,521,2,14101,0.604,4,4,No
23,190635,813,29,31966,0.31,3,2,Yes
32,166113,398,2,22440,0.292,0,3,No
60,98723,309,0,13439,0.172,0,4,No
22,86320,508,4,23186,0.502,2,2,No
56,128144,337,7,43752,0.233,5,3,No
34,57624,393,16,98969,0.644,2,1,No
36,28726,532,15,54755,0.15,1,1,No
39,157915,462,15,51568,0.051,3,2,No
54,79929,541,17,59105,0.374,0,1,No
64,38754,397,17,82164,0.091,2,1,No
26,184925,682,13,10193,0.272,3,3,No
33,120324,588,30,49713,0.321,5,3,No
56,29567,440,11,32423,0.199,5,4,No
42,87118,502,9,33195,0.637,1,1,No
38,57150,787,1,48913,0.257,2,2,No
32,122364,703,20,57436,0.137,2,1,No
50,162534,716,25,45502,0.072,3,0,Yes
60,52560,605,22,73081,0.236,2,4,No
27,109568,436,27,45390,0.543,5,0,No
52,138246,429,2,22853,0.198,2,3,No
39,159443,415,0,30752,0.409,3,3,No
26,110349,437,8,49488,0.643,1,1,No
40,149460,714,30,17770,0.256,1,2,Yes
47,27932,460,24,38003,0.42,4,1,No
63,177542,547,3,82275,0.41,0,0,Yes
57,34778,433,20,14805,0.407,3,3,No
27,48033,825,15,34020,0.622,2,0,Yes
25,166376,570,3,34824,0.522,2,2,No
31,152441,524,30,65877,0.055,2,1,No
35,170479,420,23,61309,0.067,0,0,Yes
23,27521,762,16,46747,0.074,0,1,Yes
25,151631,539,14,23223,0.269,1,0,No
43,109622,320,3,8555,0.314,3,4,No
57,142257,747,3,25712,0.534,5,4,No
29,139647,628,11,15311,0.432,1,4,No
35,156855,747,2,57517,0.65,0,1,No
23,67666,554,19,48177,0.526,3,0,No
49,172870,461,22,49375,0.574,3,2,No
26,101303,602,4,37774,0.159,1,3,No
37,26103,487,18,80754,0.435,4,3,No
46,95845,329,29,49749,0.139,4,2,No
41,190011,735,5,50000,0.455,0,3,No
28,99170,614,27,79771,0.536,4,4,No
41,37135,687,25,37691,0.23,4,0,No
31,144433,779,8,98721,0.15,2,1,No
58,122580,434,2,51168,0.192,4,3,No
28,111481,337,1,79227,0.537,2,2,No
62,64404,587,30,47039,0.378,4,1,No
44,27589,368,24,97614,0.372,3,0,No
55,34695,366,20,63429,0.396,4,1,No
34,30722,491,9,65656,0.345,2,1,No
34,74874,419,4,22791,0.568,5,0,No
30,156913,700,28,8517,0.354,4,4,No
32,174803,699,6,19099,0.408,4,0,No
58,150101,822,14,23925,0.638,5,1,No
64,25645,313,1,54607,0.323,0,2,No
54,57116,845,9,80290,0.162,3,0,No
61,65983,768,10,53004,0.388,0,0,No
30,54402,453,20,39142,0.473,0,4,No
37,74158,469,23,45365,0.125,4,3,No
37,61469,685,7,14779,0.147,2,2,No
23,85576,605,25,78090,0.065,5,2,No
51,38908,617,22,84161,0.497,3,3,No
21,85269,653,20,71905,0.171,5,1,No
32,67231,510,11,21336,0.591,3,2,No
59,70221,754,3,48518,0.359,5,3,No
24,168787,491,27,26242,0.623,0,1,No
62,63398,634,28,11621,0.28,4,4,No
33,87372,366,12,36446,0.623,4,0,No
54,60324,411,17,53113,0.637,2,2,No
62,175410,406,17,38911,0.128,2,3,No
41,163459,325,26,48210,0.125,3,1,No
42,182247,365,30,38725,0.304,3,3,No
24,55795,713,2,22192,0.298,2,0,No
38,152799,799,2,80040,0.44,2,0,No
25,155920,300,6,18027,0.118,4,0,No
39,193501,758,21,13229,0.504,1,1,Yes
22,88105,668,16,65561,0.185,5,3,No
32,28801,441,27,73021,0.14,2,3,No
37,163485,313,28,30648,0.527,4,4,No
30,135375,767,5,73924,0.098,5,2,No
54,42665,830,15,71063,0.477,5,1,Yes
26,121636,709,27,68701,0.117,3,4,No
28,134391,449,4,63910,0.494,2,0,No
31,33187,632,21,85990,0.524,3,1,No
32,89989,373,23,14715,0.401,0,3,No
29,50784,737,16,68089,0.261,5,3,No
22,74454,682,28,32620,0.192,0,3,No
28,169877,650,10,57897,0.535,1,2,No
31,66715,565,21,85599,0.114,3,4,No
56,78411,704,11,9233,0.635,5,2,No
30,145451,722,11,85952,0.517,4,0,No
41,67186,378,3,79652,0.464,0,2,No
40,98111,608,8,15405,0.643,4,2,No
28,132729,332,13,93268,0.463,4,1,No
56,53093,727,11,29164,0.112,0,4,No
49,99625,634,9,73582,0.244,4,4,No
62,47474,754,7,85645,0.401,4,2,No
32,33154,711,22,52837,0.395,5,3,No
34,178136,769,2,34414,0.056,3,0,No
41,185470,814,26,25208,0.206,4,3,Yes
42,126666,420,12,78603,0.492,2,3,No
41,199941,449,15,76596,0.446,2,2,No
64,34646,452,24,60259,0.589,4,4,No
50,84671,555,12,37767,0.626,2,1,No
59,141700,362,12,66129,0.572,0,3,No
40,50391,592,18,72637,0.382,3,2,No
44,184894,367,21,7273,0.376,4,2,No
43,139059,524,29,35781,0.272,3,1,No
27,62872,753,17,35087,0.589,1,1,No
29,100048,589,7,51481,0.548,1,4,No
21,185412,546,0,37456,0.517,0,3,No
46,106605,615,16,69277,0.517,1,4,No
58,139610,591,23,69145,0.559,1,4,Yes
58,139559,779,8,20012,0.601,1,0,No
64,160574,513,9,53494,0.543,3,2,No
42,122772,817,8,32808,0.539,3,1,No
64,73020,492,11,10039,0.446,1,2,No
30,114543,733,23,97207,0.325,3,2,Yes
26,45971,373,9,66825,0.381,1,4,No
37,31037,373,28,21632,0.371,4,2,No
58,132596,562,7,13217,0.545,3,2,No
44,183433,385,3,32792,0.21,1,1,No
30,39466,357,23,43147,0.268,1,2,No
28,34627,716,13,48016,0.384,3,3,No
41,177665,580,28,89467,0.641,3,0,No
26,76697,507,6,67729,0.344,4,0,No
41,48149,442,24,68728,0.126,2,3,No
59,41737,712,9,51896,0.454,1,0,No
44,92854,351,29,29103,0.42,1,2,No
53,50314,316,23,31800,0.558,0,1,No
38,60287,718,27,49501,0.563,0,4,No
48,186523,723,9,86384,0.205,0,2,Yes
52,95963,500,14,75021,0.077,3,4,No
32,193443,717,14,60245,0.521,2,2,Yes
62,180702,741,1,78268,0.441,1,2,No
47,58667,801,23,93592,0.135,0,2,No
30,117214,381,29,5576,0.641,1,1,No
62,50099,379,15,35667,0.606,2,1,No
52,122170,488,23,77258,0.484,3,1,No
62,102604,779,9,54324,0.082,5,2,No
46,107635,455,28,85099,0.178,1,2,No
45,194170,459,25,41951,0.245,1,3,No
31,183945,343,24,93815,0.084,3,3,No
43,179630,461,14,92757,0.546,3,4,No
54,55518,809,27,31660,0.096,5,1,Yes
60,77763,812,18,31906,0.173,3,0,No
43,84172,507,23,33110,0.241,4,4,No
49,159822,396,23,73715,0.249,2,4,No
51,167953,320,9,92109,0.209,1,0,No
27,175678,654,19,72250,0.637,1,0,No
60,41819,804,14,30709,0.626,4,1,No
53,117013,703,20,86357,0.422,4,2,No
41,184827,522,28,31790,0.125,0,4,No
22,50811,699,1,54528,0.474,4,0,No
38,62697,761,13,98545,0.635,2,1,No
53,86196,331,14,73637,0.649,0,4,No
57,138100,788,21,77238,0.42,4,2,No
54,174416,587,9,42550,0.163,5,4,No
40,45656,736,29,51129,0.549,1,0,No
55,182454,679,8,80550,0.424,1,0,No
38,187103,736,18,99408,0.321,4,3,No
44,85574,429,5,30851,0.14,2,1,No
28,82529,740,7,57015,0.194,0,1,No
50,157566,792,1,32329,0.397,2,2,No
64,174435,544,25,7094,0.206,0,4,No
30,177884,351,0,21556,0.337,0,2,No
43,176509,529,12,20488,0.479,5,0,No
31,131741,764,5,15433,0.642,4,4,No
22,121060,485,2,94583,0.076,1,3,No
46,32160,461,28,32254,0.528,2,3,No
56,197415,498,1,14691,0.127,2,4,Yes
53,48593,700,26,17822,0.616,2,1,No
33,156356,771,9,5915,0.512,4,2,No
60,193923,755,30,81192,0.289,3,3,Yes
45,45378,844,7,21221,0.358,1,3,No
24,164563,712,8,10349,0.456,0,4,No
62,90500,830,6,50656,0.387,5,3,No
39,91436,420,24,64439,0.638,0,0,No
38,26459,368,28,66839,0.649,4,4,No
57,169752,592,27,33261,0.084,3,0,Yes
50,44305,709,30,68485,0.487,1,4,No
39,191373,579,12,54146,0.498,5,0,No
43,188764,832,6,74766,0.524,3,2,No
36,195419,718,18,65336,0.6,1,2,Yes
21,173261,327,0,41355,0.406,5,4,No
32,163667,695,12,81556,0.203,2,2,Yes
44,89370,727,16,80615,0.453,4,2,No
54,26921,443,11,41266,0.244,3,3,No
28,128276,392,20,43795,0.256,0,4,No
38,27387,334,24,56063,0.418,2,3,No
25,101266,769,25,93013,0.223,1,0,No
46,105366,825,13,96220,0.467,4,3,No
50,29825,614,15,55464,0.562,2,3,No
33,30282,783,11,13514,0.641,5,3,No
39,169941,675,21,93782,0.151,2,4,No
49,40451,787,15,51598,0.323,2,1,No
23,173977,795,1,94898,0.494,2,3,No
46,158770,675,21,45623,0.396,4,1,No
60,176068,790,26,28257,0.089,5,1,Yes
32,172964,598,19,9761,0.259,4,1,No
22,73068,652,24,80194,0.526,3,3,No
31,96726,653,25,26107,0.346,4,0,No
64,103702,780,18,26175,0.467,4,0,No
48,140962,703,6,59636,0.434,5,3,No
38,185761,693,25,80841,0.616,5,4,No
33,56604,702,11,57327,0.565,0,2,No
57,139751,790,13,70166,0.256,5,4,No
42,94457,823,23,64102,0.349,5,0,No
32,119527,693,17,88361,0.336,0,0,No
22,173315,403,25,30739,0.217,1,1,No
57,68787,310,6,57357,0.423,3,3,No
27,190387,524,4,64002,0.206,3,3,No
46,57035,616,0,57711,0.146,1,1,No
46,59844,721,6,62567,0.116,0,0,No
44,41820,572,15,86545,0.222,4,0,No
32,71676,353,25,59140,0.334,5,2,No
36,74914,472,23,96544,0.119,3,4,No
43,156807,546,28,65124,0.455,5,4,No
60,97750,458,15,6967,0.572,1,3,No
29,48968,405,29,75998,0.306,4,0,No
52,69624,594,16,24430,0.574,3,0,No
35,127398,575,3,88383,0.141,4,1,No
57,80746,342,15,22211,0.097,0,4,No
33,95264,493,3,20238,0.538,1,1,No
25,149458,610,4,33784,0.635,0,1,No
31,61497,402,4,72451,0.254,0,2,No
30,163313,549,19,41365,0.444,0,4,No
33,42057,695,10,6892,0.443,2,0,No
61,74700,595,13,23561,0.461,0,1,No
35,39432,537,16,62022,0.393,5,4,No
62,86488,588,8,40620,0.204,4,0,No
27,124199,836,20,83660,0.098,5,4,Yes
60,43953,555,29,23709,0.058,0,2,No
48,140864,820,16,20173,0.158,5,4,Yes
52,54347,418,18,83636,0.122,2,4,No
55,46249,418,0,82809,0.073,1,2,No
35,138346,390,12,23180,0.104,5,1,No
56,108442,471,22,31158,0.079,3,1,Yes
41,130781,415,25,80606,0.379,1,3,No
26,158874,833,9,84425,0.084,5,3,No
21,126426,648,28,53788,0.648,1,3,No
24,136086,775,9,16640,0.351,1,1,No
31,43033,744,6,62596,0.591,0,0,No
64,60088,407,5,47753,0.343,3,1,No
46,134001,421,24,98457,0.132,4,3,No
57,42527,521,6,54965,0.554,1,3,No
43,168036,758,4,15948,0.193,5,0,Yes
49,66005,797,6,65168,0.074,0,0,No
41,29406,669,14,99861,0.165,5,2,No
65,119538,420,28,12747,0.41,2,4,No
65,159191,500,28,56904,0.311,1,4,No
47,83935,460,9,30895,0.147,5,1,No
59,83327,517,19,19997,0.37,2,1,No
60,84094,699,25,68502,0.622,0,2,No
33,126815,684,12,16160,0.486,2,3,No
43,127132,363,8,47815,0.092,1,0,No
36,107485,511,5,43110,0.242,1,1,No
50,163723,368,19,65841,0.465,2,2,No
24,182968,423,20,92254,0.134,3,3,No
60,122196,676,23,13848,0.373,1,1,No
36,132396,595,6,77061,0.378,5,0,No
51,35370,657,5,9769,0.103,3,2,No
62,69552,824,15,66486,0.414,3,2,No
45,126075,367,1,9777,0.59,1,2,No
64,162849,569,14,50559,0.441,3,0,No
32,156185,432,2,8037,0.599,2,2,No
46,156603,361,12,5578,0.418,0,0,No
57,165786,460,16,11373,0.501,4,3,No
53,159482,325,18,89499,0.586,1,0,No
48,99772,585,10,59716,0.328,1,1,No
29,145527,745,1,17438,0.145,1,0,Yes
32,49608,548,9,28062,0.122,3,2,No
25,33324,390,29,74524,0.622,1,3,No
48,101695,335,11,15233,0.378,2,2,No
55,190566,306,12,8635,0.46,0,3,No
25,79222,805,5,14416,0.417,4,0,No
54,197057,620,3,95022,0.389,3,2,No
54,122643,501,11,29085,0.386,0,0,No
33,191488,843,26,5210,0.334,1,4,Yes
59,70600,555,25,13772,0.581,1,2,No
62,34453,460,14,75097,0.123,1,1,No
65,125369,329,18,34316,0.48,1,1,No
34,183993,756,7,45380,0.458,4,2,No
31,91469,561,4,33902,0.087,0,4,No
62,121544,309,3,59777,0.18,3,2,No
58,50392,658,27,78981,0.523,4,4,No
24,188249,575,12,48737,0.19,3,4,No
53,83081,423,5,96343,0.397,0,2,No
27,113387,567,19,10755,0.1,1,2,No
61,167178,577,15,11666,0.184,0,0,Yes
28,77754,375,9,72395,0.585,1,1,No
57,31878,825,25,65272,0.267,2,1,No
30,25792,475,27,29456,0.534,4,2,No
63,36367,335,4,15290,0.337,4,0,No
35,63731,569,14,84291,0.243,2,3,No
58,34547,301,10,27073,0.39,2,0,No
35,124689,555,19,93139,0.37,3,0,No
25,53568,813,8,92806,0.641,3,1,No
49,87907,662,17,52152,0.257,3,0,No
39,75212,406,0,49940,0.442,3,0,No
30,198403,433,22,85020,0.464,1,4,No
32,89379,708,8,18034,0.426,0,4,No
24,160210,750,8,61553,0.338,5,3,No
51,140837,834,14,16162,0.52,5,0,No
38,167466,650,3,13004,0.511,4,2,No
36,114412,327,3,78808,0.625,1,0,No
60,195167,836,0,93374,0.636,5,4,Yes
56,159425,364,27,81815,0.179,3,1,No
45,90064,493,0,60271,0.443,0,3,No
43,80121,506,0,20702,0.564,0,3,No
32,40205,598,21,33819,0.627,2,1,No
54,160700,339,26,46343,0.136,1,0,No
56,77600,763,5,69304,0.619,1,3,No
57,120526,322,30,26864,0.185,4,0,No
23,63095,427,10,24956,0.393,3,2,No
29,118159,562,15,19557,0.443,3,1,No
38,150590,334,26,50629,0.578,3,0,No
63,83844,786,4,56575,0.532,5,2,No
55,46433,400,9,11264,0.611,1,4,No
54,117060,381,27,27206,0.522,5,2,No
61,168165,616,15,17447,0.253,5,2,No
34,41684,629,10,29018,0.157,5,3,No
24,146485,495,25,94086,0.143,1,0,No
49,76305,713,17,53087,0.103,5,2,No
61,170979,808,21,20556,0.609,0,0,Yes
65,79057,780,27,76898,0.342,5,3,No
35,168993,367,13,6468,0.629,3,3,No
48,110938,692,12,56769,0.515,3,2,No
62,93618,572,0,95867,0.622,2,1,No
36,97610,598,2,15489,0.571,0,4,No
32,54330,440,14,78240,0.4,3,4,No
25,173695,484,28,81155,0.185,4,0,No
54,156531,488,30,7877,0.202,3,2,Yes
62,151908,318,11,40866,0.273,1,0,No
21,147670,380,4,92859,0.065,3,1,No
59,90037,797,15,64178,0.45,4,0,No
52,142314,841,13,56739,0.383,2,4,No
46,93337,517,9,68252,0.111,1,3,No
37,53831,824,4,54313,0.545,0,2,No
47,172919,637,26,36828,0.544,3,3,No
44,25997,420,6,42658,0.121,2,1,No
55,178097,768,20,8854,0.172,2,4,Yes
62,122915,671,15,78607,0.2,4,3,No
59,89784,781,28,60352,0.365,1,1,No
46,162456,478,25,89280,0.617,5,0,No
58,103759,410,14,85215,0.449,5,3,No
43,73067,308,5,34567,0.459,1,0,No
42,36198,521,28,68889,0.225,3,2,No
24,190518,407,6,96633,0.424,1,0,No
29,34382,636,17,11126,0.177,1,2,No
24,49120,503,18,81073,0.477,3,0,No
27,191537,826,18,88028,0.191,2,3,Yes
43,51950,752,16,70227,0.058,2,1,No
22,150456,494,13,20248,0.364,0,0,No
44,120504,560,8,40755,0.229,3,0,No
60,93462,308,15,32936,0.427,3,0,No
51,40735,515,9,42770,0.498,0,3,No
51,170295,412,24,99375,0.538,0,1,No
60,130846,639,8,72579,0.639,5,1,No
63,127733,346,11,19500,0.383,1,4,No
54,171434,788,8,66927,0.339,5,3,No
44,137235,621,15,27090,0.197,3,3,Yes
46,64986,397,29,38307,0.498,4,4,No
36,48409,744,15,6693,0.34,3,4,No
33,141909,392,23,29178,0.246,5,1,No
35,104987,551,20,12082,0.309,1,0,No
47,30814,462,26,20071,0.272,3,4,No
24,178960,457,24,16354,0.637,1,0,No
36,47169,437,22,12420,0.186,3,3,No
50,110918,683,1,34447,0.299,1,3,No
64,171834,611,6,57000,0.234,0,0,No
50,171649,589,19,77676,0.153,1,0,No
56,45931,364,6,45502,0.23,2,3,No
23,100506,497,6,79553,0.344,3,0,No
42,195350,827,27,92572,0.429,3,4,Yes
42,134865,836,18,97590,0.42,3,2,No
32,118207,549,2,89274,0.514,0,2,No
41,162130,838,25,32036,0.093,5,1,No
24,94051,416,9,96459,0.239,2,0,No
51,93866,785,5,18892,0.262,5,4,No
64,147179,662,29,50202,0.465,5,0,Yes
51,124978,325,1,74226,0.175,0,1,No
43,199897,792,27,62157,0.179,4,4,Yes
40,99514,656,23,54693,0.107,4,3,No
35,107475,711,23,6051,0.37,1,3,Yes
43,171336,775,19,28308,0.486,4,2,No
48,51615,713,17,64118,0.469,1,4,No
36,188237,421,8,54218,0.496,0,3,No
57,137898,760,14,16839,0.152,0,0,Yes
41,147480,728,13,50625,0.402,1,4,No
35,198794,542,8,42372,0.106,4,3,No
37,190952,702,1,43322,0.63,1,1,No
57,106059,551,9,90317,0.113,3,2,No
33,26701,374,3,45704,0.577,2,0,No
39,84430,411,0,94990,0.073,0,0,No
50,126016,659,21,47199,0.369,0,4,No
65,80615,467,10,78599,0.562,1,4,No
38,117519,549,15,93579,0.431,0,0,No
34,64237,512,10,49303,0.346,1,3,No
56,59378,742,12,45646,0.126,4,1,No
56,176808,345,13,42233,0.446,1,4,No
40,162415,317,26,47520,0.411,0,2,No
39,40797,649,0,86806,0.325,1,1,No
65,78857,519,27,62736,0.191,1,1,Yes
64,132623,697,22,10898,0.182,3,2,No
27,112411,397,24,59324,0.632,4,4,No
64,197936,304,8,9646,0.629,3,0,No
24,197195,458,26,25438,0.612,2,0,No
54,92561,386,17,38410,0.36,1,1,No
22,155596,419,28,20243,0.643,5,1,No
25,156177,742,10,95626,0.228,2,1,No
30,119906,471,23,98510,0.306,1,1,No
52,111379,534,26,36766,0.155,5,2,No
62,44476,777,2,63830,0.328,1,4,No
61,198184,420,20,41054,0.161,2,0,No
33,73610,796,3,90881,0.09,0,0,No
59,118979,721,21,10160,0.056,0,2,Yes
25,66706,434,10,35064,0.277,5,3,No
30,129375,614,27,94524,0.589,0,0,No
30,90032,368,27,19909,0.312,1,2,No
58,197992,497,6,10596,0.437,0,1,Yes
47,175947,310,8,30938,0.541,1,0,No
41,93833,429,25,27909,0.382,0,3,No
28,90744,409,4,85279,0.388,3,2,No
21,175772,326,1,7006,0.364,0,2,Yes
48,112327,699,11,33680,0.125,3,0,No
59,157963,619,3,7046,0.431,1,1,Yes
34,72594,493,12,94959,0.484,4,4,No
41,126810,645,1,23151,0.05,1,0,Yes
50,89190,315,14,59725,0.1,4,0,No
41,158111,372,0,23702,0.375,4,3,No
29,44673,500,17,76941,0.553,3,4,No
37,67412,463,26,83196,0.37,4,1,No
25,144449,306,22,95606,0.311,0,2,No
51,184508,360,1,20733,0.612,2,2,No
60,164258,651,3,78687,0.096,1,2,No
58,88708,784,20,97918,0.133,1,0,No
63,25434,750,18,88165,0.461,3,3,No
39,166591,713,19,13914,0.115,2,4,Yes
56,43030,330,9,64961,0.131,4,4,No
53,101891,390,12,31971,0.573,5,0,No
33,104864,817,18,66462,0.176,0,1,Yes
34,30258,745,7,82811,0.423,0,1,No
53,97726,584,9,27554,0.288,5,4,No
49,141128,692,7,80257,0.132,3,4,No
63,146563,438,18,5586,0.282,1,0,No
56,83277,629,8,13061,0.3,0,4,No
64,70238,432,8,57238,0.427,0,3,No
30,35747,625,22,85285,0.142,4,1,No
51,186989,829,12,87309,0.072,2,3,Yes
26,55377,320,0,61088,0.414,2,0,No
21,149026,778,11,47998,0.089,5,2,No
27,69956,757,9,25510,0.142,2,0,No
47,131017,817,26,82635,0.639,2,0,Yes
41,123684,835,18,79607,0.064,4,2,No
48,48557,524,7,17045,0.435,2,4,No
36,114463,629,21,49055,0.133,0,2,Yes
43,58292,667,24,79820,0.543,2,4,No
40,44491,441,10,98849,0.399,0,1,No
58,91629,498,10,26499,0.333,4,3,No
45,43123,335,25,27313,0.326,3,1,No
48,89618,765,15,16823,0.453,3,1,No
25,49288,737,28,58042,0.553,1,1,No
41,133850,490,29,74058,0.054,3,1,No
38,114947,396,10,27131,0.062,5,1,No
26,128220,803,24,8473,0.213,1,2,Yes
49,70091,666,0,77789,0.493,0,1,No
39,155180,449,5,8570,0.166,2,1,No
53,142622,342,12,29603,0.294,0,0,No
21,140730,596,26,28553,0.355,0,0,No
65,107386,618,10,14664,0.274,0,0,No
23,191784,517,2,24235,0.329,3,1,No
62,111214,787,20,16768,0.529,0,1,No
41,171977,445,0,78789,0.188,5,2,No
55,26591,627,26,11171,0.246,3,1,No
61,85159,558,13,85867,0.366,0,4,No
60,169594,418,10,44199,0.569,4,0,No
23,155656,441,13,96321,0.173,3,3,No
45,106689,589,22,30157,0.365,1,0,No
65,159644,524,21,15053,0.575,2,2,No
58,83537,528,27,72451,0.118,2,2,No
65,58061,556,9,62813,0.483,1,1,No
40,116033,544,20,78374,0.184,3,4,No
64,86907,475,1,55194,0.154,3,1,No
65,41151,654,23,82511,0.192,4,0,No
54,117526,821,4,43919,0.352,5,3,Yes
41,121571,438,14,19590,0.412,5,1,No
43,70813,418,17,40135,0.167,0,2,No
26,182189,558,15,68692,0.117,4,3,No
33,138417,491,19,18949,0.322,5,1,No
43,181555,429,25,37635,0.084,2,3,No
29,174949,457,23,27388,0.373,1,2,No
37,28088,560,30,14394,0.46,4,2,No
22,179251,689,23,84366,0.617,2,1,No
39,72954,823,2,40324,0.136,1,1,Yes
39,47011,431,25,95183,0.31,4,1,No
27,37839,707,23,50786,0.204,0,1,No
62,88561,452,25,83570,0.181,3,0,No
62,48625,581,8,22666,0.362,5,4,No
40,174553,345,28,10892,0.136,3,1,Yes
29,122289,598,17,37699,0.059,0,2,No
37,44558,320,21,55670,0.147,1,1,No
47,107307,464,26,12240,0.251,2,0,No
22,56104,567,18,8141,0.057,5,0,No
56,69420,400,4,59407,0.564,2,2,No
39,29061,672,3,14113,0.4,4,2,No
37,189313,332,28,57399,0.066,4,3,No
25,87055,535,7,33755,0.187,1,1,No
59,95593,497,30,5281,0.449,5,0,No
38,161361,806,6,31997,0.068,2,3,Yes
27,90180,631,22,56183,0.276,3,1,No
37,27221,744,10,58006,0.108,5,2,No
59,67942,785,11,29330,0.285,0,4,No
56,46635,419,11,91623,0.631,0,4,No
60,76072,457,15,99943,0.323,2,3,No
65,32075,336,15,59785,0.418,2,4,No
24,178450,443,30,63902,0.295,5,3,No
58,60084,327,14,62948,0.239,0,0,No
45,104217,543,0,69006,0.416,5,2,No
25,138257,565,14,99653,0.422,4,4,No
50,152748,350,21,56229,0.419,4,2,No
32,56584,408,17,89559,0.066,3,0,No
24,56245,697,23,90196,0.468,2,0,No
44,29983,634,5,17195,0.456,3,0,No
49,55897,433,29,34077,0.092,3,1,No
29,196674,379,8,25324,0.164,4,2,No
24,110538,637,25,49605,0.362,1,0,No
44,101034,731,16,66007,0.266,2,0,No
34,74411,780,23,52346,0.396,2,1,No
25,103466,588,11,97715,0.506,2,2,No
38,128482,401,1,48016,0.379,3,3,No
62,194198,630,15,45536,0.325,1,1,No
39,117288,675,22,15261,0.208,1,2,Yes
32,80610,530,14,63024,0.419,0,4,No
38,48925,750,26,46993,0.546,1,0,No
37,192348,620,11,82410,0.207,4,1,No
50,179761,723,14,90591,0.523,5,3,No
44,88942,324,12,95289,0.301,1,1,No
31,40238,715,11,37663,0.117,0,2,No
55,85424,601,18,54899,0.596,4,2,No
43,180879,399,15,90422,0.459,5,1,No
37,36204,687,6,90705,0.555,0,1,No
21,128820,418,16,45037,0.443,2,0,No
35,63567,630,9,57115,0.124,1,4,No
52,191769,658,8,46587,0.375,3,3,No
29,137189,425,5,91731,0.43,2,3,No
35,157602,588,22,87107,0.207,0,0,Yes
48,49297,739,8,45470,0.429,1,2,No
44,99838,640,25,61086,0.39,2,3,No
55,73906,503,0,12752,0.063,0,0,No
42,65295,478,15,38597,0.58,4,4,No
47,77464,645,13,75787,0.37,4,2,No
39,32223,404,30,23140,0.401,2,1,No
65,169493,612,7,56164,0.141,3,4,No
32,118232,385,26,81088,0.532,2,3,No
40,170138,740,14,90315,0.369,3,0,No
21,46576,779,15,27849,0.103,2,1,No
41,107121,627,13,20869,0.471,5,3,No
65,158212,550,15,66126,0.343,3,3,No
21,84016,781,6,57536,0.251,5,1,No
30,132552,303,28,45879,0.603,4,0,No
52,126975,483,17,20785,0.543,5,2,No
59,197450,599,16,52086,0.076,0,3,No
42,163442,827,25,69225,0.469,0,4,Yes
38,148505,455,29,75069,0.153,0,3,No
52,37022,733,0,37206,0.06,4,3,No
47,84222,656,10,12018,0.181,2,3,Yes
48,43328,827,19,63953,0.079,5,4,No
38,27929,340,4,19626,0.433,2,0,No
59,199799,557,22,37167,0.504,2,3,No
49,93919,665,12,89916,0.157,5,3,No
38,77692,365,7,49883,0.176,0,1,No
64,74545,507,17,62631,0.13,3,3,No
28,101647,544,12,33036,0.387,4,3,No
51,84962,542,8,45604,0.344,0,2,No
54,122435,680,29,58466,0.054,3,2,No
27,48161,522,10,46994,0.272,4,1,No
56,164895,320,22,35331,0.103,0,0,No
38,58089,446,5,75251,0.397,1,3,No
58,85850,667,10,67099,0.334,1,0,No
29,46053,612,14,64434,0.325,1,3,No
29,141381,615,30,30772,0.491,4,0,Yes
28,42447,702,13,81142,0.326,1,4,No
55,114841,747,7,31433,0.342,2,3,Yes
38,28111,846,17,8261,0.43,1,2,Yes
25,83820,425,0,7742,0.231,4,0,No
34,118029,795,20,84450,0.612,5,1,No
48,142949,344,8,74029,0.219,1,4,No
50,136739,630,22,43877,0.598,1,2,No
24,77963,371,28,68681,0.538,0,4,No
59,114000,397,6,11922,0.594,3,4,No
40,197990,570,14,90927,0.16,3,0,No
45,127447,706,14,23263,0.189,2,0,No
48,198614,743,8,58416,0.559,3,3,No
32,93712,390,20,86486,0.624,5,4,No
22,158488,416,4,71436,0.502,3,3,No
63,196508,813,6,55051,0.433,3,4,No
34,166558,342,26,90210,0.536,5,4,No
42,174767,370,27,85292,0.075,1,3,No
51,26229,443,11,56700,0.563,3,2,No
43,198419,641,5,51092,0.219,1,3,No
40,126101,406,9,91164,0.084,1,1,No
58,26363,685,14,40082,0.459,5,1,No
24,127806,755,21,20819,0.502,3,1,No
35,107372,593,23,29589,0.426,1,1,No
44,70869,475,3,68468,0.26,3,2,No
45,74729,406,14,39041,0.12,0,1,No
21,45303,385,17,87339,0.511,0,2,No
27,97853,809,2,43284,0.078,3,2,No
51,28264,526,25,86594,0.506,2,3,No
32,174387,628,14,43164,0.624,1,0,No
62,103229,540,19,29520,0.648,3,1,No
25,107102,301,4,41192,0.288,1,0,No
64,85521,550,1,8179,0.115,3,1,No
62,49811,341,14,68679,0.107,2,0,No
58,58405,725,7,12248,0.345,1,0,Yes
32,84823,380,27,18146,0.525,4,2,No
59,44856,787,27,35144,0.079,0,1,Yes
38,140212,561,4,66874,0.151,4,1,No
22,117902,694,22,62540,0.403,3,1,No
30,145347,547,8,35744,0.101,2,0,No
35,132780,629,6,40608,0.577,2,3,No
50,101174,847,3,68627,0.352,3,1,No
64,111352,397,18,5605,0.282,1,2,Yes
37,147155,444,7,6327,0.058,2,0,No
24,45598,426,30,39778,0.118,0,0,No
27,67541,603,13,26840,0.547,5,2,No
61,166724,678,28,86282,0.469,4,4,No
51,173035,446,8,75474,0.062,0,4,No
59,139047,380,4,17192,0.634,5,3,No
54,57223,541,5,9936,0.262,2,3,No
26,56024,847,9,31112,0.414,1,4,No
58,147538,366,27,71117,0.484,4,4,No
65,28941,774,27,12393,0.624,2,0,Yes
54,98923,732,12,21898,0.584,2,4,No
64,99060,601,9,62945,0.408,3,3,No
35,126395,674,21,93932,0.134,0,4,No
34,66617,377,12,35439,0.557,4,2,No
26,115815,329,2,39245,0.54,5,4,No
57,79704,651,11,41618,0.433,1,3,No
52,51025,414,3,39634,0.644,3,1,No
23,108172,631,10,62194,0.367,1,3,No
23,132019,804,8,71855,0.178,0,4,No
42,68224,453,5,74733,0.202,5,0,No
42,38277,834,11,8135,0.294,0,0,Yes
30,65995,668,13,40289,0.304,4,2,No
23,139715,657,20,93377,0.549,4,0,No
32,163611,601,8,94831,0.582,1,4,No
49,57853,750,7,15495,0.28,4,1,Yes
37,182883,606,8,17524,0.617,4,1,No
27,117464,362,12,75121,0.607,5,0,No
33,31909,575,29,73248,0.296,3,4,No
22,118605,810,10,10405,0.571,5,0,No
24,71084,834,8,64047,0.118,0,3,Yes
30,166820,686,19,30112,0.357,5,2,No
59,95602,757,7,99217,0.478,2,3,No
44,139200,707,9,95476,0.257,1,1,No
37,74408,685,8,75306,0.064,1,3,No
26,36998,689,26,72866,0.083,4,1,No
39,169836,528,20,35971,0.587,3,2,No
25,124751,526,3,53067,0.361,2,2,No
52,144287,626,9,41859,0.141,3,1,No
30,126647,634,16,27077,0.591,1,4,No
29,69560,576,18,61015,0.615,4,0,No
47,135716,529,9,70948,0.246,0,2,No
33,148362,456,17,87274,0.402,3,2,No
39,94201,312,15,72732,0.245,2,0,No
41,150955,802,27,44326,0.485,1,2,No
44,133894,496,22,58394,0.619,3,2,No
58,41734,402,3,66733,0.067,2,4,No
24,148107,469,8,75559,0.333,1,3,No
44,158135,408,8,42891,0.529,2,3,No
55,47313,675,1,52181,0.464,3,0,No
23,148304,425,18,62447,0.159,4,1,No
24,183159,684,7,87991,0.285,3,0,No
57,196253,447,25,68903,0.331,4,2,No
60,174277,300,29,12036,0.497,3,3,No
55,37464,306,18,36364,0.325,2,3,No
51,134086,462,3,50767,0.238,2,1,No
64,52132,735,10,11320,0.299,3,3,No
45,75737,733,2,84557,0.63,1,0,No
60,125584,624,27,81386,0.078,4,1,No
33,60306,456,28,33980,0.25,5,4,No
24,50592,413,29,81670,0.169,0,0,No
34,140131,411,17,89083,0.29,5,2,No
33,69758,754,16,68932,0.401,5,4,No
47,123392,372,18,39250,0.167,1,3,No
26,143078,492,8,8468,0.306,2,3,No
37,31577,774,29,17120,0.547,2,1,No
56,110230,572,15,58660,0.435,4,4,No
60,164335,393,7,53630,0.458,0,2,No
55,107741,814,8,10410,0.614,0,3,No
37,33072,519,25,79841,0.295,5,0,No
61,85814,304,4,87290,0.649,4,3,No
22,141386,493,4,18907,0.279,0,1,No
33,133538,353,13,14446,0.16,3,2,No
22,161763,508,23,47346,0.534,2,2,No
48,158025,796,13,63920,0.356,5,3,No
63,95499,754,28,84019,0.257,0,4,No
46,118405,379,4,16397,0.198,3,4,No
42,101981,307,3,62022,0.543,5,4,No
63,193831,390,24,85528,0.388,5,2,No
23,176257,645,16,6911,0.425,3,0,No
55,59699,650,5,81378,0.327,2,2,No
32,140799,509,6,16560,0.179,4,2,No
44,124176,557,13,10610,0.253,0,3,No
25,98490,340,14,86362,0.127,3,3,No
40,78739,603,5,96871,0.255,3,4,No
59,80631,540,27,11634,0.598,5,2,No
59,174017,833,30,95262,0.395,1,2,Yes
33,194366,544,9,62381,0.078,5,1,No
61,37920,603,7,85040,0.508,1,3,No
65,96096,834,26,41474,0.511,3,1,No
32,87358,410,7,71434,0.506,4,2,No
33,180337,429,4,73687,0.42,0,0,No
30,165510,661,28,86905,0.069,5,1,Yes
53,140434,559,27,87802,0.28,2,3,No
60,95779,830,30,30231,0.245,0,2,No
36,184701,513,28,59851,0.063,4,1,No
65,160157,352,15,80844,0.101,1,3,No
55,107926,489,19,57405,0.302,3,2,No
23,180585,790,10,79971,0.578,4,2,No
25,85084,443,6,65246,0.627,1,1,No
46,111230,479,24,47514,0.496,1,1,No
31,88605,818,28,28128,0.185,0,3,Yes
27,86666,367,1,5594,0.603,4,0,No
30,133987,407,27,33930,0.637,0,1,No
62,105420,484,6,28257,0.308,0,3,No
54,93412,450,5,80538,0.363,3,2,No
23,76178,774,18,50376,0.258,4,3,No
28,96092,401,30,5820,0.561,4,1,No
51,63009,438,17,31380,0.229,5,4,No
31,139210,687,0,80322,0.115,5,1,No
65,88976,788,17,32832,0.324,1,3,No
27,151202,357,11,99122,0.152,3,4,No
65,188297,387,20,60383,0.309,2,1,No
22,194509,421,16,27625,0.401,2,0,No
26,95935,543,7,5407,0.532,4,4,No
61,132237,366,19,60209,0.465,4,3,No
52,169720,593,2,47376,0.493,3,4,No
40,199008,429,9,27191,0.404,1,4,No
54,196335,339,15,91083,0.099,5,3,No
36,73373,511,17,62263,0.578,2,0,No
45,151680,355,0,8736,0.469,0,3,No
32,71972,590,7,24222,0.524,0,4,No
27,184219,651,24,51438,0.615,0,3,No
59,44295,421,18,86213,0.631,3,2,No
37,31897,394,2,62688,0.628,5,3,No
65,194325,727,15,9796,0.212,3,0,Yes
31,30838,748,15,27647,0.561,4,3,No
26,104942,643,15,89842,0.625,1,2,No
43,51414,847,24,68753,0.474,5,2,No
47,194820,302,22,49041,0.48,0,4,No
26,86157,329,11,58829,0.581,0,3,No
58,54483,554,27,81019,0.223,1,3,No
22,167585,344,8,8387,0.165,4,0,No
42,182523,476,17,90852,0.312,4,3,No
40,65909,521,22,74440,0.62,5,1,No
45,73091,421,29,88413,0.086,4,2,No
35,77389,574,28,17088,0.316,1,0,No
49,197035,611,23,12790,0.464,5,0,No
28,103167,717,10,75870,0.441,5,4,No
57,90509,628,19,71009,0.536,3,3,No
53,153104,402,28,44437,0.212,1,3,No
42,57291,581,25,28331,0.19,0,3,No
25,177889,544,10,45190,0.546,4,4,No
59,101968,432,19,22227,0.545,4,3,No
38,109487,640,11,57750,0.199,0,3,No
58,135003,321,17,59064,0.314,2,2,No
57,158631,449,1,43735,0.321,1,3,No
50,39744,466,3,54038,0.358,0,0,No
51,187227,644,3,13135,0.552,2,3,No
30,46021,760,20,43059,0.412,2,1,No
35,107532,559,25,62329,0.361,5,1,No
62,81898,499,13,42709,0.224,4,1,No
64,103723,304,25,66057,0.074,5,2,Yes
38,78176,599,12,99582,0.601,1,1,No
43,126438,835,25,82259,0.48,5,1,Yes
53,83399,535,8,21958,0.095,2,4,No
36,174078,839,14,29855,0.229,3,1,Yes
58,77434,451,26,24969,0.438,4,1,No
55,142298,545,24,58841,0.175,1,3,No
54,138214,304,22,44811,0.113,0,0,No
48,89591,312,21,30179,0.38,4,0,No
22,159141,764,9,53488,0.247,5,1,No
50,31486,585,4,97678,0.547,4,3,No
33,191500,638,3,64895,0.62,1,1,No
61,53800,513,17,51539,0.403,3,0,No
36,116154,412,3,61892,0.478,2,1,No
25,193292,637,15,17715,0.64,1,1,No
48,149322,389,10,31102,0.186,1,0,No
59,36869,775,6,76107,0.593,0,1,No
65,160248,329,0,19465,0.386,0,4,No
40,61454,839,2,60767,0.163,4,4,No
44,150593,767,15,57618,0.224,1,4,No
47,95773,687,3,43359,0.463,2,3,No
50,182525,656,22,75906,0.603,4,0,No
65,81813,845,2,62254,0.121,2,4,No
47,91326,758,19,97360,0.434,4,3,No
46,72595,770,0,24578,0.276,5,1,No
27,66184,526,27,80270,0.243,5,3,No
62,105290,490,0,99236,0.158,0,4,No
58,172681,301,9,88426,0.583,1,0,No
25,145036,417,11,96799,0.269,2,4,No
43,99539,607,2,56522,0.316,2,4,Yes
48,52068,314,22,7419,0.174,0,1,No
54,71996,723,12,80181,0.415,0,4,No
35,114440,778,26,71858,0.314,0,2,Yes
52,192906,395,5,18193,0.166,3,3,No
46,176818,354,30,40406,0.236,5,0,No
51,121940,577,20,73170,0.285,5,4,No
39,46407,712,23,22383,0.096,5,3,No
29,123550,544,26,70407,0.081,1,1,No
49,112657,695,23,53032,0.645,2,3,No
59,51403,770,19,27972,0.607,1,0,No
24,36637,337,9,27495,0.406,2,1,No
23,164684,439,5,27565,0.197,1,0,No
49,186482,482,27,64027,0.189,4,3,No
31,161232,512,0,56655,0.314,0,2,No
53,85108,425,25,48762,0.282,5,2,No
58,163800,439,14,41660,0.49,4,1,No
31,88594,778,13,29118,0.294,4,3,No
47,43464,820,11,81816,0.623,1,1,No
53,188015,762,9,44853,0.202,4,3,Yes
41,55838,331,8,44297,0.066,1,4,No
59,30919,534,29,83986,0.412,2,4,No
51,193164,372,20,83413,0.643,4,0,No
58,32797,771,14,59737,0.561,3,0,No
22,113003,591,13,19089,0.053,0,3,No
47,114272,587,30,15518,0.395,4,2,No
56,159130,512,23,86610,0.322,4,0,No
31,99577,466,30,24702,0.511,2,2,No
38,128638,348,9,84720,0.202,1,0,No
21,150660,520,25,56639,0.196,1,0,No
55,137911,701,0,87843,0.24,1,0,No
55,102557,588,29,20396,0.198,1,0,No
51,52258,478,19,71558,0.063,0,3,No
48,140090,470,28,26055,0.427,2,1,No
59,175431,303,1,72886,0.418,0,0,No
21,116714,635,1,91510,0.561,5,3,No
45,37914,494,1,65415,0.469,1,0,No
63,163608,763,1,63160,0.435,1,4,No
58,146448,766,7,35529,0.189,1,2,Yes
40,58748,643,21,38324,0.494,2,4,No
23,64448,507,24,25537,0.563,0,2,No
22,71132,802,17,32624,0.316,2,4,No
38,101022,429,12,10378,0.374,1,0,No
64,158456,300,16,74209,0.521,0,1,No
30,132294,786,29,57465,0.329,0,2,No
25,101323,747,7,65742,0.45,1,4,No
29,190206,622,9,37597,0.179,2,1,No
22,126242,323,13,78072,0.401,0,0,No
54,147347,676,28,23745,0.072,1,1,Yes
58,85120,455,18,12411,0.175,0,0,No
51,85592,571,18,45228,0.603,5,2,No
30,34885,392,23,64722,0.407,5,1,No
32,174772,823,4,92841,0.323,1,4,Yes
56,171090,420,23,70402,0.363,2,3,No
41,154006,751,17,46865,0.05,3,2,No
26,120964,621,9,57301,0.326,5,3,No
23,187394,330,15,11651,0.136,3,4,No
30,75073,733,24,57540,0.565,1,0,No
25,97650,428,17,64841,0.298,2,0,No
46,49996,752,8,61422,0.189,2,2,No
41,117290,735,9,28113,0.357,3,4,No
65,108086,806,21,20327,0.269,0,2,No
46,185321,616,11,78756,0.326,2,0,No
58,151379,763,27,80441,0.485,3,4,Yes
64,177195,627,4,51400,0.356,5,1,No
46,58095,408,14,45184,0.599,0,3,No
28,117971,825,22,85125,0.204,2,2,No
25,112158,774,30,99304,0.246,4,3,No
35,100821,691,29,13941,0.517,5,1,No
36,115463,412,6,18975,0.52,0,0,No
21,30291,585,19,46640,0.636,3,4,No
36,197265,646,6,59293,0.427,2,1,No
57,138844,560,2,75153,0.394,5,3,No
23,28122,606,2,52803,0.403,3,1,No
51,29876,333,30,71713,0.267,3,0,No
33,82147,468,6,49171,0.281,4,1,No
36,157895,644,0,48027,0.218,5,1,No
63,77652,445,23,90473,0.408,4,2,No
41,127377,831,26,98548,0.554,2,4,No
22,151225,837,17,21597,0.43,0,4,Yes
47,166459,545,0,19910,0.334,3,2,No
58,127699,640,5,95768,0.088,4,4,No
46,43980,380,19,6871,0.199,3,0,No
58,180296,490,6,50297,0.557,5,3,No
45,32121,582,11,64875,0.288,3,3,No
31,153946,788,2,59550,0.581,4,1,No
28,167953,334,26,52246,0.196,5,4,No
28,108176,593,1,80660,0.395,1,2,No
53,75809,341,27,58133,0.628,4,3,No
27,149032,469,14,38749,0.384,4,3,No
58,102621,693,26,48912,0.175,3,4,Yes
41,141440,487,19,54613,0.188,5,1,No
28,48097,595,3,88526,0.145,0,0,No
41,27978,684,26,66250,0.063,3,2,No
40,160404,363,19,32670,0.465,3,0,No
28,110573,380,18,75744,0.52,4,0,No
51,40089,484,22,73438,0.542,3,3,No
49,152550,760,30,8530,0.094,3,0,Yes
29,81804,644,20,53927,0.615,0,2,No
35,179556,837,10,92744,0.421,1,3,Yes
50,79018,537,19,43891,0.103,1,2,No
46,174220,595,4,72558,0.101,1,1,No
30,152198,786,22,66145,0.356,1,0,No
49,28830,668,19,72391,0.197,3,3,No
36,146388,598,11,17872,0.193,2,3,No
56,93494,389,15,85194,0.057,5,2,No
40,150200,739,28,82674,0.339,2,3,No
65,50998,828,29,27196,0.102,3,4,Yes
57,92076,387,9,24977,0.096,3,2,No
42,186749,323,20,42938,0.145,5,2,No
27,54101,631,30,51751,0.056,1,1,No
43,145155,357,21,41032,0.112,3,4,No
61,32053,763,5,73295,0.407,4,0,No
60,161742,488,27,70638,0.204,0,1,Yes
49,133994,763,11,39441,0.091,0,0,Yes
36,137566,521,6,81989,0.131,5,1,No
58,138651,652,9,81916,0.076,4,0,Yes
48,166353,350,15,40784,0.516,0,4,No
58,78341,387,28,34493,0.387,2,3,No
51,93069,521,2,26471,0.334,1,0,No
34,166828,787,15,29274,0.574,2,2,No
53,90323,466,11,10916,0.098,2,2,No
29,115610,400,7,94359,0.072,4,0,No
47,109338,723,4,41070,0.304,4,0,Yes
44,173120,824,16,6963,0.208,1,3,Yes
33,34876,446,19,8522,0.335,5,4,No
46,127591,561,26,64076,0.592,4,2,No
49,40171,445,19,92824,0.318,0,4,No
63,67204,787,13,53848,0.153,0,2,Yes
48,161238,820,23,37739,0.529,0,0,Yes
48,110794,380,28,59825,0.283,5,3,No
28,68734,425,25,81895,0.503,0,3,No
43,116251,438,8,48303,0.135,4,1,No
49,152539,438,18,89639,0.252,5,4,No
25,121621,371,30,42861,0.064,2,0,No
62,70078,544,11,94006,0.191,5,4,No
27,52778,509,10,35779,0.438,0,1,No
62,176996,493,25,75229,0.226,1,0,No
56,70832,837,0,23036,0.134,3,1,No
61,133540,631,10,32705,0.084,2,2,No
47,91243,810,28,48797,0.412,0,4,No
22,181120,592,28,89297,0.096,4,1,No
45,57815,335,26,86291,0.529,2,2,No
29,59682,827,7,72939,0.264,0,1,No
47,42489,377,24,91491,0.233,4,4,No
21,142868,320,19,68318,0.425,1,4,No
43,138694,544,20,81567,0.384,1,1,No
30,82701,694,3,29539,0.643,3,3,No
62,173023,353,3,90447,0.081,3,4,No
45,167524,392,10,46491,0.561,3,2,Yes
23,53635,592,28,66126,0.41,5,1,No
26,124332,675,18,79262,0.58,0,2,No
26,184005,475,25,89410,0.466,1,2,No
22,190653,489,3,22762,0.507,0,2,No
38,194353,491,24,32682,0.522,0,4,No
43,143214,367,22,86941,0.059,1,1,No
22,177259,623,5,23532,0.553,1,4,No
32,47953,454,27,30061,0.458,3,1,No
42,189890,753,8,24496,0.618,5,1,No
57,180774,525,10,57745,0.13,2,2,No
40,31278,532,28,14841,0.603,4,3,No
59,84722,807,11,66830,0.563,3,3,No
44,43036,403,17,56241,0.186,1,0,No
40,138031,765,19,72024,0.124,3,0,No
21,180655,727,8,25478,0.427,5,4,No
21,95244,741,23,41422,0.456,4,3,No
37,165548,425,14,18421,0.477,5,2,No
21,95854,335,16,88562,0.557,3,0,No
65,119805,537,8,48079,0.384,0,4,No
50,194699,541,12,39528,0.22,2,3,No
61,146303,432,25,81421,0.564,1,2,No
23,180826,526,1,37813,0.31,5,2,No
31,44979,702,16,66356,0.311,5,2,No
44,95446,695,17,68599,0.345,1,3,No
42,61022,389,25,41109,0.551,3,0,No
64,29453,554,26,24383,0.632,3,3,No
65,76575,382,5,35265,0.153,1,0,No
46,82260,799,1,66233,0.123,1,0,No
33,116862,608,29,15209,0.223,1,3,Yes
21,196777,831,0,27744,0.593,2,1,No
44,79029,383,4,36336,0.367,2,3,No
30,160249,326,13,39686,0.053,4,0,No
55,93965,678,26,86361,0.399,4,4,Yes
44,57952,629,17,96575,0.379,3,4,No
48,145825,692,26,66843,0.098,0,4,Yes
56,152005,516,3,38036,0.139,4,3,No
36,154959,680,26,60529,0.106,2,0,No
60,96710,807,13,62313,0.363,5,1,No
36,46796,582,14,94684,0.369,5,0,No
37,102413,513,26,73444,0.326,2,3,No
35,42722,455,26,22861,0.321,3,1,No
36,137761,829,23,68144,0.398,5,3,No
35,104098,458,25,60553,0.447,2,4,No
54,97082,340,26,64711,0.628,1,1,No
31,50258,804,21,80818,0.377,0,1,Yes
21,36706,818,7,59322,0.209,0,1,No
35,53943,304,20,75482,0.635,0,4,No
46,89324,320,1,82196,0.113,3,1,No
24,47315,541,16,73526,0.238,3,3,No
63,35352,405,27,48988,0.591,1,3,No
25,59497,642,23,27756,0.616,1,0,No
55,100145,716,16,67873,0.437,2,2,No
33,123322,337,25,83831,0.059,2,4,No
30,145659,635,24,38173,0.316,5,1,No
31,52228,772,19,49346,0.61,2,4,No
38,140152,412,5,56884,0.584,3,4,No
54,33882,550,5,43190,0.586,2,1,No
59,172340,644,18,20953,0.226,5,2,No
61,95846,370,0,67494,0.545,4,3,No
62,49463,563,5,50934,0.453,3,4,No
43,101789,683,25,27881,0.586,5,1,No
27,110940,690,4,75696,0.433,0,1,No
59,34827,772,3,17496,0.275,2,4,No
23,189134,810,24,78823,0.431,0,3,No
32,115690,433,12,50065,0.265,3,3,No
27,163312,688,19,59024,0.051,4,2,Yes
46,153743,360,16,35067,0.54,0,4,No
53,26585,769,25,55969,0.56,3,1,No
57,77532,650,12,24704,0.499,0,3,No
35,166613,357,21,51108,0.186,3,4,No
22,30427,484,15,69531,0.132,4,2,No
61,117283,502,12,64720,0.152,1,3,No
27,106156,331,22,7499,0.351,1,1,No
52,34033,468,0,69654,0.209,2,1,No
24,187142,321,24,39995,0.577,2,3,No
40,137458,378,9,52318,0.377,0,0,No
56,153767,435,17,92657,0.32,5,3,No
52,37199,601,22,70897,0.573,5,2,No
48,168848,686,26,56535,0.099,2,4,No
33,178799,841,23,28954,0.573,3,4,Yes
21,27931,583,23,26818,0.531,2,1,Yes
55,105379,628,16,90507,0.462,5,3,No
50,30699,759,25,74437,0.117,2,2,No
56,183393,452,16,7267,0.081,2,3,No
45,86032,786,9,59247,0.15,5,3,No
36,32636,490,19,71032,0.212,1,0,No
39,92396,351,1,36613,0.42,3,3,No
21,145249,640,9,60483,0.098,5,3,No
25,140618,824,27,80115,0.16,3,2,Yes
42,39989,316,19,68911,0.17,4,1,No
44,76086,541,5,33564,0.452,1,4,No
63,61062,639,2,96290,0.258,3,4,No
65,55398,710,9,51254,0.215,1,0,No
57,95283,593,27,34543,0.067,3,4,No
56,127696,327,18,18068,0.107,1,3,No
56,95774,709,26,40125,0.38,3,2,No
24,27834,658,16,15142,0.43,1,3,No
56,73203,715,11,26078,0.495,0,3,Yes
38,70676,481,20,76657,0.348,4,3,No
36,51230,639,11,12328,0.211,0,2,No
61,97652,652,30,86732,0.225,0,0,No
38,93464,368,22,81715,0.44,1,1,No
42,118715,776,27,72769,0.306,1,1,Yes
22,178206,624,26,19828,0.145,1,1,Yes
41,33190,793,5,63405,0.052,1,4,No
56,114364,594,11,46711,0.206,4,2,No
64,160422,508,19,69299,0.503,5,2,No
59,59055,456,5,18301,0.449,5,2,No
59,199758,374,2,99082,0.109,4,1,No
49,106572,586,2,48745,0.317,5,3,No
46,184772,530,22,68081,0.137,1,3,No
41,97146,570,8,61378,0.334,4,2,No
37,132554,382,0,22291,0.116,2,1,No
36,185492,564,3,24043,0.458,5,2,No
51,50177,568,11,16437,0.4,3,1,No
29,118386,600,29,52007,0.205,3,3,No
51,195723,389,25,75284,0.645,5,4,No
34,79339,659,4,32952,0.403,0,3,No
57,74282,599,17,54109,0.211,3,4,No
22,197142,301,15,95458,0.265,1,0,No
34,117683,712,9,61054,0.6,3,1,No
53,126038,475,11,10188,0.172,3,0,No
55,181478,424,10,6513,0.172,5,1,No
59,83009,477,18,62919,0.392,4,2,No
40,26066,304,4,47137,0.249,2,1,No
22,77940,416,23,29274,0.233,5,4,No
61,75469,730,2,45854,0.296,4,0,Yes
39,139972,689,27,82816,0.549,1,1,Yes
57,179422,778,29,9331,0.555,4,2,Yes
38,160186,770,18,18531,0.45,1,3,Yes
36,136138,649,5,11337,0.396,2,1,No
24,149648,383,23,72842,0.059,5,3,No
32,90133,526,16,34166,0.389,0,0,No
49,46245,752,22,20308,0.622,0,0,No
27,133574,746,12,87403,0.552,2,0,No
34,68266,410,6,26652,0.137,3,3,No
32,114762,622,18,38197,0.634,2,4,No
55,168667,823,18,35060,0.18,1,0,Yes
25,118254,838,24,71726,0.124,4,2,Yes
37,64218,404,30,5845,0.223,5,0,No
62,181215,385,25,66989,0.135,2,2,No
52,32787,802,11,84899,0.185,4,4,No
30,70286,805,10,15692,0.235,1,2,No
63,25081,455,30,92653,0.404,3,1,No
37,28005,795,29,28036,0.418,1,3,No
25,98944,685,16,89752,0.371,5,4,No
65,156406,762,16,62511,0.229,4,0,Yes
62,148438,842,17,11765,0.622,4,1,Yes
29,101639,412,14,63402,0.228,2,2,No
53,83217,745,5,9308,0.291,4,1,No
56,132248,586,29,44422,0.303,3,1,No
56,135257,500,7,84326,0.063,1,4,No
38,50169,678,10,10998,0.307,4,1,No
29,134247,812,25,19072,0.253,2,4,Yes
49,179524,564,12,39994,0.092,5,0,No
34,182326,487,16,83988,0.537,3,1,No
45,82110,656,27,50406,0.477,0,0,No
35,82253,540,16,47701,0.22,1,4,No
26,100210,492,17,87968,0.206,3,3,No
62,107702,409,27,87687,0.593,1,0,No
49,117246,798,15,50778,0.163,0,4,No
35,176042,364,22,7198,0.574,1,2,No
49,159866,364,15,67162,0.097,0,1,No
24,54184,616,3,63448,0.554,0,3,No
38,136178,394,16,59074,0.375,4,2,No
64,63365,758,7,74099,0.516,3,1,Yes
59,56217,694,19,26391,0.106,0,0,No
36,30051,495,6,21223,0.302,4,4,No
31,107662,849,26,31078,0.32,3,4,Yes
34,168947,338,7,87226,0.359,5,2,No
23,94891,448,0,73204,0.427,0,3,No
62,176064,675,1,83279,0.284,4,3,No
58,142959,665,12,62782,0.318,2,4,No
65,131589,755,1,40193,0.272,2,0,No
62,83475,575,26,57208,0.469,5,2,No
38,56074,809,4,13129,0.595,5,2,No
40,93052,537,4,46240,0.119,1,4,No
45,47622,704,5,88129,0.223,2,4,No
58,139778,462,17,69090,0.182,4,0,No
33,138707,619,15,43975,0.614,2,2,No
24,117543,368,30,52787,0.407,3,2,No
34,65982,408,23,84511,0.136,4,3,No
53,142993,479,16,91834,0.289,5,3,No
48,88798,431,8,41158,0.334,5,0,No
57,177908,818,20,26143,0.424,1,2,No
28,93083,754,25,32439,0.179,4,0,No
64,128227,707,7,33179,0.351,5,4,No
54,53130,484,7,62887,0.531,5,1,No
64,90995,756,1,25444,0.446,4,3,Yes
25,92772,804,8,11398,0.113,4,2,No
25,176902,809,5,43949,0.597,2,3,No
51,91116,589,18,29333,0.253,5,4,No
65,170511,544,0,65567,0.305,4,1,No
29,160787,337,24,48490,0.465,1,4,No
62,182179,414,18,42748,0.327,1,3,No
52,68394,797,0,65370,0.403,2,2,Yes
53,118103,636,20,7247,0.337,1,4,No
23,63665,758,23,21647,0.235,2,2,No
50,188497,418,12,53261,0.315,0,4,No
32,197504,355,28,5745,0.237,5,2,No
49,155753,723,29,91986,0.319,3,0,No
23,109360,419,6,66296,0.172,4,2,No
46,133889,349,20,11314,0.086,1,1,No
50,113604,664,29,54650,0.469,1,3,Yes
29,159741,672,12,45758,0.126,0,0,Yes
46,104918,661,17,79188,0.543,4,4,No
22,171508,381,1,56610,0.268,2,4,No
23,192102,347,2,53919,0.199,0,3,No
24,29638,537,5,25315,0.296,4,3,No
45,82000,681,27,9674,0.14,4,0,No
33,34251,688,12,53096,0.559,2,0,No
59,165020,634,19,22551,0.15,5,1,No
64,77647,486,30,44352,0.346,0,0,No
55,113414,419,27,23493,0.147,0,4,No
43,82245,656,30,35682,0.077,3,1,No
29,175170,662,28,27248,0.529,2,3,Yes
22,163480,462,8,13916,0.384,3,2,No
61,94069,307,2,35144,0.097,4,0,No
64,94676,616,21,71705,0.586,3,2,Yes
51,88982,326,30,81026,0.286,2,1,No
64,127346,575,14,98296,0.306,4,3,No
22,117154,771,3,81367,0.347,0,3,No
52,111190,776,16,42521,0.185,3,0,Yes
38,77203,477,16,42645,0.38,0,4,No
33,79617,659,12,56696,0.2,0,0,Yes
25,121311,535,26,76237,0.552,5,0,No
62,131037,332,30,50834,0.546,2,2,No
64,105212,840,28,89993,0.336,3,2,Yes
30,31005,844,10,66720,0.369,1,3,No
63,36973,399,28,25217,0.646,5,3,No
45,71976,629,7,22657,0.527,0,4,No
54,42804,364,2,72239,0.088,2,1,No
57,113613,421,17,78629,0.154,5,2,No
50,72276,775,0,22416,0.408,1,1,No
27,49680,426,7,83237,0.273,4,0,No
26,85967,485,29,83313,0.532,1,0,No
23,41862,390,8,51484,0.435,2,3,No
33,112438,345,16,61620,0.644,4,3,No
23,195625,324,7,26033,0.058,0,4,No
46,164956,648,10,41987,0.313,4,1,No
44,85313,734,0,94757,0.295,3,2,No
26,189033,629,25,44258,0.311,0,4,Yes
63,56562,593,1,97897,0.581,0,0,No
62,182137,545,14,11094,0.294,4,3,Yes
32,188156,465,27,14275,0.528,5,0,No
56,139746,556,16,74240,0.43,1,0,No
22,76038,651,28,24765,0.343,3,0,No
31,177029,488,14,61221,0.466,3,4,No
59,93116,574,28,56022,0.187,2,4,No
54,117080,333,28,89222,0.135,0,2,No
46,87278,789,29,69570,0.63,2,3,No
38,135549,798,17,19883,0.285,2,3,Yes
41,188526,544,11,9153,0.232,5,2,Yes
56,136937,553,13,44736,0.209,2,1,No
60,78796,408,11,58852,0.423,3,1,No
64,167349,622,1,69902,0.648,2,3,No
42,123524,413,27,76475,0.587,4,4,No
50,91411,784,20,11669,0.29,5,4,No
63,91732,577,28,45343,0.587,3,4,No
50,197256,328,25,22317,0.324,4,1,Yes
28,48398,697,28,63625,0.116,3,3,No
54,104906,521,15,86606,0.163,0,2,No
29,53517,617,18,98303,0.196,5,1,No
40,119395,570,30,31996,0.601,2,1,Yes
60,49564,697,28,74922,0.637,2,0,No
45,150570,750,0,57903,0.186,0,3,Yes
39,136554,642,25,82489,0.292,0,0,Yes
25,32111,680,1,27890,0.639,1,0,No
31,177045,675,11,54109,0.558,5,4,No
35,125190,639,3,44638,0.316,2,1,No
28,156382,306,6,36881,0.322,5,1,No
39,174060,572,27,65376,0.577,5,1,No
43,178115,587,16,41347,0.068,1,0,Yes
47,115480,483,4,37026,0.608,5,4,No
60,126850,485,1,19576,0.104,3,3,No
52,155874,779,12,58657,0.591,4,4,No
46,114937,556,27,37192,0.088,3,0,No
47,173453,803,7,32585,0.631,5,1,No
39,58264,409,17,71335,0.055,0,0,No
62,178141,447,3,8422,0.629,1,4,No
49,199036,513,5,11761,0.087,4,3,No
59,133841,736,8,78675,0.125,2,1,No
61,30910,633,9,19906,0.628,1,2,No
53,96020,728,3,43206,0.525,0,2,No
39,57821,395,3,59108,0.554,5,4,No
57,139293,347,6,87306,0.309,0,3,No
39,156065,577,13,82635,0.098,1,3,No
53,57996,502,11,74519,0.139,1,1,No
36,115890,498,14,24209,0.604,0,3,No
43,120765,807,16,42901,0.281,4,3,Yes
27,50044,628,20,98940,0.503,3,2,No
46,67809,423,20,49114,0.464,0,4,No
52,189371,499,12,84786,0.334,3,2,No
32,104247,374,0,27640,0.566,3,2,No
28,107481,456,21,57317,0.443,5,0,No
25,57857,433,12,80203,0.494,4,4,No
62,63503,611,15,6518,0.552,1,2,No
48,182054,419,12,63173,0.184,1,3,No
25,126449,311,8,52203,0.226,1,3,No
46,78262,844,22,56517,0.503,0,0,No
25,179952,419,17,65063,0.548,5,2,No
42,123074,382,15,69090,0.409,5,2,No
35,32559,527,19,63134,0.646,2,1,No
33,61549,485,11,82266,0.577,2,4,No
48,143755,510,7,59817,0.53,2,4,No
53,143193,342,0,95826,0.197,4,3,No
63,60159,808,12,36634,0.25,5,0,Yes
43,84289,372,21,63646,0.266,4,4,No
53,103740,318,18,61813,0.106,2,1,No
63,27252,464,12,6458,0.489,1,0,No
38,165938,566,2,22513,0.297,1,1,No
50,140463,739,27,75311,0.423,2,3,No
46,194069,427,29,49215,0.476,1,0,No
36,152661,752,0,19832,0.055,2,0,No
33,150645,600,13,79951,0.079,5,2,No
59,32553,617,23,43280,0.251,0,2,No
53,188903,333,20,84223,0.443,3,0,No
46,92323,397,0,31351,0.337,3,1,No
21,144744,509,28,9921,0.613,3,1,No
58,69810,615,4,7805,0.204,2,1,No
22,131373,619,29,98415,0.112,0,0,No
26,83719,734,4,74602,0.119,5,2,No
58,167798,555,10,67912,0.185,4,4,No
62,156164,704,24,85543,0.192,3,2,Yes
44,54995,753,27,76303,0.277,1,3,No
38,157749,488,25,45470,0.388,5,2,No
47,118778,687,18,74413,0.2,2,1,No
61,46892,442,11,53866,0.359,5,3,No
28,178186,521,24,19869,0.337,2,2,No
48,192704,739,7,90914,0.235,5,4,Yes
30,52057,831,9,97372,0.31,4,0,No
37,141089,579,17,67396,0.28,1,1,No
49,135452,547,8,78395,0.62,0,0,No
26,85753,415,10,10276,0.091,5,3,No
34,85275,704,29,90644,0.51,3,3,No
42,142819,554,29,56572,0.236,0,0,No
26,100705,596,30,11372,0.161,1,3,Yes
46,81438,824,4,13612,0.572,1,2,No
59,125102,633,23,69169,0.332,2,0,No
32,82314,370,12,95540,0.356,0,3,No
55,55740,358,12,82949,0.299,4,2,No
34,166102,350,23,82865,0.293,1,2,Yes
42,163123,315,3,14319,0.466,2,1,No
43,81010,803,16,9001,0.506,3,1,No
27,150871,350,26,59433,0.523,4,3,No
60,133159,427,13,23805,0.365,5,0,No
45,35589,469,8,34938,0.471,4,4,No
33,36395,479,21,48081,0.517,5,0,No
41,168905,627,1,52054,0.46,2,4,No
61,91134,600,3,24098,0.166,4,0,No
30,174500,550,10,64049,0.477,4,1,No
29,172714,817,9,87713,0.439,2,1,Yes
35,111491,561,4,48315,0.108,2,0,No
22,196843,390,15,75972,0.438,1,1,No
45,146656,493,5,91433,0.575,2,3,No
33,166169,628,4,35824,0.298,3,1,No
54,113096,363,12,48010,0.13,5,0,No
54,48426,593,8,38254,0.416,5,2,No
55,148267,525,9,7712,0.193,0,0,No
58,135128,744,26,94752,0.377,2,3,No
23,68463,633,1,21229,0.452,1,3,No
62,96249,362,14,9800,0.356,3,1,No
26,65079,796,26,19591,0.235,0,3,Yes
39,176476,831,11,85331,0.564,2,1,No
23,149805,758,11,95344,0.132,1,3,No
38,96447,632,2,30892,0.076,0,4,No
59,160026,544,25,94356,0.547,0,4,No
29,133123,363,14,10713,0.071,5,0,No
32,154247,565,26,19990,0.342,1,1,No
25,121411,461,18,69806,0.373,0,2,No
23,80331,344,12,15892,0.253,5,3,No
31,43440,324,2,14803,0.216,5,4,No
50,83407,599,12,36609,0.494,5,1,No
24,55898,524,30,88017,0.27,4,2,No
25,146332,373,21,83970,0.124,3,2,No
21,70428,415,23,19489,0.328,4,0,No
47,40427,451,4,44322,0.486,5,1,No
48,178241,390,10,76189,0.235,0,0,No
49,124751,588,21,99816,0.129,5,4,No
38,70419,391,16,33751,0.255,5,2,No
32,112490,686,25,47688,0.377,2,3,No
33,104363,714,18,94073,0.111,1,4,Yes
61,99501,840,19,73138,0.191,1,1,Yes
22,123632,471,26,64624,0.632,3,4,No
57,33985,671,22,19573,0.172,1,2,No
65,188713,797,26,68552,0.088,1,2,Yes
36,178969,535,11,46738,0.309,3,3,No
44,162045,341,28,60933,0.094,4,1,No
55,91673,448,4,17008,0.058,5,2,No
42,127776,777,16,24285,0.059,4,0,Yes
56,81718,419,18,45028,0.228,0,2,No
31,126578,828,10,8105,0.094,1,3,Yes
49,93809,840,1,72561,0.166,5,2,No
55,47627,347,5,6602,0.439,0,1,No
35,77621,685,20,58196,0.223,5,2,No
51,122729,427,2,59073,0.395,0,4,No
62,40151,801,14,24210,0.297,0,0,No
61,100691,746,17,67001,0.581,3,3,No
63,182813,338,16,24053,0.468,2,4,No
36,113484,772,14,12012,0.562,5,1,No
30,194202,432,1,33871,0.361,4,4,No
52,95172,418,4,41709,0.519,5,3,No
22,122185,623,4,63830,0.419,3,1,No
44,134242,351,8,37263,0.496,2,0,No
43,62236,435,5,20807,0.461,5,2,No
22,170056,703,18,36907,0.23,0,2,Yes
58,26042,468,9,58277,0.125,5,2,No
51,169135,847,26,17215,0.534,3,2,Yes
60,176562,816,18,25476,0.096,2,2,Yes
46,197039,659,18,92134,0.413,4,0,No
49,127035,536,15,87322,0.643,5,2,No
23,133069,367,11,63928,0.16,2,1,No
34,97838,449,23,96361,0.496,3,2,No
45,177948,780,8,50644,0.622,4,2,No
21,140148,714,2,95224,0.347,4,3,No
23,85650,520,16,76929,0.394,1,4,No
46,158374,560,29,58181,0.271,2,1,Yes
38,175089,565,26,43332,0.315,5,0,No
29,67311,758,23,90912,0.428,2,1,No
58,156433,355,9,42325,0.573,5,0,No
43,63261,707,17,70418,0.621,2,3,No
41,146834,768,6,58318,0.376,0,2,No
21,42171,542,6,55425,0.519,4,4,No
41,66226,813,8,22698,0.492,2,1,No
47,54327,468,15,53608,0.198,5,1,No
62,95628,732,23,59829,0.327,3,1,No
26,107473,584,10,15429,0.46,3,4,No
64,89223,753,8,92071,0.127,1,3,No
56,100315,487,0,21784,0.58,4,3,No
48,129755,595,11,92538,0.292,0,2,No
65,88624,822,2,9018,0.322,5,1,Yes
37,120650,681,19,46556,0.572,5,3,No
60,170602,642,18,19329,0.153,1,3,No
23,165382,522,7,26856,0.071,2,0,No
32,59281,634,6,59456,0.222,4,1,No
59,84270,756,4,58759,0.14,0,3,No
32,114345,747,4,77326,0.641,5,1,No
22,46735,636,19,11535,0.39,4,0,No
42,134899,654,4,98853,0.389,2,4,No
43,118173,655,11,21953,0.526,5,2,No
50,163077,531,20,78455,0.205,1,4,Yes
25,82564,566,19,24029,0.364,2,3,No
29,76496,489,4,92066,0.135,3,3,No
41,54898,347,22,94321,0.106,1,1,No
31,141659,583,24,48363,0.314,3,3,No
25,127742,354,6,56308,0.598,2,4,No
55,136184,638,0,60314,0.315,1,0,No
47,177780,418,24,9220,0.321,2,3,No
22,70024,301,18,94527,0.569,4,4,No
44,170484,523,1,8653,0.222,4,2,No
51,54378,502,11,26015,0.344,0,2,No
53,137591,310,9,59423,0.149,2,0,No
59,144849,558,24,17445,0.558,3,2,No
50,118638,597,27,61998,0.072,0,4,No
57,103580,496,27,63028,0.298,1,0,No
48,187381,714,15,46570,0.216,3,4,No
51,158507,632,10,98940,0.204,4,3,No
31,134470,452,17,14457,0.197,5,2,No
43,159458,675,29,84024,0.272,5,2,No
22,70503,433,30,6186,0.591,3,3,No
60,133312,415,25,56347,0.475,3,3,No
61,141465,366,28,80043,0.584,0,4,No
47,97939,555,11,74578,0.168,2,4,No
55,199536,487,8,52473,0.559,4,2,No
22,93475,338,20,74266,0.308,1,0,No
59,107758,779,21,28207,0.639,5,0,Yes
57,183349,626,6,50164,0.406,1,2,No
41,145413,429,6,70880,0.342,4,3,No
25,111679,362,12,55545,0.605,1,3,No
65,79012,396,19,37789,0.279,3,0,No
41,159210,711,12,14408,0.499,1,4,No
49,27752,829,19,61312,0.334,3,1,No
40,50765,745,27,45944,0.49,5,3,No
58,136193,535,4,26218,0.215,5,4,No
40,25837,384,24,80415,0.294,4,0,No
45,119010,654,13,56286,0.257,4,0,No
22,152977,701,15,83885,0.571,5,4,No
52,81997,465,12,34310,0.607,0,4,No
46,191573,527,25,83950,0.491,1,4,No
26,114608,666,11,82227,0.543,5,4,No
61,128510,709,0,17508,0.262,0,0,No
23,146907,359,7,60914,0.14,3,0,No
53,85594,463,7,49457,0.462,1,3,No
21,110269,529,22,19921,0.432,5,2,No
25,126614,456,21,66817,0.208,0,1,No
33,62448,673,26,49615,0.597,5,0,No
39,194031,541,14,26992,0.265,4,1,No
32,127979,467,2,60277,0.539,3,0,No
45,103340,420,28,29981,0.127,3,0,No
55,106746,301,30,34886,0.222,1,4,No
32,190101,417,26,52059,0.419,1,2,No
50,164384,806,7,78144,0.195,4,2,No
25,194372,673,22,28377,0.624,2,0,No
54,79994,407,23,66623,0.381,1,4,No
42,110765,598,17,45353,0.489,5,3,No
59,27884,732,23,90526,0.387,2,2,No
33,134113,411,28,35888,0.294,1,3,No
23,45522,705,6,40849,0.543,3,2,No
40,30623,799,28,74427,0.064,2,3,No
51,36460,318,21,9407,0.306,0,4,No
25,35234,319,24,62238,0.579,5,0,No
44,71905,805,11,78865,0.101,1,4,No
60,185492,453,14,85626,0.174,5,4,No
53,191885,814,7,16712,0.626,3,0,No
28,156454,777,28,77732,0.625,0,0,Yes
44,140492,683,15,65845,0.281,1,1,Yes
40,63353,497,4,55216,0.501,1,4,No
36,165441,478,4,48716,0.425,2,3,No
32,59985,827,8,92851,0.346,2,2,No
33,67255,346,12,10148,0.538,2,0,No
65,114197,482,29,75128,0.441,3,0,No
62,86590,653,14,96155,0.105,4,4,No
59,146282,786,7,26182,0.554,2,0,No
45,72883,515,11,74639,0.215,0,2,No
52,76566,722,19,88672,0.43,2,2,No
44,25650,308,28,39091,0.515,3,4,No
64,197009,512,8,9879,0.589,0,2,No
29,46299,438,26,8452,0.605,3,2,No
60,51862,620,14,28180,0.605,2,3,No
43,41312,390,14,17992,0.444,4,2,No
33,35943,614,30,43727,0.425,0,4,No
52,93734,411,12,72968,0.059,1,0,No
35,173397,412,14,28059,0.101,0,4,No
56,150560,673,21,65274,0.286,3,2,No
25,77879,562,4,50340,0.526,2,4,No
42,144652,667,9,66122,0.405,4,1,No
36,159078,677,22,83324,0.191,0,0,No
61,86876,344,29,37732,0.124,0,2,No
30,33505,570,24,50329,0.331,0,3,No
44,45498,794,11,32089,0.598,1,2,No
38,132679,546,16,78559,0.082,2,1,No
38,172577,473,8,72000,0.328,4,4,No
27,162675,335,28,52685,0.085,0,2,No
24,49744,601,25,92131,0.2,3,3,No
46,169532,457,4,28101,0.622,5,2,No
25,78273,332,8,29115,0.113,3,0,No
36,104095,681,4,69077,0.081,3,2,No
55,53544,723,22,90753,0.102,1,3,No
46,31864,594,13,44178,0.465,4,4,No
38,114314,714,6,42060,0.057,3,4,No
49,104770,618,8,66598,0.286,1,0,No
43,53593,324,30,94644,0.622,4,4,No
34,26729,733,11,40948,0.091,5,2,No
35,69515,358,4,25250,0.609,0,4,No
53,59936,476,6,37480,0.121,4,4,No
45,37413,841,4,41513,0.127,4,3,No
41,72652,344,19,23993,0.413,4,4,No
37,54764,751,28,70123,0.196,4,2,No
43,88784,608,16,12405,0.052,4,3,No
63,103796,453,10,83206,0.5,4,1,No
37,101844,439,4,74316,0.273,0,4,No
34,152610,684,27,78139,0.595,3,4,Yes
49,149887,332,3,66779,0.217,1,3,No
40,99432,670,26,77781,0.452,4,2,No
50,129944,477,0,21779,0.246,0,1,Yes
39,175355,659,25,38292,0.139,0,1,Yes
59,50282,735,0,86135,0.635,0,4,No
33,98210,305,13,58594,0.403,5,3,No
38,77984,530,20,85346,0.554,1,4,No
43,174464,700,27,98618,0.2,5,0,No
53,122496,322,27,5835,0.286,1,4,No
59,29721,460,8,19732,0.336,3,0,No
60,54197,493,0,73497,0.428,2,0,No
38,182245,565,7,67188,0.287,5,3,No
29,26066,382,12,96728,0.198,3,0,No
53,133442,467,8,69809,0.164,4,1,No
52,84418,643,14,42062,0.41,4,1,No
37,92454,311,26,50972,0.199,1,2,No
39,101262,833,10,6677,0.288,3,3,No
47,170354,829,25,35047,0.071,5,0,Yes
26,180887,749,3,76176,0.204,0,4,No
55,178666,789,28,51346,0.34,0,3,Yes
57,91678,466,7,63774,0.528,3,0,No
54,142911,764,12,88613,0.274,4,0,No
40,110768,306,16,38028,0.227,0,1,No
45,91951,462,3,93818,0.36,4,3,No
24,31374,494,9,44641,0.08,3,0,No
30,51974,618,1,93387,0.262,0,2,No
30,56914,429,25,13794,0.131,4,3,No
44,75014,408,29,81700,0.202,2,3,No
41,34347,518,14,13364,0.284,0,0,No
31,115468,805,19,81533,0.085,5,3,No
47,114129,728,29,27522,0.528,1,1,Yes
36,174832,543,17,57870,0.215,5,1,No
46,117103,737,29,67095,0.19,2,4,Yes
50,102599,606,13,7648,0.256,5,1,No
36,155774,554,2,26463,0.271,3,4,No
27,159212,626,0,5680,0.538,4,4,No
36,99266,708,25,29508,0.221,0,0,No
55,149737,300,2,53182,0.326,1,4,No
36,39057,493,22,79943,0.349,0,0,No
60,54114,663,26,89658,0.233,2,4,No
32,43580,421,12,93505,0.52,4,2,No
55,34802,663,7,43991,0.424,5,4,No
41,112857,303,21,30320,0.483,4,3,No
63,126467,448,16,63286,0.083,1,0,Yes
56,127767,360,22,85828,0.542,4,1,No
37,160747,416,28,77290,0.194,1,2,No
52,170130,537,15,14861,0.105,2,2,Yes
61,193591,437,30,30828,0.447,1,1,No
26,171517,757,15,94755,0.181,5,4,No
44,114450,784,11,27185,0.294,3,4,Yes
47,131039,381,18,28987,0.475,3,0,No
40,53695,346,29,11853,0.112,4,1,No
45,120970,643,15,79423,0.127,1,2,Yes
22,55185,638,14,62549,0.449,1,0,No
29,114692,535,28,47594,0.32,0,4,No
48,70908,763,8,52612,0.183,1,1,No
58,199703,675,15,26247,0.359,0,0,Yes
23,141710,422,26,81848,0.421,5,4,No
40,27078,545,1,59410,0.293,5,3,No
26,120886,553,24,71461,0.154,2,0,No
59,179850,580,9,17792,0.439,5,4,Yes
53,179469,366,11,87587,0.123,0,4,No
21,168409,832,17,98385,0.442,4,2,No
57,31011,833,17,71571,0.213,3,3,No
26,142124,474,27,44156,0.051,4,0,No
65,195927,490,3,95363,0.329,0,1,No
54,100532,584,1,38142,0.236,0,0,No
35,71845,604,6,36203,0.188,0,2,No
65,176118,706,18,99193,0.349,5,1,Yes
46,112030,631,10,47069,0.252,5,2,No
34,31618,604,29,55831,0.227,4,1,No
27,97435,850,12,55942,0.508,1,1,No
51,187394,636,28,87502,0.1,2,2,No
44,189869,329,19,26171,0.289,4,2,No
51,171200,739,30,78416,0.198,0,0,Yes
49,189251,557,16,47219,0.221,1,2,Yes
62,143158,533,30,73445,0.315,4,4,No
52,190145,325,9,47139,0.604,4,3,No
37,103014,822,15,89157,0.446,4,2,No
34,150713,683,19,14884,0.166,0,0,Yes
60,136550,835,15,81277,0.393,1,1,No
56,116965,692,19,5377,0.142,4,2,No
44,193435,761,19,48995,0.581,3,2,No
65,140503,437,15,99056,0.304,2,3,No
47,167769,409,26,46496,0.62,4,1,No
45,171494,774,24,75102,0.447,0,1,Yes
52,63380,627,18,81792,0.55,1,3,No
38,120877,505,30,42577,0.158,2,1,No
38,85857,370,12,42928,0.563,3,4,No
57,46259,509,22,37701,0.164,0,0,No
46,97622,484,19,7676,0.636,3,4,No
29,157221,682,10,21864,0.218,5,4,No
55,47792,698,11,64631,0.46,2,2,No
28,172462,844,16,88389,0.378,0,2,Yes
40,190276,613,14,81918,0.337,4,2,No
62,192090,527,25,29187,0.307,4,4,No
42,118651,445,2,79088,0.28,1,1,No
39,114583,321,8,64012,0.232,3,4,No
50,107614,599,9,58315,0.408,1,0,No
48,177543,564,11,29996,0.641,0,2,No
55,39263,349,21,78027,0.453,0,3,No
63,85309,674,23,89696,0.504,5,0,No
31,77451,360,8,18343,0.443,5,0,No
51,95379,318,23,26261,0.359,5,2,No
59,102969,607,4,42338,0.54,3,3,No
56,147425,836,30,8262,0.244,0,2,Yes
50,167631,506,21,67587,0.214,3,2,No
43,88728,624,25,97445,0.28,4,3,No
39,29952,374,1,52308,0.397,0,3,No
32,86726,717,27,54631,0.05,2,4,No
35,144735,627,12,29820,0.551,3,0,No
51,65610,580,10,91698,0.232,3,4,No
63,111467,374,8,53412,0.41,0,2,No
57,158225,540,21,61790,0.081,3,1,No
57,119447,304,7,85251,0.309,1,4,No
35,164091,514,22,78293,0.091,2,3,No
49,131827,786,14,63569,0.057,1,1,Yes
63,122167,656,27,66382,0.523,2,1,No
46,153890,693,28,24442,0.293,4,4,No
64,62929,454,15,52357,0.539,4,2,No
22,173100,690,9,51714,0.252,0,1,Yes
40,59620,668,1,30689,0.439,3,0,No
35,143818,328,29,81195,0.107,2,4,No
24,150803,722,14,39547,0.164,4,3,No
42,35623,308,17,5638,0.333,0,0,No
58,110504,499,12,38208,0.314,4,3,No
43,28809,744,30,23075,0.167,2,2,Yes
46,148690,633,4,17397,0.572,3,3,Yes
31,117907,529,18,91518,0.221,2,3,No
48,134502,692,0,72371,0.306,1,2,Yes
22,87496,607,25,64818,0.252,4,1,No
28,187811,630,26,67006,0.647,4,2,No
49,163049,659,28,22402,0.258,2,1,No
31,190910,482,2,71647,0.209,2,0,No
57,160206,686,22,35656,0.594,4,2,No
38,54431,408,9,99312,0.144,0,4,No
34,74565,638,14,42786,0.601,2,0,No
30,72312,499,24,16904,0.391,2,3,No
55,135613,480,15,9617,0.184,0,0,No
29,63916,839,26,8626,0.201,5,4,No
55,176765,736,28,77072,0.477,1,3,No
31,194631,339,3,69796,0.074,0,1,No
64,107839,521,23,71049,0.479,5,2,No
32,75058,596,21,36293,0.236,2,0,No
23,167930,328,19,57278,0.535,3,4,No
59,68324,501,2,64652,0.125,4,4,No
34,115687,784,4,30975,0.199,2,4,Yes
48,53147,429,2,85621,0.313,2,2,No
31,102914,347,7,85068,0.578,3,0,No
59,147879,715,26,88905,0.22,3,3,No
45,103593,756,27,30126,0.556,1,3,Yes
41,157432,348,5,71710,0.111,0,4,No
30,27048,375,14,81027,0.154,4,3,No
63,195092,845,26,11641,0.145,3,0,Yes
35,68935,547,5,59677,0.418,0,3,No
39,178554,589,22,30500,0.283,1,2,Yes
42,142884,834,27,56955,0.568,3,2,No
41,116199,830,29,30739,0.342,0,2,No
64,189045,735,6,19348,0.553,1,3,Yes
52,134982,682,7,95745,0.194,4,0,No
43,171257,395,15,18191,0.609,0,2,No
33,175771,550,20,86517,0.431,0,4,No
25,80885,540,12,42015,0.353,3,4,No
24,197654,604,4,55980,0.415,1,4,No
48,43061,739,21,68834,0.6,2,3,No
34,102015,787,19,13867,0.256,3,4,No
28,134508,797,1,69072,0.197,2,3,No
29,142700,431,13,75670,0.197,5,2,No
55,166964,701,17,88258,0.634,5,0,No
57,48931,675,17,55651,0.252,0,1,No
41,125175,842,17,19862,0.58,5,2,No
38,49654,670,14,28651,0.132,5,1,No
53,113478,711,4,68317,0.308,1,3,No
28,78886,454,1,70168,0.422,2,2,No
37,145477,544,22,60189,0.628,0,1,No
63,97470,841,10,89182,0.456,5,4,No
51,125029,374,19,18531,0.051,0,3,Yes
54,90324,505,9,98776,0.506,2,4,No
26,130520,727,4,9434,0.44,1,4,Yes
42,90027,720,1,80788,0.161,4,1,No
34,26425,448,11,50548,0.422,5,2,No
23,157805,387,16,42420,0.605,0,0,No
32,89411,805,24,73385,0.053,4,1,No
56,35603,467,21,83958,0.635,0,1,No
32,37152,488,28,12055,0.228,4,3,No
65,171873,413,4,65458,0.415,0,0,No
22,81318,312,20,82244,0.217,4,1,No
22,173057,456,17,60389,0.489,0,1,No
35,133051,480,15,98058,0.36,1,1,No
43,46068,619,7,20674,0.208,2,3,No
49,38531,591,3,41243,0.352,5,1,No
37,137289,776,3,9213,0.261,0,3,Yes
52,59288,732,23,15494,0.2,0,1,Yes
27,125694,468,3,61991,0.406,1,3,No
50,116762,701,16,62748,0.433,4,3,Yes
48,123197,457,19,9141,0.134,5,1,No
34,196140,683,28,23932,0.607,0,0,No
64,168531,697,30,93004,0.054,3,1,No
50,129445,355,9,66936,0.216,4,0,No
37,188626,372,0,31487,0.256,2,3,No
52,131243,772,21,60765,0.09,2,3,No
26,95313,479,17,17998,0.104,0,4,No
44,170343,493,26,45297,0.558,1,2,Yes
26,152286,683,14,73809,0.267,4,3,Yes
47,28801,528,28,61243,0.269,2,1,No
38,97593,565,24,98523,0.463,2,3,No
44,182583,370,28,43297,0.485,0,0,No
57,98635,390,9,51077,0.475,0,4,No
44,105729,375,15,85974,0.331,2,4,No
58,80233,744,3,88944,0.474,3,2,No
54,45011,496,30,35813,0.604,3,2,No
60,73900,483,26,21139,0.131,1,1,No
35,176836,376,28,80902,0.395,1,4,No
31,105085,747,23,7761,0.577,1,4,Yes
42,163032,596,26,98274,0.629,0,2,Yes
44,41583,687,17,14591,0.103,1,2,No
21,155283,621,20,54172,0.62,5,1,No
38,97532,720,27,24510,0.486,2,0,Yes
64,39201,845,10,55063,0.485,5,1,Yes
32,85019,605,7,96172,0.139,1,0,No
63,45420,645,0,41780,0.395,2,4,No
48,65602,560,21,80046,0.265,0,2,No
60,125156,645,1,13872,0.401,0,0,No
27,74031,448,20,11421,0.492,3,4,No
43,37629,717,16,67000,0.16,5,2,No
41,53675,328,27,50008,0.142,2,0,No
54,152652,762,19,46616,0.264,5,3,Yes
31,157734,488,18,25889,0.435,3,2,No
42,105270,364,9,73708,0.454,4,0,No
62,32589,758,29,73389,0.415,4,4,Yes
55,133954,523,20,6445,0.56,2,2,Yes
49,29655,775,30,58032,0.491,3,0,No
62,99285,625,7,67076,0.353,0,2,No
48,166869,818,24,55281,0.34,0,3,Yes
38,31645,491,20,95864,0.529,2,2,No
34,142379,387,8,56010,0.58,0,1,No
38,190834,757,9,27131,0.559,3,2,Yes
48,72634,457,19,78741,0.348,3,3,No
44,177504,572,27,58735,0.398,1,4,No
28,199683,631,4,41977,0.522,1,1,No
62,182743,581,28,64131,0.398,0,0,No
65,61760,462,26,16493,0.185,5,0,No
28,53233,473,8,67529,0.582,1,3,No
24,193663,407,10,76110,0.346,5,3,No
47,75091,600,24,16941,0.639,1,1,No
56,160510,630,17,48562,0.382,2,0,No
25,129602,443,20,61566,0.282,4,4,No
53,109905,357,29,59136,0.178,0,4,No
54,117139,597,23,54917,0.257,1,1,No
50,36319,487,0,57568,0.182,4,0,No
28,105258,739,15,99844,0.603,2,3,No
59,128293,787,19,73089,0.41,4,2,No
46,162100,689,23,6580,0.542,0,0,Yes
57,136930,319,9,75117,0.175,5,3,No
54,135629,511,27,23942,0.087,5,3,No
27,50940,835,17,63350,0.301,1,0,Yes
60,164494,519,0,21394,0.612,1,0,No
48,76651,472,27,12578,0.118,5,1,No
59,199513,300,30,54012,0.523,5,4,No
59,45688,767,5,42307,0.086,2,1,No
48,39472,324,21,73003,0.149,5,2,No
34,105436,503,0,9024,0.488,4,1,No
58,60671,500,2,36500,0.177,3,4,No
24,98299,490,25,18934,0.063,1,2,No
62,35960,708,12,10531,0.182,3,0,Yes
38,147652,777,11,9191,0.49,3,4,No
64,149118,603,23,60237,0.369,1,4,No
45,158146,835,13,20762,0.378,3,0,Yes
27,59833,381,24,11670,0.296,4,2,No
58,60976,846,27,44254,0.137,1,2,Yes
48,132549,845,23,8183,0.179,3,0,Yes
25,155120,561,16,91551,0.161,0,4,No
23,90658,476,15,54205,0.474,0,0,No
64,75108,514,26,47551,0.558,0,3,No
51,177552,440,12,14449,0.193,4,2,No
62,75138,567,3,41599,0.154,5,1,No
40,34443,438,14,84278,0.201,4,1,No
39,94969,346,27,17547,0.613,3,0,No
31,157062,359,8,27689,0.178,3,4,No
60,148781,360,16,42042,0.464,2,4,No
23,117198,394,27,81006,0.12,5,3,No
43,86336,774,29,80546,0.446,3,3,No
27,54097,339,10,61298,0.197,1,4,No
43,175258,645,19,89718,0.552,1,3,No
27,76356,626,25,70205,0.064,4,4,No
54,109744,736,6,51991,0.35,4,1,No
62,113015,705,30,20967,0.448,4,2,No
39,168994,510,29,42432,0.496,4,4,No
29,186838,337,6,50114,0.59,5,1,No
38,175859,767,22,16560,0.426,0,4,Yes
61,178609,616,25,63028,0.127,0,0,No
65,100919,510,3,95978,0.484,3,0,No
62,128854,382,7,33740,0.367,0,1,No
45,78034,655,18,90398,0.11,5,2,No
34,122431,838,13,30773,0.134,2,0,Yes
64,159279,508,24,52460,0.547,0,4,No
45,53234,575,21,41734,0.389,4,0,No
39,55568,791,22,14779,0.145,3,3,No
59,93633,597,24,53333,0.523,1,3,No
35,142766,357,3,95996,0.402,2,0,No
36,134582,595,20,8104,0.15,5,4,No
47,79703,758,16,54130,0.32,2,4,No
60,142634,695,25,65344,0.607,5,2,No
30,124928,673,23,49194,0.501,1,3,No
24,100253,361,17,31345,0.282,1,2,No
39,141170,745,20,60221,0.053,4,4,No
48,41642,386,30,17520,0.186,0,4,No
41,104176,698,14,78838,0.159,0,1,Yes
34,107373,423,4,15725,0.277,2,1,Yes
53,33990,818,14,38493,0.58,0,0,No
30,29170,582,30,89967,0.158,0,2,No
39,180889,813,25,67519,0.08,1,1,Yes
50,161208,456,3,97481,0.129,1,3,No
42,157784,525,30,11024,0.318,1,3,No
23,98687,693,3,96485,0.09,1,2,No
57,166545,565,11,39788,0.384,0,3,Yes
61,148376,565,17,54021,0.214,5,1,No
38,110031,848,28,38426,0.275,5,0,Yes
31,46625,587,30,68038,0.144,1,1,No
22,169833,591,18,86595,0.497,1,1,No
32,99454,619,25,78138,0.279,5,4,No
26,26821,772,17,51408,0.119,3,1,No
63,125120,698,0,60695,0.267,5,3,No
60,61200,372,3,96609,0.64,5,0,No
64,108889,827,24,81621,0.478,4,1,No
49,109304,382,14,90150,0.572,5,3,No
50,61447,473,29,36061,0.585,5,3,No
22,185256,727,5,29992,0.379,3,0,No
29,172883,590,23,49583,0.384,0,2,No
22,182667,680,30,90118,0.594,1,2,No
49,116568,662,1,27238,0.574,0,2,No
53,131502,485,29,27354,0.48,2,2,No
30,129567,304,1,21773,0.543,0,2,No
54,42757,561,1,27957,0.495,3,0,No
64,132136,478,10,73391,0.235,3,3,No
28,168026,441,7,28294,0.122,4,4,No
57,194002,567,16,90162,0.48,1,0,No
53,117342,769,20,30453,0.593,3,3,No
26,113760,367,11,73553,0.637,3,2,No
64,159883,406,3,16760,0.079,0,4,No
60,186440,736,26,62867,0.432,2,3,No
65,188791,330,0,84193,0.42,1,0,No
39,164709,846,27,7819,0.271,4,2,Yes
52,37133,820,9,6138,0.382,5,4,No
47,71986,341,6,32450,0.323,4,3,No
21,184943,486,15,29624,0.605,2,2,No
63,197544,600,16,88716,0.229,5,0,No
53,80508,560,5,38148,0.158,5,3,No
60,26401,789,27,99615,0.454,2,4,No
52,166076,556,0,58094,0.222,4,3,No
25,191373,366,10,56106,0.083,5,4,No
37,125313,519,12,76812,0.531,5,2,No
28,161973,622,12,45708,0.245,5,1,No
62,94621,358,8,14415,0.645,2,1,No
54,144673,477,2,75901,0.237,3,3,No
29,151545,760,27,72776,0.383,5,0,No
43,106299,589,1,50574,0.147,3,2,No
55,83171,411,22,62358,0.37,0,2,No
27,35354,623,0,91172,0.209,0,3,No
35,83860,481,6,47609,0.459,0,2,No
40,34504,765,24,94601,0.067,2,3,Yes
45,159595,523,19,40513,0.469,4,3,No
23,99243,697,9,14542,0.361,1,0,No
44,153890,459,1,10897,0.278,3,1,No
54,111703,753,3,35168,0.089,4,1,No
42,189859,662,24,81227,0.087,4,2,No
31,116407,302,15,84815,0.525,4,1,No
28,48982,659,30,88468,0.494,4,4,No
59,26049,614,7,66604,0.329,2,0,No
63,38381,321,11,52355,0.054,3,2,No
55,73390,720,4,19172,0.538,4,0,No
58,37061,425,23,80354,0.449,1,1,No
28,96241,704,22,48144,0.096,4,4,No
57,75296,567,19,98133,0.216,2,2,No
47,180086,405,2,15876,0.091,5,0,No
48,89535,844,0,6738,0.572,5,3,No
60,124009,470,13,46176,0.352,5,0,No
54,90191,604,29,32734,0.275,2,1,No
52,76576,633,18,17230,0.429,1,3,No
35,53147,317,23,63188,0.497,1,0,No
64,141622,699,24,85616,0.442,0,2,No
37,93020,467,15,46959,0.547,0,1,No
53,157817,634,8,15736,0.407,0,4,No
36,178220,454,4,63039,0.052,3,4,No
49,172288,675,3,63541,0.132,0,2,No
29,66929,380,5,88345,0.57,4,3,No
53,87637,749,11,9680,0.127,0,2,No
49,155860,609,13,39645,0.422,2,2,Yes
33,178084,654,22,84988,0.174,1,4,No
41,91313,623,13,20990,0.626,5,2,No
41,34525,527,5,67778,0.185,2,3,No
25,154228,490,4,95428,0.267,1,2,No
30,68348,596,28,19830,0.514,2,0,No
26,85447,488,1,14651,0.445,4,2,No
33,135709,492,2,36977,0.243,2,1,No
21,111030,812,8,59207,0.469,1,0,No
40,158113,308,6,84885,0.638,3,4,No
28,104866,442,25,72915,0.137,1,3,No
30,76826,786,11,7279,0.194,1,1,No
29,130808,493,17,61592,0.319,1,4,No
61,173145,821,27,24984,0.238,1,1,Yes
23,152749,732,12,55482,0.24,2,4,No
31,120822,438,0,5439,0.307,0,4,No
32,53028,329,0,93983,0.524,3,2,No
30,179512,578,0,40440,0.264,0,2,No
45,57887,341,29,56235,0.204,2,3,No
45,195009,527,21,30917,0.381,3,0,No
31,90045,779,20,90009,0.573,1,0,No
56,129136,716,6,97027,0.47,5,3,No
59,52428,500,27,15806,0.254,2,2,No
46,157685,620,20,98545,0.633,0,4,No
34,73343,667,8,19971,0.464,0,0,No
59,98159,625,0,47468,0.133,3,4,No
60,126337,609,14,50888,0.467,5,3,No
21,77088,660,24,25745,0.593,1,2,Yes
24,54653,827,11,73475,0.334,5,4,No
50,102512,602,3,82572,0.488,3,3,No
32,134122,578,9,37488,0.14,3,2,No
55,40718,620,22,60644,0.116,0,0,No
33,99877,776,17,28794,0.427,1,2,No
51,79219,603,30,82279,0.29,4,2,No
58,138500,818,18,92546,0.326,5,1,No
63,172368,355,19,35046,0.234,5,4,No
43,51285,491,4,13356,0.323,1,4,No
24,77310,321,27,7208,0.109,1,0,No
36,149246,379,1,94309,0.115,5,1,No
27,170206,583,6,45038,0.316,0,1,No
42,135545,727,5,52113,0.322,1,1,No
49,119873,402,15,26951,0.573,0,0,No
31,156527,441,14,66625,0.248,5,0,No
53,98179,702,8,96298,0.456,3,1,No
49,152185,461,6,45496,0.232,2,2,No
59,33867,515,9,52259,0.235,1,3,No
32,50577,777,25,32702,0.475,5,1,No
27,184719,550,29,24402,0.387,4,2,No
59,116007,709,1,13876,0.274,0,1,No
62,169959,618,2,89895,0.34,0,3,No
46,68314,687,18,96560,0.557,4,1,No
60,25059,384,23,27649,0.498,3,0,No
29,168745,814,23,49692,0.611,5,1,No
61,113231,304,2,49363,0.576,2,2,No
54,146696,534,7,66023,0.452,5,4,No
65,26794,712,30,81354,0.164,2,0,Yes
33,151142,674,4,84947,0.267,1,4,No
56,35721,574,26,65601,0.383,3,3,No
45,30686,670,28,66900,0.07,3,3,No
44,120003,831,19,55517,0.459,0,2,Yes
64,87722,693,30,68717,0.638,1,4,Yes
37,168960,303,11,6051,0.547,4,4,No
22,64348,833,10,50043,0.463,3,0,No
33,38533,823,3,79297,0.457,2,0,No
51,177988,705,3,38540,0.588,3,1,No
49,86422,712,30,11749,0.236,0,0,No
48,159625,488,0,79207,0.318,3,2,No
47,143360,616,26,5827,0.446,4,2,No
35,33144,838,6,58292,0.394,2,4,No
51,132578,730,26,76544,0.556,1,0,No
60,116045,639,25,91931,0.27,1,0,No
35,161509,818,25,39664,0.3,3,2,Yes
53,115083,729,19,75137,0.2,0,3,Yes
40,188590,726,1,58896,0.433,1,1,Yes
62,48830,821,0,28814,0.284,2,2,No
32,135581,814,18,89102,0.379,0,1,No
57,99285,599,16,8801,0.086,0,3,No
29,71553,353,10,36072,0.473,3,2,No
43,161987,461,4,92089,0.37,0,1,No
28,53695,748,5,45670,0.495,5,4,No
52,39703,510,26,16789,0.2,4,4,No
34,177550,746,21,36965,0.563,4,2,No
47,92918,369,5,23722,0.572,5,4,No
45,55128,600,22,56730,0.312,0,0,No
33,78250,367,16,48322,0.107,3,4,No
41,132777,581,19,82119,0.354,5,2,No
65,62126,453,9,65096,0.438,2,3,No
51,131616,761,9,77191,0.41,4,2,No
57,71799,523,30,46873,0.589,1,2,No
63,57907,667,30,35657,0.601,2,4,Yes
25,32644,488,8,83231,0.423,0,1,No
33,59583,685,25,5230,0.435,0,2,No
48,79560,340,27,81931,0.128,4,4,No
63,135634,816,17,83332,0.286,3,1,Yes
45,171257,429,12,86411,0.248,3,0,No
55,130589,321,7,54940,0.257,2,1,No
59,66988,340,10,93090,0.486,4,3,No
27,166518,452,6,84037,0.343,1,0,No
58,48162,649,6,36319,0.352,5,3,No
52,170222,308,28,22050,0.199,0,1,No
23,197376,346,2,42311,0.15,4,0,No
65,120373,629,15,41387,0.296,1,0,Yes
59,61003,302,30,70597,0.085,0,1,No
57,76746,708,12,40246,0.146,3,4,No
42,91923,335,17,76905,0.541,2,4,No
28,157055,542,17,45831,0.312,1,1,No
37,152310,733,11,98505,0.636,4,2,No
47,72114,717,12,33968,0.053,3,1,No
53,122687,518,30,54369,0.602,4,1,No
37,76274,500,2,74036,0.441,2,2,No
62,44378,693,29,86998,0.424,5,2,No
32,32548,838,2,32388,0.554,2,0,No
47,64621,568,25,71071,0.426,5,1,No
28,111901,423,1,29978,0.071,5,1,No
43,140423,699,6,70360,0.593,1,0,No
62,114673,580,1,20427,0.574,2,4,No
49,177603,732,5,84331,0.362,5,3,Yes
40,42870,699,12,85167,0.126,2,2,No
36,70738,301,10,29669,0.543,4,4,No
37,92537,628,4,5191,0.368,1,2,No
36,170828,682,6,8754,0.246,2,0,Yes
39,82707,377,10,45953,0.646,0,1,No
28,196902,631,26,41813,0.149,3,1,No
58,166118,462,6,36145,0.149,2,1,No
58,179724,449,7,15682,0.41,2,4,No
49,80029,804,3,57271,0.21,2,3,No
61,61956,449,9,83125,0.297,5,0,No
56,38886,346,28,33212,0.194,3,1,No
46,111281,661,20,50843,0.52,4,4,No
51,129653,673,25,19313,0.215,1,1,Yes
64,187895,394,28,34818,0.555,1,4,No
32,195020,400,19,76733,0.492,1,2,No
37,169394,689,28,68412,0.229,1,0,Yes
35,136705,381,14,70021,0.529,1,2,No
29,140431,712,22,37192,0.241,0,3,Yes
59,31162,302,14,10184,0.294,5,4,No
62,139227,312,18,6442,0.097,4,3,No
32,107293,463,9,78351,0.391,4,0,No
52,161977,644,1,24079,0.54,2,3,No
45,143815,465,15,88905,0.424,3,0,No
59,151614,374,19,91955,0.381,1,3,No
38,135580,359,29,9111,0.589,1,2,No
35,82483,681,4,89426,0.315,4,3,No
52,63457,372,26,72568,0.647,4,3,No
26,109940,422,16,17607,0.326,3,3,No
64,171452,766,2,44885,0.436,5,1,Yes
63,171580,588,7,61040,0.078,3,4,No
55,44676,815,10,31401,0.469,3,2,No
54,113796,780,4,34324,0.242,1,1,No
58,97433,536,16,17266,0.127,4,2,No
25,145026,471,3,41643,0.139,5,4,No
38,157636,684,23,85565,0.355,0,4,No
36,169942,745,28,44270,0.404,5,2,Yes
28,39219,506,7,23132,0.472,3,1,No
45,175952,449,1,43736,0.318,5,2,No
52,145082,450,15,57342,0.569,5,1,No
46,166451,412,8,46396,0.091,5,3,No
42,27948,531,25,70057,0.123,3,1,No
51,60902,787,16,31152,0.187,4,1,No
63,33969,682,9,82930,0.111,0,4,No
30,87805,673,23,73643,0.504,1,1,No
32,45646,546,23,54654,0.268,1,2,No
48,80818,439,12,94348,0.413,5,1,No
26,28678,701,21,51107,0.509,0,2,No
40,118055,424,16,30520,0.378,1,2,No
25,140686,655,30,87243,0.37,1,4,No
43,148439,538,11,20490,0.32,3,4,No
29,155395,812,28,88872,0.467,2,3,No
49,143189,831,8,94267,0.368,4,0,Yes
36,29014,572,14,89290,0.292,3,2,No
42,161179,476,30,56655,0.421,4,3,No
28,127632,705,9,56734,0.627,2,2,No
40,62423,413,18,37325,0.535,4,1,No
34,145015,326,29,29858,0.318,0,0,No
59,147308,717,16,87337,0.415,3,2,No
57,128924,761,6,18048,0.285,3,1,Yes
54,132416,479,13,58440,0.362,2,2,No
31,57332,546,12,34683,0.49,5,0,No
60,130308,799,25,85163,0.553,0,4,Yes
53,190082,616,20,36578,0.087,1,0,No
51,113935,733,1,91536,0.149,2,3,No
64,27661,532,15,97523,0.398,4,3,No
54,160870,668,28,71072,0.472,2,2,Yes
27,178401,467,16,15317,0.446,5,1,No
43,50850,367,5,58963,0.2,5,1,No
27,159229,850,0,96831,0.443,0,0,Yes
45,62485,644,5,7094,0.327,3,0,Yes
23,161408,829,0,77529,0.197,5,1,No
58,141931,351,22,68561,0.581,4,3,No
40,67280,744,22,31195,0.368,1,1,No
54,141779,439,9,79426,0.567,1,1,No
64,138032,708,19,69673,0.301,1,2,No
64,104290,634,22,96951,0.43,0,4,Yes
50,30209,580,30,14668,0.54,3,0,No
37,86402,704,28,52133,0.247,3,2,No
30,32645,421,23,57224,0.565,2,0,No
55,63508,759,7,36257,0.261,0,1,No
40,127458,338,27,42062,0.171,0,0,No
38,82822,374,27,62939,0.494,4,3,No
65,125969,516,15,64249,0.251,1,2,No
64,162090,545,11,27975,0.622,1,0,No
47,182446,717,18,43934,0.533,2,0,Yes
56,161785,502,29,5168,0.188,5,1,No
43,136375,818,13,11981,0.642,5,3,No
52,120608,595,7,73042,0.268,1,4,No
30,121856,749,28,8404,0.385,1,3,Yes
31,138631,527,18,53321,0.094,1,1,No
58,26026,402,28,74552,0.075,3,4,No
26,95009,391,26,30918,0.227,5,1,No
61,116676,656,14,29460,0.057,2,2,No
54,107506,445,30,13914,0.217,1,3,No
56,119564,566,4,56104,0.363,0,0,No
57,58452,418,16,75006,0.465,5,0,No
37,28268,802,27,47264,0.201,0,0,No
60,105729,563,22,42861,0.294,0,4,No
60,118602,575,13,67701,0.28,4,2,No
32,156730,358,14,17903,0.247,0,2,No
41,59064,646,25,10660,0.283,1,2,No
60,190365,485,7,46326,0.343,0,2,No
39,68042,414,3,48756,0.169,0,3,No
23,130454,661,6,73182,0.329,2,4,No
38,163864,535,6,55178,0.206,4,3,No
39,162676,741,21,93253,0.088,1,3,Yes
26,63557,562,29,73369,0.178,5,2,No
36,32420,350,4,48320,0.61,3,2,No
28,194593,650,9,98107,0.353,1,0,No
38,48018,716,19,49591,0.64,2,2,No
63,150200,312,30,87903,0.185,1,3,No
59,88076,693,4,91124,0.225,1,3,No
32,30108,831,22,81683,0.434,3,1,No
65,117686,512,23,58374,0.263,2,4,No
30,95783,569,3,88909,0.267,2,3,No
27,98937,339,20,7117,0.556,1,4,No
21,173079,480,10,67383,0.068,1,2,No
56,166069,564,5,37022,0.45,4,2,No
41,30261,405,14,43534,0.578,5,0,No
57,96520,786,10,51105,0.155,3,4,No
44,45926,703,24,50880,0.292,0,4,No
45,173216,689,25,44704,0.535,0,2,Yes
27,181975,422,21,72778,0.371,4,4,No
62,157249,336,6,61014,0.265,0,2,No
37,85952,802,23,98862,0.426,2,0,No
49,165240,826,18,69165,0.245,1,2,Yes
50,142180,391,4,47924,0.426,0,2,No
27,158461,399,3,62663,0.137,1,0,No
53,31364,754,0,77746,0.185,3,1,No
27,154133,693,15,64526,0.059,5,0,No
44,52033,804,11,84531,0.161,4,4,No
31,73545,416,19,36750,0.128,1,0,No
29,36865,790,17,63445,0.409,2,3,No
32,43936,641,19,98373,0.617,2,0,No
55,102863,725,1,57114,0.179,3,2,No
24,122788,769,12,45992,0.128,1,3,No
56,125614,433,11,76997,0.371,4,1,No
48,159813,479,3,71676,0.159,4,4,No
33,130589,511,3,20437,0.375,5,4,No
43,114537,817,12,94538,0.353,4,0,No
39,159911,712,26,63909,0.062,2,3,Yes
62,130885,656,2,68611,0.629,2,2,No
57,44139,752,20,61154,0.171,3,0,Yes
59,77749,734,24,91563,0.587,2,0,No
44,50036,376,16,48877,0.28,0,0,No
36,128541,582,6,83538,0.145,0,4,No
53,157812,836,25,65010,0.114,4,3,No
32,83788,720,12,26091,0.356,3,1,No
54,56611,450,14,93207,0.267,4,0,No
27,187181,802,13,5592,0.601,4,3,No
31,44481,814,15,27546,0.171,2,0,No
51,30247,634,16,72746,0.484,0,2,No
49,177455,711,25,10413,0.161,3,3,No
33,50319,554,30,78903,0.573,0,2,No
51,195406,517,15,66761,0.356,5,2,No
22,48728,507,27,36733,0.549,2,3,No
59,124156,589,30,84718,0.313,2,1,Yes
35,186514,584,15,74466,0.155,1,0,No
31,111846,815,27,48706,0.374,5,0,Yes
54,67521,531,0,12218,0.214,5,4,No
59,89777,631,13,80712,0.161,2,2,Yes
24,168209,506,1,22217,0.592,2,0,No
31,199708,660,25,14332,0.381,0,4,No
49,170977,650,21,36027,0.53,3,2,Yes
22,112309,672,26,70870,0.516,0,3,No
36,55024,400,29,34045,0.051,0,1,No
59,42702,843,8,85192,0.582,1,1,Yes
33,172577,769,18,50483,0.514,0,1,Yes
57,155225,430,4,58367,0.211,3,3,No
37,86071,828,23,57799,0.188,3,4,No
41,164570,776,9,30562,0.084,1,2,Yes
64,102710,547,5,97455,0.105,0,0,No
39,83456,674,2,52703,0.167,2,2,No
27,185805,695,1,58818,0.052,2,4,Yes
58,129280,377,28,53049,0.239,2,2,No
28,82158,340,18,30941,0.603,3,3,No
33,148225,557,5,29334,0.383,2,0,No
57,155299,480,20,74879,0.398,3,2,No
22,28911,589,23,59636,0.192,4,2,No
61,98876,424,9,82076,0.185,1,3,No
31,192744,767,17,50146,0.27,4,4,No
44,95412,534,13,68247,0.207,5,4,No
26,88804,799,27,53376,0.565,5,4,No
46,86727,373,1,70582,0.156,0,0,No
27,31440,304,3,92245,0.455,2,3,No
59,171823,417,28,91339,0.344,5,4,No
39,168802,613,14,71124,0.456,3,2,No
26,89792,500,24,28812,0.551,3,1,No
63,177452,842,20,71663,0.255,3,3,No
49,53972,729,22,53032,0.374,1,4,Yes
63,89385,458,22,39425,0.349,0,4,No
59,146257,600,5,93940,0.274,1,1,No
22,193185,719,27,5484,0.537,2,0,No
39,166221,557,5,88238,0.056,5,0,No
24,80014,361,8,32986,0.236,4,1,No
26,63402,461,19,20849,0.549,1,0,No
57,150679,385,17,69678,0.573,1,2,No
48,107917,312,22,23898,0.466,2,1,No
50,122895,574,30,36902,0.254,4,4,No
27,156315,716,21,81533,0.543,4,4,No
29,147655,423,3,24533,0.1,1,2,No
45,158486,348,0,37216,0.209,3,4,No
53,159928,302,3,86415,0.105,3,2,No
21,96799,570,21,77579,0.116,2,3,No
26,147626,849,26,37675,0.406,5,1,Yes
38,155551,452,2,24307,0.093,0,1,No
30,83949,616,12,70245,0.458,5,2,No
48,66392,733,14,45423,0.259,2,3,Yes
31,168542,821,28,63213,0.083,2,4,Yes
53,169844,789,0,99308,0.221,3,4,No
21,183454,498,27,74224,0.29,4,1,No
33,109944,735,15,63294,0.27,2,0,No
57,149052,516,1,46593,0.356,0,0,No
40,169656,809,5,26970,0.352,5,4,No
21,179463,339,0,88433,0.266,5,0,No
23,110376,788,21,19762,0.59,0,0,Yes
38,193037,548,30,91737,0.182,4,0,Yes
61,129128,384,16,62598,0.254,4,2,No
34,37097,703,16,94876,0.382,3,3,No
51,142540,328,21,30787,0.197,5,4,No
47,174911,336,28,98482,0.14,5,1,No
37,147202,806,0,7512,0.054,1,0,No
49,62693,831,15,42588,0.617,1,3,Yes
56,76988,559,27,49534,0.521,3,3,Yes
57,74769,554,8,66002,0.583,4,3,No
46,150476,385,1,34628,0.074,0,3,No
37,152266,711,24,67031,0.094,3,3,No
42,158541,687,20,19408,0.381,2,2,Yes
45,168540,699,4,70302,0.064,5,4,No
22,195097,721,25,18414,0.213,1,2,No
42,153237,632,7,38026,0.634,4,3,No
25,159237,752,0,69176,0.264,5,1,No
24,82603,448,8,82381,0.638,0,2,No
56,68251,469,13,78875,0.121,2,0,No
26,72526,624,16,90198,0.281,2,2,No
41,127734,527,4,25077,0.053,1,0,No
33,132542,625,7,45695,0.405,1,3,No
57,53942,304,16,48589,0.255,5,1,No
45,70017,451,20,19750,0.352,1,3,No
46,85555,520,28,71447,0.527,0,1,No
59,188281,456,11,24484,0.381,4,4,No
40,64365,557,18,13469,0.449,1,4,No
53,157479,305,7,84527,0.333,4,4,No
34,50976,589,28,30499,0.499,0,2,No
56,66969,503,18,26966,0.412,4,3,No
37,194397,577,11,59356,0.57,0,0,No
41,40515,433,7,52168,0.504,2,0,No
36,192246,746,10,85029,0.189,0,1,Yes
36,161772,645,10,72513,0.365,5,1,No
40,98663,415,30,47241,0.575,4,0,No
49,78379,612,14,10572,0.565,4,0,No
48,52391,720,1,22163,0.336,1,1,No
28,92081,472,25,40076,0.238,2,2,No
44,82284,468,29,19049,0.176,3,2,No
23,107054,402,2,83027,0.167,0,1,No
45,126163,527,28,17058,0.136,3,2,Yes
39,118590,432,0,97737,0.65,5,3,No
53,103593,510,0,97716,0.448,0,0,No
22,84485,408,3,37293,0.239,5,2,No
35,59032,492,20,18762,0.226,5,4,No
42,43156,656,29,93377,0.233,0,4,No
30,74316,820,18,90347,0.573,2,1,No
38,135916,725,17,85961,0.358,1,4,No
42,138881,373,0,56816,0.213,2,1,No
47,118099,395,18,65009,0.529,3,2,No
33,197651,428,0,41661,0.5,3,4,No
53,147441,642,25,39796,0.331,0,0,Yes
25,118263,670,9,10976,0.463,1,1,No
46,130118,700,21,72587,0.493,4,4,Yes
33,84235,521,12,19774,0.08,4,4,No
47,77904,811,26,27153,0.575,1,2,Yes
34,106721,804,18,68864,0.222,5,1,No
44,192812,634,27,42931,0.639,0,0,Yes
23,142920,673,19,59992,0.595,5,0,No
50,98130,785,7,87880,0.062,4,3,No
55,163271,306,25,7946,0.423,5,4,No
34,195104,688,30,37829,0.629,5,1,Yes
32,160552,735,4,37772,0.389,0,3,No
48,186507,415,10,56243,0.419,5,0,No
64,186192,402,20,10620,0.609,2,0,No
49,27607,302,7,92112,0.394,3,1,No
63,99116,843,25,99382,0.197,1,0,Yes
37,178098,379,25,21397,0.326,2,1,No
60,42173,695,27,34714,0.26,4,2,No
41,59262,688,13,76180,0.15,5,3,No
43,72156,559,11,94620,0.178,2,1,No
40,124124,611,10,12102,0.087,2,3,No
31,144828,635,12,53362,0.151,4,4,No
54,102764,509,9,99785,0.206,2,4,No
30,153855,810,19,97957,0.505,1,0,Yes
30,142057,747,28,28702,0.27,4,1,Yes
63,89314,344,7,72775,0.465,4,2,No
26,176521,703,9,25096,0.648,0,0,Yes
56,118242,608,20,32585,0.399,5,1,No
44,55466,526,5,62950,0.418,4,4,No
32,141151,648,0,34340,0.381,5,0,No
63,141595,412,8,40725,0.287,4,3,No
43,113121,329,3,27532,0.161,3,3,No
47,49279,575,0,40274,0.637,0,4,No
65,36837,661,22,82677,0.337,1,0,No
57,49209,386,9,58736,0.612,2,0,No
26,37220,735,19,6056,0.206,3,4,No
21,160037,321,20,98276,0.115,5,4,No
26,198348,684,26,89805,0.432,0,3,Yes
42,129304,320,6,53556,0.561,4,3,No
61,183302,790,22,39569,0.447,4,1,Yes
44,66920,766,24,26752,0.496,0,0,No
45,86544,755,24,7003,0.415,0,1,No
35,153260,520,6,75728,0.498,3,2,No
46,150534,797,27,19992,0.257,3,3,Yes
28,118406,458,25,45675,0.284,3,3,No
44,107909,442,24,31678,0.518,0,2,No
58,119691,344,4,40200,0.531,0,3,No
26,137958,750,1,8434,0.1,3,4,No
55,124010,535,8,18712,0.06,3,4,No
62,48036,524,5,56000,0.45,0,1,No
21,151995,707,21,57902,0.101,4,0,Yes
56,90322,593,8,49687,0.153,3,4,No
32,29847,579,14,30140,0.168,3,4,No
58,75772,716,12,74722,0.356,0,1,Yes
31,37893,446,14,63116,0.171,1,2,No
32,160721,770,0,79085,0.159,1,2,No
62,186643,348,14,93327,0.056,3,4,No
59,36613,316,17,74064,0.51,5,4,No
27,78833,448,10,30484,0.132,2,0,No
31,87423,511,2,14218,0.391,1,4,No
56,114964,362,0,33721,0.23,5,3,No
51,143268,835,3,13501,0.16,3,2,Yes
53,137242,844,1,30143,0.258,2,0,No
33,197454,786,15,36840,0.204,0,2,Yes
38,113069,779,18,51988,0.31,5,0,No
61,100642,343,15,38395,0.464,2,4,No
44,105984,755,11,47617,0.081,3,4,No
29,103669,810,7,50015,0.16,1,2,No
51,169780,654,26,96697,0.098,5,1,No
61,162162,311,3,82929,0.631,1,2,No
30,117170,655,15,98015,0.394,0,0,No
22,116757,436,8,55515,0.542,1,1,No
58,136088,773,21,23714,0.21,5,2,Yes
35,105928,352,14,33059,0.587,4,1,No
23,199824,412,11,9067,0.427,1,1,No
63,125840,777,16,65768,0.294,5,4,No
51,175715,634,21,15681,0.41,2,4,Yes
26,195719,716,22,49670,0.126,1,3,No
23,109431,366,27,35214,0.238,5,1,No
31,174546,619,14,17109,0.374,2,3,No
35,193474,553,3,93243,0.434,4,3,No
65,172576,700,7,67194,0.18,0,0,Yes
48,31768,599,30,8111,0.645,5,2,No
30,138661,304,30,63590,0.55,4,3,No
58,156692,745,27,51962,0.398,5,3,No
27,176519,534,30,74622,0.634,3,3,No
35,44118,746,25,79590,0.358,2,3,No
38,150551,338,2,49269,0.618,0,1,No
38,35200,499,6,96546,0.501,4,2,No
61,124066,320,6,32551,0.18,0,0,No
44,83704,373,14,54774,0.293,3,0,No
22,78487,448,19,82597,0.208,3,0,No
60,138373,583,16,76255,0.483,4,3,No
40,54840,385,27,16989,0.51,2,4,No
54,43435,401,9,86155,0.461,4,2,No
63,72897,830,15,94042,0.377,1,2,No
46,146677,362,15,17248,0.291,3,3,No
27,53484,849,25,89484,0.641,0,1,No
58,194730,707,21,54628,0.067,5,2,No
50,162125,472,14,13328,0.124,0,3,No
62,152069,820,25,39422,0.409,3,4,No
25,154548,820,27,11706,0.503,0,3,No
31,196717,832,27,32109,0.625,2,4,No
21,158617,323,11,55087,0.344,4,4,No
54,120495,394,6,62396,0.21,5,0,No
21,102213,595,2,37353,0.568,4,0,No
39,33560,479,27,41039,0.314,1,4,No
22,159734,430,20,83794,0.127,1,0,No
41,139041,832,23,76649,0.363,0,3,Yes
40,64497,307,22,41589,0.365,0,1,No
43,77606,500,1,7911,0.188,3,1,No
41,87112,684,3,34087,0.135,5,3,No
44,103334,825,22,20024,0.135,5,3,Yes
24,95344,847,29,12940,0.544,5,0,No
32,33048,705,26,29095,0.351,1,1,No
42,103643,672,24,68620,0.492,5,1,No
40,162592,463,22,97639,0.627,5,2,No
38,173000,822,7,53960,0.525,1,1,No
21,179573,653,9,72269,0.144,2,1,Yes
50,192263,708,11,88942,0.302,5,0,No
53,54476,810,11,46112,0.348,5,0,No
44,183020,511,8,54050,0.471,4,1,No
34,160555,644,10,72949,0.629,0,4,No
56,81123,310,12,37845,0.221,3,2,No
25,135831,635,30,58871,0.567,1,4,No
31,64887,639,0,52176,0.093,3,2,No
44,113780,557,2,51619,0.573,1,3,No
51,128739,353,21,87417,0.467,2,2,No
33,86055,595,23,71135,0.067,1,3,No
36,187329,516,10,63046,0.416,0,3,No
44,43327,687,29,27472,0.609,5,0,No
33,125023,406,14,86955,0.31,0,3,No
44,180938,772,6,26734,0.12,2,4,No
46,165238,307,27,32492,0.643,4,2,No
22,121279,843,15,71025,0.3,5,0,Yes
36,34042,467,5,84671,0.367,3,1,No
58,168041,630,19,36649,0.63,5,2,Yes
21,97739,336,23,50634,0.401,2,4,No
31,88588,530,9,55470,0.456,0,3,No
55,160713,482,3,44977,0.476,4,0,No
63,53536,591,5,76331,0.502,5,1,No
49,39546,821,29,44745,0.53,2,2,Yes
57,140429,369,11,50584,0.095,2,2,No
37,170174,536,2,61818,0.611,0,0,No
59,123895,763,27,26045,0.377,1,0,Yes
62,125523,417,11,93168,0.37,1,0,No
48,34029,490,22,66592,0.551,4,1,No
49,167394,805,15,88348,0.234,2,4,No
63,132029,803,11,77092,0.444,5,3,No
23,144148,700,14,49930,0.24,4,0,No
30,37654,616,21,31598,0.507,2,4,No
62,81663,521,22,35539,0.31,4,3,No
34,163580,488,30,64446,0.162,0,4,Yes
32,47132,591,20,92218,0.595,2,0,No
62,90800,522,20,43745,0.502,1,0,No
50,172097,716,17,5806,0.059,0,2,Yes
52,136653,706,15,53798,0.089,0,3,Yes
52,141722,337,5,85034,0.277,4,2,No
62,142890,752,16,7171,0.518,2,2,No
52,145885,506,22,88451,0.216,1,3,No
46,92607,699,2,20358,0.644,5,2,No
21,181042,486,17,67234,0.601,1,2,No
62,72736,659,10,30242,0.569,2,2,No
22,32840,305,22,17151,0.055,4,3,No
37,54654,432,24,70814,0.628,2,4,No
50,102385,772,16,81401,0.405,3,4,No
59,178514,812,5,43107,0.405,1,1,No
27,162702,382,23,90237,0.109,2,4,No
47,38008,676,17,7638,0.416,1,1,No
29,93395,634,4,71535,0.367,3,1,No
42,158465,401,30,61388,0.375,3,3,No
54,104627,587,15,25313,0.165,2,1,No
21,125354,330,28,71030,0.376,3,4,No
29,93657,613,28,59128,0.093,1,4,No
40,99652,453,27,76317,0.063,4,4,No
39,95507,452,19,47740,0.178,0,0,No
56,155007,531,9,9475,0.531,0,0,No
60,151162,420,27,76680,0.412,0,3,No
65,54644,484,15,16406,0.587,5,0,No
24,61122,755,2,85820,0.283,0,4,No
29,159469,687,9,75749,0.26,2,2,No
61,143456,525,23,54218,0.47,4,2,No
42,102948,494,17,30029,0.294,3,0,No
38,77133,325,15,59238,0.279,3,4,No
32,73519,493,16,17983,0.33,2,2,Yes
62,96057,318,16,20640,0.119,4,3,No
63,54151,836,9,6354,0.172,4,2,No
59,159544,563,4,29637,0.412,1,2,Yes
29,76769,814,24,55090,0.415,3,1,Yes
26,161553,770,3,85013,0.404,4,1,No
39,195049,538,14,29944,0.17,4,4,No
27,175955,588,15,12544,0.311,3,0,No
36,49265,667,22,61755,0.603,5,1,No
25,77744,711,17,41378,0.567,1,0,No
36,131927,321,18,61371,0.384,3,3,No
21,145742,653,9,49264,0.591,4,4,No
57,48656,841,10,50056,0.455,3,1,No
59,34304,719,8,67852,0.297,4,1,No
39,111616,614,4,97983,0.516,4,2,No
57,70911,628,5,23623,0.231,0,3,Yes
37,68013,769,2,21148,0.563,5,3,No
46,102981,762,12,24047,0.248,5,1,No
42,65314,739,5,32873,0.527,2,1,No
28,47857,547,10,38601,0.219,0,2,No
53,184966,470,28,51583,0.6,2,2,No
22,194642,578,15,44282,0.161,0,1,No
50,64420,447,10,95129,0.481,3,0,No
40,146015,442,9,61846,0.295,4,4,No
38,52734,370,15,32309,0.061,2,4,No
63,61219,610,23,89000,0.249,0,2,No
30,91972,766,13,33915,0.172,5,4,No
44,147775,340,15,18578,0.383,1,4,No
24,80813,655,25,53050,0.206,2,3,No
57,167079,443,16,40356,0.094,1,1,No
24,184413,578,25,69007,0.622,5,1,No
33,103649,770,23,13128,0.557,4,1,No
45,127715,357,7,63909,0.077,4,2,No
33,29841,467,22,27378,0.213,5,3,No
38,196801,465,3,54737,0.428,4,4,No
44,109647,672,16,78516,0.243,4,3,No
22,101629,381,9,21958,0.219,1,2,No
53,98082,433,1,56720,0.408,0,0,No
39,82804,663,11,59065,0.167,1,2,Yes
29,77006,784,28,33982,0.439,5,1,No
48,177656,345,25,59762,0.104,2,0,No
55,149582,561,18,16023,0.245,4,0,No
59,175433,768,20,19338,0.119,1,3,Yes
30,105020,521,18,63881,0.228,5,0,No
21,155328,391,30,68931,0.46,5,1,No
62,39101,318,29,44367,0.508,1,1,No
41,198846,569,28,31360,0.137,1,1,Yes
29,198773,714,7,71364,0.498,5,2,No
35,38261,546,5,89485,0.101,4,3,No
55,169281,601,18,94068,0.18,4,2,No
25,53647,315,17,62970,0.35,2,4,No
61,164293,802,13,61941,0.633,3,1,Yes
42,110413,694,2,30589,0.634,2,3,No
61,50557,483,17,75412,0.337,0,1,No
43,163598,740,27,77277,0.533,4,0,No
27,128585,549,18,9178,0.382,1,3,No
43,157323,675,24,18227,0.501,3,3,No
64,57588,757,14,17167,0.442,4,4,No
45,31889,387,15,51104,0.468,1,2,No
47,136688,645,16,62504,0.314,5,2,No
61,135990,689,2,19528,0.55,0,1,No
26,54146,479,22,27336,0.317,4,1,No
54,77318,675,17,86012,0.473,3,0,Yes
29,62638,482,12,60768,0.572,4,0,No
53,26147,628,11,76218,0.443,3,3,No
26,158919,789,18,35846,0.356,3,0,No
57,110770,499,21,69829,0.367,5,4,No
51,85335,778,27,85730,0.475,3,3,No
54,189460,754,1,88515,0.105,2,2,Yes
61,89347,739,0,59199,0.432,0,0,No
49,196055,798,9,26277,0.275,5,0,No
34,199892,455,17,98384,0.131,4,0,No
56,141830,758,26,9641,0.598,4,1,No
56,182148,482,11,36335,0.349,5,1,No
35,186824,735,12,48815,0.324,5,4,No
28,41003,345,3,20726,0.375,3,4,No
46,42710,543,20,10642,0.424,1,0,No
56,90657,455,0,8278,0.167,3,1,No
41,193153,693,3,76154,0.425,4,0,No
48,137286,548,20,6308,0.261,4,4,No
24,45655,554,19,7781,0.479,4,3,No
36,164555,661,17,93586,0.513,3,1,No
42,65094,676,16,70920,0.054,3,0,No
32,197522,452,19,10584,0.48,2,3,No
36,143116,539,13,52294,0.262,5,0,No
60,181281,759,1,97141,0.232,5,2,No
58,71316,451,13,12883,0.274,4,3,No
62,43556,739,9,56770,0.395,4,0,No
57,184034,539,24,14707,0.119,4,4,No
49,171710,482,19,85474,0.469,3,2,No
38,63754,609,29,58902,0.317,4,4,No
30,127211,558,2,99814,0.146,5,3,No
62,79376,759,14,99267,0.356,3,4,No
59,169425,730,6,98217,0.394,0,4,No
38,110388,799,26,89669,0.258,2,3,No
21,38771,375,29,82839,0.59,0,4,No
59,91026,596,14,36638,0.468,1,3,No
41,152540,661,18,92328,0.447,5,0,No
21,160335,482,25,86021,0.082,0,1,No
35,163841,358,11,68068,0.351,2,4,No
24,181406,705,23,46983,0.56,5,2,No
40,188821,826,20,66919,0.451,1,3,Yes
30,167707,486,3,15639,0.19,5,4,No
43,90110,324,0,92118,0.567,4,3,No
61,157976,598,4,80476,0.272,4,2,No
54,95805,491,8,51221,0.599,4,0,No
53,55968,430,7,91804,0.357,2,4,No
54,26650,803,13,30815,0.522,1,3,No
59,37467,506,13,17664,0.417,1,1,No
30,126495,537,3,77518,0.225,1,4,No
40,123331,491,24,51238,0.442,5,4,No
21,60518,327,6,13213,0.056,5,0,No
33,29357,406,1,41888,0.551,4,1,No
21,118837,522,10,14773,0.629,3,3,No
25,35865,679,6,71601,0.174,0,3,No
36,139559,728,30,56744,0.58,3,1,No
35,93368,383,19,68075,0.151,3,2,No
48,126413,797,28,84772,0.345,2,4,No
51,86039,536,20,9910,0.226,0,3,No
43,121939,448,16,36301,0.165,3,3,Yes
65,158993,334,26,48505,0.503,3,0,No
63,124737,396,14,73919,0.534,4,1,No
37,29428,532,29,99409,0.553,3,4,No
54,113783,706,3,37611,0.055,3,0,No
33,138823,824,1,99767,0.559,5,2,No
34,77557,788,8,17082,0.081,2,3,Yes
31,120983,703,27,45137,0.319,5,0,Yes
48,139039,522,11,40279,0.155,4,2,No
62,168438,702,29,16150,0.594,4,4,Yes
52,71923,750,23,72952,0.396,5,0,No
55,186636,483,18,52329,0.331,3,1,No
51,143602,576,22,75573,0.317,0,1,No
37,100511,685,22,11247,0.293,5,0,No
29,143410,792,28,10941,0.334,1,1,Yes
30,158714,594,21,69949,0.389,0,2,No
28,130881,360,18,85846,0.54,0,0,No
41,169921,445,24,80328,0.193,0,4,No
33,127015,825,24,85375,0.533,3,3,No
25,175416,482,21,44357,0.548,4,3,No
26,46214,614,2,49485,0.561,2,0,No
50,194298,335,19,92034,0.615,4,0,No
51,178594,355,4,65330,0.624,3,2,No
37,31680,340,8,50573,0.115,4,2,No
31,168579,682,18,65786,0.577,3,0,No
40,142028,468,8,75083,0.557,0,1,No
29,99955,470,20,6673,0.276,1,4,No
22,141416,755,21,42495,0.465,4,4,No
57,143273,790,17,21554,0.606,1,2,No
21,74353,593,15,79108,0.105,5,1,No
24,129289,563,1,73214,0.263,1,2,No
56,69233,546,29,8317,0.634,1,0,No
45,163944,447,27,47632,0.379,3,0,No
23,32839,740,11,59080,0.105,2,4,No
29,171724,661,17,63034,0.627,4,0,No
42,162931,521,22,76351,0.592,0,0,No
43,189592,407,28,46680,0.534,1,1,No
32,103840,514,26,60678,0.526,3,0,No
30,145029,429,10,14072,0.342,2,4,No
54,94516,599,21,86035,0.575,2,3,No
63,195165,734,22,54709,0.233,1,4,No
30,74620,661,28,52464,0.265,3,1,No
50,25425,523,2,85742,0.18,4,0,No
42,98677,786,19,27287,0.292,2,0,Yes
26,75727,673,26,67541,0.19,5,0,No
22,94642,407,21,7606,0.254,2,2,No
50,110623,650,2,25923,0.464,1,2,Yes
22,26408,722,14,54720,0.308,3,3,No
52,80337,691,11,80838,0.511,3,2,No
62,64612,375,29,26789,0.337,3,2,No
36,195235,549,0,94836,0.134,3,1,No
32,152948,540,21,91020,0.495,5,4,No
21,40843,525,25,10774,0.09,1,4,No
28,53477,772,10,45825,0.615,1,3,No
33,146099,562,25,29350,0.555,2,1,No
35,183402,314,1,66329,0.628,2,0,No
64,119747,640,28,32212,0.199,4,3,No
28,193641,795,22,91442,0.339,0,4,Yes
30,73114,740,28,56179,0.166,2,4,No
25,92294,849,20,88711,0.303,1,4,No
39,63548,336,13,89018,0.196,4,0,No
58,87598,474,0,39187,0.562,2,4,No
31,119705,735,24,23804,0.123,4,1,Yes
63,167332,592,17,79706,0.185,5,3,Yes
40,57350,600,17,10522,0.208,5,2,No
40,197813,638,14,80405,0.493,1,2,No
41,123214,322,25,41176,0.428,3,4,No
38,153885,649,25,52681,0.132,4,2,No
30,70181,365,3,10734,0.413,3,2,No
54,151310,694,1,59776,0.558,0,4,Yes
46,108446,732,14,12124,0.321,2,4,No
50,156912,328,12,13371,0.417,1,2,No
29,173797,382,9,80158,0.369,4,2,No
51,37299,775,14,84965,0.265,3,0,No
62,75652,734,5,73160,0.052,5,0,No
24,96095,432,28,68493,0.162,1,4,No
26,188669,414,20,16470,0.618,4,0,No
34,164779,333,9,22827,0.263,3,2,No
24,73943,377,25,36961,0.228,0,3,No
46,134958,574,2,52605,0.418,3,4,No
59,134575,643,12,87749,0.592,5,4,No
37,132643,380,17,15938,0.231,0,4,No
39,118555,371,5,11593,0.184,3,0,No
26,113377,444,13,39570,0.591,3,2,No
49,110176,337,17,17906,0.514,2,2,No
31,125898,773,10,7671,0.472,1,2,No
36,100276,470,19,23569,0.384,0,4,No
50,141774,339,14,25483,0.305,1,0,No
45,159227,472,20,81690,0.433,5,3,No
60,48572,723,12,37473,0.18,2,2,No
31,91514,498,15,71001,0.54,3,0,No
27,109967,521,26,45959,0.3,0,2,No
46,60357,749,23,9669,0.503,5,4,No
42,141694,727,11,69937,0.537,2,0,No
45,179239,747,0,61348,0.095,2,0,No
39,96478,731,22,82006,0.455,0,1,No
51,43983,621,13,48947,0.232,5,2,No
46,60276,451,21,47495,0.265,3,0,No
62,96451,344,2,33448,0.49,0,4,No
61,158117,623,9,97585,0.624,5,1,No
56,114716,711,25,78098,0.532,4,2,No
43,131743,560,30,12891,0.225,2,4,No
33,67344,518,9,12642,0.475,4,0,No
45,34564,346,0,34941,0.247,1,2,No
22,36105,602,17,47354,0.314,5,1,No
22,81754,489,16,70272,0.124,2,0,No
36,139069,635,18,44554,0.551,5,0,Yes
29,45056,519,0,31575,0.438,5,1,No
48,88565,418,25,59299,0.568,3,2,No
33,138097,381,4,24571,0.184,2,3,No
55,72689,312,25,26940,0.128,4,4,No
61,57135,777,5,54903,0.539,3,0,No
33,57812,598,0,66454,0.577,2,1,No
51,141773,391,29,68527,0.153,5,4,No
41,178844,575,16,63841,0.435,0,1,No
52,105957,603,11,28075,0.149,1,0,No
54,117652,572,3,40098,0.059,4,0,No
28,32775,711,3,99449,0.375,2,0,No
61,79523,335,23,50186,0.62,5,3,No
22,166779,721,9,15370,0.404,4,3,No
58,38372,777,22,41438,0.307,1,2,No
52,131252,801,22,66124,0.219,4,0,Yes
60,90106,637,24,18121,0.219,0,4,No
48,78475,709,7,72771,0.208,1,2,Yes
57,146314,762,11,36203,0.175,0,2,No
61,153814,812,28,49156,0.09,3,2,No
21,148502,380,26,6665,0.504,5,3,No
61,82201,778,26,72698,0.239,0,4,Yes
30,184029,685,27,25942,0.144,4,4,Yes
24,81243,719,11,43721,0.413,4,4,No
55,148364,739,30,74731,0.611,1,2,Yes
30,100542,334,27,14691,0.463,3,0,No
31,190065,800,2,13909,0.165,0,1,Yes
34,190088,483,15,66195,0.298,4,3,No
58,181426,447,3,31594,0.545,4,0,No
32,73637,563,23,5903,0.08,2,2,Yes
65,144714,788,29,15847,0.252,2,2,Yes
37,151580,581,4,6811,0.283,1,1,No
36,129002,501,28,97402,0.322,1,0,No
55,160920,716,14,74710,0.385,2,4,No
22,67673,616,20,29766,0.346,4,3,No
31,167855,527,23,16929,0.148,3,1,No
61,89694,367,7,58144,0.3,3,4,No
23,136692,779,28,5824,0.271,5,2,Yes
49,78907,400,21,51802,0.608,1,1,No
38,166996,542,29,75459,0.496,1,4,No
40,95178,389,24,67966,0.57,5,0,No
34,95732,426,19,41978,0.476,2,2,No
54,45152,698,9,7527,0.084,2,1,No
51,33072,601,30,25246,0.334,3,0,No
60,106501,793,0,32583,0.517,0,3,No
62,132992,720,9,92565,0.405,4,2,No
38,46942,441,17,84957,0.505,0,4,No
50,117379,552,16,71269,0.627,4,1,No
45,30490,372,3,29155,0.198,3,1,No
39,177791,513,24,70019,0.64,0,1,No
28,63684,678,26,37551,0.122,1,2,No
48,43894,598,21,22592,0.602,1,1,No
28,186909,678,12,55717,0.166,3,2,No
51,134830,791,29,81674,0.482,3,4,No
23,77812,603,29,46719,0.52,0,2,No
23,85161,797,21,98410,0.537,1,2,No
64,44104,536,5,82763,0.313,1,2,No
42,139863,529,0,26857,0.152,5,2,No
37,171212,306,0,90100,0.528,0,1,No
56,118272,555,2,81490,0.437,5,3,No
37,148518,470,4,19668,0.205,1,2,No
34,33152,587,17,11721,0.286,0,2,No
29,73486,533,26,20011,0.229,0,1,Yes
50,127696,792,11,78652,0.599,3,1,No
41,63147,510,0,44349,0.532,2,2,No
32,164738,666,8,31527,0.58,3,3,No
57,59726,528,26,90334,0.081,0,3,No
52,129983,644,16,13110,0.447,0,1,Yes
31,130652,376,28,61656,0.211,5,0,No
40,96420,759,12,59993,0.499,1,3,No
55,102848,564,13,57895,0.585,1,0,No
31,148228,803,26,68503,0.51,3,2,No
28,159892,544,10,21525,0.597,3,1,No
24,160394,728,29,46025,0.289,2,4,No
47,63235,390,10,67149,0.424,4,0,No
64,135629,744,3,12129,0.335,2,0,No
60,128806,532,8,60222,0.548,0,0,No
58,84961,753,25,69599,0.388,3,1,Yes
50,75356,648,17,19521,0.476,3,1,Yes
64,129753,393,25,70574,0.429,2,4,No
47,49923,721,18,25906,0.567,2,4,No
41,140891,789,3,41382,0.367,1,2,Yes
40,113478,423,11,78791,0.115,5,4,No
24,58750,532,17,68480,0.619,2,3,No
31,122869,363,17,80009,0.384,0,3,No
33,113448,462,27,38066,0.52,1,0,No
29,153042,603,5,17031,0.457,5,1,No
24,46983,618,26,92591,0.309,1,4,Yes
32,136733,305,30,19393,0.621,1,3,No
29,134096,600,10,69624,0.49,2,1,No
33,161977,400,25,11229,0.189,4,4,No
46,80483,715,4,73095,0.647,4,2,No
58,50028,659,15,12926,0.65,3,3,No
62,27234,430,10,30494,0.224,5,4,No
33,80011,685,4,55585,0.641,3,1,No
59,141135,319,8,5746,0.42,3,0,No
48,168133,594,22,57468,0.161,5,4,No
39,74253,695,10,25701,0.637,0,4,No
44,151934,744,28,95440,0.111,4,2,No
39,114354,591,14,51502,0.432,5,3,No
33,69667,789,24,95356,0.552,3,1,No
33,83796,647,16,77223,0.548,2,0,No
48,119898,564,17,66355,0.054,2,2,No
22,137042,343,20,74630,0.305,0,3,No
30,89065,374,25,17363,0.103,4,4,No
42,101386,352,13,44627,0.206,1,2,No
33,55638,585,6,46261,0.613,1,2,No
29,107455,365,23,95649,0.581,4,0,No
53,179956,337,22,54258,0.446,1,0,No
34,186769,716,15,63573,0.589,4,4,No
40,108620,768,8,38162,0.24,2,0,No
35,149343,354,30,69097,0.547,0,1,No
52,32114,415,26,89999,0.461,2,2,No
53,55550,578,2,79406,0.49,3,1,No
37,163541,753,26,78475,0.101,3,0,No
44,31492,441,20,91208,0.259,5,1,No
50,26971,348,15,15914,0.079,0,2,No
33,165716,668,27,50556,0.14,0,0,Yes
36,89194,669,21,70541,0.213,0,0,Yes
22,126959,600,29,45001,0.401,2,0,No
37,138646,651,25,5978,0.506,0,4,No
52,168606,494,6,82918,0.115,2,2,No
63,168840,604,27,45116,0.083,5,1,No
28,47625,549,6,7770,0.58,5,3,No
23,53660,557,19,97054,0.128,3,3,No
32,45032,749,0,45904,0.319,1,3,No
40,193964,358,7,11162,0.118,1,4,No
36,49357,520,25,14149,0.371,2,0,No
34,25497,833,0,64515,0.114,3,2,No
36,158206,661,11,29839,0.507,5,2,No
63,174905,352,29,7424,0.101,4,0,Yes
53,188738,828,16,26595,0.308,4,3,Yes
50,94828,797,24,90338,0.302,5,1,No
32,117923,454,28,92333,0.602,5,2,No
35,122362,789,25,60657,0.308,4,0,No
38,156098,377,30,44752,0.093,3,3,No
48,37108,473,9,45718,0.376,3,4,No
43,149597,619,27,24992,0.485,0,4,No
34,39470,331,18,57736,0.252,4,3,No
50,54785,591,8,7506,0.415,5,3,No
53,158325,821,9,73057,0.123,1,3,No
65,45026,614,10,85037,0.305,1,0,No
35,70417,566,9,75816,0.15,4,1,No
27,132779,721,29,42730,0.214,5,1,No
35,157158,544,27,71541,0.435,2,1,No
62,180478,390,29,7458,0.502,1,0,No
58,125319,735,16,98619,0.237,3,4,No
64,111987,788,6,5723,0.644,5,0,Yes
31,100443,313,4,88211,0.221,5,0,No
49,137238,585,27,77057,0.14,4,0,No
51,116838,697,27,87681,0.57,1,3,No
45,163156,726,19,99213,0.44,5,3,No
44,148787,660,26,26459,0.458,0,4,No
39,110383,342,11,59486,0.527,0,2,No
22,78493,593,4,13654,0.65,5,1,No
42,47805,644,29,50438,0.22,3,4,No
40,86786,541,0,90339,0.379,2,4,No
53,39248,354,9,16041,0.473,0,2,No
28,181456,741,6,59663,0.138,5,3,No
45,158968,406,26,53083,0.234,5,2,No
29,166434,612,11,75149,0.234,5,2,No
54,110048,483,1,42051,0.246,2,4,No
43,111175,429,29,41016,0.481,2,4,No
25,86022,798,27,33798,0.406,0,0,No
45,108254,717,8,90133,0.48,1,1,No
28,115629,348,4,16155,0.357,5,4,No
36,165009,619,4,31025,0.623,2,4,No
65,72391,552,30,81524,0.362,1,2,No
35,136011,691,13,19328,0.412,4,4,No
21,112567,368,18,48376,0.229,4,3,No
42,194768,741,25,98120,0.085,2,4,Yes
23,36226,776,17,25054,0.539,0,0,No
58,41858,676,7,72389,0.564,3,2,No
34,137493,844,30,67183,0.561,0,4,No
56,195372,831,28,86807,0.531,1,4,No
38,197542,486,24,66356,0.211,1,4,No
61,181185,411,2,91438,0.395,3,2,No
38,47016,483,27,38682,0.539,2,4,No
23,173822,592,13,14095,0.425,4,4,No
30,42445,660,10,7711,0.625,2,2,No
59,191147,801,28,91900,0.457,3,2,Yes
21,41691,606,7,91263,0.386,2,1,No
47,119610,385,21,33687,0.647,0,3,No
47,181932,595,11,63360,0.371,0,0,No
31,186243,751,10,25893,0.63,3,3,No
25,185493,470,8,88084,0.057,0,1,No
27,67089,655,25,31324,0.38,0,2,No
39,188062,759,3,46298,0.223,5,3,Yes
49,90839,578,18,80930,0.287,4,3,No
35,31486,551,6,38259,0.103,3,0,No
55,165118,307,16,45997,0.209,1,2,No
57,185813,619,30,81978,0.392,2,1,No
32,30724,450,15,34327,0.483,5,3,No
50,154279,675,18,59317,0.596,1,2,No
40,178736,664,22,23942,0.189,1,2,Yes
57,95886,739,11,44025,0.527,4,1,No
23,118761,441,6,18744,0.065,4,3,No
29,165236,319,24,14615,0.586,0,3,No
61,139166,311,13,37010,0.407,1,0,No
59,57872,421,25,64801,0.557,3,0,No
46,72037,724,30,27479,0.203,2,1,Yes
22,47985,528,24,76694,0.274,0,0,No
43,113591,328,10,30785,0.108,3,3,No
43,82868,434,10,85209,0.097,0,1,No
41,44347,400,6,28569,0.546,3,3,No
36,66623,675,10,24652,0.228,0,3,No
29,41360,610,29,20169,0.262,2,2,No
33,39214,739,2,28837,0.368,3,0,No
48,183294,756,14,60454,0.452,0,3,Yes
47,97279,499,2,8736,0.078,2,2,No
37,59303,424,29,22770,0.395,5,4,No
58,39698,770,20,38630,0.416,2,1,No
56,185674,321,8,20826,0.56,2,0,No
21,141544,349,16,39806,0.143,0,2,No
38,39947,365,16,37737,0.32,3,0,No
29,77338,429,24,23641,0.335,4,2,No
33,191609,601,11,33646,0.559,4,3,No
60,47469,626,6,65351,0.267,3,3,No
65,162558,683,10,7543,0.099,2,0,No
35,97777,837,28,71464,0.411,0,2,Yes
63,44371,348,13,59252,0.447,1,3,No
64,188596,618,19,7178,0.399,1,3,No
24,152953,320,30,37099,0.344,2,0,No
53,90101,732,0,95547,0.178,3,0,No
44,47474,308,5,65249,0.373,0,1,No
56,103203,448,24,83683,0.072,3,2,No
61,132644,736,21,45223,0.39,2,1,Yes
30,140468,798,20,80846,0.343,0,4,Yes
56,29405,354,30,34727,0.622,5,3,No
40,27153,596,16,78896,0.242,4,2,No
61,50131,817,24,99293,0.063,3,1,No
65,44680,528,8,58128,0.506,3,4,No
64,125887,546,0,43672,0.151,2,0,No
31,184355,581,11,28561,0.377,3,4,No
32,126347,556,19,36578,0.179,2,2,Yes
38,85357,392,27,85223,0.374,5,2,No
50,140857,513,16,73440,0.399,5,4,No
64,44646,432,25,52230,0.447,5,1,No
57,195876,796,3,54680,0.274,4,0,No
40,41036,385,22,8705,0.087,2,3,No
45,31726,695,7,98750,0.408,2,3,No
32,127326,846,18,44118,0.569,0,3,No
41,197232,548,18,54258,0.365,5,3,No
45,174346,588,25,49794,0.2,5,0,No
31,115123,708,4,56013,0.298,3,2,No
29,166240,608,10,11867,0.374,2,3,No
45,40103,360,5,43722,0.103,2,2,No
55,116437,803,12,19683,0.391,0,0,No
52,186639,826,18,78858,0.116,0,3,Yes
34,151251,610,5,45932,0.157,5,4,No
21,129968,499,25,67748,0.286,3,2,No
37,48691,652,27,94549,0.53,0,0,No
45,145931,374,22,59150,0.544,3,0,No
28,94092,570,12,72179,0.22,5,1,No
25,196144,320,5,60939,0.373,3,1,No
25,79118,335,15,14393,0.106,1,2,No
61,58133,497,21,71324,0.649,1,3,No
55,40893,452,28,22624,0.442,2,1,No
39,106402,343,17,9488,0.185,3,2,No
43,156728,844,28,36691,0.59,3,3,Yes
29,66120,809,10,27539,0.26,1,1,No
50,105632,715,19,72895,0.215,5,2,No
36,82518,708,16,75148,0.228,0,0,No
53,44854,595,9,41316,0.342,0,2,No
22,74696,502,15,55970,0.07,0,4,No
34,102582,667,28,35896,0.441,3,1,No
21,129730,725,4,87204,0.619,1,3,No
46,125065,509,28,79998,0.539,5,4,No
45,82795,759,28,16360,0.537,4,3,Yes
36,49560,661,9,95759,0.514,1,0,No
35,114711,775,2,57381,0.264,2,0,No
46,131577,603,18,48873,0.164,0,4,No
64,140924,484,3,17672,0.239,0,1,No
36,105391,564,11,80218,0.154,5,0,No
34,145965,713,24,71550,0.561,3,4,No
49,140134,701,26,43573,0.303,2,3,No
44,151194,472,21,17598,0.537,5,4,No
35,132669,382,9,86005,0.224,1,4,No
39,104380,621,10,56792,0.136,5,4,No
28,25645,645,7,78833,0.572,3,3,No
54,58146,371,26,23974,0.529,4,1,No
22,195949,750,11,64455,0.384,0,1,No
47,154548,507,13,81060,0.124,4,1,No
30,108060,641,20,60526,0.252,5,3,No
55,176191,332,28,82738,0.085,0,4,No
43,72679,681,21,90972,0.589,0,4,No
28,107581,685,2,56382,0.194,2,0,No
48,145124,408,26,55077,0.364,2,1,No
43,38163,461,10,81320,0.615,3,2,No
24,123691,315,26,99388,0.424,2,4,No
34,55802,313,6,74897,0.424,0,0,No
62,77175,545,27,37576,0.55,1,1,No
49,35111,345,26,59811,0.466,0,1,No
21,135987,701,14,6376,0.341,1,1,No
24,90526,347,10,25966,0.123,5,2,No
52,150588,709,24,10994,0.348,5,2,No
53,46119,753,24,86388,0.159,5,4,No
46,115211,441,6,57104,0.345,2,3,No
37,151956,749,18,94307,0.063,4,4,No
59,191611,488,15,94787,0.261,4,1,No
43,127473,756,20,40481,0.083,2,4,No
52,80387,415,25,92024,0.137,5,2,No
35,198895,813,24,77467,0.467,4,2,No
33,94555,312,26,11815,0.636,5,3,No
22,111190,576,24,45565,0.389,1,4,No
39,72418,551,18,81781,0.152,4,4,No
44,118870,527,12,50671,0.276,1,3,No
65,73695,445,20,74949,0.191,2,1,No
44,153268,516,16,53750,0.079,2,3,No
31,136019,593,30,97160,0.598,4,3,No
42,172490,580,13,54893,0.375,0,3,No
35,51742,465,22,75411,0.139,3,2,No
30,73028,442,1,8144,0.497,4,3,No
61,135135,797,25,70329,0.153,2,4,Yes
47,102700,783,25,35202,0.174,2,4,Yes
29,32618,712,21,53339,0.411,2,2,No
48,93916,396,9,55783,0.306,3,2,No
21,79628,587,27,37644,0.587,3,0,No
37,105699,568,5,32603,0.408,0,1,Yes
51,110096,508,15,50176,0.159,3,2,No
64,39725,836,6,7404,0.335,2,0,No
30,197207,604,18,89545,0.486,4,3,No
57,141841,387,23,49291,0.41,3,0,No
49,95223,419,20,83493,0.243,2,0,No
38,136778,524,9,55105,0.282,4,0,No
58,92122,435,19,49981,0.449,3,0,No
59,33056,681,30,25292,0.361,3,3,No
26,136894,310,26,74195,0.094,1,1,No
60,95958,738,14,15344,0.379,5,4,Yes
32,157024,309,30,62546,0.323,3,0,No
34,142559,614,11,45493,0.539,3,3,No
64,37521,364,24,6830,0.117,0,4,No
30,35906,767,30,29770,0.051,5,0,No
40,93514,494,8,6638,0.542,2,4,No
35,154160,713,17,84528,0.177,1,1,No
51,67769,300,16,47976,0.069,3,0,No
27,187347,667,18,38443,0.183,2,4,Yes
61,68766,675,9,40714,0.582,3,0,No
30,153148,490,7,43341,0.153,0,4,No
30,37343,589,19,92903,0.242,0,0,No
59,105227,498,4,57293,0.416,2,3,No
48,142658,534,12,50751,0.158,4,0,No
50,101862,529,20,44530,0.437,3,2,No
57,55521,525,26,94155,0.474,4,2,No
23,156877,729,1,24596,0.189,2,2,No
63,191940,495,0,32568,0.108,1,3,No
35,190415,766,30,67202,0.291,1,2,Yes
41,191455,740,7,55114,0.469,3,2,Yes
57,40040,456,9,75123,0.538,3,1,No
32,181259,781,27,48822,0.072,1,0,Yes
24,87678,653,4,66007,0.372,0,4,No
29,121396,832,17,42911,0.204,5,1,No
59,182597,807,22,85935,0.3,3,4,No
62,63394,704,29,78016,0.367,2,1,No
48,115672,588,1,68127,0.491,3,1,No
43,134042,389,21,73837,0.074,2,4,No
65,107546,681,8,89804,0.152,1,1,No
60,88989,600,15,78022,0.42,3,4,No
64,64652,741,19,95611,0.315,0,0,No
42,141298,801,20,34842,0.176,2,0,Yes
44,134758,684,16,86725,0.089,0,3,No
46,102510,822,15,19936,0.599,2,0,Yes
50,141074,801,28,54088,0.268,4,0,Yes
53,108822,548,0,10319,0.296,5,0,No
36,144410,390,24,66251,0.079,0,1,No
42,171087,693,4,38015,0.493,5,4,No
63,85911,657,27,90229,0.645,0,1,No
38,117206,448,26,78712,0.637,5,1,No
27,81221,774,18,48627,0.237,0,3,Yes
46,176767,741,17,14919,0.627,0,2,No
28,49805,307,25,57976,0.295,0,0,No
26,49190,528,22,78191,0.282,1,3,No
50,146154,369,19,48616,0.549,3,1,No
59,32997,339,2,21100,0.525,0,1,No
43,134988,328,17,33425,0.335,5,0,No
52,178824,820,10,53791,0.318,4,1,No
42,174141,576,10,34923,0.631,2,4,No
62,149190,587,10,76298,0.295,5,4,No
63,55508,482,9,40374,0.567,1,0,Yes
65,112053,821,9,51679,0.498,5,3,No
29,87426,383,3,37463,0.114,3,0,No
51,164596,696,8,63719,0.145,1,4,Yes
27,35071,385,9,18239,0.072,5,0,No
29,129613,596,12,78551,0.071,1,2,No
33,66466,586,22,83129,0.413,5,0,No
23,111132,408,0,29335,0.096,5,1,No
55,148515,843,15,47243,0.132,4,3,Yes
53,65239,312,18,41336,0.197,3,2,No
41,70924,676,11,26527,0.382,4,2,No
51,133230,708,4,17526,0.187,4,1,No
54,74264,314,22,82617,0.288,3,4,No
52,92799,487,29,75999,0.262,1,4,No
55,63022,533,4,88319,0.288,1,2,No
35,116178,757,24,29575,0.607,1,3,No
52,191651,444,6,92395,0.632,4,3,No
26,37571,816,30,42023,0.093,3,0,No
65,107753,440,11,57302,0.116,1,2,No
41,73225,832,13,26973,0.083,2,0,Yes
53,32227,414,0,48322,0.283,4,0,No
52,66189,343,5,74089,0.561,0,0,No
39,170279,503,17,32147,0.53,1,3,No
53,103208,772,5,69272,0.263,4,1,No
48,78406,608,18,40433,0.5,3,0,No
51,197855,621,29,46857,0.637,3,1,No
41,125822,704,11,18734,0.166,0,1,No
54,110587,660,17,89981,0.628,1,0,No
35,184951,425,2,52557,0.512,0,2,No
34,53845,419,10,34490,0.119,3,0,No
39,35015,513,25,56446,0.527,1,4,No
63,132600,610,3,33984,0.111,2,0,No
35,177568,364,12,58036,0.068,2,1,No
26,156779,665,0,25508,0.509,2,2,No
29,147146,504,19,72662,0.587,0,1,No
57,173839,486,30,85054,0.29,5,2,No
40,51467,560,5,83561,0.064,1,0,No
54,108222,389,20,92392,0.409,5,1,No
58,32118,692,28,88535,0.19,2,3,Yes
46,88884,449,13,32140,0.376,5,1,No
38,167285,711,20,36545,0.241,5,0,No
48,122021,743,8,98683,0.423,0,0,No
29,164940,439,30,30441,0.206,1,3,No
52,76716,592,8,43844,0.139,3,3,No
26,151202,765,24,25553,0.501,5,1,No
34,67523,546,6,6144,0.373,2,1,No
48,59028,397,28,88486,0.24,2,1,Yes
44,142891,469,14,42428,0.427,0,4,No
33,166617,609,9,26842,0.222,5,2,No
63,25357,725,8,75164,0.269,0,1,No
32,177860,366,28,69292,0.275,5,1,No
39,126538,355,27,96543,0.186,2,3,No
41,147771,816,23,90599,0.315,5,1,No
47,172874,450,23,92871,0.539,3,2,No
39,147594,617,14,82661,0.633,0,4,No
44,152617,440,20,90220,0.182,0,3,No
46,26593,614,8,19181,0.613,2,0,No
65,29602,305,23,7275,0.217,0,3,No
48,137273,488,6,82982,0.332,2,2,No
38,135903,616,23,30777,0.11,2,4,Yes
64,120865,823,24,13490,0.415,1,1,Yes
56,35943,462,22,54680,0.357,0,0,No
62,189084,667,24,17109,0.457,2,4,No
49,172322,816,7,49741,0.41,0,4,No
37,154459,365,1,73317,0.639,5,0,No
24,107169,623,2,53786,0.512,4,2,No
64,69053,492,21,26425,0.629,4,3,No
65,195460,664,21,6946,0.365,4,1,No
49,96507,669,22,57775,0.219,1,4,Yes
24,86311,635,1,99244,0.369,1,3,No
30,104493,432,27,18918,0.33,4,4,No
45,181571,440,0,98626,0.306,3,4,No
51,56785,635,26,56676,0.291,5,1,No
23,106993,798,11,23112,0.537,0,3,No
22,99536,475,4,90920,0.495,1,3,No
45,193981,335,29,70313,0.436,2,2,No
26,59894,442,26,59706,0.437,5,3,No
46,152210,827,17,18153,0.274,0,2,Yes
28,109124,803,24,91335,0.313,2,4,Yes
55,97006,305,18,11127,0.142,3,0,No
47,40473,523,27,32105,0.397,1,3,No
45,106697,655,1,39172,0.134,2,0,No
38,45063,335,27,47688,0.599,4,3,No
21,103444,845,15,65224,0.299,1,1,Yes
59,36850,824,27,28697,0.076,2,3,Yes
23,25984,356,22,12646,0.051,1,1,No
24,75450,306,5,42564,0.456,2,0,No
61,97723,742,23,72711,0.417,4,3,No
57,118392,614,24,78468,0.512,5,2,No
35,45339,410,2,41049,0.5,4,3,No
28,134149,415,7,36759,0.052,2,1,No
58,63481,606,3,57032,0.15,2,0,No
39,89236,609,17,43891,0.246,1,0,No
46,104619,393,19,94418,0.087,2,4,Yes
59,85306,491,3,5893,0.157,4,3,No
30,50435,578,7,27719,0.399,2,3,No
58,146404,354,25,79013,0.324,1,1,No
34,55837,316,23,5744,0.566,1,2,No
61,60495,634,28,54755,0.184,5,0,No
39,64760,361,6,84705,0.371,2,0,No
50,137489,626,19,7006,0.567,3,2,No
25,152351,427,17,15889,0.086,0,2,No
51,47084,799,0,93650,0.572,4,1,No
27,193530,558,26,12798,0.256,1,4,No
39,91601,709,17,66292,0.566,1,1,No
51,147325,442,1,41933,0.459,3,2,No
59,84351,696,30,67236,0.454,3,1,Yes
44,33820,658,18,27549,0.079,1,2,No
54,82232,618,9,81173,0.615,2,2,No
43,174829,577,20,72883,0.309,2,4,No
65,71588,390,0,11206,0.115,4,4,No
60,33058,381,20,77369,0.51,0,0,No
26,113388,318,6,24449,0.57,3,3,No
58,104654,678,27,90366,0.608,1,0,No
61,192814,668,13,35332,0.354,5,2,No
56,149063,757,0,45764,0.292,5,4,No
47,97195,318,3,79771,0.4,4,1,No
31,95377,552,10,14162,0.228,4,4,No
25,149157,663,1,79177,0.286,0,1,No
37,174407,492,7,94707,0.373,3,4,No
27,72501,577,17,66784,0.545,2,2,No
47,80877,334,30,41494,0.562,2,2,No
35,39538,543,30,58238,0.129,3,3,No
33,140859,372,16,93485,0.13,4,3,No
31,135812,566,13,51724,0.161,4,2,No
65,28769,633,29,56470,0.408,4,1,No
46,56586,467,17,60257,0.172,1,0,No
42,110551,639,9,65426,0.418,2,4,No
48,125614,396,19,30980,0.485,1,4,No
44,92879,363,20,10477,0.565,0,1,No
49,77219,395,17,81278,0.57,5,4,No
29,60107,845,19,5330,0.179,2,3,Yes
62,156755,668,22,74622,0.237,3,3,No
24,115987,644,4,9920,0.159,4,4,No
38,91590,741,7,13511,0.458,0,0,No
63,86097,750,9,78928,0.462,3,4,No
36,142290,533,24,51568,0.052,1,2,No
53,179757,456,0,40744,0.149,1,3,No
49,90884,327,16,93812,0.251,4,0,No
59,119426,771,18,87833,0.174,3,2,Yes
30,172434,757,23,53522,0.381,2,3,Yes
29,124326,637,16,98998,0.074,4,2,No
51,25503,721,9,88037,0.546,2,4,No
48,197117,674,17,5316,0.33,5,3,No
23,38576,598,29,68927,0.406,5,3,No
34,58290,324,0,79775,0.398,0,2,No
45,36884,365,29,47688,0.32,4,0,No
35,155037,828,16,90834,0.39,3,4,No
22,181277,690,27,61581,0.096,2,2,No
44,88739,577,12,25555,0.281,4,2,No
34,188857,309,24,91297,0.476,2,2,No
27,147111,645,27,71496,0.27,0,3,No
56,26268,440,9,41084,0.202,0,1,No
44,91712,327,0,84841,0.389,0,3,No
47,174088,399,19,50757,0.336,3,4,No
57,86939,486,6,43227,0.37,0,1,No
58,103281,692,27,32915,0.625,0,4,Yes
50,126917,610,30,15719,0.14,5,1,Yes
47,197784,560,20,21352,0.42,4,2,No
59,152744,368,25,78211,0.068,5,3,No
35,129894,337,12,59054,0.438,1,0,No
46,162840,365,20,50717,0.168,4,1,No
21,175044,774,6,95031,0.534,3,4,No
24,88412,793,5,13174,0.212,3,3,No
49,184475,766,21,85616,0.291,5,1,No
21,119568,363,12,10325,0.359,0,2,No
63,55226,479,7,8587,0.416,3,0,No
42,74985,398,15,24484,0.229,2,1,No
31,184855,836,25,17334,0.144,2,4,Yes
30,132752,603,8,71150,0.431,2,0,No
37,91883,372,12,10558,0.315,4,1,No
56,146501,846,26,46973,0.085,1,2,Yes
46,52788,442,1,29496,0.372,1,2,No
41,124214,513,11,54560,0.33,5,1,No
33,32166,604,11,15924,0.357,1,0,No
29,191291,713,25,81935,0.114,4,0,No
31,135299,644,14,57608,0.334,4,1,No
31,25403,793,19,22861,0.497,2,3,No
26,52224,424,9,7405,0.13,0,0,No
21,28485,707,24,65059,0.424,5,3,No
26,137055,535,13,54249,0.157,4,4,No
33,99984,643,29,6985,0.235,3,1,No
42,90491,820,25,68125,0.268,5,2,No
51,103946,826,16,37662,0.508,0,2,No
42,39262,363,9,22779,0.186,5,1,No
57,118296,801,28,42698,0.208,3,0,Yes
47,184000,310,23,48180,0.572,3,2,No
34,147804,729,10,61655,0.496,3,3,No
25,153716,600,16,47536,0.354,1,4,No
56,146774,545,10,79333,0.24,0,3,No
52,59712,393,14,29722,0.525,4,3,No
54,59328,614,3,29875,0.388,1,3,No
27,187704,452,24,75681,0.248,4,2,No
62,62515,539,3,18967,0.239,4,4,No
30,87074,439,20,24349,0.324,0,1,No
37,184242,515,14,10765,0.619,5,1,No
50,71857,669,30,73548,0.436,1,0,No
41,74744,592,13,90994,0.458,2,4,No
33,121699,540,28,69663,0.282,3,2,No
21,30327,834,30,48469,0.636,2,4,No
21,107675,620,8,96592,0.294,3,0,No
53,58264,344,15,11311,0.057,3,4,No
58,103596,583,23,38143,0.531,2,0,No
45,171728,511,0,79633,0.358,4,2,No
46,174877,386,2,34342,0.14,5,2,No
33,53855,306,3,53306,0.064,1,1,No
48,29127,758,18,67901,0.645,3,3,No
53,146704,482,8,48828,0.438,5,4,No
57,63319,627,21,21019,0.329,1,3,No
61,94126,598,18,78596,0.25,0,3,No
50,37973,697,7,88102,0.093,1,2,No
28,52281,313,24,11648,0.437,0,2,No
21,172621,399,25,46615,0.271,3,0,No
32,151566,468,3,42162,0.644,4,4,No
25,86426,531,12,8338,0.115,4,4,No
44,52623,410,20,17207,0.198,5,1,No
26,114616,646,18,39422,0.292,4,1,No
45,160769,639,13,22831,0.528,5,2,No
21,40730,539,4,45850,0.516,0,3,No
45,184317,539,17,31176,0.197,1,4,No
21,56313,569,17,62498,0.267,3,3,No
52,90573,839,26,29312,0.085,4,4,No
62,78595,585,28,91355,0.277,3,1,No
62,54908,634,20,86314,0.151,3,3,No
23,130790,742,14,15753,0.602,3,3,No
39,64648,802,22,8537,0.535,0,1,Yes
63,148613,669,16,78717,0.149,1,4,Yes
49,62289,419,2,38804,0.344,4,4,No
22,164911,374,0,16856,0.625,1,2,No
29,121541,722,23,35957,0.296,4,0,No
37,164583,369,17,46675,0.319,0,3,No
56,111527,570,21,33073,0.255,2,2,No
37,155568,431,26,37981,0.345,0,4,No
32,129672,397,15,64287,0.408,1,1,No
40,134049,401,5,37782,0.104,4,3,No
23,155872,727,8,17422,0.106,1,0,No
63,166020,466,21,84490,0.511,5,1,No
24,69638,404,9,36379,0.64,1,3,No
37,161945,848,21,66308,0.345,0,3,Yes
57,187533,741,28,9522,0.567,1,0,No
62,114092,565,26,49569,0.571,0,1,No
35,52091,719,16,15779,0.272,1,4,Yes
53,96171,560,6,7932,0.247,2,1,No
36,58532,733,13,67306,0.488,5,3,No
31,178762,715,13,70211,0.596,5,2,No
40,42036,654,11,52624,0.562,3,0,No
58,70040,760,5,56495,0.242,2,3,No
44,35321,684,28,21269,0.263,4,2,No
36,54152,842,13,68441,0.492,0,2,Yes
50,110884,574,7,81553,0.24,3,2,No
54,111531,609,16,49002,0.561,1,1,No
21,79911,431,7,90244,0.356,5,1,No
44,115298,348,7,79543,0.226,0,0,No
44,156217,743,16,35606,0.222,4,0,Yes
29,95637,471,10,13876,0.52,2,4,No
42,160319,629,6,20555,0.125,5,1,Yes
32,94724,305,22,12353,0.609,1,2,No
37,199619,503,6,9593,0.298,4,4,No
45,158768,668,11,40959,0.556,0,2,No
48,175785,847,15,30627,0.525,4,3,Yes
35,69549,580,12,6451,0.518,3,1,No
50,199620,354,28,93545,0.455,3,1,No
47,121411,468,30,69679,0.35,1,0,No
42,160713,612,14,37714,0.284,4,4,Yes
30,96095,777,18,81075,0.398,1,0,No
51,140337,727,2,38263,0.366,0,3,No
47,167703,811,10,56230,0.261,4,0,No
32,191888,712,23,96226,0.346,0,2,No
51,27023,347,7,41100,0.269,0,3,No
52,181728,302,7,34161,0.445,5,3,No
52,59842,628,11,46983,0.551,4,3,Yes
61,80189,532,30,12580,0.522,0,2,Yes
65,153118,359,2,64588,0.254,3,2,No
55,70923,829,19,72409,0.356,1,1,Yes
41,60080,396,27,61001,0.056,1,1,No
30,28474,365,1,77973,0.572,1,2,No
36,150185,330,26,92604,0.197,1,0,No
27,159332,447,2,82468,0.315,3,0,No
24,144526,346,15,93038,0.142,4,2,No
47,30618,543,20,69455,0.457,4,1,No
45,190190,556,18,69387,0.377,0,4,No
51,165357,777,19,91244,0.269,0,1,No
31,82083,655,6,51495,0.371,3,3,No
40,184424,752,18,72888,0.151,2,0,Yes
56,48707,821,0,53293,0.515,4,0,No
37,178233,476,12,19428,0.21,0,0,No
65,174722,509,13,31111,0.419,3,0,No
31,41944,341,0,55560,0.59,5,0,No
50,32546,423,3,38666,0.073,5,4,No
55,79139,486,16,20145,0.283,4,4,No
61,138857,324,5,60762,0.131,3,4,No
58,32207,463,19,76885,0.595,4,0,No
42,119804,334,20,14119,0.266,3,3,No
63,56222,552,5,21662,0.178,1,4,No
47,185193,774,1,98521,0.456,5,3,No
57,109303,769,16,74610,0.376,2,1,No
55,194987,821,28,86752,0.54,2,4,Yes
24,35017,563,25,78955,0.502,4,2,No
36,171166,404,15,77682,0.635,3,4,No
36,56236,519,11,61085,0.104,5,0,No
41,163736,706,11,84627,0.098,4,1,No
46,54921,505,17,31617,0.594,3,1,No
56,120381,515,29,17250,0.623,1,0,No
39,105109,363,15,87543,0.294,4,3,No
37,88590,337,5,51419,0.324,3,2,No
65,34390,521,12,14103,0.271,3,2,No
46,189849,641,30,67961,0.517,2,4,Yes
42,149651,772,25,20545,0.512,0,1,Yes
48,198739,835,24,48120,0.182,0,0,Yes
21,154541,656,15,43798,0.28,0,1,No
64,54980,805,23,56785,0.177,5,4,No
56,141960,534,9,80238,0.078,1,2,No
63,179880,393,10,80396,0.084,5,0,No
57,88470,488,0,25970,0.138,3,2,No
22,97762,315,20,38908,0.068,0,4,No
37,112983,674,6,46808,0.304,4,2,No
60,127645,663,23,52400,0.088,1,0,Yes
58,173998,697,22,26469,0.558,4,1,No
41,42621,709,16,34571,0.477,1,3,No
29,167239,473,11,44854,0.52,5,0,No
33,96245,485,19,11293,0.42,4,1,No
31,149604,329,19,14372,0.448,0,2,No
36,103776,769,14,18236,0.118,1,2,Yes
36,60031,679,8,82327,0.085,3,0,No
22,57146,611,30,99262,0.644,1,1,No
62,32998,377,27,55193,0.274,0,2,No
64,139619,834,21,25027,0.081,2,4,No
28,196580,828,5,28272,0.146,3,1,No
63,142974,421,4,96354,0.575,5,1,No
62,56101,527,4,82014,0.173,0,3,No
33,104764,707,8,73201,0.33,1,1,No
37,180819,474,1,61570,0.45,0,4,No
59,136836,314,9,37374,0.63,1,2,No
44,120326,513,4,93469,0.058,1,0,No
23,26882,351,30,13757,0.343,3,1,No
50,195027,615,16,79064,0.648,1,3,No
33,84965,356,20,6971,0.123,2,1,No
39,137956,588,3,47875,0.124,0,3,No
27,197632,448,3,51521,0.102,0,0,No
29,56343,707,12,20490,0.355,1,3,No
39,108943,831,19,6152,0.259,1,0,Yes
65,140154,668,18,50238,0.48,3,1,No
60,160022,623,5,62577,0.393,3,1,No
42,159961,656,18,89846,0.399,1,0,No
38,186482,729,21,75956,0.357,4,3,Yes
43,43976,332,15,85156,0.645,5,1,No
22,48016,842,5,15769,0.373,1,1,Yes
31,178814,585,10,16497,0.093,5,0,No
51,48553,816,9,55803,0.243,5,4,No
53,54332,416,30,47376,0.518,2,3,No
34,144437,568,17,40417,0.427,0,2,Yes
36,160508,462,8,37343,0.46,4,3,No
31,173159,439,9,76776,0.603,4,0,No
53,80702,443,14,59347,0.316,4,3,No
27,50428,521,23,22038,0.062,0,3,No
51,184226,734,13,51451,0.644,3,1,No
34,117045,844,15,23893,0.323,4,2,Yes
48,132369,753,28,82832,0.109,5,3,No
63,59349,366,6,22566,0.379,2,0,No
36,62358,305,24,14825,0.404,1,1,No
39,77484,540,7,55561,0.389,4,2,No
37,75837,354,24,20285,0.629,0,0,No
46,100333,682,7,37303,0.242,0,2,No
26,32531,733,12,17396,0.071,5,4,No
63,38825,769,18,30216,0.602,2,2,No
29,97447,370,9,36352,0.165,4,2,No
37,188388,749,0,38772,0.5,3,4,No
51,96267,779,26,33630,0.172,0,4,Yes
32,42279,442,21,15944,0.547,0,0,No
43,138094,321,27,84584,0.594,2,4,No
25,136759,721,29,21138,0.113,5,1,Yes
63,184072,691,15,59792,0.138,4,0,Yes
56,168117,767,2,39349,0.605,2,2,Yes
56,61299,592,2,40748,0.512,3,0,No
23,174317,420,5,82170,0.073,0,4,No
44,183411,737,25,68831,0.159,1,3,No
37,106950,400,11,9784,0.297,1,0,No
59,151887,486,24,97323,0.569,1,0,No
46,139074,458,29,47881,0.141,2,3,No
24,137691,817,4,5374,0.484,3,1,No
65,184103,479,15,92539,0.1,1,1,Yes
32,172698,730,16,56244,0.33,0,3,No
21,48302,511,9,67067,0.487,4,3,No
41,136277,732,6,16653,0.089,2,0,Yes
39,186184,400,29,96377,0.173,3,4,Yes
41,96047,619,24,16192,0.525,3,4,Yes
38,128812,397,9,32083,0.148,1,1,No
63,162159,578,1,88676,0.451,1,2,No
23,153407,442,14,11942,0.435,0,1,No
64,129966,644,24,53380,0.362,3,4,Yes
52,187386,655,20,96868,0.171,4,0,No
30,154306,654,28,89786,0.3,3,0,No
60,182307,729,16,16156,0.423,5,1,Yes
35,58366,338,30,52586,0.579,2,2,No
25,76347,602,3,82728,0.529,2,3,No
24,57837,848,7,66716,0.414,3,1,No
48,33139,724,18,96512,0.187,1,0,No
24,165657,647,20,93585,0.18,1,0,No
35,28659,728,1,28864,0.538,1,4,No
37,116761,585,20,30739,0.449,5,4,No
64,30634,754,15,26114,0.265,1,3,No
23,141969,623,13,61457,0.633,1,1,No
30,130126,818,11,5578,0.584,5,2,Yes
62,28682,652,8,41999,0.453,0,1,No
43,191523,602,11,27852,0.272,4,4,No
38,160724,509,2,86903,0.235,3,2,No
21,136485,743,22,39403,0.614,2,0,No
55,100038,432,12,51319,0.316,2,1,No
51,161485,475,5,82858,0.53,5,1,No
64,46984,386,1,80734,0.614,4,0,No
21,45487,757,29,43531,0.345,5,4,No
23,27075,516,6,42775,0.442,3,2,No
23,189622,705,25,99164,0.102,0,2,Yes
57,110726,706,19,54725,0.442,2,4,Yes
39,122799,728,13,23555,0.179,2,3,No
49,67293,531,5,90553,0.452,0,3,No
45,185284,729,22,49539,0.111,4,1,No
53,39962,337,8,12706,0.347,2,4,No
56,171925,723,6,75323,0.363,3,3,No
49,75209,698,18,48047,0.34,3,0,No
46,92645,484,24,89423,0.504,2,0,No
24,151676,676,15,6249,0.503,1,2,No
34,151528,574,12,24997,0.474,0,0,No
47,91856,585,5,63584,0.429,3,4,No
53,138018,647,3,76973,0.593,0,3,No
42,106523,829,11,8598,0.395,4,3,No
23,62185,306,25,85365,0.259,2,3,No
43,118745,487,20,45859,0.086,2,1,Yes
41,64330,415,9,36546,0.371,1,2,No
61,71415,798,15,13264,0.187,5,0,No
43,86006,362,0,76812,0.282,2,0,No
24,47547,740,11,87404,0.08,1,4,No
41,47939,643,19,99696,0.435,2,1,No
57,104738,678,29,48221,0.582,1,4,No
63,119756,594,18,62766,0.245,4,2,No
51,157794,531,21,72943,0.533,5,2,No
41,199436,739,24,89347,0.126,3,3,No
46,137840,693,28,27839,0.484,0,0,No
61,36674,575,18,99588,0.098,4,0,No
55,138951,466,29,36778,0.205,5,4,No
58,155095,398,27,67964,0.266,4,3,No
44,158884,711,20,67426,0.144,3,3,No
31,147225,527,17,61336,0.161,3,0,No
61,158350,713,8,25626,0.469,2,2,No
49,191190,613,23,19000,0.107,4,4,No
23,162602,625,25,85366,0.61,1,0,No
21,74866,361,3,7127,0.511,0,0,No
39,106523,428,10,72871,0.264,1,2,No
42,156996,751,23,66721,0.427,5,4,No
34,44546,708,15,81895,0.482,1,1,No
34,78305,722,25,10985,0.407,2,0,No
64,127833,529,19,69564,0.421,2,3,No
36,175025,811,1,49465,0.6,4,1,No
53,191655,637,8,11627,0.579,5,1,No
33,29462,545,17,57094,0.598,1,3,No
58,25888,503,16,45004,0.581,1,0,No
32,112868,492,16,46031,0.461,2,2,No
58,110509,658,13,9757,0.345,5,3,No
59,136946,553,12,45816,0.342,4,2,No
53,92259,583,18,52973,0.513,5,4,No
53,48410,517,25,69046,0.604,4,2,No
49,33602,481,22,46216,0.103,0,2,No
25,43614,522,5,72146,0.576,5,4,No
26,147142,507,11,39486,0.56,3,3,No
51,150085,722,12,81421,0.103,2,3,No
36,43444,469,30,85467,0.444,2,2,No
51,78050,438,2,22663,0.633,1,0,No
45,93149,502,15,54043,0.561,3,4,No
53,146703,553,20,96409,0.088,1,1,No
33,133308,465,9,46809,0.605,2,0,No
30,113618,695,21,90062,0.154,3,0,No
44,141490,725,9,17191,0.093,2,0,No
30,69866,746,17,12385,0.187,5,3,No
61,144401,805,2,82847,0.34,0,4,No
51,131034,436,12,38653,0.539,2,4,No
33,68211,705,15,12861,0.21,4,4,No
23,159076,530,3,84094,0.284,0,2,No
54,88789,543,23,5946,0.135,0,2,No
48,99522,585,28,13587,0.225,3,4,No
39,89084,353,10,67297,0.591,3,1,No
43,124032,691,16,86757,0.458,3,0,No
65,51269,569,24,17099,0.454,4,3,No
52,104709,688,0,43433,0.2,5,2,No
33,138145,312,11,46174,0.138,3,3,No
53,46118,642,2,66148,0.582,0,4,No
54,39089,638,18,83654,0.616,3,4,No
53,144682,323,8,60112,0.082,3,0,No
25,67956,334,18,44718,0.368,5,2,No
23,116601,785,18,24403,0.314,3,0,No
27,104226,721,30,46355,0.493,4,1,Yes
44,169812,589,17,97431,0.231,0,3,Yes
42,133605,589,19,19226,0.422,1,2,Yes
65,129749,318,10,55816,0.1,0,3,No
43,132133,591,23,94792,0.544,1,2,No
50,152974,677,21,27323,0.193,2,2,No
38,96160,453,0,43525,0.238,3,0,No
52,111078,427,20,49971,0.277,0,4,No
27,68779,732,28,47212,0.174,2,1,Yes
53,176567,569,11,75780,0.535,3,4,No
25,64602,814,10,86707,0.091,2,3,No
48,165105,557,9,43785,0.61,5,2,No
28,176514,641,10,29780,0.608,1,1,No
35,28247,801,7,78987,0.546,2,4,No
24,156012,716,16,12570,0.621,2,2,No
54,131284,399,5,15727,0.507,1,3,No
25,181546,693,26,75828,0.388,2,1,No
53,161658,352,6,10280,0.483,3,0,No
25,81228,727,28,71832,0.052,3,2,No
58,32940,448,30,35979,0.461,5,4,No
54,43606,750,30,59023,0.075,2,3,Yes
46,132753,833,4,86117,0.583,4,0,No
21,65747,831,3,92155,0.588,2,4,No
24,190354,665,29,6647,0.119,3,1,Yes
59,82760,623,6,82144,0.458,5,0,No
46,27883,819,15,27425,0.451,2,3,No
53,192666,545,24,29872,0.349,2,2,No
53,94875,748,3,29274,0.065,3,3,No
28,113209,453,2,58399,0.118,2,2,No
40,171498,545,13,72272,0.446,0,4,Yes
36,172558,342,25,80874,0.368,5,3,No
41,101085,692,3,13799,0.078,2,3,Yes
65,28993,462,20,79816,0.361,4,3,No
46,168291,765,8,39206,0.56,1,4,No
43,28708,811,10,90501,0.584,3,3,No
38,53788,446,0,21270,0.468,1,2,No
51,26495,455,8,85919,0.448,1,4,No
62,192232,814,24,87496,0.511,3,3,Yes
32,135002,445,7,65630,0.13,1,0,No
21,163609,811,14,90361,0.164,0,2,Yes
62,191625,568,28,91834,0.341,5,1,No
29,178275,710,25,71067,0.321,4,2,No
23,150114,543,23,46309,0.161,3,0,No
46,143347,595,7,33158,0.457,5,0,No
29,96124,613,19,84858,0.495,2,3,No
62,128106,579,28,28603,0.213,3,4,Yes
36,62659,776,6,68692,0.238,3,1,No
44,136064,418,30,42628,0.204,3,2,No
34,89043,833,13,66237,0.217,4,2,No
23,28525,773,17,25600,0.269,4,3,Yes
54,29777,511,2,58309,0.315,2,0,No
53,113853,765,30,79762,0.341,5,3,No
44,187573,465,14,21937,0.341,0,2,No
29,150409,779,23,81421,0.42,3,4,No
33,90258,682,19,15469,0.256,4,3,No
22,145942,360,30,76158,0.352,2,2,No
27,101185,578,25,95790,0.354,0,2,No
41,48719,508,26,20719,0.108,3,0,No
39,137181,336,5,81764,0.428,2,4,No
45,154420,433,27,28079,0.217,2,4,No
42,91686,711,14,24680,0.078,5,3,No
31,184506,447,13,95577,0.438,2,2,No
53,45520,696,10,95475,0.079,4,0,No
52,81881,551,7,19322,0.315,1,1,No
41,157582,802,7,8239,0.423,3,2,No
59,53546,806,4,13610,0.649,1,0,No
40,38982,543,15,10833,0.359,0,2,No
28,94451,666,26,94814,0.241,5,4,No
62,44636,749,29,33021,0.345,5,1,No
57,167029,419,30,38293,0.167,5,4,No
29,61706,608,6,44634,0.313,4,2,No
45,142199,511,0,76666,0.574,0,3,No
45,124377,583,30,54373,0.132,4,0,No
53,87871,553,4,60432,0.368,3,4,No
22,155448,829,2,11212,0.422,5,2,No
39,86737,562,12,59054,0.238,4,2,No
40,65975,576,19,98740,0.492,1,4,No
62,122364,340,16,51268,0.448,2,2,No
61,130687,722,0,25076,0.328,4,4,Yes
62,184201,808,18,25191,0.434,3,3,Yes
49,62939,663,3,82670,0.554,2,4,No
26,90059,842,12,79407,0.41,3,1,No
37,33298,760,18,21539,0.391,1,3,No
45,144002,752,17,93560,0.423,3,0,No
58,31480,614,10,60972,0.455,5,3,No
24,93393,659,22,18050,0.292,1,0,No
50,29349,533,25,91491,0.552,5,4,No
40,91964,342,8,44140,0.604,2,3,No
23,64491,527,30,67449,0.423,2,1,No
43,149888,632,26,28959,0.582,2,0,No
38,113699,791,2,38258,0.497,3,3,No
46,183749,505,15,48226,0.304,2,4,No
56,121440,388,24,43932,0.348,0,3,No
28,106254,398,23,61262,0.392,3,0,No
37,105345,336,20,36403,0.613,3,2,No
51,169344,673,29,61743,0.439,1,3,Yes
57,167900,690,26,27635,0.355,4,0,No
65,69431,733,27,57573,0.124,2,0,No
53,163928,785,21,76987,0.45,1,3,Yes
47,36223,691,16,15496,0.383,3,4,No
65,64413,655,12,36156,0.614,2,4,No
24,81822,354,5,79306,0.255,2,2,No
42,60689,613,24,63710,0.527,4,2,No
46,37637,403,6,41264,0.22,4,2,No
52,99038,315,8,17099,0.153,1,1,No
44,40266,708,20,59576,0.057,3,2,No
55,73068,328,29,46147,0.587,5,4,No
57,124625,655,4,39271,0.317,5,3,No
52,111295,678,4,83253,0.219,3,3,Yes
27,171118,810,21,67931,0.292,5,1,Yes
53,151069,646,14,86697,0.477,4,0,No
51,50270,802,29,35589,0.286,5,4,No
32,144693,324,30,32118,0.185,0,2,No
31,101342,391,30,71883,0.103,3,3,No
44,145324,628,3,14117,0.423,2,1,No
28,62988,837,9,87228,0.634,4,4,No
52,149291,641,29,41334,0.431,1,4,No
58,77179,747,29,98748,0.618,1,2,No
42,60892,695,8,29000,0.577,5,4,No
54,141441,841,6,92706,0.144,3,0,No
39,185584,825,14,14996,0.577,0,1,Yes
40,131490,801,18,46173,0.051,0,4,Yes
34,161171,706,9,96087,0.356,1,2,Yes
53,78487,429,6,77258,0.364,0,2,No
30,120847,430,26,32499,0.486,1,2,No
36,115845,817,2,63679,0.504,2,4,No
24,75003,448,2,58841,0.189,2,0,No
47,136292,575,19,91285,0.579,5,1,No
48,91886,495,27,42248,0.157,5,4,No
63,36739,708,17,20142,0.627,0,1,No
36,111838,370,23,41882,0.641,3,3,No
53,129034,498,12,5853,0.468,3,4,No
39,37384,844,11,11830,0.439,3,1,No
41,189166,764,16,75632,0.638,4,1,No
42,158192,389,25,81273,0.195,2,3,No
29,157065,300,16,46152,0.436,4,0,No
29,112295,466,10,18190,0.294,4,3,No
29,43150,848,16,63630,0.151,3,0,No
47,89681,541,19,14544,0.127,4,3,No
37,70388,433,16,64764,0.47,3,4,No
64,139082,551,18,8295,0.187,3,0,Yes
65,76116,321,6,41409,0.41,5,4,No
28,126085,371,18,67827,0.193,0,3,No
36,195859,820,27,37497,0.322,2,1,Yes
38,60673,800,1,54503,0.495,3,0,No
53,164362,607,28,99113,0.367,4,3,No
21,85123,550,29,54327,0.573,0,1,No
32,41627,503,9,37933,0.366,3,4,No
26,98474,307,30,29999,0.167,0,4,No
61,87904,407,28,63194,0.588,1,3,No
25,128798,822,5,44520,0.301,5,2,No
36,93245,672,15,64804,0.57,3,0,No
38,183701,685,7,37212,0.189,2,1,No
38,135958,482,3,77356,0.432,0,3,No
21,139673,608,27,63098,0.149,5,2,No
39,69186,478,19,61399,0.098,2,1,No
28,154522,526,10,81236,0.649,5,3,No
23,71537,817,17,98734,0.056,0,2,No
45,55832,311,20,35206,0.405,2,2,No
25,48472,549,14,57987,0.058,5,1,No
60,140735,717,25,68844,0.381,4,0,No
39,111298,676,15,25625,0.11,4,3,No
38,34507,497,28,98065,0.523,4,4,No
51,80696,747,7,83007,0.226,3,2,No
53,81373,336,16,19102,0.257,1,3,No
38,40979,720,1,58846,0.201,2,2,No
59,171121,307,16,90431,0.118,5,1,No
36,84081,464,14,72811,0.35,3,3,No
36,49997,419,19,89908,0.319,1,4,No
58,196902,671,6,37361,0.374,1,1,No
61,110721,532,10,51155,0.426,1,1,No
27,46746,729,18,92251,0.103,5,4,No
34,34603,586,23,15117,0.298,3,2,No
63,101977,694,5,30207,0.406,4,3,No
45,29570,719,17,60177,0.244,5,4,No
52,188388,751,8,26669,0.165,4,1,No
58,76604,571,24,20451,0.414,5,0,No
42,43467,585,15,8499,0.481,0,1,No
36,103381,338,12,57990,0.5,1,2,No
49,144851,796,22,17483,0.245,4,4,Yes
36,183015,787,25,14829,0.109,3,3,Yes
32,28340,671,7,43769,0.599,2,2,No
37,68532,848,25,15490,0.463,4,2,No
57,69188,709,16,66853,0.619,2,1,No
47,40211,555,13,21928,0.137,3,2,No
45,38496,775,21,56851,0.444,1,0,No
33,119381,510,8,31742,0.168,2,4,No
28,197217,704,5,32106,0.57,5,1,No
25,128704,830,15,54855,0.362,2,3,No
32,54672,694,2,63364,0.37,3,1,No
61,106481,429,1,91603,0.608,1,1,No
23,192099,324,7,15402,0.232,4,1,No
55,192323,389,26,9669,0.421,4,3,No
53,175475,572,3,85528,0.137,5,3,No
42,50150,640,11,17256,0.268,1,0,No
64,100762,511,30,34985,0.167,1,3,No
29,75476,647,0,69595,0.171,5,4,No
61,127708,595,23,91077,0.447,3,2,No
38,59202,689,28,40429,0.222,4,3,Yes
49,33729,387,16,81041,0.201,5,1,No
59,48938,726,17,42297,0.535,4,4,No
47,100302,469,16,20687,0.334,5,4,No
56,98920,446,23,99003,0.278,0,1,No
65,50762,539,15,6926,0.539,5,0,No
37,184796,354,2,10033,0.343,5,3,No
54,115586,819,8,50368,0.539,2,3,Yes
23,45653,598,26,38006,0.241,0,0,No
25,169579,303,11,63089,0.627,3,0,No
34,97914,663,6,37725,0.604,0,1,No
23,198845,591,5,89706,0.544,1,3,No
43,136291,688,10,10046,0.178,5,2,No
59,60205,770,5,61072,0.486,5,3,No
50,36571,830,25,17460,0.541,5,4,No
65,193392,725,16,9901,0.268,2,3,Yes
43,141042,698,23,14362,0.134,5,2,No
47,73853,603,9,19815,0.212,2,4,No
30,186262,403,26,11497,0.401,3,2,No
45,143088,630,2,94899,0.201,3,1,No
33,114116,663,18,25797,0.447,2,4,No
36,192594,665,2,11890,0.285,3,0,No
61,69489,381,26,86621,0.185,2,0,No
54,157909,384,24,69290,0.418,2,2,No
57,78763,518,20,55742,0.094,4,4,No
42,107945,667,1,38486,0.425,1,1,No
37,81964,541,19,89366,0.635,2,4,No
43,155349,461,22,50411,0.477,0,3,No
56,81398,478,27,82919,0.247,5,1,No
29,107597,391,30,64533,0.591,2,1,No
22,119522,799,25,41317,0.367,5,3,Yes
52,78198,805,0,61762,0.367,5,3,No
42,110741,468,17,17827,0.277,4,1,No
63,191215,686,7,47682,0.081,5,4,No
33,74427,620,23,80761,0.212,2,3,No
28,162931,400,18,56810,0.541,2,0,No
21,70507,595,4,31533,0.206,4,0,No
37,190428,492,23,53679,0.297,1,3,No
32,111501,760,9,70202,0.43,5,4,No
24,87570,585,29,31081,0.219,3,3,Yes
33,168926,515,30,80912,0.537,4,1,No
51,189085,755,30,68343,0.589,5,0,Yes
61,56654,527,8,5742,0.087,3,4,No
27,151905,660,26,27596,0.395,5,1,No
43,179126,342,17,8232,0.26,3,3,No
44,98728,480,30,46115,0.383,0,4,No
25,85254,810,25,72764,0.378,5,0,No
25,192091,761,23,86704,0.056,2,4,No
37,41281,585,18,35365,0.439,5,3,No
50,30863,596,24,34934,0.18,3,2,No
29,77203,336,4,83874,0.385,3,0,No
26,61539,382,20,12345,0.587,3,2,No
45,198160,556,10,97137,0.165,5,0,No
39,87438,516,19,27154,0.212,0,4,No
36,41077,821,23,77313,0.088,5,3,No
41,181345,325,0,58867,0.345,4,1,No
22,148968,550,11,88999,0.572,3,1,No
30,56052,514,5,61342,0.377,1,3,No
36,92955,619,22,27700,0.261,5,0,No
57,169590,710,23,63897,0.593,0,3,No
35,163468,758,19,82851,0.369,1,2,No
33,109548,623,11,33464,0.634,4,4,No
33,196149,829,24,58033,0.5,1,2,Yes
52,36981,638,30,82070,0.597,2,2,No
65,123989,527,11,35995,0.439,1,0,No
28,93292,535,2,71975,0.644,1,3,No
63,89842,665,23,74078,0.365,1,4,No
38,161095,733,25,49487,0.434,0,0,No
56,46219,748,14,10546,0.131,4,3,No
46,135862,806,30,73433,0.612,2,1,No
30,173166,575,10,21470,0.251,4,1,No
51,62853,361,9,73885,0.449,1,0,No
53,161718,630,20,37659,0.266,1,0,Yes
49,199999,486,27,40810,0.581,5,2,Yes
25,168063,836,20,92024,0.116,1,4,Yes
33,175050,804,22,9018,0.591,5,4,No
21,60723,620,20,98752,0.425,3,3,No
43,180859,492,22,42929,0.624,4,3,No
60,116693,553,15,29371,0.352,2,3,No
23,139045,613,24,19924,0.346,1,1,Yes
23,69791,523,11,77158,0.265,2,2,No
27,100171,730,15,52085,0.247,0,0,No
56,171004,655,4,68257,0.124,3,3,No
55,61911,726,17,25695,0.246,4,3,Yes
35,148458,691,9,34659,0.415,4,2,No
60,130948,521,5,79208,0.101,5,4,No
23,126301,402,24,12356,0.162,2,3,No
49,128512,617,28,18911,0.566,1,4,Yes
50,166018,836,28,30713,0.105,3,4,Yes
59,109899,518,28,25413,0.195,2,3,No
38,170459,737,13,17610,0.052,5,4,No
31,74573,468,13,52036,0.481,0,3,No
63,140298,371,8,85429,0.561,2,0,No
58,66405,755,27,53560,0.578,5,2,No
60,34152,374,15,55221,0.59,1,3,No
21,191487,562,12,13830,0.292,2,3,No
49,135575,768,13,66940,0.386,4,3,No
30,138190,817,20,53440,0.457,1,4,No
48,129977,498,10,51571,0.599,2,0,No
51,187920,637,1,71445,0.528,2,0,No
39,199466,337,21,52237,0.343,2,1,No
23,56455,618,27,66003,0.356,4,0,No
56,91560,439,19,52164,0.252,4,1,No
63,116764,547,19,41185,0.057,2,2,Yes
35,172993,726,28,13156,0.137,5,1,No
53,188251,494,18,44965,0.249,3,1,No
61,127895,514,11,23299,0.414,0,0,No
63,188109,840,16,15483,0.478,3,1,Yes
65,58275,688,30,51863,0.585,5,0,No
46,61692,728,8,13823,0.383,0,3,No
36,33872,451,21,27367,0.286,2,0,No
56,76764,402,25,14634,0.465,1,3,No
53,144564,704,10,74607,0.285,5,1,No
40,115871,587,11,15263,0.115,4,1,No
33,111143,432,2,94118,0.052,3,1,No
53,153268,745,16,38388,0.475,4,4,No
25,191033,701,5,99822,0.589,5,2,No
57,49466,334,3,20757,0.457,4,0,No
34,171834,643,12,35500,0.067,4,2,No
47,175002,783,16,82904,0.182,0,1,Yes
43,95191,820,9,21192,0.618,1,0,No
34,95555,687,19,40471,0.476,2,0,Yes
60,126878,844,30,5874,0.492,3,1,Yes
24,79875,310,17,75230,0.534,1,2,No
59,195386,437,13,77842,0.598,5,3,No
39,107460,430,15,83915,0.314,4,2,No
24,71255,698,18,56567,0.308,0,2,No
50,74662,550,25,79454,0.064,4,3,No
39,113082,665,14,37094,0.612,0,3,No
51,105366,720,25,28326,0.128,4,3,No
51,74496,723,22,97996,0.32,1,1,No
29,128483,461,22,93794,0.41,3,4,No
33,72791,394,20,78948,0.646,3,1,No
34,64140,461,25,6228,0.29,5,4,No
30,134865,660,12,88436,0.451,0,2,No
51,188148,528,1,7620,0.622,4,2,No
57,133875,415,28,93881,0.393,2,2,No
43,76632,520,8,50713,0.371,2,3,No
47,47203,762,12,31108,0.394,4,0,No
26,118392,614,24,93343,0.541,5,0,No
46,137026,629,24,18044,0.076,3,3,No
22,70642,585,21,16974,0.506,3,3,No
65,151646,481,11,31312,0.153,3,2,No
33,146430,755,0,22018,0.51,4,4,No
39,34486,574,27,37545,0.53,4,0,No
21,188230,336,12,48487,0.426,3,1,No
60,39681,742,21,39070,0.313,4,3,No
52,79790,335,26,27006,0.489,3,1,No
42,80052,367,7,23067,0.061,4,3,No
49,102237,709,3,41982,0.439,4,0,No
22,40372,659,21,87211,0.189,1,4,No
60,51611,420,10,52373,0.446,4,0,No
58,30523,781,23,55602,0.133,1,2,No
31,70793,588,5,21083,0.158,4,1,No
37,176305,389,12,97492,0.321,5,2,No
63,141465,511,19,42308,0.368,2,1,No
28,181027,371,22,73228,0.3,4,0,No
42,72524,589,4,46571,0.417,2,3,No
24,67621,666,26,50882,0.082,5,1,No
31,116418,326,12,80551,0.166,4,2,No
28,106597,719,26,42852,0.052,1,1,No
29,25015,661,16,93323,0.39,4,1,No
46,29410,754,18,73816,0.464,0,4,Yes
22,43964,771,18,7516,0.34,0,1,No
36,95671,668,0,83950,0.327,0,1,No
51,139128,625,3,62416,0.305,2,1,No
26,98484,709,1,96637,0.252,2,4,No
41,164674,802,11,98929,0.403,5,3,No
46,151003,324,25,85315,0.054,5,4,No
39,32232,460,0,31162,0.407,3,1,No
48,140606,494,11,18399,0.344,1,4,No
28,116602,720,12,79914,0.425,4,0,No
34,53381,312,5,73866,0.563,5,0,No
44,126647,706,6,61381,0.547,0,4,Yes
64,142174,654,28,63398,0.534,2,2,No
57,101305,545,19,72712,0.297,4,1,No
46,81025,387,4,29893,0.284,5,1,No
51,107192,738,8,84616,0.174,5,1,No
52,25819,720,12,38952,0.069,4,0,Yes
61,191455,555,13,73265,0.353,1,3,No
22,96605,575,7,68680,0.635,5,1,No
45,30640,306,15,20503,0.501,2,0,No
64,84888,799,13,46380,0.378,0,1,No
22,127288,545,28,11707,0.229,3,4,No
62,87244,645,17,77945,0.123,5,3,No
21,56915,503,29,63722,0.208,0,0,No
56,68642,781,9,39945,0.371,5,2,No
32,140290,779,18,11571,0.424,4,0,No
29,135433,393,15,16700,0.27,2,0,No
56,155014,609,8,36825,0.113,0,3,Yes
61,66215,819,20,65774,0.208,3,3,Yes
48,27487,729,0,95297,0.204,1,0,No
58,124662,469,8,46879,0.371,2,3,No
53,86045,418,23,79005,0.112,0,3,No
62,117594,362,25,18828,0.223,4,4,No
42,140377,416,13,98269,0.256,4,0,No
45,84040,408,6,75275,0.366,2,0,No
38,126470,792,28,80885,0.229,1,0,Yes
26,115520,716,22,64360,0.14,2,1,No
38,86295,624,23,37186,0.065,3,1,No
36,25825,539,10,74179,0.154,0,1,No
35,157263,815,19,65229,0.545,5,1,Yes
28,199166,551,6,54523,0.26,5,0,No
33,155981,485,23,35474,0.373,1,4,No
63,64553,712,26,30773,0.344,1,0,Yes
27,119305,803,9,72718,0.216,2,2,No
37,31813,832,18,17567,0.556,4,3,Yes
52,51350,453,1,43023,0.613,1,0,No
42,185064,523,1,29843,0.177,0,0,No
33,190047,717,22,17681,0.534,3,4,Yes
43,181064,784,24,9490,0.503,0,2,Yes
49,199808,459,29,51995,0.553,1,4,No
42,157309,350,28,8301,0.295,3,2,No
21,29943,579,15,69555,0.462,4,4,No
49,155257,471,11,57758,0.164,2,1,No
25,117055,631,7,5277,0.631,2,3,No
55,117292,592,25,29236,0.484,3,3,No
30,177292,365,9,72605,0.096,2,1,No
39,53694,569,22,39600,0.577,0,2,No
57,184322,643,14,82858,0.625,5,2,No
27,189299,570,15,54809,0.25,3,0,No
55,103305,360,24,33662,0.373,3,0,No
65,35447,435,3,60304,0.645,1,3,No
33,99045,558,25,26896,0.321,0,4,No
30,47865,555,28,14233,0.449,1,2,No
22,80450,630,30,20603,0.321,5,2,No
26,41134,692,22,42567,0.095,5,3,No
28,77378,843,4,8808,0.356,5,4,No
56,172273,553,16,84141,0.546,3,2,No
45,131889,566,9,24506,0.075,0,2,Yes
64,175008,306,3,25245,0.315,3,3,No
60,177834,738,0,31464,0.543,5,3,No
27,28228,850,0,84543,0.262,4,2,No
43,84405,303,6,81789,0.636,2,2,No
39,139764,841,2,87539,0.28,1,4,No
42,93946,606,15,12196,0.52,4,1,No
33,156480,761,24,93758,0.197,0,2,No
41,143780,847,26,48395,0.249,3,3,Yes
21,72497,650,15,98347,0.483,2,0,No
39,76419,798,14,26449,0.084,0,1,No
53,144216,510,22,82855,0.106,0,0,No
24,150733,412,10,9881,0.21,0,1,No
62,145262,416,21,5709,0.2,5,0,Yes
23,161845,615,17,98407,0.09,2,3,No
47,127301,732,20,54433,0.633,2,2,No
61,161689,314,23,77818,0.226,0,0,No
55,143400,500,19,68081,0.484,5,3,No
48,159979,646,29,7322,0.286,0,1,Yes
26,38841,423,7,9933,0.645,1,3,No
26,115866,455,24,68259,0.134,1,3,No
64,79501,708,23,68599,0.275,2,1,Yes
43,86855,507,5,57435,0.309,2,0,No
53,122735,765,17,38997,0.48,1,1,No
36,116822,463,7,45928,0.348,2,1,No
44,175931,576,19,92988,0.5,4,4,No
25,97352,693,16,65379,0.555,0,1,No
61,172620,349,28,8300,0.224,0,0,No
62,146780,443,4,66213,0.532,4,4,No
33,109581,465,2,69273,0.345,1,3,No
32,144156,366,18,60420,0.096,1,1,No
25,58385,319,6,24592,0.228,4,4,No
57,180716,368,11,38030,0.532,4,2,No
51,30639,753,0,54972,0.283,2,3,No
48,102152,324,2,99715,0.106,3,2,No
48,45580,609,9,88150,0.433,1,4,No
50,123304,311,5,13154,0.56,1,1,No
38,51974,533,15,41464,0.13,1,0,No
64,138262,432,13,74252,0.376,4,3,No
47,72612,574,7,20914,0.175,1,4,No
55,180833,451,5,81901,0.253,1,1,No
46,35701,751,30,52556,0.298,5,4,No
59,45822,515,10,33885,0.053,2,0,No
38,39970,609,3,12766,0.263,4,3,No
53,111728,532,7,18964,0.236,4,4,No
45,60847,792,25,90934,0.451,2,1,No
51,48103,448,4,66740,0.578,3,1,No
57,145706,636,9,26353,0.113,4,4,No
22,85787,755,21,88201,0.34,2,0,No
53,173016,778,11,27920,0.216,0,1,Yes
59,39974,806,28,37405,0.643,2,0,No
63,71984,574,16,91419,0.518,0,1,No
63,71893,480,19,26244,0.121,3,2,No
52,182386,733,10,91203,0.271,2,0,No
38,54852,450,19,32274,0.117,4,0,No
37,29953,770,27,53756,0.522,4,3,No
54,101773,503,11,34031,0.342,0,4,No
59,53448,763,20,52380,0.438,2,4,Yes
27,56771,626,11,87641,0.395,3,0,No
62,76550,448,16,65097,0.16,1,3,No
55,80378,576,19,45500,0.058,2,2,No
50,93124,334,26,68971,0.572,2,3,No
32,96892,515,22,77412,0.105,1,1,No
55,176141,300,21,76025,0.525,3,4,No
31,39695,767,25,29343,0.165,2,3,Yes
64,176855,765,4,16614,0.562,1,4,No
24,26403,750,26,22606,0.406,1,3,No
45,131695,369,16,22315,0.29,1,1,No
52,184399,556,23,24236,0.445,3,0,No
40,92821,391,27,10265,0.214,2,0,No
51,164934,671,4,63522,0.301,5,1,No
24,36430,398,29,50129,0.544,3,0,No
58,190089,809,12,23152,0.055,3,3,Yes
21,189718,806,28,81111,0.19,4,4,No
23,53922,642,13,80026,0.495,2,1,No
57,167615,545,7,31096,0.482,4,4,No
42,117099,771,13,96964,0.148,2,3,No
37,181625,578,26,99085,0.64,0,1,No
34,85092,809,5,45015,0.456,2,4,No
61,98114,730,6,80884,0.273,2,3,No
55,46263,741,30,31115,0.261,1,3,No
33,101204,560,25,61443,0.364,2,0,No
55,107458,554,9,45947,0.072,3,3,No
63,168304,760,29,74256,0.479,3,2,Yes
22,165164,564,16,86976,0.091,5,4,Yes
33,190306,814,5,27852,0.442,1,3,No
36,65482,744,2,70049,0.531,1,1,No
38,174189,522,18,21474,0.593,2,3,No
27,189330,491,18,5003,0.139,3,1,Yes
65,141397,739,21,79260,0.497,2,0,No
56,84097,568,23,94546,0.64,1,0,No
61,113631,340,27,79142,0.091,4,3,No
50,43302,340,2,43096,0.067,5,2,No
62,100762,630,2,13454,0.177,4,0,No
61,65934,474,4,79472,0.173,3,2,No
27,101439,732,5,27128,0.242,4,0,No
35,67446,748,5,44026,0.604,5,4,No
60,96635,622,22,5310,0.46,2,4,No
39,51076,579,28,95718,0.056,4,2,No
63,133463,393,22,27211,0.347,0,1,No
57,71578,639,12,31120,0.575,2,1,No
22,165798,719,26,37876,0.371,2,1,Yes
62,75865,504,18,93535,0.167,0,4,No
33,100076,559,29,42993,0.622,3,3,No
60,144471,690,4,16715,0.234,3,3,No
61,33102,577,0,74692,0.26,2,2,No
63,37754,780,16,97226,0.264,3,0,Yes
63,192684,750,1,66812,0.287,5,3,No
51,189435,590,11,7294,0.475,2,4,No
36,140702,404,27,53565,0.239,2,2,No
62,174819,676,17,32548,0.329,1,0,No
64,118371,489,6,53404,0.208,4,3,No
26,191466,494,4,60563,0.355,5,1,No
48,85484,676,28,70873,0.618,5,2,Yes
52,68084,317,18,66206,0.224,4,3,No
64,187165,558,15,21996,0.54,0,0,Yes
30,32179,671,22,12795,0.181,2,3,No
38,190350,359,11,89731,0.137,4,3,No
24,70813,404,18,68902,0.105,3,3,No
29,127816,725,18,11923,0.638,3,0,No
27,127606,560,19,40503,0.392,4,4,No
28,141331,345,20,15773,0.359,5,3,No
63,134264,825,14,90939,0.054,5,4,No
27,94942,776,23,30092,0.341,5,2,No
61,120539,566,8,23515,0.448,2,1,No
60,44748,833,28,53073,0.296,3,0,Yes
23,113688,405,20,34899,0.127,4,0,No
37,100127,816,7,49293,0.211,5,1,No
22,34742,695,18,60766,0.478,0,0,No
35,28411,448,26,62407,0.335,1,0,No
49,107002,579,6,58049,0.338,4,2,No
42,63464,824,18,7301,0.073,4,1,Yes
24,137067,325,27,76064,0.368,2,4,No
26,54698,581,11,61372,0.305,5,1,No
58,149359,783,25,21767,0.578,4,2,No
46,134416,363,2,35817,0.279,4,3,No
31,101011,410,3,46084,0.416,3,3,No
46,187180,387,1,68591,0.612,1,2,No
37,109360,721,6,89499,0.39,3,2,No
44,96296,739,21,90992,0.068,0,2,No
48,108702,427,26,11786,0.111,0,2,Yes
55,154770,593,2,83271,0.63,3,4,No
51,72133,448,0,14094,0.381,4,1,No
33,50180,626,11,91274,0.164,5,3,No
55,195266,439,25,60210,0.391,4,1,No
36,168597,421,18,23667,0.624,0,2,No
35,196746,822,19,65803,0.077,2,1,Yes
63,164994,683,25,66601,0.366,0,4,Yes
38,141048,582,16,86733,0.132,0,2,No
57,190918,746,23,75399,0.318,0,0,Yes
61,131097,493,17,54577,0.443,3,4,No
47,92173,505,2,14667,0.325,2,1,No
55,38916,845,12,13331,0.628,5,1,No
65,186998,363,30,60858,0.401,3,0,No
55,67941,316,4,15350,0.628,3,0,No
48,85294,734,24,24425,0.239,3,2,No
59,44684,404,21,59406,0.063,0,3,No
58,127308,739,18,70650,0.143,2,4,No
29,173038,527,18,35909,0.093,1,3,No
32,99011,694,7,90425,0.493,2,1,No
35,118009,512,19,99119,0.164,2,0,No
41,60166,597,15,36700,0.504,3,0,No
55,78264,724,4,87456,0.373,2,0,No
62,28466,700,3,67072,0.18,2,4,No
53,46902,823,26,35469,0.418,3,2,No
39,84805,697,24,15970,0.057,1,1,No
43,161435,559,15,76615,0.251,2,0,No
33,126470,425,23,12522,0.521,3,1,No
64,84397,525,13,91571,0.5,0,0,No
21,27134,632,12,39816,0.524,4,1,No
49,141924,629,22,59864,0.403,4,3,No
44,90126,564,19,18188,0.394,5,4,No
36,66379,470,24,10547,0.294,0,1,No
45,116938,300,26,26817,0.619,1,4,No
43,110609,540,7,86503,0.62,0,3,No
48,62723,319,23,12468,0.055,4,1,No
36,197238,614,25,12609,0.627,2,4,No
63,114292,772,17,86576,0.572,0,0,No
58,110310,440,4,92202,0.414,0,0,No
31,114170,632,5,76331,0.245,0,1,Yes
23,32249,349,5,41393,0.302,2,4,No
35,28796,760,24,86609,0.559,1,2,No
21,174990,690,19,25481,0.139,1,2,Yes
27,43564,354,22,28313,0.422,1,3,No
21,119322,350,24,16426,0.189,0,0,No
52,143915,789,20,80029,0.277,3,3,Yes
29,116509,631,26,75454,0.053,2,2,No
49,152129,569,21,70348,0.632,2,2,No
46,78173,661,16,85535,0.115,4,4,No
43,154829,444,28,11175,0.508,2,1,No
65,143493,428,22,95096,0.387,1,0,No
63,167462,674,15,67561,0.547,1,3,No
49,81627,804,4,54380,0.359,1,0,No
58,187022,300,19,16632,0.641,3,2,No
53,175672,666,2,5777,0.414,3,0,No
27,102478,837,0,38138,0.42,2,2,Yes
32,39012,794,4,21485,0.602,4,0,No
51,186774,473,2,57394,0.205,5,4,No
52,73176,824,23,60540,0.268,4,2,No
40,35346,333,27,9684,0.449,1,1,No
37,170500,617,30,24146,0.135,5,4,No
56,30755,510,15,12138,0.536,4,0,No
23,31283,610,15,89103,0.405,1,0,No
21,74036,393,28,79505,0.503,1,4,No
47,157409,488,3,54630,0.644,3,1,No
60,151986,813,2,12626,0.636,3,3,No
53,133991,503,11,96044,0.319,0,3,No
40,87968,790,16,95116,0.219,0,1,Yes
34,176929,353,11,45882,0.431,0,3,No
56,130130,775,30,59958,0.477,2,0,Yes
25,52640,393,9,71310,0.227,4,3,No
43,194507,613,1,78222,0.219,0,4,No
65,136233,659,9,69511,0.179,1,4,Yes
35,41214,467,1,31022,0.596,2,3,No
26,197604,697,16,23787,0.111,5,3,Yes
53,51531,836,23,44665,0.198,4,2,Yes
39,60812,693,4,8253,0.425,0,3,No
33,83928,655,1,32909,0.331,4,1,No
49,88883,347,23,73564,0.122,0,0,No
26,109153,731,13,67528,0.224,1,1,No
35,145325,352,9,35721,0.295,3,3,No
36,130771,540,14,71114,0.625,4,3,No
44,67774,694,4,13294,0.287,3,3,No
43,187162,326,25,70249,0.119,3,3,No
30,61809,358,13,22677,0.633,5,0,No
61,92425,485,20,68736,0.31,1,1,No
61,180132,440,17,42208,0.134,3,0,No
37,35091,356,29,28524,0.417,4,2,No
64,175111,749,23,23404,0.535,5,3,No
65,68289,405,12,98311,0.476,2,1,No
50,28718,579,12,56406,0.237,4,4,No
64,177991,767,2,50608,0.193,0,0,No
30,198088,732,3,84559,0.58,0,0,Yes
39,100234,639,4,74881,0.166,0,3,No
49,59398,813,9,89277,0.504,5,4,No
22,46444,698,24,61961,0.064,4,0,No
56,73051,481,28,72196,0.302,4,4,No
39,149073,601,1,57569,0.641,3,0,No
27,31866,482,23,51481,0.43,3,4,No
46,148582,809,20,52633,0.236,4,2,No
35,153379,394,26,60442,0.47,2,2,No
58,66522,713,8,17122,0.262,1,4,No
23,90143,455,8,66332,0.613,3,0,No
58,57759,396,9,9310,0.191,3,0,No
36,47665,668,11,33605,0.242,4,2,No
22,115478,537,14,31794,0.463,2,3,No
51,52679,312,2,12006,0.527,3,4,No
48,78883,600,27,24769,0.396,0,4,Yes
27,104529,481,8,8106,0.224,5,4,No
50,116069,454,6,82038,0.394,0,1,No
63,94131,690,29,63142,0.181,3,2,No
27,73295,476,24,23252,0.084,4,0,No
56,27256,368,22,25713,0.602,4,4,No
49,37101,607,29,28762,0.339,5,3,No
44,78255,844,15,13329,0.338,4,0,Yes
59,119944,352,23,71095,0.497,2,3,No
24,133718,515,3,89804,0.386,0,3,No
49,193016,337,29,27782,0.323,1,4,No
64,98497,727,13,47815,0.527,3,0,No
25,40416,560,4,43254,0.335,2,1,No
49,194094,673,15,35375,0.598,2,4,No
50,33429,330,27,88019,0.234,4,2,No
49,169855,692,21,54900,0.07,5,1,Yes
46,85632,724,19,68272,0.14,3,0,No
39,49290,304,13,10593,0.542,2,3,No
46,152162,353,12,28342,0.606,0,1,No
57,80153,803,23,29746,0.095,1,2,Yes
47,136221,807,28,64199,0.595,3,3,No
50,59500,752,13,33558,0.616,2,2,No
50,69021,499,4,56228,0.503,2,2,No
23,124118,572,18,80933,0.507,0,3,No
63,119821,525,16,54692,0.051,3,4,No
27,130339,770,29,77443,0.184,2,0,No
29,81733,317,0,75106,0.179,1,2,No
61,165248,309,28,46166,0.399,1,0,No
62,115909,338,29,55659,0.444,1,1,No
33,122491,340,29,87267,0.591,5,3,No
35,177629,343,28,35159,0.343,3,1,No
25,119274,496,23,81745,0.351,1,2,No
49,107439,598,18,53929,0.083,4,0,No
55,35738,508,10,55622,0.648,5,4,No
47,30041,758,9,26639,0.617,1,3,No
47,75606,535,3,45564,0.093,3,3,No
28,65527,814,22,80519,0.385,5,2,No
52,34250,659,16,82429,0.259,0,3,No
40,117348,682,21,79079,0.307,4,4,No
30,181760,726,16,31711,0.441,2,0,Yes
33,175862,643,15,93452,0.302,1,4,No
49,25946,553,18,71706,0.347,0,1,No
55,61798,847,19,73682,0.214,5,0,No
28,98863,806,26,52184,0.099,4,1,No
49,150473,817,30,18467,0.503,2,1,Yes
51,157208,629,13,59551,0.277,2,0,No
61,187987,787,22,41005,0.582,5,3,No
50,91090,781,15,35923,0.617,1,0,No
42,179493,771,1,31398,0.103,2,0,Yes
41,55893,831,7,38734,0.461,1,2,No
32,89124,736,5,78263,0.542,1,0,No
31,61171,721,9,56074,0.438,4,2,No
22,174710,461,1,91489,0.247,0,0,No
61,141054,733,29,13935,0.221,4,3,Yes
22,197135,315,29,47754,0.327,4,4,No
54,49193,364,18,71332,0.205,3,4,No
23,97743,372,3,96367,0.587,3,0,No
36,34238,503,5,52211,0.079,5,3,No
24,163491,553,12,31412,0.118,1,0,No
43,45410,828,0,21276,0.414,0,0,No
40,162028,494,4,99640,0.445,2,4,No
45,105161,550,23,89912,0.492,0,0,No
50,48753,849,27,95618,0.215,5,2,Yes
38,97858,584,6,61565,0.227,2,0,No
62,93150,842,13,83812,0.298,5,3,No
31,181611,782,26,82549,0.191,1,0,No
49,34029,609,18,60001,0.276,0,3,No
37,81536,480,29,37591,0.468,4,3,No
46,150338,544,10,89810,0.349,5,2,No
43,96214,740,17,91373,0.63,3,2,No
40,72989,574,17,60833,0.398,2,0,Yes
65,119631,523,25,98725,0.247,1,1,Yes
22,106107,666,20,63089,0.159,1,1,No
44,199234,838,23,46574,0.182,4,3,Yes
51,175790,549,5,25603,0.06,1,0,No
47,106402,312,5,81744,0.315,0,4,No
22,158270,607,6,33821,0.626,5,3,No
34,34407,491,16,60679,0.516,3,4,No
24,161289,318,18,70513,0.23,0,1,No
33,132196,638,26,95571,0.529,0,2,No
56,100947,325,4,40519,0.609,4,4,No
55,58138,305,30,20314,0.454,4,3,No
64,59500,440,6,36467,0.357,2,0,No
28,30259,326,5,76058,0.132,1,1,No
22,104652,404,16,79341,0.098,2,1,No
26,74953,821,24,25142,0.181,4,4,No
51,47783,578,28,61147,0.448,2,4,No
30,66949,602,18,24503,0.143,3,1,No
64,177227,311,11,62110,0.37,0,4,No
41,57389,376,6,16604,0.312,4,3,No
62,189255,317,11,57190,0.427,1,1,No
30,56048,473,16,72972,0.081,4,4,No
43,188193,700,14,96463,0.638,4,4,No
23,52541,386,15,9650,0.464,0,2,No
52,61105,642,0,85761,0.483,1,4,No
40,151492,748,10,48108,0.06,2,4,Yes
30,177714,353,0,13731,0.098,5,1,No
49,131331,726,12,22993,0.463,5,1,No
61,193897,377,27,99213,0.116,1,3,No
54,130271,738,30,44661,0.587,2,0,Yes
57,184992,796,19,89499,0.423,2,4,No
40,196833,471,16,88523,0.093,4,2,No
28,76944,849,28,59125,0.418,4,0,No
27,56027,660,15,76198,0.532,5,2,No
26,148452,535,29,41017,0.531,4,2,No
31,128197,732,16,10587,0.291,0,1,No
64,177552,315,24,57266,0.326,5,0,No
38,193696,795,13,73440,0.492,4,2,No
62,94191,510,23,79287,0.574,2,3,No
49,115404,626,4,94811,0.526,5,3,No
45,74028,546,12,42608,0.408,4,2,No
41,78445,848,17,11260,0.485,1,0,Yes
23,106999,802,6,24434,0.441,3,0,No
38,70192,466,27,41318,0.396,1,4,No
44,94844,740,16,18000,0.602,0,3,No
58,174318,652,10,66478,0.439,0,1,No
30,189458,398,24,49192,0.279,4,4,No
47,75111,417,16,66155,0.635,0,0,No
32,143423,652,18,83805,0.62,2,4,No
27,196954,800,5,19506,0.518,2,2,Yes
37,84557,338,19,20104,0.07,5,2,No
21,168260,629,17,31317,0.487,1,3,No
46,35669,622,20,41176,0.068,5,0,No
35,167515,797,9,31199,0.094,5,2,No
53,141856,328,0,67192,0.262,2,2,No
57,44629,842,0,72016,0.24,3,3,No
51,183026,615,14,82193,0.388,0,0,No
55,32235,850,26,58393,0.196,0,1,No
21,100450,812,5,92304,0.17,5,4,No
28,67849,766,26,47232,0.45,3,3,No
32,76192,498,24,48818,0.316,5,3,No
39,138971,481,25,56587,0.082,1,3,No
45,36593,429,6,46514,0.315,2,0,No
52,65928,430,9,51238,0.505,2,3,No
32,52885,304,3,8546,0.09,0,1,No
33,79801,466,13,16752,0.599,1,2,No
48,165363,684,7,10144,0.336,4,1,Yes
21,149568,391,0,42079,0.357,4,4,No
26,147171,486,29,79827,0.23,2,4,No
28,94668,764,28,43740,0.438,0,3,Yes
24,156916,818,20,49304,0.063,2,1,Yes
25,79929,414,1,52041,0.493,2,4,No
45,56869,562,26,78371,0.109,1,1,No
42,59411,643,18,35221,0.317,3,2,No
48,84677,538,9,68347,0.138,2,2,No
59,190103,608,3,55243,0.152,1,3,No
43,60702,315,16,91084,0.329,0,1,No
24,151565,361,15,9976,0.089,4,0,No
24,47523,620,4,97429,0.14,2,2,No
41,130478,667,9,61977,0.376,3,0,No
57,29776,734,21,79027,0.468,5,0,No
61,86001,591,10,42402,0.266,2,3,No
22,174796,462,0,43056,0.57,2,1,No
27,170172,540,12,37724,0.147,1,0,No
36,67467,624,19,10469,0.386,5,2,No
37,85722,674,1,16273,0.104,0,3,No
40,124420,428,0,75213,0.15,0,2,No
43,136884,422,13,98465,0.595,3,2,No
54,104468,763,20,43440,0.646,3,4,No
31,177790,826,11,98997,0.648,3,1,No
54,141849,528,10,23019,0.53,5,0,No
53,175712,443,0,32654,0.17,3,2,No
46,85312,475,13,5676,0.222,4,2,Yes
22,132644,352,7,46187,0.103,3,3,No
43,44560,634,17,34617,0.082,1,1,No
61,162452,592,4,77897,0.49,0,4,No
42,72756,539,30,83803,0.374,0,1,No
54,119365,742,30,88817,0.446,1,1,No
35,54579,435,2,51455,0.398,0,4,No
30,120736,370,21,88175,0.057,0,4,No
35,154984,307,5,68606,0.242,4,2,No
62,110265,732,23,73851,0.465,5,1,No
49,184609,635,26,20030,0.567,4,3,No
43,142621,718,20,21648,0.143,5,2,No
37,114661,600,4,44838,0.121,5,4,No
29,161727,536,20,55644,0.625,3,0,No
56,104721,805,24,90090,0.63,3,2,No
29,173283,698,1,90596,0.5,2,1,No
36,178352,622,2,63001,0.086,4,4,No
56,58971,301,30,26427,0.428,1,2,No
53,151183,484,3,45093,0.127,1,2,No
51,129923,315,28,13586,0.557,2,0,No
26,31798,578,22,11809,0.232,4,2,No
30,42228,650,25,32859,0.335,4,4,No
36,191811,669,27,64096,0.162,1,3,Yes
24,119845,677,0,57873,0.485,4,1,No
42,65503,354,15,78375,0.351,3,1,No
33,39548,507,18,98538,0.474,4,1,No
36,133125,431,25,85437,0.242,4,2,No
49,155942,665,22,65696,0.276,5,1,No
26,193925,655,7,67935,0.588,1,1,No
46,99531,477,1,79396,0.203,4,0,No
31,49703,541,26,6698,0.592,0,4,No
44,181599,583,2,30139,0.095,4,2,No
49,121966,736,13,75771,0.145,1,4,Yes
23,90555,824,6,64888,0.448,0,3,No
30,75933,370,12,49244,0.647,3,0,No
21,85475,353,6,22291,0.61,0,3,No
63,48241,312,15,60282,0.355,4,0,No
46,144522,675,2,60558,0.367,4,3,No
32,97832,559,25,56910,0.394,2,0,No
34,197588,379,4,13276,0.525,3,2,No
45,43628,775,22,15804,0.38,1,1,Yes
28,44367,359,2,18648,0.121,1,1,No
63,36755,346,23,6603,0.553,1,1,No
24,169097,789,27,11316,0.581,2,0,Yes
48,160959,335,14,34296,0.601,1,1,No
27,85675,830,19,15183,0.302,0,3,No
30,74348,555,10,86592,0.183,3,2,No
56,95762,585,29,17561,0.122,4,2,No
22,126132,666,22,77286,0.365,5,3,No
46,136335,527,17,50615,0.216,1,4,No
34,177735,470,4,36528,0.306,3,3,No
36,109389,796,21,69318,0.109,4,1,No
63,43014,544,12,45604,0.17,4,0,No
62,39239,692,28,76912,0.313,0,0,Yes
37,192118,823,0,37016,0.157,0,0,No
42,43422,597,26,76193,0.185,4,2,No
24,177888,756,13,75601,0.062,1,0,Yes
39,52055,736,8,96559,0.094,5,1,No
22,31470,645,29,37647,0.12,2,2,No
59,113997,777,8,86584,0.444,2,2,No
29,46603,484,3,16943,0.14,1,4,No
39,138450,571,20,73732,0.578,4,2,No
36,46996,760,24,87177,0.521,1,1,No
45,64978,398,30,87612,0.54,2,1,No
38,123878,733,25,14934,0.261,4,3,No
43,198050,772,26,70590,0.085,5,2,Yes
41,65564,568,1,93731,0.096,5,2,No
31,186071,695,15,55949,0.464,0,1,No
59,56748,707,4,7471,0.604,0,2,No
61,86402,686,19,86858,0.155,2,0,No
24,188403,833,17,93527,0.569,0,4,No
45,154826,640,1,57982,0.442,1,2,No
52,69380,838,13,23038,0.456,3,0,No
50,124760,513,14,58441,0.469,5,3,No
65,124899,696,24,72836,0.087,3,3,No
46,115228,343,9,34698,0.412,5,3,No
56,32986,665,27,94335,0.34,0,4,No
54,148262,473,15,80402,0.552,1,2,No
29,103682,572,7,15862,0.307,0,2,No
32,141817,849,25,32288,0.356,0,1,Yes
22,67810,789,25,71369,0.398,5,0,No
58,43501,481,23,63504,0.402,4,0,No
25,176938,395,23,23618,0.29,1,4,No
25,174462,370,20,84453,0.15,5,0,No
42,66256,610,13,41246,0.201,2,3,No
25,64528,626,19,63343,0.297,1,1,No
24,52712,646,9,33288,0.422,1,1,No
29,30694,465,12,76178,0.323,0,4,No
49,154201,515,18,88663,0.525,4,1,No
42,109999,643,1,55716,0.395,4,0,Yes
47,177734,360,25,93166,0.256,0,4,No
30,25010,485,4,86646,0.348,4,0,No
36,193720,663,13,29070,0.266,1,0,No
62,140098,481,23,72749,0.068,2,1,Yes
62,183587,333,20,21387,0.219,2,1,No
30,136821,704,22,74883,0.321,2,3,No
26,184098,437,20,94335,0.203,4,3,No
25,41982,327,25,5471,0.482,3,0,No
26,173279,405,24,28453,0.567,5,4,No
45,133893,456,23,48506,0.228,0,2,No
24,194057,406,7,72849,0.065,5,2,No
60,64854,532,0,30835,0.575,3,2,No
52,97207,495,4,97085,0.396,5,1,No
55,48084,501,24,10747,0.053,5,0,No
30,135234,408,10,59824,0.35,0,4,No
54,60260,842,7,37518,0.108,3,1,Yes
56,67905,340,16,69992,0.454,0,2,No
26,41614,363,24,84379,0.37,2,1,No
63,77892,714,9,27277,0.598,2,1,No
36,166936,671,13,35037,0.287,1,4,No
39,40224,663,0,88709,0.604,5,4,No
54,72462,535,4,31639,0.552,5,2,No
45,134950,770,14,8169,0.501,3,4,Yes
51,135079,799,9,22179,0.313,0,0,Yes
61,25043,722,14,28442,0.299,2,3,No
37,196372,487,0,82413,0.287,0,1,No
50,180548,839,30,12737,0.081,5,0,Yes
59,52500,702,23,34289,0.414,2,0,No
51,81430,793,10,89564,0.529,0,4,No
39,150150,533,17,25866,0.496,3,1,No
55,44841,791,5,86440,0.4,0,3,No
49,85293,830,1,5903,0.264,2,3,Yes
21,63152,611,1,41265,0.467,0,1,No
24,150198,412,16,26787,0.367,2,3,No
48,121467,800,21,96036,0.554,5,1,No
38,161687,643,4,84850,0.214,5,0,No
46,112426,657,19,86587,0.111,1,2,Yes
60,51870,425,13,99544,0.052,4,2,No
39,70876,381,11,26581,0.496,4,2,No
26,147205,551,3,80939,0.41,3,4,No
21,68302,681,8,17512,0.086,2,1,No
28,185908,398,26,25516,0.554,3,3,No
53,34831,751,17,49001,0.336,5,1,No
63,58384,323,9,34457,0.327,3,1,No
41,123543,716,6,68944,0.461,5,4,No
44,64222,652,29,8601,0.431,0,1,No
45,119605,372,4,6220,0.193,4,4,No
63,198888,814,14,33747,0.437,3,2,No
39,66882,329,29,9856,0.565,2,1,No
49,76056,749,25,53751,0.285,2,2,No
30,145853,779,12,60233,0.224,1,4,No
32,173268,756,13,55964,0.086,4,0,Yes
53,29999,326,24,72855,0.413,3,1,No
27,180098,655,3,38443,0.503,5,3,No
37,26730,318,5,54250,0.631,1,2,No
30,83175,827,14,59355,0.417,5,4,No
51,93960,569,12,21481,0.319,2,3,No
26,63830,445,12,80283,0.611,4,2,No
37,121762,841,17,98771,0.157,2,1,No
57,53008,448,16,71796,0.475,3,4,No
38,137171,482,27,88094,0.246,0,2,No
46,93904,341,0,74624,0.567,4,4,No
36,92763,464,3,20648,0.497,1,4,No
28,147327,393,10,77754,0.25,1,1,No
44,186394,513,24,58932,0.515,0,3,No
33,133756,487,18,58699,0.584,1,0,No
49,168889,387,27,87991,0.201,0,4,No
52,169298,757,12,48633,0.393,5,3,No
44,135016,771,15,24534,0.302,4,1,No
36,56157,353,18,63698,0.606,3,3,No
31,111300,671,30,97926,0.633,5,1,No
52,148528,816,14,93388,0.112,3,4,No
26,25188,664,27,8263,0.379,5,4,No
55,34414,336,11,98943,0.369,5,2,No
53,162818,418,22,88690,0.571,4,1,No
38,170403,708,7,5945,0.517,5,3,No
57,101790,662,26,96495,0.222,1,2,Yes
33,100753,668,21,7952,0.363,0,4,No
30,106119,452,0,13235,0.277,4,0,No
57,193452,622,21,31335,0.262,4,2,No
46,141576,593,7,53660,0.489,3,3,No
37,190390,779,4,89184,0.41,4,0,Yes
21,40800,777,23,55879,0.169,2,0,No
45,120748,747,27,18367,0.422,4,4,No
54,146747,429,0,91993,0.328,0,2,No
59,137869,641,11,87954,0.255,4,4,No
30,52492,566,3,64102,0.09,0,3,No
40,30233,637,14,5104,0.607,5,1,No
27,178091,774,27,35695,0.567,3,1,No
36,36447,714,8,33625,0.232,2,2,No
57,35998,590,9,70237,0.384,2,2,No
49,57801,471,20,74200,0.569,3,1,No
32,180943,738,12,57054,0.362,1,0,No
37,52076,600,9,50605,0.135,0,4,No
40,135275,448,27,65023,0.335,2,4,No
46,118688,564,9,21027,0.238,0,2,No
39,157501,394,13,72590,0.325,0,2,No
32,35381,716,18,56841,0.559,3,3,No
41,26987,556,18,30793,0.295,0,4,No
62,113191,814,24,73245,0.53,2,1,Yes
54,44266,649,0,49985,0.19,4,0,No
27,84053,504,26,74504,0.406,0,4,No
65,134273,643,21,6633,0.306,2,3,No
55,102425,764,21,78764,0.634,0,2,Yes
35,139550,838,25,35008,0.05,2,2,Yes
21,26547,328,30,28178,0.268,5,2,No
46,80859,675,23,26052,0.538,2,3,No
55,79457,404,29,91669,0.285,1,1,No
45,151184,633,7,11727,0.181,5,1,No
62,104086,368,16,14808,0.562,0,0,No
35,30174,406,22,48084,0.405,4,1,No
42,176259,401,9,87798,0.384,3,0,No
26,86031,561,0,73870,0.29,0,1,No
35,28938,588,7,56790,0.145,4,3,No
44,85833,436,4,71984,0.395,5,2,No
41,157543,789,1,66198,0.353,3,4,No
27,82155,366,18,98930,0.291,2,4,No
49,172793,450,26,19429,0.096,4,3,No
52,163516,577,29,34881,0.441,1,4,No
52,118193,511,30,66486,0.429,5,3,No
25,92928,649,24,12971,0.385,1,1,No
24,40729,446,1,55302,0.129,5,3,No
42,189816,664,19,61397,0.232,2,2,No
38,133741,527,22,97675,0.332,3,0,No
55,120245,589,23,70888,0.491,3,4,No
37,192908,629,10,92609,0.184,1,2,No
44,100431,694,2,60030,0.531,1,3,No
22,42255,438,25,99919,0.241,0,4,No
33,93945,723,25,9686,0.449,5,4,No
35,37744,552,8,87149,0.612,2,3,No
25,105621,715,7,5320,0.479,4,3,No
23,45845,806,5,23917,0.092,5,2,No
57,191461,645,13,57890,0.276,0,4,Yes
57,27529,479,27,50133,0.397,0,4,No
57,68117,513,7,63967,0.454,0,0,No
23,81314,737,14,99031,0.257,3,0,No
55,138045,779,26,95304,0.307,3,3,Yes
43,183004,452,25,85617,0.276,5,1,No
48,164423,712,23,11987,0.469,3,1,No
50,152819,422,2,5808,0.598,5,0,No
38,133598,542,22,82385,0.517,5,2,No
56,101536,605,7,88753,0.208,5,2,No
53,199031,435,27,9514,0.374,3,3,No
46,129703,458,21,87736,0.337,4,0,No
60,179021,451,15,27933,0.059,5,4,No
37,183641,755,5,50476,0.613,3,2,No
60,137230,633,6,40131,0.33,4,2,No
27,146793,762,28,82835,0.616,2,4,No
28,44318,768,12,16049,0.449,5,0,No
51,43695,325,19,50919,0.475,0,2,No
32,105704,465,25,20440,0.306,1,2,No
51,62096,665,28,60169,0.565,0,1,No
64,143276,738,30,73510,0.161,5,2,Yes
39,144341,396,30,81563,0.625,4,4,No
30,28747,693,25,58892,0.42,3,2,No
59,89400,766,8,7247,0.249,4,0,Yes
32,113744,566,18,20631,0.494,5,1,No
40,124763,422,6,71107,0.497,5,4,No
57,29430,834,15,76263,0.515,1,2,No
61,109371,497,24,65930,0.226,5,4,No
27,130635,340,23,85584,0.065,0,0,No
34,53927,420,6,41067,0.584,0,0,No
31,153065,724,14,59816,0.529,5,2,No
27,85411,303,28,50381,0.291,5,2,No
49,143778,554,4,28135,0.15,5,4,No
30,165035,767,1,73881,0.331,2,4,No
49,108031,482,28,26763,0.233,4,2,No
29,103134,406,1,93235,0.166,2,0,No
56,165858,798,19,15587,0.342,3,3,No
30,67241,746,4,17962,0.548,2,3,No
39,36020,476,11,78313,0.399,0,1,No
51,191213,371,3,99071,0.342,0,0,No
37,185533,369,29,85417,0.646,0,0,No
29,170424,422,26,72696,0.506,5,0,No
65,80994,691,29,9260,0.129,3,1,No
53,171416,526,17,14696,0.3,5,2,Yes
54,131837,667,19,80748,0.329,4,4,No
65,103661,757,10,33859,0.416,0,1,No
44,128027,482,28,33438,0.459,5,2,No
29,175274,526,20,41746,0.245,1,4,No
27,67232,371,19,28154,0.27,4,2,No
36,163064,811,5,83905,0.112,2,2,No
39,124042,307,12,77280,0.104,4,3,No
59,51354,371,25,37839,0.505,3,0,No
26,103769,345,22,27149,0.606,3,3,No
31,160662,449,4,81375,0.168,4,1,No
32,169790,781,24,36443,0.604,5,4,No
62,169177,708,28,10378,0.256,2,3,No
33,161153,474,3,47856,0.578,0,3,No
32,142266,726,26,82625,0.066,0,2,No
41,141246,536,9,79774,0.104,5,3,No
30,117254,439,1,41536,0.311,5,1,No
40,176456,363,26,15322,0.559,2,0,No
56,95081,578,25,6664,0.32,5,3,No
48,30339,349,7,94858,0.554,5,4,No
44,171425,514,29,84872,0.254,2,4,No
25,84487,335,19,48374,0.129,0,2,No
57,182448,730,19,29219,0.605,4,3,No
32,109636,804,2,12151,0.096,2,1,Yes
55,29302,548,27,48076,0.474,3,4,No
60,157881,767,8,71130,0.58,3,1,No
22,119453,809,19,64179,0.122,3,3,Yes
61,161902,693,1,10004,0.361,0,0,Yes
65,174453,739,26,37733,0.082,4,3,Yes
59,156057,457,29,69711,0.325,2,4,No
62,73637,393,16,70104,0.522,5,4,No
29,160484,785,27,85664,0.232,0,2,Yes
42,101420,738,0,69075,0.19,0,3,No
25,85520,465,23,32130,0.201,0,3,Yes
32,114668,355,28,39029,0.525,5,4,No
21,71775,754,28,42148,0.634,4,2,Yes
64,178779,669,16,67698,0.187,0,3,Yes
42,186550,677,4,93438,0.091,3,0,No
58,31745,694,12,48969,0.126,3,2,No
39,194042,690,28,20137,0.427,2,0,Yes
36,124859,651,7,76226,0.456,2,1,No
51,167954,381,29,84072,0.32,4,3,No
23,152816,845,6,58696,0.098,2,3,No
43,102300,362,22,14417,0.607,1,0,No
62,94979,813,13,20381,0.608,0,2,Yes
38,38583,447,7,20028,0.286,3,1,No
46,197362,818,10,85086,0.543,1,3,Yes
33,78857,607,2,43146,0.589,4,1,No
38,100672,804,4,8757,0.355,5,0,No
23,111759,397,17,32000,0.411,4,4,No
43,45342,601,4,30816,0.49,0,2,No
23,78816,341,12,24624,0.585,5,2,No
45,100412,615,4,33221,0.103,2,2,No
47,83314,683,1,84237,0.082,1,1,No
64,156818,403,25,84300,0.455,2,3,No
47,125488,635,29,92473,0.079,5,2,No
59,180402,331,12,27950,0.113,1,0,No
45,198416,581,27,78679,0.303,0,3,Yes
44,123112,329,5,5938,0.159,4,0,No
28,184678,692,16,38108,0.589,4,3,No
29,121537,331,7,15023,0.249,0,1,No
57,34210,448,26,12556,0.397,4,4,No
50,105615,375,16,34920,0.056,4,2,No
39,52154,706,18,20938,0.358,3,0,No
36,53687,573,14,75144,0.536,5,0,No
44,97684,848,29,86726,0.631,2,1,No
64,40473,360,0,11473,0.457,5,1,No
41,76176,430,29,61670,0.172,0,4,No
56,55285,812,17,15219,0.268,2,0,Yes
60,113093,359,6,9123,0.144,4,3,No
59,198574,679,6,43746,0.253,2,4,No
26,39219,646,28,43453,0.387,0,0,No
25,81170,741,15,77310,0.342,2,3,No
34,137661,842,10,9490,0.574,0,4,Yes
65,196037,698,4,18012,0.172,0,2,Yes
62,59470,306,20,13484,0.31,3,3,No
24,89147,690,13,47232,0.429,3,0,No
28,128833,434,22,49449,0.639,5,4,No
44,64984,319,25,45597,0.178,2,2,No
31,70380,626,26,71505,0.55,2,1,No
37,128721,733,30,49675,0.421,1,1,Yes
41,96860,673,27,98654,0.13,5,4,No
46,98849,442,9,23686,0.52,3,2,No
63,72227,693,4,8279,0.155,3,4,No
64,116588,782,29,88127,0.47,2,2,No
65,139953,790,23,13594,0.194,3,2,Yes
47,180675,620,18,38806,0.331,5,1,No
36,112298,711,17,89274,0.52,0,3,No
46,43508,653,25,10272,0.431,3,4,No
53,161046,731,3,50259,0.494,3,2,No
51,176233,302,30,30568,0.532,0,0,Yes
26,146725,430,22,85967,0.071,0,1,No
64,54730,374,8,29244,0.338,3,0,No
28,103259,623,18,33738,0.641,1,2,No
27,106009,777,10,73779,0.527,2,2,No
54,157157,459,2,5805,0.269,0,3,No
64,113115,316,10,34372,0.221,3,1,No
34,174941,694,6,34252,0.473,4,1,No
36,171843,655,16,59317,0.132,1,1,Yes
63,66060,331,22,91118,0.58,2,4,No
29,145086,782,17,79478,0.099,1,1,Yes
30,46462,454,25,16295,0.385,0,3,No
37,130506,814,14,25219,0.558,5,4,No
32,175504,641,29,67866,0.482,0,0,Yes
26,146190,705,16,41378,0.341,2,4,No
39,38174,672,25,72028,0.188,3,0,No
63,107719,585,24,12457,0.41,0,2,No
61,185769,520,16,83964,0.63,4,0,Yes
49,30611,446,23,95932,0.107,4,1,No
26,137495,479,9,48678,0.069,3,0,No
45,47393,809,29,25279,0.302,4,1,Yes
44,161335,596,14,60647,0.405,4,4,No
45,178026,648,22,30161,0.265,5,0,No
36,168068,790,15,99616,0.481,1,2,No
36,166877,652,14,40541,0.364,1,1,No
26,101003,380,25,53690,0.258,4,0,No
57,177096,733,8,96060,0.526,4,4,No
41,197679,422,27,94936,0.11,4,1,No
24,104423,588,20,8541,0.074,4,0,No
54,125665,769,18,28506,0.084,0,1,Yes
48,114461,809,0,39492,0.539,3,3,No
58,168396,779,1,19242,0.529,0,3,No
61,25723,738,5,5594,0.548,2,4,No
48,124851,473,23,49826,0.22,2,2,No
37,83323,645,8,82962,0.345,3,3,No
34,154923,404,23,44145,0.242,3,4,No
27,169477,754,17,26019,0.402,4,3,No
42,151366,593,0,50858,0.557,3,4,No
21,157437,692,30,95244,0.062,4,2,No
49,82893,495,9,36389,0.392,5,3,No
51,52338,721,3,48345,0.171,0,3,Yes
50,94389,776,13,51912,0.572,2,0,No
35,160754,517,30,71921,0.624,1,4,No
38,96496,452,20,86071,0.547,0,1,No
55,49727,336,25,69663,0.07,2,4,No
50,180145,647,5,94680,0.232,5,4,No
54,44882,469,19,57906,0.188,1,3,No
62,73232,609,4,13465,0.546,1,3,No
31,84556,653,14,53288,0.061,3,4,No
47,77137,549,23,51685,0.604,5,4,No
44,70054,678,9,88635,0.402,0,4,No
55,180859,444,2,73618,0.496,3,2,No
59,113589,788,16,24907,0.323,1,3,Yes
28,182827,391,8,29065,0.474,0,1,No
38,118335,480,30,97954,0.251,5,1,No
33,61959,427,8,12569,0.446,1,1,No
65,100254,577,14,72940,0.308,2,1,No
44,115633,741,17,81449,0.609,1,1,No
43,113437,558,2,87357,0.608,1,1,No
32,119058,647,7,6473,0.392,4,2,No
50,193975,783,2,33727,0.514,2,0,Yes
51,195591,601,18,5344,0.495,2,1,No
48,131513,511,21,12401,0.474,2,2,No
42,36672,787,12,5146,0.634,3,2,No
64,163246,783,21,48295,0.577,3,2,Yes
48,174175,850,15,99627,0.497,1,1,No
33,33061,762,6,26062,0.097,2,3,No
45,123162,649,25,36404,0.263,4,0,Yes
64,169337,602,19,29832,0.256,1,0,No
27,136234,717,4,16443,0.357,5,0,No
65,195112,367,25,61096,0.564,2,1,No
26,174065,356,18,94249,0.453,2,1,No
44,83219,769,29,45847,0.513,3,4,No
39,97250,452,1,8934,0.075,2,2,No
39,120303,500,2,58368,0.082,4,1,No
56,62877,338,27,49673,0.607,2,0,No
29,103285,811,2,23621,0.176,4,0,Yes
56,106424,547,28,62362,0.527,1,1,No
58,172092,413,1,53591,0.379,3,1,No
60,59821,677,15,36503,0.26,2,3,No
49,188923,434,16,77603,0.508,1,4,No
44,41025,422,26,16909,0.629,2,1,No
25,116551,512,15,77474,0.205,2,1,No
62,40431,801,15,14936,0.261,0,4,No
65,199251,474,18,60206,0.226,0,4,No
46,66658,574,16,34324,0.437,3,0,No
34,141508,535,23,62839,0.485,3,2,No
59,187064,845,4,45984,0.337,5,1,Yes
49,198130,470,11,63024,0.179,1,1,No
26,81779,719,21,29187,0.243,1,3,No
27,60662,836,11,65580,0.498,0,3,No
57,192257,396,28,66332,0.58,4,4,No
38,107168,320,25,19890,0.355,4,4,No
43,163882,589,6,20659,0.199,4,4,No
64,76042,381,6,7003,0.449,0,0,No
58,103186,406,3,44379,0.434,3,4,No
21,151247,585,5,87217,0.596,4,3,No
24,190955,849,15,34594,0.221,4,0,No
64,195421,630,7,66472,0.54,3,2,No
55,77215,431,5,24087,0.452,5,0,No
43,194491,638,22,67086,0.554,1,3,Yes
47,180943,520,29,77055,0.112,2,0,Yes
46,76846,376,28,47511,0.546,2,1,No
28,133487,349,29,36789,0.336,3,1,No
63,72136,642,18,20875,0.515,1,1,No
36,57548,631,29,8586,0.196,5,0,No
61,147911,593,24,9445,0.259,3,2,No
23,29650,451,9,99482,0.299,0,0,No
52,82278,394,15,61666,0.38,4,2,No
25,41225,680,1,98468,0.356,2,3,No
40,70360,739,13,23933,0.192,1,2,Yes
34,89008,620,10,75891,0.592,4,3,No
52,82573,389,23,68312,0.617,3,3,No
46,76932,828,23,51656,0.192,0,2,Yes
26,152333,582,27,74908,0.285,2,3,No
56,45881,644,1,34408,0.533,3,3,No
60,58557,532,24,54334,0.52,1,3,No
25,86324,651,2,87442,0.634,3,1,No
33,45841,732,25,87530,0.618,0,4,No
52,38475,613,30,51499,0.575,0,0,No
36,31671,679,21,9134,0.402,0,3,No
21,56764,556,10,95673,0.253,0,2,No
33,162033,696,3,24227,0.363,3,0,No
31,80890,556,13,72603,0.513,4,1,No
28,135352,458,4,39470,0.113,2,4,No
45,152808,502,2,99698,0.472,2,4,No
60,88884,712,27,18720,0.588,5,4,No
52,30155,381,25,39686,0.176,4,4,No
44,154518,745,7,84612,0.537,1,2,No
48,153275,324,9,88655,0.584,1,4,No
34,90768,317,11,21159,0.09,1,3,No
65,145423,796,25,29510,0.625,4,3,Yes
23,85851,415,7,7927,0.351,3,2,No
56,165293,448,22,44793,0.325,2,2,No
47,69566,625,6,26803,0.412,3,0,No
40,158783,320,1,89904,0.178,2,1,No
35,168603,447,25,11739,0.448,2,3,No
47,166552,745,11,94096,0.535,1,0,No
65,196780,586,21,46332,0.243,0,0,Yes
61,37191,624,19,87380,0.203,5,3,No
48,28779,499,10,6061,0.599,1,3,No
45,96190,447,8,7171,0.331,0,4,No
62,135678,666,4,74469,0.427,2,0,No
64,148760,520,5,25004,0.563,5,3,No
53,32317,527,6,32798,0.48,3,1,No
34,25159,605,13,75730,0.243,0,1,No
28,150373,478,17,67669,0.062,3,3,No
34,82115,775,14,17278,0.331,3,3,Yes
21,44462,716,0,76311,0.199,3,4,No
36,27917,422,15,60334,0.302,2,3,No
38,175469,584,14,51555,0.325,5,3,No
27,51125,302,21,13060,0.569,3,2,No
35,72277,561,8,41465,0.51,3,2,No
44,39349,770,6,16418,0.168,5,0,No
33,85715,631,11,57909,0.24,3,2,No
29,190800,560,27,24245,0.4,5,4,No
35,186864,302,8,92571,0.389,2,1,No
55,32902,746,11,47330,0.377,2,3,Yes
44,146345,515,10,30429,0.621,3,3,No
53,104569,778,2,86324,0.466,0,4,No
36,127148,739,12,89255,0.108,0,2,No
28,128001,499,4,12455,0.614,2,3,No
49,60158,578,21,91192,0.328,0,0,No
43,28917,434,21,49005,0.398,3,0,No
65,104742,593,20,54454,0.542,1,3,No
51,168692,504,29,98223,0.178,4,4,No
60,152330,384,17,84876,0.357,3,2,No
34,128246,592,10,68421,0.566,5,2,No
50,49691,689,25,73711,0.492,4,1,No
59,95734,437,2,53629,0.26,1,0,No
47,51046,710,21,56702,0.404,3,2,No
36,178458,808,8,30352,0.055,4,1,No
26,167343,517,30,34126,0.078,3,3,Yes
53,177598,356,25,15897,0.118,4,4,No
64,143540,391,7,33391,0.467,1,1,No
38,68798,669,23,98184,0.422,0,3,No
36,148293,711,7,18552,0.6,4,3,No
32,181329,492,12,41217,0.475,2,0,No
40,99396,416,10,61453,0.302,4,1,No
65,182717,574,5,8789,0.57,0,0,No
60,180261,652,12,5727,0.076,5,1,Yes
49,106298,745,27,73089,0.056,0,1,No
50,157040,335,10,72280,0.2,5,0,No
46,30800,496,13,24024,0.127,4,2,No
42,180301,589,13,27763,0.212,1,0,No
53,83524,785,18,84380,0.233,2,4,Yes
59,121585,710,4,41207,0.323,1,0,No
49,185789,722,14,36522,0.416,0,0,Yes
42,145279,538,12,38977,0.261,1,1,No
65,154925,597,23,60088,0.63,3,0,No
33,160891,341,15,93268,0.375,5,2,No
29,81784,387,28,93205,0.576,1,0,No
44,112175,475,18,91397,0.531,4,4,No
35,71935,577,16,39775,0.079,3,2,No
56,160070,642,27,85275,0.333,4,3,Yes
33,66750,596,29,7911,0.534,0,0,No
47,161252,579,30,37278,0.594,5,1,No
64,103288,723,15,39829,0.43,1,2,No
57,55513,715,28,78045,0.609,1,3,No
27,128725,332,13,94808,0.448,3,4,No
28,42879,327,16,65775,0.175,3,4,No
57,114898,508,6,74377,0.385,2,2,No
61,86833,547,5,59534,0.504,1,3,No
34,39316,677,4,73322,0.45,2,4,No
32,180597,657,23,85995,0.1,1,2,No
56,30378,317,23,89109,0.192,5,2,No
60,158649,512,26,15459,0.463,4,1,No
37,177762,813,0,56084,0.367,0,1,Yes
60,131437,393,15,72307,0.069,3,0,No
49,102383,316,22,66894,0.493,3,2,No
47,112288,538,13,98122,0.098,0,4,No
21,106976,827,26,40972,0.161,2,0,No
54,98008,476,1,30652,0.593,1,0,No
24,175025,430,28,44182,0.239,3,4,No
44,113297,597,3,56937,0.071,1,4,No
41,108868,362,0,40665,0.06,1,2,No
53,107142,429,1,90763,0.611,2,0,No
27,198671,662,28,86313,0.274,2,3,Yes
21,119534,569,25,8820,0.423,1,3,No
61,62985,567,8,39004,0.298,1,2,No
23,169609,799,27,41561,0.178,0,2,Yes
64,67717,839,0,24251,0.577,4,4,No
35,165099,786,22,17451,0.62,2,4,Yes
51,158608,516,19,16874,0.643,1,2,No
36,27525,656,22,20033,0.075,3,3,No
30,165248,585,30,31849,0.08,1,0,No
49,95423,778,15,29493,0.565,3,1,No
26,114642,845,13,41545,0.156,2,0,No
49,105383,711,22,49456,0.387,3,1,No
37,101788,630,30,33495,0.398,4,1,Yes
42,95013,748,26,9507,0.447,4,3,Yes
44,149326,326,12,59523,0.073,0,3,No
37,42755,411,25,79909,0.235,1,0,No
41,44608,791,30,35238,0.358,5,2,No
31,141562,436,18,97133,0.155,4,3,No
27,84843,837,14,18254,0.616,3,0,Yes
62,77513,561,28,26329,0.547,3,4,No
59,96640,821,17,31543,0.134,2,3,No
25,124446,598,2,56427,0.453,1,3,No
64,176765,409,14,76764,0.296,0,4,No
41,37726,732,14,99815,0.237,1,4,No
38,31898,778,4,6615,0.225,0,1,Yes
55,108508,566,12,79010,0.448,2,1,No
40,94878,512,23,17264,0.592,1,1,No
35,73008,608,26,64423,0.552,3,0,No
25,159434,353,24,61103,0.259,4,1,No
33,105119,694,19,69357,0.475,3,1,No
32,190476,811,15,96371,0.366,0,3,No
41,167176,624,21,51012,0.314,4,4,No
57,182120,395,19,96367,0.228,3,0,No
26,42628,473,14,32465,0.099,5,4,No
27,102465,643,29,9259,0.165,4,1,Yes
46,117210,504,29,37198,0.39,0,2,Yes
62,134093,354,13,28410,0.487,4,1,No
28,169340,525,8,38867,0.072,3,1,Yes
29,112226,606,20,14439,0.277,5,1,No
47,120756,580,17,27078,0.149,0,1,No
24,89734,601,16,7418,0.411,0,4,No
41,166776,504,4,87269,0.569,2,0,No
51,95050,519,14,57884,0.608,1,3,No
41,137726,727,23,13211,0.581,5,3,No
60,180906,440,30,20374,0.573,0,1,No
45,73308,754,10,28956,0.411,4,1,No
59,121428,444,26,15078,0.196,3,2,No
35,194455,825,29,70938,0.498,1,2,Yes
55,75420,457,28,80754,0.485,3,3,No
63,148819,404,21,74255,0.15,1,0,No
61,170912,588,26,63133,0.167,1,1,Yes
57,125680,484,11,90613,0.116,2,4,No
62,49771,516,6,88571,0.349,1,3,No
48,184805,330,24,48501,0.243,1,2,No
34,44480,578,19,50387,0.59,0,0,No
24,110555,774,20,85144,0.072,1,4,No
40,41945,524,8,29937,0.244,1,0,No
54,36641,476,2,45572,0.576,2,0,No
32,40232,383,16,84454,0.649,5,3,No
53,199923,391,23,13060,0.484,4,0,No
44,180687,307,8,40655,0.59,5,2,No
40,48255,353,10,28805,0.06,2,0,No
25,186781,462,13,45495,0.513,0,0,No
58,81173,778,25,7257,0.327,1,1,No
50,112891,407,26,62075,0.464,3,2,No
44,166140,570,27,60322,0.308,4,3,No
63,143785,536,29,17137,0.392,2,2,No
60,198161,560,30,23548,0.206,0,4,Yes
27,133759,828,9,63942,0.394,5,0,No
56,70832,686,3,23629,0.224,4,1,No
58,31822,702,15,46115,0.218,0,0,No
36,45893,657,15,24612,0.246,3,1,No
35,151901,518,28,13593,0.17,4,1,No
43,103033,764,11,84852,0.184,0,1,No
32,39251,720,5,79346,0.609,2,4,No
49,113106,448,6,57525,0.323,4,3,No
64,68145,656,22,64885,0.418,3,2,No
35,110480,350,7,36830,0.393,2,3,No
49,96215,353,5,25472,0.209,1,1,No
65,64380,438,6,8811,0.05,1,2,Yes
63,46205,412,29,37563,0.113,4,3,No
41,81959,726,30,80290,0.548,0,0,Yes
35,91948,797,8,60592,0.116,1,4,No
34,131177,591,15,26044,0.174,1,0,No
62,99371,645,21,13204,0.598,2,3,Yes
64,185100,810,29,73246,0.535,1,2,No
36,84892,740,12,70074,0.082,0,0,No
35,170875,780,14,35442,0.436,2,4,Yes
62,103331,527,17,48376,0.359,3,0,No
24,151685,389,3,28261,0.269,1,2,No
47,137745,835,4,63517,0.349,0,2,Yes
43,171725,695,7,18534,0.141,0,4,Yes
49,128489,374,30,7345,0.623,4,2,No
61,45674,635,3,64331,0.153,5,1,No
29,67345,463,16,96623,0.162,3,4,No
63,64920,818,16,44681,0.271,3,4,Yes
63,188686,455,1,45231,0.178,0,2,No
27,43968,802,23,91390,0.238,3,3,No
62,108521,633,15,83233,0.074,5,1,No
24,137102,790,18,77597,0.419,5,2,No
25,144630,627,21,89269,0.195,4,4,No
25,79850,300,6,29935,0.633,5,3,No
31,42191,659,10,33369,0.119,4,1,No
61,134155,636,0,53839,0.096,3,3,No
48,147033,486,20,70385,0.155,4,0,No
36,131610,568,17,46674,0.375,5,2,No
61,142415,730,6,81111,0.498,3,1,No
50,122444,838,27,22897,0.385,5,3,Yes
24,70252,422,27,70934,0.566,3,1,No
22,119608,518,12,6255,0.406,2,4,No
23,168165,715,2,54454,0.133,0,4,No
41,98701,485,8,51207,0.161,1,2,No
26,138388,504,16,92378,0.265,4,4,No
63,111091,635,1,58563,0.602,0,1,No
38,51025,689,14,38662,0.326,4,1,No
64,190408,603,8,8856,0.574,1,1,No
25,116434,811,6,52352,0.095,3,0,Yes
29,50436,525,18,15129,0.462,0,2,No
40,67690,812,10,36809,0.33,1,0,Yes
48,184166,328,23,91383,0.154,4,1,No
46,29509,811,20,44566,0.099,1,0,No
38,63677,653,30,56095,0.239,4,2,No
39,192007,771,17,58014,0.542,5,4,No
23,100646,614,25,85730,0.434,4,0,No
29,147294,578,16,90717,0.327,0,2,No
56,147697,587,21,86198,0.557,1,1,No
51,92050,666,3,46149,0.159,0,2,No
37,173867,630,1,94292,0.217,1,4,No
43,118148,696,16,72312,0.382,5,0,No
54,65492,684,22,48763,0.404,4,2,No
61,160239,810,19,9194,0.243,5,3,Yes
61,107942,329,0,29923,0.353,3,0,No
25,119739,496,12,68241,0.122,2,0,No
35,119784,562,9,96180,0.057,3,0,No
23,135267,707,16,74335,0.593,0,0,No
39,165376,394,22,83884,0.315,1,4,No
48,84289,342,20,64746,0.189,0,1,No
23,29808,335,16,92728,0.248,5,0,No
58,118991,757,10,98689,0.361,3,3,No
24,99369,428,8,94537,0.618,2,3,No
44,56897,818,30,42817,0.483,2,3,No
51,130037,343,2,30339,0.619,5,4,No
65,160979,360,9,80316,0.117,3,2,No
65,102214,837,16,27376,0.157,5,0,Yes
31,93761,662,15,96621,0.268,3,3,No
57,157086,420,15,65566,0.197,1,1,No
21,97304,796,14,97286,0.624,5,3,No
29,128762,457,12,73491,0.153,1,2,No
37,83884,556,1,31866,0.152,5,1,No
21,99398,570,25,81628,0.343,1,0,No
23,134265,610,5,26532,0.468,0,3,No
46,29942,612,2,16370,0.278,0,1,No
51,87681,416,25,92780,0.076,3,0,No
46,126347,644,23,92539,0.51,0,4,No
43,32370,477,0,66210,0.617,3,3,No
50,169744,416,16,66125,0.536,4,3,No
30,81209,464,23,16957,0.554,2,4,No
28,98905,473,26,71231,0.559,0,3,No
64,164539,454,0,73072,0.506,5,3,No
45,183007,809,30,63006,0.533,0,0,No
42,71721,609,29,30871,0.096,5,1,No
35,110401,533,10,97483,0.083,3,3,No
61,36551,650,3,37283,0.095,4,0,No
30,67384,461,10,34659,0.405,4,3,No
40,79488,591,12,82544,0.195,3,2,No
61,121953,426,28,60829,0.067,5,2,No
43,142648,393,21,89710,0.096,5,0,No
21,163969,745,16,89317,0.091,4,3,No
22,72604,388,19,23545,0.427,4,0,No
39,64819,687,28,31292,0.136,0,3,No
34,133868,548,20,77840,0.557,4,0,No
28,143756,480,12,60129,0.646,0,3,No
58,165854,360,16,38193,0.315,0,2,Yes
32,55398,446,1,37890,0.373,5,0,No
46,78532,580,1,74685,0.206,1,0,No
47,50688,411,21,20690,0.443,2,2,No
49,181716,596,17,19200,0.599,0,1,Yes
35,196505,416,5,71968,0.158,0,0,No
21,176105,326,24,71650,0.622,3,2,No
63,159979,731,30,84369,0.183,2,3,Yes
48,192571,610,1,83065,0.21,1,0,No
23,98221,689,22,10060,0.597,4,1,No
38,164345,761,29,87315,0.406,5,1,No
54,69666,305,10,7311,0.069,0,2,No
52,169550,829,16,21069,0.532,2,2,No
49,120980,458,8,74975,0.435,2,4,No
45,100553,607,19,60040,0.496,2,0,No
46,145557,494,4,95904,0.147,0,1,No
59,136925,778,19,7860,0.574,4,2,No
28,121215,529,14,87094,0.52,2,3,No
39,33273,805,25,67218,0.624,2,1,No
62,74245,636,24,26693,0.295,5,4,No
42,115106,432,30,72798,0.361,2,4,No
49,64708,458,29,57643,0.471,3,1,No
53,57552,571,16,54191,0.113,1,4,No
58,51430,832,9,8290,0.176,4,3,No
65,184647,594,5,7412,0.223,3,3,Yes
55,83433,629,12,70492,0.617,4,0,No
63,74775,580,27,61714,0.051,3,1,No
23,68436,736,20,42557,0.646,2,1,No
39,189010,363,15,71942,0.287,1,3,No
30,51358,658,23,89895,0.439,0,1,No
47,164841,528,1,99001,0.296,4,4,No
35,98795,546,27,58603,0.52,4,2,No
31,124819,391,19,51342,0.62,1,2,No
46,120265,300,4,98499,0.319,3,2,No
44,98728,614,23,69982,0.158,4,1,No
33,125502,590,28,95918,0.183,1,3,No
52,42285,545,16,49934,0.209,5,1,No
57,178359,539,6,51548,0.183,2,4,No
24,72361,780,23,38915,0.058,0,4,Yes
33,56347,571,16,10243,0.567,1,1,No
29,165058,816,4,38484,0.459,0,4,No
54,27066,613,5,90155,0.359,1,2,No
57,67779,438,9,34195,0.138,4,1,No
27,82714,797,4,47311,0.074,1,1,No
21,109458,626,13,83319,0.281,0,4,No
32,127211,420,30,75762,0.053,1,0,No
41,81112,691,24,59627,0.084,2,3,No
31,138904,764,19,14404,0.094,3,3,No
64,133550,476,13,41718,0.539,3,0,Yes
64,135962,663,1,49153,0.486,4,1,No
64,44705,797,8,95347,0.236,2,4,No
34,180176,460,17,54174,0.232,2,4,No
54,101456,849,17,64361,0.257,3,2,Yes
54,67125,634,27,98974,0.389,1,3,No
45,83852,349,21,54893,0.566,4,2,No
24,137053,388,8,95396,0.336,1,3,No
46,193398,524,4,49465,0.139,3,0,No
36,123226,685,25,11807,0.145,1,1,Yes
30,70536,466,17,81949,0.084,2,4,No
65,181171,636,11,98707,0.494,4,0,No
22,150138,734,5,95959,0.29,3,4,No
55,127643,821,16,29768,0.601,3,4,Yes
39,189078,547,13,9978,0.236,0,3,No
26,140908,343,9,96037,0.529,0,0,No
39,49810,786,25,68017,0.347,3,1,No
28,150640,776,18,68871,0.559,5,0,No
34,122894,408,2,61855,0.387,1,2,No
30,32388,369,9,11566,0.165,0,1,No
23,144280,842,13,65453,0.531,3,3,No
58,116631,408,14,60455,0.053,2,0,No
49,84247,849,15,57990,0.353,0,0,No
35,100962,563,5,91713,0.167,5,2,No
43,196922,589,13,90557,0.253,0,0,No
43,181583,444,3,61223,0.295,4,3,No
38,195296,828,12,13457,0.386,0,4,No
39,50394,393,26,15296,0.263,2,1,No
48,78269,637,26,24659,0.437,5,3,No
46,92975,360,7,67284,0.162,1,2,No
30,35019,836,22,15318,0.524,0,0,No
24,47470,377,8,35749,0.411,2,2,No
22,78976,838,20,61562,0.261,4,3,No
23,150468,730,10,57010,0.369,0,4,Yes
27,155752,398,4,94216,0.292,0,4,No
36,117727,839,4,15833,0.575,5,1,No
51,133369,614,24,39086,0.378,1,3,No
30,135803,522,17,19219,0.523,5,2,No
39,185730,488,15,93241,0.527,0,3,No
48,98905,604,22,62323,0.49,1,3,No
37,99658,655,25,46352,0.5,2,0,No
48,36928,779,18,27524,0.185,4,1,No
39,59804,339,23,44130,0.573,1,1,No
57,76243,775,8,88547,0.475,0,3,No
43,194390,413,10,29599,0.082,1,2,No
40,146118,625,10,15236,0.439,1,1,No
33,152561,831,13,97739,0.339,0,2,No
33,155218,529,9,24899,0.135,3,3,No
63,198947,687,8,16931,0.334,3,1,No
31,180663,604,4,68155,0.603,4,2,No
35,147351,375,25,56091,0.576,3,1,No
37,169963,564,26,30918,0.102,5,0,Yes
48,134430,614,10,67172,0.314,1,3,No
39,32721,814,27,45477,0.356,2,2,No
24,182224,822,8,76106,0.465,4,1,No
42,97659,560,12,11802,0.51,3,3,No
42,150770,668,28,93212,0.547,0,3,No
57,192184,381,18,68911,0.408,3,3,No
59,45840,529,7,47260,0.579,5,4,No
54,157280,597,22,47323,0.384,1,4,No
53,174314,580,3,92350,0.064,2,3,No
64,26971,767,11,17064,0.325,5,2,No
62,54795,829,24,94509,0.147,3,3,Yes
60,124417,707,30,27024,0.394,2,4,No
53,157055,522,6,11193,0.458,0,2,Yes
32,167574,314,23,85478,0.459,1,2,No
22,184649,845,26,82855,0.344,1,3,Yes
48,134267,479,7,78622,0.48,0,2,No
30,151032,301,18,59998,0.119,3,1,No
42,166426,450,22,57521,0.619,1,0,No
37,179932,409,7,64284,0.556,2,0,No
46,189400,606,18,32221,0.563,0,3,No
23,121515,696,24,67055,0.07,4,1,No
27,67769,313,28,53046,0.188,4,3,No
64,176843,572,25,42828,0.11,3,4,No
28,77084,677,3,25121,0.569,2,0,No
40,66250,506,28,87010,0.5,0,1,No
32,136133,546,9,22372,0.108,3,3,No
55,130534,686,14,17471,0.291,3,0,No
37,173403,374,22,20321,0.357,0,3,No
48,101255,342,7,84050,0.479,5,2,No
61,124652,432,14,88777,0.226,3,2,No
30,33572,730,15,90376,0.224,5,2,No
42,34896,735,23,34696,0.369,3,0,No
58,58077,355,20,44251,0.365,1,2,No
53,100226,507,6,75223,0.117,4,4,No
42,71221,403,7,68922,0.478,5,1,No
64,66620,763,28,38583,0.157,2,0,Yes
57,110367,769,12,6986,0.56,5,1,No
33,141961,549,12,82822,0.514,4,3,No
47,116609,702,26,50350,0.639,0,3,No
35,166336,325,28,95090,0.153,5,0,No
42,41049,309,1,98416,0.617,4,0,No
50,105379,796,25,96683,0.49,5,4,No
63,54236,709,19,64977,0.579,5,2,No
60,177195,435,14,96126,0.071,4,4,No
57,182079,520,5,82633,0.243,4,1,No
54,35142,843,24,93440,0.068,1,4,No
64,53498,576,17,35375,0.159,4,2,No
54,189298,395,6,23510,0.581,4,0,No
55,65348,738,1,76328,0.296,4,1,No
62,52524,807,25,33865,0.453,0,2,No
39,171370,486,1,90169,0.34,2,2,No
28,168207,336,0,27871,0.334,5,0,No
59,145138,509,24,29154,0.44,5,2,No
53,97916,714,21,88058,0.311,4,3,No
64,123002,430,28,12262,0.062,1,2,No
48,61788,397,13,18254,0.53,0,4,No
57,180992,742,1,90501,0.214,3,3,No
45,87015,844,9,22433,0.453,3,2,No
56,161715,335,3,54404,0.445,1,1,No
37,75094,814,3,7497,0.137,0,0,Yes
44,172801,519,27,25879,0.149,3,3,No
41,78046,661,22,80663,0.319,2,3,No
22,151199,327,6,40158,0.255,0,3,No
51,197356,837,19,25464,0.214,5,2,Yes
64,109058,821,4,77487,0.236,4,4,No
53,111309,408,26,47248,0.203,2,2,No
50,36804,480,11,33711,0.116,5,3,No
32,163888,509,11,49401,0.103,2,0,No
64,183545,641,24,56756,0.578,2,3,No
32,168004,348,5,81800,0.539,1,3,No
44,108030,772,30,42844,0.347,1,1,No
44,179781,628,17,62756,0.242,3,1,No
31,120725,535,28,18959,0.462,5,4,No
33,121441,740,1,68688,0.115,3,1,No
47,31487,420,18,67137,0.111,3,0,No
28,173276,547,28,18330,0.135,1,4,No
30,30988,818,26,78719,0.465,0,2,No
28,52364,319,30,11775,0.543,4,3,No
40,194475,802,30,14754,0.372,4,4,Yes
28,46048,663,15,27228,0.151,0,3,No
29,163165,788,22,47966,0.252,1,1,No
27,108483,499,1,86770,0.544,4,2,No
34,54196,702,16,79957,0.358,2,4,No
48,47727,544,19,23635,0.321,2,1,No
22,198239,782,30,11779,0.445,3,1,Yes
63,180956,316,30,79165,0.263,3,2,No
28,59607,338,25,99148,0.053,5,4,No
33,69312,594,6,35776,0.614,2,3,No
41,65769,338,20,90174,0.476,0,0,No
48,155205,486,6,24910,0.625,2,0,No
55,165647,608,22,93802,0.56,5,2,No
43,191146,661,11,93157,0.274,0,3,No
35,166736,761,22,79665,0.277,2,1,No
22,105650,530,28,76623,0.137,0,0,No
32,112060,549,10,56301,0.534,1,4,No
56,101695,301,28,45091,0.422,1,3,No
23,169371,774,16,47891,0.203,1,1,Yes
25,152325,481,10,85044,0.626,1,1,No
23,184104,301,7,74409,0.511,0,0,No
39,66397,469,5,77286,0.58,2,0,No
22,133065,569,30,62078,0.154,0,2,No
64,90498,606,5,76508,0.406,1,1,No
57,153451,348,14,81239,0.645,4,4,No
37,133114,721,25,27743,0.26,3,3,Yes
34,69572,584,19,97373,0.292,0,0,No
48,172847,679,11,17473,0.372,5,1,Yes
47,60389,803,8,6288,0.077,5,0,No
30,162248,498,12,19060,0.186,1,2,No
23,73263,408,14,27382,0.244,4,0,No
56,165184,364,14,14543,0.056,3,3,No
58,183105,652,25,17758,0.239,0,3,Yes
45,44984,397,29,5048,0.377,5,2,No
42,187814,428,28,20497,0.062,5,4,No
59,95044,567,29,54783,0.369,5,2,Yes
50,195282,708,12,45912,0.53,3,0,No
41,81806,386,8,66468,0.138,2,2,No
50,49269,693,29,25146,0.627,3,3,No
48,90796,749,10,42042,0.299,0,4,Yes
51,162905,770,21,68425,0.313,4,2,No
46,34527,409,10,61842,0.359,3,1,No
63,162016,593,8,79567,0.286,3,0,No
42,178590,514,16,27420,0.441,0,4,No
41,113795,611,22,55630,0.157,2,0,No
21,146516,503,24,40688,0.602,3,4,No
57,122095,727,20,28560,0.571,2,0,Yes
33,58102,835,5,99057,0.437,4,1,No
41,163741,392,21,37367,0.524,4,4,No
29,126083,327,4,30130,0.475,1,0,No
37,50379,617,25,91693,0.335,2,3,No
41,179784,698,24,65762,0.143,2,2,Yes
51,142125,565,20,31155,0.245,3,3,No
59,44191,584,2,63043,0.581,5,3,No
42,169331,362,5,13431,0.45,5,1,No
32,194030,818,21,34593,0.569,5,0,No
26,181588,319,16,32098,0.577,5,3,No
36,60931,647,10,99007,0.366,0,3,No
46,99630,349,3,79837,0.312,0,2,No
25,36624,488,25,29759,0.308,4,4,No
29,179944,366,11,18997,0.316,5,1,No
60,149148,664,9,5752,0.618,2,0,No
34,57791,501,16,41243,0.14,4,1,No
64,29652,398,5,39084,0.141,2,1,No
62,60516,459,17,13611,0.282,2,0,No
50,142138,327,20,35172,0.531,4,4,No
46,33095,765,18,43517,0.561,2,3,No
65,33095,497,21,13006,0.545,3,1,No
49,101216,508,28,93778,0.399,5,0,No
39,131387,736,24,62719,0.565,2,4,No
28,184314,565,14,60159,0.166,1,2,No
43,51333,790,11,54972,0.409,2,3,No
62,169241,708,18,27199,0.247,0,1,Yes
55,115075,556,24,54067,0.214,1,1,No
51,155399,635,4,74826,0.11,3,0,No
55,130373,532,28,71082,0.269,2,4,No
52,84222,372,17,38152,0.071,4,4,No
25,174988,312,25,51761,0.261,4,1,No
36,151394,804,11,96072,0.335,1,1,No
37,63105,300,25,75624,0.265,3,1,No
52,94309,458,25,56225,0.513,2,1,No
58,84422,808,14,74482,0.218,3,4,Yes
52,46045,782,9,9719,0.095,0,2,No
40,42061,515,27,33098,0.169,1,4,No
22,60742,494,24,84191,0.542,0,1,No
40,49860,611,29,44522,0.432,1,2,No
38,64212,702,18,56388,0.396,4,1,No
21,43224,303,8,43524,0.373,5,2,No
49,92414,841,5,95471,0.499,3,4,No
49,129593,405,13,6402,0.168,3,0,No
39,53538,421,0,58420,0.176,3,4,No
64,114139,566,0,7639,0.128,0,2,No
60,171109,540,28,34422,0.254,2,4,Yes
26,151039,352,30,75249,0.214,2,4,No
64,36690,423,10,49400,0.599,0,1,No
59,35323,387,2,71637,0.057,4,2,No
28,159386,609,20,65320,0.334,5,0,No
44,59146,312,21,20545,0.488,2,0,No
40,170428,508,4,97552,0.594,4,1,No
34,101805,734,7,84993,0.63,3,4,No
25,161412,351,21,83537,0.092,0,1,No
61,69852,406,17,97350,0.167,3,3,No
60,87550,820,4,97313,0.649,3,0,No
54,198747,419,11,55073,0.238,4,0,No
36,123756,366,22,80661,0.083,2,1,No
65,25392,381,28,97454,0.61,0,3,No
27,96007,413,17,56144,0.292,0,4,No
36,75421,753,20,29204,0.225,1,4,No
27,164209,531,11,21448,0.14,5,4,No
47,38997,615,20,83198,0.305,2,3,No
34,109970,774,7,95753,0.271,3,1,No
34,146968,670,29,97182,0.604,2,1,No
64,55278,832,8,93353,0.177,4,2,No
53,166469,557,14,47600,0.102,0,0,No
53,187602,728,2,97201,0.216,3,3,No
64,29794,799,14,75825,0.378,2,2,No
40,114330,309,27,84684,0.247,2,4,No
56,154057,724,3,8039,0.237,5,1,No
27,96899,811,27,27729,0.289,4,3,Yes
52,164151,616,29,69021,0.573,4,4,No
23,144718,433,15,37215,0.448,3,3,No
59,102568,317,24,83882,0.366,3,2,No
49,92041,646,24,76723,0.292,1,4,No
44,34448,667,18,45435,0.092,0,0,Yes
42,103776,467,17,73399,0.581,1,4,No
26,196249,316,26,15033,0.127,1,2,No
44,144028,821,15,43383,0.162,2,2,Yes
60,121275,806,11,81756,0.32,2,0,No
43,189049,773,11,68674,0.134,3,4,No
58,176249,842,22,13009,0.434,2,3,Yes
30,78673,605,3,81890,0.347,2,0,No
36,44431,678,14,15016,0.349,5,1,No
31,92655,639,18,6551,0.63,0,2,No
52,143433,450,17,64518,0.454,2,0,No
65,25177,344,25,50828,0.489,4,0,No
26,137490,506,10,59999,0.416,3,3,No
44,35226,721,29,85299,0.206,0,2,No
53,143254,438,27,40951,0.088,5,2,No
32,37231,691,23,85090,0.387,1,3,No
47,104670,683,22,67453,0.318,4,2,No
58,39082,748,14,78997,0.124,4,2,No
38,172247,502,15,37713,0.566,1,2,No
65,170205,309,10,45796,0.348,4,0,No
59,139672,649,10,27478,0.322,2,4,Yes
33,141315,375,20,87389,0.3,3,4,No
60,178499,516,12,47858,0.493,4,2,No
50,147511,591,6,60096,0.081,1,4,No
61,39837,303,30,5069,0.179,0,4,No
33,166618,677,14,7170,0.591,5,0,No
54,166820,337,16,14842,0.074,5,4,No
56,92089,594,24,47798,0.416,2,3,No
50,181313,388,23,41442,0.195,2,3,No
45,27469,574,26,78564,0.374,2,3,No
22,74067,813,12,24675,0.369,4,4,Yes
56,157546,449,3,19482,0.444,1,3,No
38,73554,612,0,66280,0.153,0,2,No
25,187181,399,11,20421,0.434,0,3,No
39,47861,558,3,14865,0.519,2,0,No
62,58105,578,0,25535,0.155,2,2,No
38,134655,303,5,17042,0.524,4,4,No
52,154701,711,23,85107,0.123,0,0,Yes
41,124597,625,10,35287,0.208,3,4,No
30,96500,818,20,96526,0.267,1,1,No
57,191668,300,24,37564,0.237,0,2,No
42,144645,717,25,13003,0.49,1,2,Yes
33,97100,479,17,86551,0.211,5,3,No
37,26336,309,27,40515,0.5,5,4,No
29,68316,674,17,75783,0.084,3,3,No
44,59435,751,19,38672,0.241,0,2,No
64,141513,409,5,75576,0.598,1,1,No
34,119142,424,13,39056,0.281,2,0,No
28,91748,731,5,22695,0.332,0,1,No
57,27768,600,21,71285,0.502,3,3,No
39,120273,402,14,87265,0.082,1,4,No
48,52634,369,21,67776,0.47,0,4,No
61,79928,409,28,61363,0.089,3,2,No
50,61444,523,0,14362,0.382,2,0,No
27,151486,523,16,38652,0.417,4,1,No
46,43211,513,28,63410,0.137,2,0,No
60,178741,847,11,10443,0.561,0,2,Yes
31,79711,642,29,94182,0.391,0,1,No
34,127992,656,30,7700,0.143,4,0,Yes
41,95047,738,2,98421,0.567,4,4,No
28,108992,555,1,63505,0.545,1,2,No
23,113690,781,22,72247,0.452,4,4,No
48,119301,703,5,38395,0.293,4,0,No
49,136770,341,4,59699,0.347,4,4,No
43,189525,687,7,71991,0.472,2,2,No
38,144646,328,1,8783,0.23,5,0,No
55,58452,502,26,70599,0.407,1,4,No
33,153013,626,30,30038,0.423,4,1,No
32,33532,353,11,61348,0.183,1,3,No
25,37891,789,6,56697,0.127,5,2,No
59,88246,716,13,73935,0.149,4,4,No
31,58501,659,9,80784,0.063,1,3,No
31,26496,848,19,55710,0.501,1,0,Yes
62,40154,504,13,64702,0.536,4,0,No
51,101682,579,10,68307,0.53,4,2,No
51,83475,354,27,34102,0.608,1,1,Yes
33,161522,522,30,95347,0.101,0,1,No
34,193475,407,18,76310,0.608,1,0,Yes
65,71791,808,0,97401,0.351,2,4,No
62,52289,305,25,67428,0.286,3,2,No
45,179181,806,1,45505,0.135,1,3,Yes
53,68439,470,30,33305,0.34,1,2,No
53,180487,567,22,58671,0.459,0,4,No
35,108339,492,2,91161,0.103,4,3,No
36,35181,479,26,57681,0.637,0,4,No
64,123252,369,4,99214,0.6,0,1,No
58,53395,329,10,9817,0.582,5,4,No
26,104036,418,18,18545,0.296,0,4,No
64,190281,809,6,72378,0.564,0,0,Yes
45,60158,759,27,23338,0.125,0,4,Yes
35,91920,757,15,97005,0.596,1,0,No
24,174612,338,19,19867,0.563,3,0,No
24,136440,561,7,61888,0.402,5,3,No
50,160468,483,25,6676,0.447,0,3,Yes
54,157463,819,23,9724,0.26,0,2,Yes
47,144488,827,3,11679,0.619,0,0,No
51,41652,685,11,26438,0.09,4,1,No
52,110837,552,17,26618,0.585,4,4,No
64,34716,310,22,15172,0.207,1,0,No
59,40568,510,13,72914,0.533,2,4,No
29,164741,815,16,46918,0.08,1,3,Yes
61,74390,659,28,97024,0.197,0,3,No
28,104792,367,11,55579,0.169,5,3,No
34,179458,726,8,96919,0.637,4,4,No
53,155489,308,15,9642,0.176,4,4,No
43,49152,836,20,77140,0.273,2,4,Yes
41,170506,365,9,17013,0.229,2,4,No
32,185072,472,19,85136,0.642,2,3,No
22,52973,321,29,41830,0.42,5,2,No
33,136036,341,19,59645,0.266,0,0,No
24,145473,503,10,6962,0.595,5,0,No
40,62861,454,27,43422,0.474,5,4,No
34,162510,822,27,99384,0.472,4,4,No
50,168801,761,8,10599,0.342,3,4,Yes
49,182479,377,0,73591,0.349,5,2,No
28,113094,403,15,30088,0.488,3,3,No
32,116266,577,3,30137,0.056,2,3,Yes
61,67711,356,21,13193,0.312,0,3,No
58,151478,638,28,49186,0.639,4,2,No
46,117597,573,7,30753,0.442,4,4,No
22,125637,732,1,38866,0.277,4,4,No
60,127690,690,13,29838,0.152,2,1,Yes
34,103191,641,23,64045,0.265,3,0,No
26,111501,559,8,15021,0.338,3,3,No
62,106852,473,30,6715,0.428,0,0,No
60,170244,494,23,82239,0.64,1,4,No
51,145574,740,13,72889,0.348,0,0,No
37,171601,571,13,9551,0.268,3,2,No
45,98590,606,20,41187,0.202,3,2,No
52,130218,607,29,60399,0.51,4,3,No
32,65281,506,11,26276,0.328,5,1,No
33,98805,416,10,12874,0.485,5,4,No
39,101626,304,0,26539,0.22,5,3,No
64,83235,798,21,38029,0.273,5,0,No
45,111676,600,0,44808,0.623,1,1,No
51,37876,724,10,9430,0.19,4,0,No
57,81680,389,19,31635,0.241,1,1,No
45,171169,327,24,77447,0.355,2,4,Yes
36,158931,843,14,14139,0.365,4,4,No
58,49877,516,27,96172,0.09,0,4,No
63,170700,370,20,96239,0.633,0,0,No
43,103117,329,22,33099,0.232,2,0,No
34,164372,555,8,64956,0.082,1,0,Yes
26,27412,695,19,16340,0.203,1,4,No
45,125951,820,20,44686,0.29,5,4,No
43,117837,622,21,52010,0.189,4,4,No
63,159410,669,16,36044,0.143,0,4,Yes
32,84484,455,9,78041,0.354,2,4,No
33,30804,513,30,78734,0.528,3,1,No
56,146919,382,14,27437,0.473,2,3,No
59,78675,704,11,84367,0.305,4,0,No
54,119845,309,4,5870,0.124,1,2,No
26,110733,579,13,5892,0.623,0,2,No
58,37392,580,9,8188,0.252,4,4,No
60,100984,389,19,53937,0.112,0,0,No
28,176101,428,0,87073,0.252,5,4,No
28,90263,608,29,91277,0.468,0,4,No
60,52097,784,15,25305,0.201,1,3,Yes
53,126721,406,3,27329,0.16,5,0,No
54,172467,804,4,17645,0.208,3,2,Yes
64,179065,582,8,37777,0.381,1,3,No
35,87088,406,16,41107,0.575,5,3,No
56,85610,454,5,49060,0.129,1,0,No
55,42258,531,23,37148,0.136,5,4,No
42,163375,748,24,11164,0.307,4,3,No
43,37177,679,26,96994,0.125,1,4,Yes
60,169819,632,4,78001,0.637,5,3,No
65,122318,375,17,72403,0.577,0,1,No
42,46823,560,16,96901,0.089,2,1,No
25,130312,636,20,25721,0.594,1,4,No
51,103812,529,10,34554,0.221,5,2,No
33,36963,520,2,78307,0.244,3,0,No
48,181000,697,5,63893,0.253,0,4,No
40,131466,711,8,37364,0.092,0,2,Yes
53,105385,700,12,92704,0.517,2,3,No
36,116618,797,26,71214,0.16,1,4,Yes
49,117141,473,0,19906,0.175,0,4,No
43,35038,600,29,55877,0.511,3,2,No
44,130841,402,14,40278,0.086,0,1,No
54,127334,820,19,84002,0.252,4,3,No
27,28438,463,3,55536,0.387,2,1,No
58,60151,304,27,38762,0.119,0,4,No
57,192207,477,22,20491,0.305,2,3,No
24,31167,326,1,27195,0.262,4,3,No
54,38172,460,15,53468,0.243,0,0,No
62,126787,414,23,59004,0.212,5,4,No
42,186432,677,28,87259,0.253,3,4,No
25,91310,396,5,32909,0.285,0,4,No
62,113950,435,19,49316,0.127,0,4,No
43,111258,687,14,15855,0.175,3,4,No
35,72445,463,18,64970,0.596,5,1,No
51,114941,714,25,89515,0.617,1,0,Yes
29,192770,435,27,95148,0.646,5,0,No
63,183328,457,6,60472,0.337,4,2,No
45,59207,697,24,45024,0.131,1,2,No
45,145934,665,10,29299,0.46,3,4,Yes
41,154183,601,17,21354,0.612,4,0,No
29,130728,648,7,17472,0.069,5,2,No
58,130004,693,1,61980,0.063,2,3,No
42,181223,623,26,96896,0.418,0,2,Yes
63,79236,349,11,47870,0.074,0,0,No
43,63278,623,21,75666,0.285,2,1,No
24,101709,813,29,74989,0.276,5,2,No
49,135260,762,7,8216,0.109,1,1,Yes
35,72350,374,0,65220,0.498,3,0,No
21,183024,800,6,10074,0.115,2,1,Yes
50,150085,487,8,95780,0.214,2,1,No
49,148797,428,21,79828,0.486,1,1,No
40,35937,792,21,96492,0.421,5,2,No
53,197774,396,8,17100,0.334,4,4,No
61,64496,664,30,90554,0.079,4,0,Yes
64,142221,800,1,43542,0.508,0,0,No
56,48794,464,3,87942,0.545,0,2,No
42,149717,476,13,40266,0.111,0,0,No
33,181057,572,13,56703,0.642,0,3,No
27,44391,626,26,77348,0.258,0,0,No
28,97406,698,7,40957,0.305,2,1,No
48,112054,710,20,17770,0.299,1,3,Yes
65,46993,363,8,88000,0.43,0,4,No
63,67639,746,2,29964,0.394,5,2,No
29,54720,640,21,29335,0.386,0,4,No
45,165978,528,21,40668,0.519,1,3,No
36,88820,804,18,17061,0.607,1,2,Yes
30,108117,549,5,26745,0.543,4,0,No
31,88238,369,0,61066,0.483,5,3,No
51,154814,811,20,43308,0.08,4,1,Yes
32,131390,644,17,55534,0.199,4,1,No
51,101944,846,7,72586,0.113,4,4,No
34,118068,572,6,27201,0.563,5,4,No
64,28193,644,6,89551,0.441,4,3,No
52,65986,759,9,31260,0.07,2,4,No
37,30220,406,3,55065,0.484,1,3,No
55,175429,787,29,63899,0.252,5,0,Yes
21,64299,343,17,49144,0.376,1,1,No
49,175621,801,18,57252,0.398,0,1,Yes
24,42474,724,30,27128,0.147,1,3,No
43,82593,348,30,54501,0.289,3,4,No
48,156213,359,9,97323,0.306,4,0,No
36,107186,557,19,38823,0.419,3,1,No
32,131023,413,18,43213,0.584,3,4,No
41,45694,648,2,60932,0.419,0,3,No
65,131991,697,28,94438,0.46,3,3,Yes
37,172935,769,29,55016,0.449,2,2,Yes
60,27690,314,16,10962,0.101,5,4,No
33,139153,848,30,82765,0.23,3,4,Yes
52,70056,437,0,83987,0.291,4,2,No
57,177392,564,23,23468,0.317,5,3,No
35,92963,380,7,72614,0.555,0,4,No
32,181491,602,16,30219,0.365,2,3,Yes
35,65832,573,3,85101,0.539,2,4,No
54,192055,412,1,29236,0.594,5,0,No
26,47365,708,16,35859,0.468,0,1,No
37,159983,664,1,25041,0.118,3,4,No
40,142037,540,0,16413,0.171,1,2,No
29,156721,388,4,47813,0.547,4,2,No
25,51469,571,30,96102,0.388,3,0,No
43,118362,554,25,37711,0.36,4,1,No
53,106039,788,30,28270,0.631,4,3,Yes
58,68346,544,30,62517,0.271,3,0,Yes
34,112498,398,27,92485,0.075,3,1,No
37,196956,372,29,66881,0.203,2,1,No
39,124658,587,5,50987,0.221,0,2,No
53,173749,510,11,16138,0.357,4,3,No
21,85390,833,23,60324,0.054,3,1,Yes
33,110178,382,9,42682,0.643,2,0,No
47,87635,541,7,71825,0.087,5,4,No
26,99131,311,13,8629,0.189,0,0,No
26,104315,816,3,56333,0.453,3,2,No
53,88734,415,18,33779,0.637,5,0,No
50,37164,646,27,15911,0.357,1,3,No
55,78184,319,4,73203,0.255,2,4,No
43,191446,435,23,64099,0.147,2,1,No
30,116964,745,20,19531,0.592,4,3,No
39,126678,737,25,98033,0.08,4,0,No
48,116041,472,6,11588,0.092,2,2,No
43,103709,816,19,94067,0.088,5,0,No
24,54580,458,1,31832,0.33,3,1,No
40,179390,704,24,19838,0.609,0,0,Yes
39,170699,811,10,34631,0.383,5,3,No
62,96614,303,9,50787,0.263,1,4,No
47,192163,403,17,60846,0.193,3,3,No
54,39444,672,1,61832,0.359,1,0,No
24,195945,581,13,16870,0.315,2,1,No
58,42747,582,23,60007,0.106,4,2,No
27,165301,776,9,81179,0.054,3,4,No
27,138332,534,5,49380,0.407,1,1,No
46,142699,477,20,8364,0.565,4,0,No
46,92626,637,2,39936,0.415,3,3,No
39,82804,801,22,21057,0.246,0,0,Yes
29,57368,521,15,19848,0.142,1,0,No
40,35944,755,7,46525,0.493,3,2,No
62,187824,658,8,52100,0.471,4,0,No
65,57916,709,10,38742,0.558,2,4,No
36,45817,761,15,67945,0.64,0,1,No
37,26133,490,1,39902,0.117,5,1,No
42,132603,444,23,54777,0.209,4,2,No
33,150482,643,30,58505,0.256,5,2,Yes
32,141801,456,4,68015,0.373,1,3,No
30,184742,607,0,55682,0.082,5,4,No
21,77837,427,29,28991,0.215,1,2,No
52,192046,323,25,16588,0.526,3,2,No
50,157181,424,22,5058,0.079,5,0,No
28,53755,474,29,88214,0.541,1,2,No
41,133473,400,14,64512,0.161,0,1,No
42,49802,350,6,58964,0.233,5,2,No
38,89771,557,15,80894,0.481,3,2,No
22,68899,467,25,87584,0.509,3,0,No
64,198044,404,11,96476,0.176,4,2,No
29,151995,334,18,35544,0.293,1,4,No
23,192776,727,14,59243,0.195,4,2,No
46,100194,638,26,42286,0.358,0,4,No
41,134484,452,2,95145,0.441,1,2,No
50,77958,805,19,17776,0.212,5,1,No
48,113469,379,20,63977,0.327,5,4,No
56,67491,330,20,38968,0.371,1,4,No
46,33495,524,4,80761,0.301,5,1,No
54,90181,508,14,57773,0.358,5,0,No
28,38097,479,21,54850,0.136,1,0,No
30,177604,718,16,80237,0.074,3,1,No
63,187182,796,15,72133,0.088,5,2,No
34,65702,604,15,43553,0.634,2,2,No
60,151901,613,22,36297,0.094,2,3,No
35,180789,633,11,51945,0.282,1,1,Yes
37,80941,363,3,41584,0.525,0,1,No
38,129079,607,28,36229,0.56,4,3,No
52,132304,339,4,89157,0.211,3,4,No
58,107867,542,23,17899,0.434,5,0,No
43,151292,660,28,99057,0.484,2,1,No
43,68252,544,7,61509,0.6,5,1,No
55,74917,444,11,83700,0.583,4,3,No
59,134419,329,4,66763,0.311,0,0,No
35,46399,727,10,17106,0.375,1,3,No
44,116050,681,28,30513,0.531,3,3,No
48,27496,752,18,78868,0.409,0,1,No
36,55985,480,9,55790,0.264,2,2,No
36,140950,797,23,79659,0.62,1,4,Yes
60,129697,497,17,98636,0.649,4,1,No
59,177506,642,11,59554,0.61,5,1,No
26,63178,332,8,66698,0.257,1,0,No
22,58310,633,21,62722,0.195,2,4,No
33,101407,533,9,30004,0.346,3,0,No
64,169462,847,19,60259,0.521,4,0,No
29,101682,829,19,44202,0.212,0,1,No
54,146352,727,18,14060,0.294,5,4,Yes
37,73577,565,26,49926,0.141,2,4,Yes
47,114643,594,20,83397,0.471,2,3,No
49,76933,739,5,13912,0.492,4,1,No
57,40479,631,9,74022,0.347,1,4,No
63,101719,450,18,62135,0.492,3,2,No
42,109532,600,8,97854,0.437,1,1,No
44,184296,644,29,60799,0.608,4,4,No
27,172245,610,15,23149,0.402,4,3,No
54,101408,482,7,85756,0.264,2,0,No
32,64800,446,11,24944,0.488,3,3,No
43,183496,449,21,20098,0.084,2,4,Yes
35,178779,566,4,76035,0.336,2,0,No
53,37854,789,10,82202,0.63,2,3,No
33,128090,430,18,65824,0.473,5,0,No
43,159753,446,2,86584,0.649,0,3,No
58,177685,674,23,72514,0.286,5,4,No
52,44879,784,21,46416,0.286,2,2,No
65,31078,803,25,13468,0.086,3,0,No
55,139166,803,30,62441,0.266,1,1,Yes
21,70461,518,14,59183,0.135,4,1,No
65,121892,794,29,9408,0.287,5,2,Yes
25,77314,845,26,42109,0.051,2,2,No
33,52941,310,21,70433,0.313,4,1,No
25,157488,560,19,26161,0.613,2,3,No
52,181497,370,2,23295,0.507,0,0,No
41,149781,463,30,69620,0.195,0,0,No
44,164579,560,21,86082,0.212,2,0,No
38,147261,710,0,34924,0.236,4,4,Yes
41,38573,715,10,31286,0.106,2,3,No
30,184770,644,12,38515,0.645,1,1,No
44,198550,533,4,10391,0.451,2,4,No
60,86494,314,6,45841,0.493,4,3,No
41,43318,653,30,59504,0.467,2,2,No
45,194791,782,0,79483,0.329,4,2,Yes
43,121528,737,12,49642,0.54,2,4,No
42,100529,319,30,54307,0.193,2,0,No
24,64102,771,9,49297,0.283,0,1,No
54,44006,461,30,19028,0.246,3,1,No
26,34048,333,27,33181,0.622,2,2,No
48,178021,414,19,16169,0.073,4,3,Yes
51,42909,729,17,82779,0.095,3,2,No
55,187407,320,12,32721,0.624,3,1,No
59,59184,466,0,22855,0.463,1,1,No
62,86215,595,16,13560,0.432,1,3,No
43,183713,471,11,78585,0.542,2,4,No
26,93256,463,22,77051,0.6,4,2,No
36,31826,516,5,32572,0.588,2,4,No
22,119316,498,6,78385,0.584,4,1,No
44,64563,349,0,73311,0.553,5,0,No
37,77828,797,30,65161,0.122,3,1,Yes
65,128380,741,9,51881,0.431,0,3,No
21,138766,629,27,60294,0.345,2,2,No
26,31369,629,2,43953,0.518,3,4,No
25,66312,593,6,18076,0.623,2,1,No
65,134727,579,9,86185,0.269,4,1,No
49,161898,663,9,21671,0.503,2,1,No
32,155371,472,8,91941,0.177,0,2,No
59,158264,453,5,79047,0.303,2,0,No
23,149657,791,23,39637,0.484,3,2,No
21,175992,566,8,70298,0.102,5,2,No
47,138554,717,22,85669,0.567,3,3,No
44,179755,571,8,89153,0.6,3,2,No
64,50692,742,26,91440,0.573,0,1,No
39,107453,812,9,36002,0.05,0,0,Yes
28,34409,711,28,40352,0.532,5,4,No
64,39795,314,3,15357,0.588,0,2,No
22,101716,379,24,28383,0.64,1,4,No
50,177807,843,15,76675,0.07,5,3,No
50,148411,850,24,65348,0.388,3,0,No
59,69036,539,1,29002,0.579,3,3,No
65,78387,388,10,6367,0.489,0,4,No
52,129545,553,8,58770,0.563,1,0,No
21,37021,438,2,96807,0.469,5,0,No
58,94650,589,26,30942,0.065,5,2,Yes
33,93120,605,6,66542,0.577,1,2,No
31,34740,471,12,70492,0.421,0,1,No
30,169391,825,26,68652,0.198,1,2,Yes
46,111391,627,12,68649,0.458,0,2,No
40,161314,452,27,74987,0.359,3,2,No
37,71169,477,18,35960,0.48,2,3,No
37,88711,715,27,75065,0.334,3,4,No
24,185479,610,10,27433,0.111,3,4,No
25,78504,543,28,20752,0.597,4,4,No
43,177384,708,4,86873,0.46,3,4,No
30,104630,519,15,76659,0.478,4,0,No
48,139481,735,27,97969,0.511,1,1,No
53,130619,483,1,19630,0.357,0,1,No
63,139050,423,9,10149,0.478,1,3,No
46,37988,537,9,48394,0.177,5,4,No
49,103734,705,18,76799,0.331,1,1,No
47,40995,497,25,84489,0.465,2,1,No
38,129484,386,19,58116,0.533,0,3,No
60,165948,374,25,23808,0.631,5,4,No
30,43537,632,27,67030,0.566,2,2,No
62,80160,730,27,22896,0.075,5,0,Yes
25,113295,669,5,9034,0.156,2,4,No
30,151097,343,26,12800,0.458,2,3,No
41,161350,596,21,61293,0.099,3,0,Yes
44,189799,765,15,32617,0.647,1,0,Yes
58,35031,549,12,66072,0.333,0,1,No
23,87745,721,18,10822,0.462,3,1,No
60,115389,772,2,24074,0.079,2,2,Yes
51,111140,572,8,20942,0.308,2,0,No
61,130891,472,9,34790,0.194,5,3,No
57,116455,535,15,43665,0.113,2,1,No
22,99442,345,17,98298,0.454,2,2,No
22,133001,691,3,12010,0.636,4,3,No
59,76866,532,20,33635,0.233,4,1,No
62,91883,716,23,12222,0.607,5,2,No
64,80237,565,23,6782,0.052,2,4,No
54,49553,489,21,78363,0.448,4,0,No
62,160940,482,15,85652,0.368,0,2,No
40,121441,656,17,27807,0.271,2,1,No
53,160032,438,25,30050,0.301,4,0,No
24,166016,846,30,12854,0.41,4,2,Yes
65,179831,804,28,16808,0.385,1,3,Yes
64,174193,781,9,60099,0.355,1,2,Yes
31,139147,651,0,73121,0.64,0,3,No
62,140796,641,22,29747,0.511,5,3,No
25,109599,372,9,94474,0.157,2,2,No
45,187631,462,16,76645,0.6,1,3,No
57,161832,522,26,51075,0.345,2,2,No
54,132407,484,18,95213,0.058,1,2,No
29,141784,394,15,70413,0.522,5,4,No
26,150893,608,24,62616,0.262,2,4,No
38,58126,447,5,32834,0.649,4,4,No
34,55961,618,7,59669,0.376,4,0,No
39,189916,478,29,72191,0.212,5,1,No
34,39088,590,15,49960,0.501,0,3,No
60,163308,796,11,93401,0.217,3,0,Yes
37,128975,600,8,50509,0.065,4,3,No
55,79967,460,15,43237,0.108,1,2,No
49,112684,360,6,93003,0.444,5,1,No
62,128278,371,7,69706,0.178,2,2,No
37,76454,736,19,78133,0.193,2,0,No
63,198636,781,4,68725,0.139,0,0,No
28,58843,414,28,59130,0.204,4,3,No
21,176504,505,22,79169,0.506,3,2,No
65,39433,633,8,49804,0.358,3,4,No
56,183880,605,7,57965,0.18,3,4,No
27,61245,831,22,59847,0.199,3,1,No
25,107922,434,19,98545,0.277,5,0,No
44,180974,450,15,78420,0.648,4,4,No
48,146074,847,10,89090,0.154,4,3,Yes
63,149407,439,0,27016,0.532,3,1,No
37,39702,706,16,97893,0.569,2,4,No
57,126125,789,11,96619,0.623,2,2,No
40,69185,504,4,37940,0.413,5,4,No
23,117393,594,13,25581,0.11,2,3,No
57,99222,483,6,11087,0.064,1,4,No
46,149018,317,26,52688,0.316,4,1,No
35,27416,682,27,9029,0.26,2,4,No
28,149236,841,23,57269,0.567,4,0,No
33,116265,807,6,34088,0.408,3,3,No
23,188743,491,3,26412,0.556,4,0,No
21,142937,497,14,87107,0.392,3,2,Yes
29,145003,541,26,25086,0.186,5,0,No
51,25207,390,29,50360,0.17,0,2,No
61,101382,301,6,71704,0.287,4,0,No
46,131968,764,21,47774,0.068,1,1,No
37,46511,584,23,52589,0.348,4,1,No
54,180783,303,8,37510,0.214,4,1,No
29,154633,537,0,99421,0.077,2,2,No
33,127660,738,1,80370,0.335,0,4,No
25,181818,689,7,70902,0.435,2,2,No
61,162096,628,30,47920,0.11,3,1,No
33,186464,540,6,94254,0.415,0,3,No
21,130909,794,22,16435,0.616,0,1,No
45,47759,360,2,56143,0.276,5,0,No
24,117260,361,6,98402,0.639,0,0,No
56,86586,751,19,77009,0.519,4,0,No
30,166869,576,25,40233,0.056,2,1,Yes
48,84727,458,15,44861,0.617,3,4,No
26,115557,538,25,63541,0.356,4,0,No
47,126085,342,1,49008,0.41,1,3,No
32,67500,712,0,71287,0.416,1,1,No
23,134266,738,7,54316,0.285,1,2,No
53,44986,613,4,34191,0.316,2,2,No
30,174392,451,9,95131,0.361,4,2,No
51,193023,379,3,52734,0.629,0,2,No
35,65694,436,29,37304,0.181,4,1,No
27,198684,749,8,42318,0.599,4,0,No
56,194641,685,13,47809,0.636,0,1,Yes
34,137100,682,28,51013,0.305,1,3,No
34,177271,464,20,70535,0.198,5,3,No
23,96036,601,9,64526,0.327,0,2,No
23,54666,347,17,70524,0.111,1,1,No
42,161474,426,24,25179,0.543,4,2,No
39,62549,667,25,99304,0.239,5,3,No
55,171587,331,22,40566,0.233,5,0,No
32,152910,806,8,41769,0.454,1,1,No
25,134433,376,4,6787,0.387,0,2,No
30,37099,500,22,77150,0.401,3,2,No
61,139159,367,7,94847,0.341,1,0,No
53,136882,327,11,9670,0.32,2,1,No
33,47097,699,19,40607,0.239,4,4,No
55,95719,356,23,99396,0.22,0,4,No
52,176535,502,22,38160,0.646,0,4,No
31,74094,382,18,18206,0.292,3,2,No
58,121596,550,13,19383,0.354,1,2,No
44,41696,641,10,17240,0.288,4,1,No
55,33354,722,10,58303,0.486,4,1,No
39,173984,738,23,37609,0.154,1,1,Yes
26,46880,713,3,81418,0.081,4,4,No
60,133061,432,17,95740,0.634,2,3,No
65,106296,728,30,41837,0.371,1,0,Yes
64,95304,843,8,60589,0.38,2,0,No
62,48951,567,7,83589,0.33,5,4,No
55,189238,406,3,43280,0.08,2,3,No
24,138548,365,18,44758,0.456,0,2,No
53,173503,351,18,62053,0.39,4,4,No
33,43326,587,21,62820,0.136,4,0,No
56,183778,531,1,74497,0.364,5,3,No
63,58007,462,10,66600,0.19,3,2,No
39,64232,540,2,25101,0.434,4,1,No
63,58439,689,0,63652,0.451,5,0,No
32,76771,321,9,11674,0.228,1,3,No
31,180375,792,20,28268,0.106,2,0,Yes
26,60229,820,12,27938,0.529,1,4,No
32,76258,661,2,74322,0.432,4,4,No
47,45532,358,26,70257,0.413,1,2,No
61,97312,784,6,45968,0.409,4,4,Yes
45,165406,400,24,8535,0.482,3,1,No
62,144069,639,4,88570,0.187,5,3,No
23,149945,785,1,79487,0.294,3,4,No
23,193964,315,17,14612,0.183,5,0,No
40,53484,797,27,54222,0.093,5,2,No
48,53831,420,13,97752,0.594,5,3,No
43,179737,513,19,71504,0.078,4,2,No
23,54205,629,25,51623,0.078,1,4,No
62,97590,383,27,93857,0.243,2,1,No
44,199540,480,29,69361,0.241,4,0,No
63,153609,685,29,27677,0.074,3,1,No
60,166440,622,24,62324,0.51,5,4,No
26,46435,747,26,97086,0.12,5,4,No
40,139426,372,1,68479,0.103,0,3,No
31,193434,554,4,71127,0.102,4,0,No
52,169466,589,12,78187,0.437,0,4,No
47,125159,799,6,22880,0.152,0,4,Yes
41,153117,301,9,87715,0.397,2,1,No
64,139623,682,27,51441,0.171,3,1,Yes
33,121284,411,19,99016,0.552,5,1,No
42,143117,503,30,26150,0.162,4,0,No
55,79428,325,6,69103,0.308,0,0,No
42,199110,407,22,39840,0.381,3,1,No
48,34880,573,17,96891,0.578,5,2,No
41,176887,841,17,28441,0.179,3,1,Yes
38,113376,316,1,53618,0.422,3,0,No
51,181512,763,24,66362,0.069,3,0,Yes
57,162586,597,15,64748,0.515,3,2,No
41,62668,695,12,81676,0.366,3,0,No
34,70369,326,16,59838,0.617,1,2,No
45,74179,482,5,71475,0.515,1,4,No
47,73069,815,22,53584,0.29,3,2,No
60,91565,748,30,48620,0.299,1,1,No
43,59764,631,8,38801,0.054,4,0,No
51,181896,755,2,15008,0.553,2,3,No
49,73461,719,24,65988,0.533,5,4,No
50,174543,539,6,56199,0.391,1,1,Yes
46,181328,811,29,40510,0.275,1,3,Yes
40,58142,589,4,19821,0.533,0,4,No
58,69329,738,27,41709,0.416,2,0,No
39,159117,822,20,96027,0.164,3,4,Yes
47,170800,558,6,34865,0.195,3,0,No
45,54713,567,9,9158,0.413,3,2,No
60,104374,412,21,16208,0.457,4,3,No
58,47659,704,23,40320,0.118,0,3,Yes
43,162424,701,9,43146,0.554,5,3,No
49,113566,535,9,51506,0.352,2,1,No
35,123582,305,24,56203,0.17,1,2,No
23,66747,413,5,74872,0.389,0,4,No
30,54623,664,18,76166,0.576,5,1,No
35,42716,620,27,9618,0.083,1,1,No
36,168636,610,24,40570,0.183,4,3,No
37,44531,467,30,27943,0.388,0,1,No
39,65760,351,17,59865,0.051,0,1,No
31,28449,599,20,7869,0.158,1,3,No
25,123736,361,14,25178,0.192,5,3,No
25,58777,383,25,74327,0.58,0,0,No
34,32279,652,12,27412,0.365,2,4,No
46,30191,802,19,24511,0.429,1,1,No
28,99044,774,1,32442,0.052,3,1,Yes
25,30307,802,29,11820,0.282,4,4,No
27,160288,398,21,50679,0.318,1,0,No
36,130100,605,27,8677,0.553,3,2,No
34,165199,614,9,18837,0.167,1,0,No
57,110438,741,22,72959,0.089,5,0,No
61,135283,546,1,33402,0.545,4,2,No
24,191608,564,28,43259,0.177,3,3,No
56,25495,724,2,29483,0.464,1,4,No
37,94128,357,29,77261,0.105,1,0,No
56,92768,783,4,92327,0.454,2,3,No
26,65816,623,24,32816,0.304,4,2,No
36,175391,485,14,61615,0.607,2,4,No
49,105203,798,6,43303,0.17,2,1,No
56,38000,361,14,20243,0.09,3,2,No
58,162791,545,27,76402,0.37,4,3,Yes
57,94981,786,11,75965,0.601,4,0,No
30,72941,672,2,89664,0.172,2,1,No
61,125671,814,9,26127,0.551,0,0,No
56,64323,350,3,42545,0.254,3,0,No
49,167491,398,6,47309,0.109,2,1,No
34,51403,622,10,60018,0.404,4,3,No
24,53298,740,16,79691,0.363,2,3,No
64,62365,703,19,21811,0.553,5,2,No
62,114573,716,14,51297,0.112,5,3,Yes
56,97771,454,16,30940,0.437,1,3,No
65,86966,841,13,63998,0.422,4,3,No
33,63056,445,20,41681,0.647,2,0,No
38,81965,534,27,21774,0.247,3,0,No
53,137618,773,11,56609,0.077,2,1,No
41,89237,698,17,59427,0.297,0,4,No
36,167267,759,24,74883,0.329,2,1,Yes
35,195446,732,12,18355,0.271,3,0,No
25,88539,556,18,96213,0.428,5,4,No
26,182320,738,4,97486,0.21,4,1,No
58,182298,836,11,99352,0.16,0,3,Yes
23,111315,474,7,5469,0.322,2,1,No
32,101202,790,29,45095,0.486,2,2,No
56,110915,582,7,42849,0.585,0,2,No
53,56709,518,8,49697,0.448,0,2,No
56,139439,455,27,26439,0.276,4,0,No
53,198922,356,18,65913,0.498,0,4,No
51,148000,810,18,47295,0.163,1,1,Yes
41,65537,637,3,55263,0.501,4,4,No
47,150981,571,5,15325,0.339,4,3,No
47,55949,483,22,86526,0.212,2,0,No
28,138290,590,27,43052,0.465,3,2,No
57,181925,601,11,81714,0.3,1,1,No
52,178069,546,0,69653,0.422,3,3,No
46,191942,315,17,39173,0.448,5,1,No
22,83529,634,18,22729,0.286,5,2,No
32,88371,510,16,73806,0.642,4,0,No
42,75607,672,2,45131,0.324,1,2,No
37,190186,705,3,90050,0.64,2,3,No
27,197660,829,26,84369,0.191,3,3,Yes
63,75366,321,13,75125,0.15,2,0,No
24,54871,418,5,51382,0.429,1,4,No
57,87284,827,29,56337,0.378,0,0,Yes
58,133043,483,4,65674,0.374,1,0,No
52,161762,814,26,16926,0.647,1,3,Yes
31,171240,791,5,38281,0.051,2,2,No
21,90116,805,12,51144,0.322,2,1,No
45,152086,736,8,59895,0.234,3,0,Yes
62,166105,404,16,54470,0.307,0,1,No
44,98583,402,14,68289,0.613,1,3,No
63,29902,507,29,75180,0.535,0,1,No
37,147793,346,14,80067,0.171,0,4,No
28,157568,603,28,12956,0.473,4,1,No
65,86263,466,18,68101,0.398,0,3,No
47,52664,793,29,95461,0.295,0,1,No
38,67203,386,7,24864,0.255,2,4,No
47,29582,525,8,25526,0.409,0,0,No
42,54482,419,26,6872,0.331,4,4,No
36,190883,547,1,8623,0.38,1,0,No
22,192216,804,13,77114,0.514,0,4,No
25,66476,652,25,51422,0.63,3,3,No
38,56872,443,13,38746,0.297,3,4,No
23,107754,649,4,65651,0.306,0,3,No
47,173079,814,28,95374,0.554,1,3,No
37,75716,616,2,20237,0.128,5,4,No
36,120363,325,9,9801,0.531,3,1,No
26,138195,829,1,32394,0.285,5,3,No
27,189336,621,12,98608,0.299,3,2,No
34,122143,595,27,86546,0.228,2,1,No
58,52005,430,10,61251,0.124,3,1,No
60,56475,316,10,44061,0.497,3,4,No
35,172998,484,8,92473,0.589,0,1,No
53,58683,348,20,36023,0.351,0,2,No
63,101810,375,8,16433,0.165,1,4,No
47,71049,827,11,93915,0.236,1,2,No
49,124483,305,0,24953,0.101,3,0,No
57,148045,333,19,22214,0.548,1,0,No
25,137177,358,16,28897,0.362,1,3,No
49,195985,366,4,99963,0.637,5,1,No
52,198566,554,11,20126,0.513,4,2,No
26,55288,702,10,73173,0.486,5,4,No
22,137880,456,20,16732,0.313,2,0,No
26,148060,331,28,87774,0.259,2,4,No
63,116428,309,15,96211,0.216,4,2,No
24,145800,674,6,47499,0.643,4,1,No
49,50682,648,22,42840,0.188,1,0,No
45,92125,831,7,69734,0.138,3,3,No
29,186881,455,21,65467,0.333,5,2,No
23,109406,326,25,5820,0.361,4,4,No
46,99215,452,18,27837,0.156,1,1,No
63,164875,584,24,86203,0.26,0,0,No
47,77572,549,14,90798,0.226,2,2,No
56,144896,728,4,94723,0.495,5,0,No
52,85538,585,8,86262,0.343,4,2,No
21,132893,805,20,71931,0.516,4,0,No
36,130518,593,18,29053,0.105,4,0,No
31,68153,743,12,85800,0.24,2,1,No
46,73657,587,6,50475,0.229,4,4,No
60,165601,605,24,33253,0.325,1,1,Yes
21,73208,370,0,42384,0.292,2,2,No
46,100928,462,2,46800,0.207,2,3,No
48,193337,780,6,38781,0.541,3,4,No
29,142555,642,8,41159,0.594,4,3,No
64,160655,816,3,45075,0.515,1,0,No
42,51690,406,20,23651,0.47,5,0,No
28,166400,797,7,55319,0.403,4,3,No
62,112174,300,19,96492,0.251,1,3,No
47,41238,775,17,65656,0.601,0,4,No
59,195185,752,22,79232,0.439,4,4,Yes
39,81235,364,1,70288,0.584,2,2,No
45,177754,784,13,68466,0.322,3,2,No
58,153596,721,5,39822,0.297,4,1,No
41,41761,835,6,36850,0.096,2,1,No
44,167248,450,23,42975,0.252,2,0,No
44,129245,690,20,40805,0.282,3,0,No
39,124450,714,0,9009,0.347,0,0,Yes
22,73329,306,15,13928,0.335,0,1,No
34,50639,815,2,15194,0.601,2,4,No
52,138733,765,25,38523,0.354,0,3,No
62,183487,403,30,59035,0.557,4,2,No
52,57657,763,24,97581,0.127,1,2,No
48,63217,650,14,77047,0.393,0,1,No
59,108383,665,21,26515,0.373,1,1,No
60,42900,481,10,12866,0.144,1,3,No
62,36242,542,4,8818,0.197,2,1,No
60,121609,519,16,38237,0.35,0,2,No
33,193263,507,15,32441,0.363,1,1,No
32,89930,481,19,42638,0.59,0,2,Yes
28,173982,728,20,61474,0.149,2,0,Yes
35,118722,334,17,68053,0.233,4,0,No
46,150272,720,28,74900,0.194,2,3,No
32,171050,502,4,83739,0.52,1,1,No
63,146208,461,18,84175,0.18,2,0,No
47,38606,707,7,7413,0.589,0,2,No
38,188103,648,30,87105,0.608,4,3,No
65,32421,303,25,22219,0.117,4,4,No
56,80729,660,13,74590,0.18,4,2,No
47,27548,657,10,73886,0.281,4,4,No
29,32252,335,28,96203,0.57,5,0,No
59,103385,634,14,69232,0.123,5,2,No
21,137131,590,30,47881,0.257,4,2,Yes
27,146328,584,0,98165,0.471,5,4,No
46,162817,335,19,24883,0.484,3,4,No
27,191902,623,11,82909,0.264,2,1,No
27,63049,762,10,30074,0.628,0,1,Yes
28,193602,694,14,43577,0.261,4,4,Yes
36,186294,348,8,33474,0.418,1,4,No
23,165712,762,11,98227,0.419,3,4,No
65,189806,612,0,41928,0.53,4,4,No
30,153956,654,21,79697,0.264,2,3,No
27,179637,642,21,49449,0.296,1,2,Yes
41,132118,354,26,29990,0.301,5,3,No
57,78568,611,1,17941,0.085,4,2,No
51,91045,559,16,48315,0.49,1,0,No
43,97351,387,0,25335,0.511,2,0,No
47,132560,619,9,34037,0.542,3,4,No
42,83312,689,12,53156,0.479,4,1,No
59,67398,569,28,58495,0.406,5,4,No
47,85865,759,14,69621,0.389,4,3,No
24,127175,660,4,62142,0.436,0,3,No
44,145201,425,10,75941,0.055,2,2,No
43,188480,484,20,69970,0.319,0,2,Yes
39,103812,664,26,48093,0.074,3,3,Yes
62,130468,841,25,99529,0.343,5,2,No
23,159572,307,6,91310,0.139,5,3,No
47,76351,713,24,46496,0.056,0,1,No
23,168618,431,3,10639,0.488,0,1,No
48,65526,655,19,41703,0.473,4,4,No
37,129374,622,26,41459,0.282,1,0,Yes
51,194225,401,10,42062,0.089,0,1,No
30,25229,765,6,91613,0.635,4,3,No
42,180797,728,13,9828,0.14,1,4,Yes
50,189749,374,24,98562,0.343,5,2,No
41,56879,399,6,94089,0.213,0,1,No
56,121654,535,23,45176,0.129,0,2,Yes
43,160789,568,9,7958,0.358,0,0,No
58,103771,553,15,37040,0.168,5,4,No
32,30189,628,30,16760,0.266,2,2,No
45,152029,598,6,8571,0.414,0,3,No
40,111859,669,24,12235,0.282,0,2,No
62,146383,558,21,72887,0.362,5,1,No
27,102508,527,10,82568,0.189,2,4,No
49,130498,676,24,79044,0.468,2,2,No
49,157937,444,18,35874,0.431,3,4,No
33,146389,379,3,54734,0.466,4,0,No
23,160612,338,24,7081,0.254,1,1,No
22,193654,396,1,16971,0.614,1,2,No
36,104132,545,27,35209,0.424,4,1,No
50,105922,632,15,67358,0.126,0,4,No
58,175978,702,1,76535,0.635,1,3,No
26,176874,577,25,35499,0.391,5,0,No
65,89761,307,7,51326,0.469,1,0,No
27,82276,663,10,21873,0.273,2,1,No
25,128793,751,25,48752,0.315,3,2,No
27,129389,551,5,24162,0.489,3,3,Yes
54,94721,317,20,58702,0.569,5,1,No
52,61994,689,17,79132,0.626,3,3,No
33,115016,541,16,88834,0.644,2,2,No
50,143569,552,29,67151,0.407,0,0,No
45,32692,303,18,83321,0.102,2,3,No
41,151728,672,10,71531,0.397,1,4,No
41,176071,724,5,66380,0.173,1,2,No
48,159229,478,28,71127,0.439,4,2,No
40,190945,311,26,66841,0.251,5,1,No
54,194016,592,26,42142,0.363,3,1,No
25,189833,558,11,69951,0.447,1,4,No
38,104241,728,11,58163,0.595,2,2,No
59,110016,594,30,49979,0.526,5,1,No
63,187750,632,11,63212,0.063,5,3,No
31,117235,411,4,51194,0.142,2,0,No
37,120106,505,5,87668,0.571,4,2,No
65,175354,521,14,55316,0.496,4,4,No
42,37793,829,26,76395,0.139,4,3,No
57,182614,312,6,43218,0.403,4,2,No
40,111169,569,6,90437,0.403,4,0,No
26,195886,339,2,18715,0.515,4,1,No
54,153929,804,26,44356,0.538,4,4,No
34,40637,514,25,68229,0.454,4,0,No
43,110331,603,23,86766,0.478,4,1,No
40,119058,821,7,5459,0.45,4,0,No
33,99774,420,30,60586,0.141,3,2,No
64,155479,609,10,28206,0.461,5,1,No
61,134422,604,18,34272,0.333,1,1,Yes
52,73179,725,21,91234,0.637,4,3,No
46,146170,758,24,84529,0.475,2,0,No
34,165328,501,0,17096,0.274,2,4,No
56,79947,711,26,87699,0.596,1,1,No
28,156589,519,1,6228,0.188,2,1,No
60,150334,454,17,18990,0.33,4,0,Yes
42,112138,623,20,25465,0.088,4,3,No
42,39676,639,28,44207,0.427,5,2,No
36,166853,689,21,38413,0.385,4,4,Yes
47,109192,485,18,80932,0.353,1,1,No
30,125612,433,19,75062,0.174,1,1,No
45,89758,446,25,59961,0.347,3,3,No
51,181750,412,27,69067,0.326,5,4,No
41,74962,828,12,57203,0.063,4,0,No
47,70528,732,17,54764,0.147,5,1,No
37,164340,686,27,11657,0.591,0,0,Yes
53,174765,665,18,9355,0.523,2,3,No
51,131212,333,27,54110,0.122,3,1,No
62,181673,361,7,39452,0.634,4,2,No
46,73139,743,14,61116,0.329,2,1,No
41,169299,495,20,80289,0.5,0,2,No
56,68701,386,17,37487,0.375,0,0,No
21,120238,553,9,12069,0.509,4,0,No
24,96925,426,14,11816,0.447,4,2,No
24,87425,461,9,70173,0.089,5,0,No
46,134724,615,26,23949,0.598,5,4,No
24,70229,471,30,71131,0.511,4,1,No
29,110478,698,17,19790,0.183,2,3,No
50,50268,630,19,21669,0.186,5,4,No
65,87448,658,24,70642,0.462,2,4,No
24,167301,551,29,99952,0.471,3,3,No
25,70292,308,5,86720,0.102,5,0,No
65,31300,538,0,40847,0.593,1,0,No
43,64934,334,13,19224,0.498,5,3,No
36,181892,682,26,88306,0.64,5,4,No
42,90873,500,19,53219,0.31,0,1,No
57,192134,532,29,30903,0.102,4,4,No
28,169517,795,2,16784,0.593,1,1,Yes
53,26867,376,0,98227,0.538,0,1,No
58,119117,517,21,63626,0.05,5,0,No
63,160714,673,9,42675,0.368,1,1,Yes
36,155230,352,16,44139,0.054,1,2,No
25,127190,557,0,29879,0.261,5,2,No
36,33352,431,15,57998,0.572,1,4,No
27,158108,694,22,8081,0.454,5,4,No
21,39722,548,0,43221,0.56,2,2,No
29,73324,697,26,5032,0.384,3,4,No
38,172258,368,28,12669,0.514,2,0,Yes
65,84085,722,2,70113,0.342,1,2,No
23,133003,639,4,78254,0.352,2,3,No
44,153501,673,18,42375,0.409,4,0,Yes
48,116487,573,30,76863,0.134,4,4,No
30,27281,556,21,77113,0.436,4,2,No
29,121231,815,30,64984,0.563,4,4,No
33,198900,567,13,15858,0.146,1,4,No
55,157673,656,13,5411,0.276,0,4,No
43,134976,607,24,56265,0.602,3,4,No
37,157371,826,17,74479,0.237,0,3,No
27,83054,790,6,18412,0.575,3,1,No
36,170866,497,19,50151,0.435,0,0,No
60,120684,650,28,63782,0.556,5,3,No
56,138052,517,10,20171,0.136,4,4,No
40,172098,307,21,84202,0.522,5,2,No
44,121633,530,9,91367,0.068,4,4,No
25,174502,392,11,79506,0.287,2,2,No
65,126185,315,9,61824,0.218,2,0,No
26,177930,495,5,36092,0.435,1,1,No
48,141505,763,30,50590,0.509,3,4,No
25,109118,504,7,13878,0.257,3,1,No
59,159404,426,6,37827,0.552,1,0,No
58,189943,459,12,34542,0.381,4,3,No
22,184242,800,20,60415,0.502,2,4,No
63,134970,765,22,76586,0.485,1,3,Yes
59,88455,797,30,42328,0.133,4,0,Yes
41,125481,747,11,5816,0.489,0,3,Yes
60,63809,763,11,85753,0.546,1,3,No
57,120264,641,29,83879,0.071,1,2,Yes
38,105068,807,21,60031,0.147,4,2,No
32,64828,583,12,13357,0.362,5,2,No
37,116181,450,20,21836,0.085,0,4,No
57,70329,512,8,96709,0.27,2,0,No
58,180780,621,19,38439,0.554,1,2,No
35,40956,487,27,58273,0.111,1,0,No
27,88756,482,6,24826,0.134,5,0,No
34,128250,683,28,53196,0.122,1,0,Yes
21,105604,324,15,91881,0.377,2,0,No
58,112745,836,22,70504,0.232,2,2,Yes
23,87809,613,18,45724,0.54,0,3,No
57,112964,337,23,80933,0.399,0,0,No
64,29089,601,24,78597,0.452,3,4,No
51,55788,668,10,70715,0.235,3,4,No
63,117959,399,30,88983,0.345,2,4,No
33,104535,687,4,32269,0.272,5,1,No
38,99478,745,16,95082,0.348,1,3,No
37,171912,769,0,45089,0.463,2,0,Yes
37,159322,354,4,26995,0.32,3,0,No
31,80714,795,29,46271,0.09,5,2,No
40,110358,426,1,77832,0.273,3,3,No
30,105037,620,1,97857,0.583,4,3,No
49,80509,367,11,77531,0.544,3,4,No
54,35768,695,28,42045,0.55,0,0,Yes
37,149751,452,21,26229,0.159,4,3,No
62,89684,448,4,50386,0.098,5,3,No
33,145834,702,29,75547,0.538,4,4,No
64,144678,525,10,87726,0.45,1,0,No
59,43167,609,12,76939,0.355,3,4,No
47,73505,718,17,31921,0.462,3,4,No
46,30117,814,13,59557,0.609,4,4,No
48,65706,588,4,73515,0.127,2,4,No
33,166405,500,10,18164,0.152,0,0,No
32,39922,818,3,40605,0.404,3,2,No
64,109053,467,21,42777,0.474,2,4,No
48,82861,636,16,11020,0.436,3,0,No
22,181389,594,13,24243,0.202,2,0,No
57,27477,679,27,71013,0.423,0,3,No
54,111878,310,2,78638,0.386,0,3,No
43,31137,656,20,96469,0.064,0,2,No
65,60644,430,23,33362,0.423,0,1,No
49,123346,504,1,51579,0.321,1,0,No
55,153823,735,7,99139,0.562,4,2,No
31,194669,615,23,76114,0.443,3,3,No
53,164667,613,15,62119,0.378,3,2,No
31,181974,785,5,35044,0.587,5,0,No
29,71261,410,20,47306,0.448,5,2,No
34,133712,589,6,33044,0.2,2,3,No
29,113266,546,21,64013,0.331,5,3,No
59,130153,711,14,24833,0.453,1,4,Yes
23,162758,749,8,37303,0.542,5,2,No
49,199181,720,17,10342,0.22,3,1,No
39,88039,699,11,6893,0.486,5,1,No
56,84737,755,5,45421,0.46,0,3,Yes
52,119649,424,26,61180,0.138,3,2,No
27,75029,559,11,66744,0.142,2,0,No
48,59654,834,6,58793,0.351,3,1,No
64,108032,379,14,28036,0.297,2,1,No
38,97988,571,0,82029,0.13,0,4,No
25,154694,717,14,68686,0.103,2,1,No
43,51474,701,13,71048,0.589,3,4,Yes
42,194958,352,24,16615,0.165,3,2,No
46,122409,571,12,64413,0.271,2,3,No
62,146483,527,23,10351,0.33,1,3,No
32,39426,670,20,78922,0.1,2,2,Yes
60,189407,491,13,17483,0.133,3,3,No
39,151689,322,14,10840,0.365,0,3,No
21,55541,635,20,35434,0.47,2,2,No
23,145646,529,8,33029,0.557,0,0,No
47,99916,829,17,27230,0.568,3,1,Yes
38,150475,787,5,25920,0.377,3,4,No
50,102340,463,19,31049,0.222,4,3,No
22,116092,722,3,16629,0.398,3,2,No
25,161037,659,7,22142,0.424,2,0,No
49,147400,468,18,79289,0.222,2,0,No
53,172834,812,10,74697,0.45,4,1,No
62,185976,647,7,47379,0.155,2,2,No
40,92468,498,30,69121,0.227,1,3,No
50,39213,511,9,33036,0.608,5,4,No
62,189033,451,28,28529,0.356,3,2,No
25,49839,829,4,64982,0.14,3,4,No
41,186014,389,1,9617,0.451,4,2,No
35,55325,313,30,89501,0.188,3,1,No
40,116583,318,11,99960,0.071,1,1,No
28,35207,381,20,72948,0.573,3,3,No
51,120971,818,19,70414,0.311,2,4,No
32,128318,301,24,27531,0.516,5,3,No
41,170886,562,5,62921,0.563,3,2,No
50,42684,839,10,48192,0.394,1,0,No
47,192040,789,28,9629,0.108,5,2,Yes
64,28373,636,18,83025,0.242,2,3,No
46,115685,585,17,49022,0.202,2,1,Yes
53,133033,553,29,22981,0.413,5,3,No
46,124687,784,6,90778,0.297,1,1,Yes
46,40178,500,16,88624,0.297,4,2,No
56,50956,591,20,5021,0.443,4,0,No
60,143225,577,20,53666,0.069,3,3,No
21,65692,634,3,24220,0.129,0,3,No
35,69119,710,2,47072,0.583,2,3,No
21,116635,509,30,21405,0.552,1,2,No
31,29991,309,24,6928,0.615,1,3,No
22,30202,539,29,94758,0.176,2,1,No
21,152492,469,3,16948,0.255,1,2,No
51,45316,772,13,63880,0.117,4,1,No
64,54695,771,8,64918,0.434,4,0,No
36,159694,528,22,44352,0.519,5,0,No
42,140152,707,24,28584,0.421,2,2,Yes
62,82132,698,17,26588,0.408,4,1,No
38,26610,502,17,82327,0.531,2,0,No
37,197644,348,15,36812,0.103,5,0,No
50,151092,394,27,76322,0.495,3,3,No
30,173060,417,11,78113,0.586,0,0,No
55,120862,373,7,67397,0.438,1,3,No
41,171407,336,29,76698,0.46,1,4,No
36,27602,629,27,99997,0.436,5,3,No
26,117295,725,8,69457,0.544,1,4,No
23,80625,486,28,59259,0.288,5,3,No
61,110720,683,17,52566,0.565,1,0,Yes
63,131464,758,5,95337,0.212,0,2,No
41,105934,608,13,58853,0.119,1,0,No
33,40903,725,5,97962,0.087,2,3,No
38,167381,691,6,79893,0.109,1,3,No
44,191555,630,4,26334,0.324,0,1,No
47,33070,707,2,75000,0.407,0,4,No
24,146378,606,9,72206,0.431,4,4,No
42,58217,370,29,47093,0.389,1,1,No
44,154301,743,15,21601,0.174,2,2,Yes
60,119961,448,10,68068,0.569,4,4,No
65,86305,736,2,31671,0.177,0,0,No
30,40106,561,14,55525,0.545,3,2,No
22,58837,656,11,73653,0.478,3,4,No
60,29017,604,21,25077,0.263,0,1,Yes
26,54420,842,0,86609,0.303,0,2,No
38,126123,454,12,58486,0.538,1,4,No
37,38582,415,30,7329,0.641,1,0,No
58,104403,350,15,8829,0.196,1,1,No
65,132686,371,23,35656,0.463,0,4,No
43,106483,442,6,49648,0.095,2,0,No
50,102468,466,6,75684,0.099,0,2,No
41,167057,369,5,16652,0.321,1,3,No
30,162447,795,2,48844,0.061,0,2,Yes
63,40805,819,29,11286,0.596,2,3,No
33,42107,462,11,85473,0.282,5,2,No
32,198473,586,8,80033,0.279,5,0,No
29,98071,533,25,16299,0.245,0,1,No
24,193660,643,10,66430,0.229,1,3,No
59,172542,552,5,60802,0.106,5,2,No
44,180153,556,11,6881,0.414,0,2,No
54,31846,805,15,49316,0.202,2,2,No
59,94685,770,21,65326,0.258,3,1,No
61,54925,588,21,98427,0.252,5,2,No
25,78989,848,21,38301,0.254,2,4,No
35,138333,804,5,13893,0.578,3,4,No
24,93748,822,11,21320,0.333,4,3,No
59,121080,383,3,36195,0.356,2,2,No
28,122601,644,17,48821,0.52,2,3,No
65,117601,678,16,97518,0.235,0,3,No
44,47694,431,7,33882,0.506,5,1,No
48,162114,510,12,72838,0.158,0,3,No
63,164085,376,4,40432,0.475,1,2,No
47,56285,439,2,27516,0.136,0,2,No
21,67446,427,24,69075,0.463,2,0,No
54,77679,365,18,45629,0.331,5,3,No
37,115184,446,4,51313,0.089,0,1,No
57,28754,366,17,46442,0.411,4,2,No
58,36187,771,5,89106,0.465,0,3,No
46,193205,450,8,76424,0.171,3,2,No
44,139311,303,16,65992,0.611,0,2,No
59,91082,317,10,34435,0.186,5,1,No
41,192569,823,14,96996,0.237,5,0,No
50,130654,555,18,93481,0.492,2,4,No
33,136693,808,15,77350,0.17,5,1,No
57,125272,334,25,76803,0.603,4,1,No
23,29516,806,0,92168,0.435,0,2,No
52,91795,622,14,22561,0.499,5,0,No
55,48376,752,20,78713,0.121,4,0,Yes
39,114676,658,4,24740,0.543,3,4,No
34,109853,351,19,30636,0.391,2,0,No
42,93045,828,4,75409,0.512,4,3,No
37,69968,332,15,26188,0.093,5,4,No
24,168336,627,7,95115,0.415,5,4,No
65,152560,735,29,34429,0.464,4,4,Yes
60,174018,718,23,54790,0.347,0,1,No
39,187707,376,5,97604,0.551,5,4,No
57,51365,349,11,21851,0.614,4,0,No
22,180531,741,3,23267,0.184,3,3,Yes
35,88913,497,15,65038,0.086,2,0,No
22,121100,762,10,27704,0.514,3,1,No
31,81350,676,12,82500,0.338,0,4,No
65,41588,845,19,89530,0.085,3,0,Yes
43,171112,735,14,84610,0.103,2,4,Yes
30,173197,571,20,53071,0.187,0,1,Yes
23,155804,454,4,58418,0.053,2,3,No
25,186831,620,12,20612,0.332,4,1,No
23,118606,568,1,11834,0.272,4,0,No
58,97585,459,11,75085,0.077,0,1,No
33,193103,622,5,46738,0.195,2,0,No
62,81989,313,28,7575,0.494,5,2,No
39,29737,675,22,11876,0.534,0,0,Yes
60,75257,419,2,75824,0.052,5,4,No
55,106563,613,9,50981,0.114,2,2,No
44,35015,647,19,73012,0.649,4,3,No
44,84991,345,24,82510,0.439,0,4,No
37,61965,645,3,19863,0.461,5,0,No
60,171167,768,9,55403,0.278,3,2,Yes
30,171125,681,26,35110,0.353,4,4,No
22,139776,670,6,61330,0.355,3,3,Yes
64,187591,758,17,45146,0.259,1,1,Yes
43,88386,518,20,6357,0.464,0,0,No
26,152583,420,21,21121,0.394,5,2,No
22,133702,588,13,45398,0.616,2,1,No
41,77337,811,17,41359,0.054,4,1,No
55,179135,637,0,95891,0.581,4,2,No
49,37573,680,24,81631,0.619,4,2,No
27,42248,805,22,37828,0.138,0,3,No
49,131550,687,23,23341,0.183,3,2,Yes
57,144359,303,20,21054,0.08,2,2,No
43,117192,500,20,58900,0.191,2,1,No
53,41941,501,16,51545,0.434,2,0,No
28,103554,555,29,59589,0.18,1,1,No
32,169160,498,2,78269,0.561,2,1,No
30,111211,372,14,64233,0.599,5,1,No
35,41124,518,13,68554,0.067,5,1,No
44,28819,732,6,83205,0.354,0,0,No
46,120822,706,29,55878,0.059,1,0,No
62,36164,392,9,91887,0.422,3,4,No
59,57701,379,24,74609,0.258,4,4,No
23,140295,507,28,96767,0.558,3,4,No
22,132747,391,28,50638,0.6,1,1,No
26,188941,831,7,53904,0.349,1,2,No
41,61603,352,10,67140,0.622,4,1,No
29,147857,382,27,44217,0.57,3,0,No
30,29235,373,4,30786,0.108,1,2,No
56,149558,709,2,98359,0.264,3,1,No
23,37015,743,24,56728,0.254,0,2,No
61,39601,429,19,63163,0.232,3,1,No
44,32509,483,8,38842,0.528,0,0,No
42,195556,664,18,77260,0.231,5,2,No
34,172990,495,6,52822,0.278,1,3,No
62,65975,314,0,92489,0.101,3,2,No
65,66520,509,9,7744,0.362,3,1,No
64,60693,434,26,24342,0.12,1,3,No
47,51959,683,11,40428,0.571,0,0,No
53,25909,774,14,73941,0.529,0,1,No
42,105041,803,20,13833,0.231,2,0,No
49,128312,776,24,33888,0.053,3,0,Yes
39,156190,596,26,5794,0.093,1,2,No
39,184710,681,24,52155,0.181,1,3,Yes
26,93649,743,21,97788,0.349,1,4,No
65,134556,422,10,77564,0.489,3,0,No
39,129457,588,5,71578,0.109,5,3,No
33,105301,509,2,9713,0.475,4,3,No
46,43480,793,29,40823,0.378,1,4,Yes
42,32944,689,27,95269,0.422,1,4,No
41,60022,362,8,75128,0.607,4,1,No
56,115625,708,16,31444,0.622,1,0,No
22,73707,819,22,84500,0.492,3,4,No
64,53708,544,18,80674,0.466,5,4,No
50,187009,464,1,53557,0.508,5,2,No
47,83823,392,20,69786,0.454,4,0,No
27,63399,583,4,91162,0.056,2,1,No
40,149420,423,17,65840,0.648,4,3,No
51,143431,489,11,95382,0.432,5,0,No
43,174227,616,23,53747,0.343,0,4,Yes
33,45838,496,14,15595,0.322,2,0,No
37,179226,584,13,51875,0.191,1,2,No
24,69035,408,1,60857,0.336,1,4,No
34,55294,508,23,26280,0.49,5,3,No
40,153557,414,21,84659,0.203,3,1,No
33,99233,805,9,44032,0.557,1,2,No
23,161700,630,19,26845,0.176,0,2,Yes
46,128217,503,2,11341,0.565,2,2,No
46,181486,614,29,38409,0.4,3,1,No
38,135367,564,8,74098,0.553,5,4,No
52,95254,588,14,38962,0.3,0,2,No
34,44060,780,29,55329,0.243,2,2,No
23,156168,305,21,95692,0.469,3,1,No
21,108883,440,20,47262,0.268,4,0,No
46,120932,581,29,49603,0.622,1,1,No
44,147455,589,28,90893,0.494,1,3,No
55,36058,504,28,21956,0.308,0,3,Yes
34,168290,631,25,49352,0.154,1,4,Yes
23,173054,702,2,72572,0.384,3,3,No
33,85325,532,18,68528,0.407,2,2,No
34,115540,331,5,72936,0.631,2,1,No
41,71622,491,25,9889,0.496,2,3,No
46,179749,706,19,36704,0.202,5,2,No
23,69741,597,3,45716,0.207,2,4,No
60,183238,334,10,30999,0.398,2,1,No
24,199446,519,7,96262,0.122,5,1,No
56,71908,631,17,13491,0.467,1,0,No
63,141455,351,21,70693,0.098,2,4,No
21,128468,316,12,25609,0.394,0,3,No
60,116628,308,14,91851,0.639,1,4,No
53,91875,479,15,12372,0.574,2,3,No
27,73316,302,24,54701,0.557,3,2,No
31,168358,577,2,94552,0.5,4,1,No
47,88539,466,4,30750,0.607,2,4,No
34,54235,550,26,31652,0.608,5,2,No
42,50552,573,6,95607,0.147,2,2,No
36,38629,326,0,38848,0.187,1,2,No
32,71489,417,7,29776,0.605,1,4,No
30,129770,651,5,74390,0.215,4,4,No
44,120461,494,3,25289,0.278,0,4,Yes
38,128767,572,10,6244,0.075,0,4,No
42,194330,616,5,85225,0.59,0,4,No
29,168915,701,17,50904,0.093,2,1,No
37,122571,828,19,16853,0.368,5,0,No
58,48988,347,23,20961,0.182,1,4,No
60,140958,315,19,50793,0.066,2,1,No
33,123219,769,20,60234,0.224,1,3,Yes
57,58301,582,1,96025,0.448,4,3,No
26,105513,313,29,27499,0.104,0,1,No
41,164023,647,18,64196,0.561,0,1,No
56,116607,666,30,51180,0.465,1,3,No
27,100101,527,18,5379,0.085,5,3,No
56,53715,672,17,45729,0.292,3,4,No
45,77975,840,27,58363,0.535,1,0,No
31,62109,839,23,56022,0.609,1,0,No
64,193922,704,10,97580,0.427,3,2,No
34,101870,707,2,60245,0.459,1,3,Yes
65,139372,359,10,93572,0.576,0,0,No
49,150085,351,0,89831,0.323,5,0,No
30,44369,449,1,78442,0.474,5,4,No
25,135150,471,23,46888,0.397,2,4,No
28,85216,617,0,43273,0.467,1,1,No
25,138886,788,0,52867,0.579,3,4,No
44,176711,848,12,10089,0.524,5,3,Yes
60,89305,423,26,54547,0.126,0,4,No
46,43506,577,0,72153,0.609,0,1,No
26,97232,511,9,98139,0.08,0,4,No
36,28981,726,28,20664,0.504,4,3,No
56,107391,758,12,47885,0.221,2,4,Yes
32,44789,832,7,37521,0.518,3,4,No
31,156380,591,21,43880,0.059,4,2,No
23,118046,441,6,79161,0.182,3,4,No
64,119908,687,19,20294,0.098,2,2,No
57,191887,477,11,42763,0.501,1,3,No
26,51497,384,7,27180,0.166,5,1,No
39,121060,504,12,45681,0.607,3,1,No
38,190857,849,1,96339,0.297,4,0,No
36,169438,634,8,56140,0.482,3,2,No
43,62649,688,19,37694,0.545,2,0,No
63,183000,465,16,43616,0.622,5,2,No
57,111117,835,30,20904,0.327,3,3,Yes
29,49105,829,17,52550,0.453,1,4,No
23,44843,521,23,62934,0.269,2,2,No
28,135250,627,15,62299,0.22,0,2,No
58,151000,713,8,41171,0.462,4,2,Yes
24,189411,432,4,34133,0.293,1,0,No
32,131643,478,19,45085,0.393,4,1,No
64,145606,588,15,39519,0.169,1,1,No
51,155258,648,25,62043,0.479,5,1,No
45,46457,586,12,41079,0.632,5,3,No
36,75222,663,22,36957,0.373,0,2,No
62,118857,382,1,61249,0.362,0,1,No
34,111245,536,22,85845,0.563,0,2,No
33,93907,737,29,22356,0.141,1,4,No
61,25157,538,11,59936,0.286,4,1,No
27,106568,744,8,56919,0.154,3,1,No
32,83266,365,1,89957,0.378,4,1,No
57,159390,413,11,42120,0.42,3,2,No
24,146399,488,23,21923,0.598,1,4,No
22,130525,575,21,87654,0.549,1,3,No
55,99493,601,5,42475,0.438,2,3,Yes
64,93148,845,12,28983,0.515,5,2,No
23,177018,779,15,15857,0.427,3,0,No
24,168092,725,19,25836,0.393,4,1,No
58,103309,316,24,35314,0.079,5,1,No
32,55247,346,7,82953,0.065,5,4,No
39,25443,329,6,20264,0.561,3,2,No
30,63741,691,27,53432,0.219,0,1,No
21,173360,339,14,67115,0.261,5,1,No
37,27910,583,4,56869,0.32,5,2,No
36,69169,358,20,73065,0.075,1,0,No
29,125105,629,17,16171,0.627,5,4,No
29,42309,562,20,78343,0.112,0,2,No
29,170337,623,18,65439,0.631,0,1,No
32,119499,323,12,34301,0.475,5,1,No
61,120441,653,22,68661,0.616,5,0,No
35,180307,353,24,50332,0.081,0,0,No
22,139360,604,15,86436,0.318,3,4,No
31,83095,618,12,81492,0.622,1,0,No
31,27922,344,25,84423,0.438,4,2,No
28,83006,661,30,43282,0.378,4,0,No
52,196395,760,28,14846,0.453,1,4,Yes
26,52771,306,27,65601,0.162,0,3,No
40,165848,558,13,10381,0.498,3,3,No
59,62772,387,15,81722,0.215,4,0,No
55,78371,488,21,13969,0.219,1,2,No
28,147947,754,11,91975,0.408,3,0,No
63,177026,841,11,34004,0.063,5,1,Yes
54,176909,816,10,78329,0.082,1,0,Yes
39,100494,659,25,70134,0.06,1,4,No
27,161647,668,27,40797,0.51,4,1,No
51,153345,499,22,94360,0.066,3,4,Yes
38,76105,306,27,63107,0.107,4,4,No
60,76720,685,22,44393,0.414,5,1,No
34,137498,695,6,90786,0.335,2,4,No
59,79080,839,29,46859,0.27,5,0,No
56,106393,446,3,80168,0.263,1,3,No
37,57309,583,5,58162,0.566,2,0,No
57,179026,398,22,32550,0.097,1,0,Yes
64,152984,806,13,53914,0.606,5,3,No
29,58368,773,25,27154,0.191,0,4,No
40,118278,446,30,93563,0.343,0,0,No
65,102670,802,30,50604,0.624,2,2,No
48,150689,349,13,41686,0.433,2,3,No
40,153450,821,11,77531,0.201,0,4,No
61,36580,524,14,84804,0.639,4,3,No
56,45966,381,10,83593,0.539,2,4,No
47,109615,481,3,57913,0.238,4,3,No
28,40231,821,24,11833,0.41,0,1,No
52,167912,659,10,79957,0.384,5,3,No
21,158124,534,24,73375,0.42,0,3,No
37,58399,625,11,49642,0.123,0,2,No
29,157826,766,19,35491,0.437,3,3,No
40,146708,746,7,57023,0.178,2,0,Yes
65,100306,845,23,88233,0.242,5,4,No
52,156097,342,17,89560,0.377,0,2,No
22,166473,681,5,69022,0.178,0,1,No
52,138172,432,8,94223,0.585,3,2,No
65,31553,702,23,18054,0.301,5,0,No
29,96295,669,16,90920,0.149,0,4,No
50,32755,353,4,36551,0.086,0,2,No
40,189969,458,15,16899,0.519,4,4,No
58,128300,437,12,73882,0.547,1,3,No
21,122910,832,12,56203,0.098,1,1,No
25,63409,553,20,27974,0.376,0,1,No
55,122904,601,8,96307,0.442,1,2,No
56,80049,373,1,30975,0.595,2,2,No
21,71669,831,20,20478,0.079,1,0,No
34,170443,576,15,91164,0.259,2,0,No
29,97905,720,0,98382,0.122,4,1,Yes
50,160869,356,7,61614,0.307,3,4,No
44,155216,368,23,24274,0.273,4,2,No
24,103053,497,1,62888,0.407,1,2,No
34,41943,451,9,58205,0.455,3,3,No
45,133374,487,12,81231,0.629,5,4,No
24,51831,346,0,87342,0.148,5,2,No
45,67044,799,2,84006,0.53,4,2,No
30,143602,542,8,85116,0.558,2,4,No
55,49814,479,22,93858,0.389,5,2,No
27,98586,440,22,18682,0.523,1,4,No
62,84439,798,25,75363,0.26,2,0,No
33,63355,307,3,91486,0.071,1,4,No
24,84389,401,30,30256,0.14,4,3,No
63,40784,459,4,8849,0.15,0,1,No
56,159755,769,22,35496,0.575,4,4,No
34,98932,304,1,67873,0.625,5,3,No
38,163419,678,14,41044,0.292,1,3,No
28,110520,680,2,54822,0.444,2,2,No
52,199169,603,18,23586,0.232,1,3,Yes
47,113563,455,10,27796,0.317,2,3,No
62,108133,599,6,24001,0.422,3,0,No
57,81499,571,6,40580,0.564,4,1,No
43,39072,422,26,90038,0.306,1,0,No
27,37026,810,21,56142,0.469,0,1,Yes
32,77832,578,16,44723,0.199,1,0,No
45,149559,666,25,59475,0.247,5,1,No
23,65966,832,26,20748,0.182,0,0,No
46,56041,422,14,24045,0.569,0,4,No
24,121523,685,7,87265,0.121,1,1,Yes
62,188328,696,9,95002,0.512,1,4,No
56,170977,600,14,52566,0.429,1,2,No
35,128810,693,25,92304,0.44,1,3,No
52,92673,515,30,8148,0.576,1,2,Yes
49,147343,300,19,99754,0.368,4,4,No
30,115044,443,23,75334,0.096,0,3,No
41,79100,549,6,73321,0.609,5,1,No
36,106156,470,16,29284,0.252,4,2,No
39,105359,433,22,66978,0.068,0,2,No
49,127169,375,19,33588,0.37,3,4,No
38,145136,779,20,30483,0.265,4,4,No
64,127800,566,12,77577,0.597,4,4,No
36,144140,765,5,75574,0.356,2,3,No
21,195738,749,4,22507,0.082,0,3,No
22,125850,395,15,34567,0.193,1,3,No
35,115230,575,27,47292,0.184,5,0,No
59,97750,849,1,78809,0.508,5,1,No
48,169382,611,23,98189,0.09,2,3,No
21,125699,646,23,16997,0.245,0,2,Yes
25,114591,566,29,11612,0.452,3,1,Yes
62,184015,573,4,22335,0.418,4,2,No
42,187989,397,29,28061,0.439,1,1,No
56,157774,614,4,87040,0.386,4,3,No
33,82873,433,11,24082,0.155,5,3,No
21,176130,393,22,23022,0.455,1,0,No
36,197334,479,17,60847,0.621,5,4,No
61,39537,555,20,94897,0.075,0,3,No
42,106428,316,0,29390,0.267,5,2,No
52,176707,440,12,52646,0.225,2,2,No
36,53544,689,19,30925,0.139,2,4,No
35,90549,347,11,93153,0.209,3,4,No
62,146875,561,7,26411,0.065,1,2,No
32,76955,552,0,24452,0.436,4,3,No
21,135024,812,14,24640,0.417,4,4,No
37,193380,455,9,7667,0.352,5,3,No
61,27169,509,0,18214,0.238,3,0,No
48,135064,623,13,19836,0.636,1,2,No
27,35423,340,12,91173,0.422,3,2,No
29,198875,661,19,67442,0.582,3,2,No
42,118988,671,9,54575,0.234,5,0,No
46,33017,715,4,22117,0.503,4,2,No
32,199750,676,8,73957,0.054,2,0,No
27,57948,612,30,72906,0.456,2,2,No
35,116529,577,13,49949,0.499,5,0,No
58,126768,621,20,29748,0.212,0,0,No
41,102147,333,0,46672,0.649,0,2,No
34,57219,413,14,65785,0.349,2,0,No
22,186932,301,26,97934,0.272,1,1,No
28,140217,335,18,68087,0.161,5,0,No
65,177135,307,19,42832,0.143,4,0,No
26,104601,460,30,61410,0.174,3,3,No
57,180396,751,6,33699,0.372,0,1,No
57,125494,829,17,48244,0.372,4,3,Yes
53,197738,382,3,21235,0.368,3,4,No
61,134713,309,23,54783,0.566,3,1,No
26,49869,733,20,41986,0.051,3,3,No
46,96164,532,5,35965,0.21,0,4,No
59,54093,521,2,44805,0.581,5,0,No
61,142299,850,3,41310,0.11,2,3,Yes
57,175634,620,24,12512,0.167,0,1,Yes
34,93925,581,1,88230,0.246,5,2,No
57,126367,419,2,54925,0.538,1,3,No
28,80553,362,17,56873,0.4,1,2,No
59,82279,842,1,37919,0.383,3,4,No
33,60608,468,26,41793,0.605,2,1,No
33,85840,572,24,43601,0.342,4,0,No
60,35770,668,30,56514,0.618,5,0,No
63,80461,771,7,98514,0.13,2,4,No
48,51627,594,6,23199,0.29,5,3,No
38,31146,373,29,62277,0.543,3,3,No
39,113481,758,8,53641,0.14,5,2,Yes
58,84753,837,30,6329,0.155,5,2,Yes
52,115480,846,23,30853,0.279,1,2,Yes
42,77079,506,8,78180,0.607,2,2,No
22,142081,464,1,17111,0.159,1,0,No
33,83074,423,6,55262,0.623,3,1,No
43,107816,572,24,22698,0.453,5,1,No
45,179323,681,12,19122,0.333,2,0,No
48,119771,773,29,62173,0.061,3,2,Yes
31,187968,653,28,85162,0.365,2,1,Yes
53,195185,396,24,59614,0.299,0,3,No
44,38322,381,7,30340,0.524,1,0,No
22,32747,836,0,99998,0.386,3,3,No
50,142068,660,2,48421,0.634,4,1,No
37,122748,360,7,5937,0.117,1,4,No
60,139702,393,18,60187,0.599,1,3,No
54,83697,664,3,40466,0.278,5,1,No
58,60903,595,9,37251,0.354,3,3,No
42,197042,469,17,14169,0.562,1,1,No
25,67207,598,18,17698,0.461,3,0,Yes
60,137352,616,20,35132,0.618,0,0,No
36,75812,563,11,7310,0.641,1,2,No
33,188475,779,10,24631,0.435,4,2,Yes
46,59531,560,5,46556,0.386,3,1,No
51,171485,845,5,10367,0.202,0,3,Yes
59,196705,820,22,31695,0.215,0,2,No
43,85032,342,27,86735,0.202,2,2,No
32,191457,395,25,24035,0.521,3,0,No
34,126058,693,7,97129,0.419,3,0,No
38,116040,823,21,85750,0.491,3,4,No
47,98637,654,9,87382,0.54,2,0,No
48,75578,701,21,65523,0.586,0,4,No
38,184307,770,1,53362,0.138,4,2,No
36,95744,586,12,52268,0.575,2,3,No
36,100961,582,18,6242,0.437,3,0,No
33,53485,832,21,76592,0.601,5,2,No
49,123059,568,21,32289,0.607,3,0,No
29,169254,580,5,77267,0.306,3,2,No
46,39480,376,30,61414,0.479,4,4,No
48,88094,654,3,73610,0.546,5,1,No
61,126107,554,30,84961,0.204,3,1,No
33,129513,724,10,75968,0.342,2,4,No
56,60061,303,17,57402,0.206,3,1,No
29,108545,383,23,81688,0.103,0,3,No
34,40789,513,1,40392,0.469,5,3,No
32,145497,356,2,42132,0.393,0,4,No
52,123875,453,16,71001,0.29,0,3,No
58,185179,700,8,71035,0.178,5,4,No
23,51287,819,18,72507,0.164,3,4,No
36,40014,821,17,30099,0.218,5,1,No
40,164646,569,5,20115,0.639,2,2,No
52,194669,838,23,8353,0.628,0,3,Yes
43,42467,811,3,97263,0.557,0,3,No
37,199549,816,16,86323,0.091,5,2,Yes
36,112450,711,29,79196,0.549,1,4,No
58,102897,641,22,41273,0.503,5,4,No
28,145118,439,29,25720,0.613,4,1,No
39,110417,563,29,6290,0.33,3,1,No
50,46880,748,18,79696,0.359,3,2,Yes
54,144618,526,20,48106,0.391,5,1,No
34,183323,359,10,29355,0.378,5,4,No
42,77546,379,17,28024,0.238,3,0,No
64,149083,354,30,53284,0.147,0,2,No
37,140461,726,23,95151,0.477,2,0,No
35,69016,821,15,8984,0.598,0,3,No
52,182961,525,18,28332,0.45,2,0,No
33,50979,415,8,22072,0.547,3,3,No
41,86516,639,16,78396,0.363,1,2,No
60,73741,406,15,45558,0.353,2,2,No
53,82133,818,5,74444,0.641,4,0,No
47,38360,832,18,56502,0.647,5,1,No
55,91939,630,29,41559,0.415,5,0,No
36,61088,400,3,95010,0.273,1,4,No
48,105318,514,10,8103,0.273,2,4,No
54,170092,522,19,8303,0.453,0,2,No
21,163492,509,14,83002,0.185,4,1,No
61,114059,643,23,91892,0.638,1,1,No
51,58637,727,8,67637,0.478,2,3,No
56,195282,364,30,95014,0.147,3,4,No
64,56453,553,20,89431,0.268,4,3,No
53,165347,817,27,8687,0.184,1,4,Yes
53,186124,593,10,68675,0.102,2,0,Yes
59,189813,520,9,58552,0.437,2,2,No
38,187685,726,9,40140,0.113,1,3,No
43,116337,612,18,46070,0.288,4,1,Yes
43,73162,763,24,94619,0.452,5,2,No
35,57199,551,0,76077,0.147,0,2,No
46,42572,411,16,70251,0.58,1,3,No
50,161219,590,18,41022,0.161,0,3,No
45,28443,579,17,35718,0.416,2,2,No
65,119521,593,23,79599,0.604,2,1,No
36,96220,814,20,59090,0.107,5,2,No
59,38595,478,25,13682,0.113,4,0,No
65,91857,488,16,42552,0.125,0,0,No
34,39810,467,18,48995,0.265,1,0,No
37,162812,353,2,22419,0.453,2,3,No
32,57712,615,12,30939,0.373,3,2,No
49,30468,570,1,57506,0.229,1,0,No
52,152611,729,8,25632,0.421,4,4,No
44,154468,482,12,10553,0.318,3,0,No
33,104054,559,0,13545,0.262,2,4,No
40,37704,323,9,39850,0.279,2,3,No
35,90974,393,20,85810,0.266,1,1,No
24,90700,555,24,41341,0.357,4,2,No
54,161750,513,27,54331,0.278,2,2,No
48,154443,795,2,53004,0.242,2,0,No
22,89882,339,9,68526,0.243,3,0,No
50,192177,762,18,31302,0.181,2,3,Yes
46,126654,735,6,58063,0.176,2,2,No
46,173443,848,16,18930,0.222,4,0,Yes
40,60297,510,28,74265,0.633,4,2,No
62,53753,422,24,44029,0.173,0,3,No
48,135710,758,22,63063,0.317,3,0,No
40,110765,585,29,71514,0.595,3,2,No
31,161828,575,27,73686,0.057,4,3,No
30,196945,543,11,61796,0.413,4,0,No
43,85630,442,7,71382,0.572,2,3,No
57,180675,619,17,12035,0.151,3,4,Yes
61,179380,674,30,6296,0.538,1,1,Yes
39,127897,732,2,59798,0.438,1,0,Yes
65,56256,421,29,5167,0.543,3,4,No
38,80814,534,24,28810,0.093,5,3,No
47,57961,728,29,66093,0.093,0,0,No
26,182505,425,30,65296,0.136,5,4,No
30,54731,843,3,66395,0.637,3,0,No
22,31401,502,20,18948,0.578,3,2,No
44,147992,572,24,44669,0.393,1,0,No
58,149197,473,25,48695,0.367,5,1,No
48,125041,537,7,74688,0.203,1,0,No
48,174517,761,4,39208,0.177,0,1,Yes
65,86012,409,10,48791,0.191,0,3,No
59,182042,711,1,59020,0.488,3,0,No
22,167432,370,18,37464,0.43,1,4,No
25,89357,656,2,44930,0.351,4,2,No
31,57235,722,11,47046,0.55,2,3,No
30,106395,540,6,17016,0.086,0,0,No
63,35428,426,5,14271,0.072,4,1,No
22,110171,725,22,11887,0.542,0,3,No
35,193893,829,7,19751,0.3,4,3,No
59,102660,374,26,26390,0.449,4,3,No
61,138020,577,4,25747,0.293,3,4,No
57,64633,793,12,29201,0.313,4,2,No
27,147104,687,30,18145,0.064,5,2,Yes
40,39407,835,12,82995,0.368,4,0,No
54,174152,761,21,53859,0.071,1,3,Yes
55,98860,607,0,33571,0.261,4,4,No
54,32407,422,13,56475,0.132,1,1,No
42,196085,586,3,73019,0.181,5,2,No
51,62433,352,21,11535,0.594,0,0,No
43,29220,744,19,51330,0.632,1,4,No
39,102267,420,28,51193,0.07,1,4,No
24,147262,718,0,90992,0.598,0,0,No
44,47554,375,13,78942,0.561,1,2,No
40,102021,383,18,42146,0.36,5,2,No
59,90847,606,18,62638,0.34,1,2,No
48,117541,744,2,58610,0.282,4,2,No
59,182433,636,19,53728,0.442,1,0,No
37,128738,680,10,51297,0.159,4,1,No
39,106103,816,8,5830,0.095,3,1,No
55,172052,400,24,46451,0.638,3,0,No
52,75748,399,29,82605,0.543,1,2,No
59,58518,472,23,20432,0.278,0,4,No
55,74257,731,29,98920,0.089,0,3,No
50,31934,407,18,5079,0.624,2,0,No
37,99787,327,27,71800,0.081,5,3,No
62,120781,564,1,64603,0.052,2,2,No
49,102895,614,12,25870,0.223,0,1,Yes
26,168927,337,2,98260,0.497,4,0,No
37,142926,452,30,84278,0.557,1,3,No
37,42628,627,10,32682,0.401,2,4,No
34,48249,347,13,69574,0.326,1,3,No
44,192122,305,14,37606,0.059,1,3,No
57,158347,713,4,18405,0.259,4,3,Yes
60,148332,360,6,43530,0.1,3,2,No
59,25765,734,1,57008,0.182,0,4,No
52,108417,638,5,73186,0.091,5,0,No
56,142526,568,10,15143,0.588,2,0,No
57,193906,307,26,86838,0.475,2,3,No
34,123793,784,1,45825,0.323,3,3,No
47,51999,628,12,6981,0.609,5,2,No
39,195214,699,0,82319,0.175,3,2,No
51,134792,699,30,81375,0.622,5,3,No
29,165367,694,26,79702,0.095,2,1,No
58,147500,637,2,62240,0.53,0,4,Yes
37,153685,718,29,63010,0.247,2,3,No
39,149479,509,19,94067,0.129,0,2,No
64,118393,662,1,24212,0.447,5,0,No
24,130768,470,18,78427,0.431,1,1,No
31,54867,400,27,7692,0.611,4,0,No
42,151040,713,21,40813,0.216,2,4,No
24,135441,622,29,46286,0.51,1,4,No
37,148105,328,8,92609,0.603,1,3,No
28,31286,304,17,45900,0.324,2,2,No
54,136299,816,22,20515,0.3,0,2,No
31,182362,384,0,11692,0.271,2,4,No
51,160221,539,19,44644,0.64,4,4,No
31,129152,348,13,59505,0.415,1,1,No
58,130960,325,28,49452,0.603,0,1,No
41,92881,713,13,75266,0.32,2,2,No
50,178005,397,17,6453,0.579,5,2,No
30,129984,711,12,67041,0.328,0,1,Yes
46,43082,569,3,15425,0.145,5,1,No
47,136091,573,17,33242,0.409,0,1,No
28,35863,612,18,61830,0.572,2,4,No
59,31984,535,23,13887,0.071,0,4,No
28,152181,508,3,42737,0.22,1,0,No
28,80189,324,5,37211,0.618,0,1,No
54,118039,480,11,78566,0.212,1,1,No
36,194096,545,8,61429,0.289,4,3,No
61,129855,850,12,8022,0.247,1,4,No
33,74430,740,23,24543,0.206,5,3,No
43,92004,767,13,82597,0.285,2,4,No
32,152652,526,14,87952,0.561,5,1,No
47,165204,580,13,9160,0.248,0,4,Yes
42,60086,813,17,26297,0.472,5,1,Yes
52,128651,511,29,36470,0.198,2,2,No
47,39462,335,1,93462,0.159,3,0,No
22,47323,848,2,96781,0.534,5,4,No
65,43167,539,17,58966,0.127,4,1,No
53,35067,663,18,55170,0.514,2,0,No
46,86987,730,17,93612,0.432,5,2,No
48,28226,390,14,93373,0.372,3,2,No
39,181633,486,21,53229,0.326,1,3,No
63,138576,559,24,71275,0.371,1,1,No
25,126123,649,23,88917,0.125,0,1,No
53,61738,345,5,52337,0.198,1,0,No
40,100794,526,3,63662,0.061,1,3,No
50,140112,846,9,65731,0.469,0,2,Yes
65,56655,418,11,85424,0.529,3,4,No
28,125409,537,4,8631,0.464,2,3,No
58,43854,400,19,86741,0.475,4,3,No
37,109811,633,4,40073,0.568,5,0,No
64,60915,806,15,22047,0.471,4,3,No
21,102789,300,17,30609,0.26,0,0,No
23,53737,439,14,19761,0.194,3,1,No
46,163973,575,7,51469,0.296,1,0,No
51,108094,666,0,60426,0.328,3,1,No
28,35001,817,8,58437,0.214,0,1,No
63,145804,576,11,95529,0.226,2,3,No
28,187883,600,0,88929,0.476,1,1,No
55,123538,369,4,60549,0.174,4,3,No
59,147600,727,8,84689,0.51,2,1,No
48,128074,486,0,95789,0.204,1,1,No
24,156018,457,29,89917,0.294,1,1,No
36,84489,630,13,13788,0.215,2,1,No
33,62896,556,16,35707,0.543,4,4,No
40,65927,708,2,80800,0.286,5,3,No
25,188402,763,15,34889,0.637,5,2,No
57,199642,382,7,45768,0.41,3,1,No
40,182923,313,18,16435,0.06,3,4,No
44,46185,430,27,37233,0.539,3,2,No
56,151734,495,14,10883,0.464,3,2,No
54,95300,511,29,38195,0.204,2,4,No
65,105125,506,1,65247,0.211,3,2,No
54,35037,434,5,34129,0.345,3,3,No
39,190177,407,9,68730,0.45,1,2,No
37,161492,464,20,34218,0.59,3,3,No
25,125117,453,12,41795,0.15,0,2,No
45,34779,646,27,63709,0.15,3,2,No
38,36444,324,14,29941,0.468,1,1,No
28,115654,649,10,78697,0.241,2,2,No
47,97623,754,8,22887,0.186,0,1,Yes
35,149149,517,26,33815,0.462,1,3,No
65,164865,545,13,8966,0.086,5,2,Yes
33,192454,612,2,88421,0.369,2,1,No
36,158221,759,29,27970,0.434,5,4,Yes
42,66347,817,19,37444,0.281,0,4,Yes
40,155978,555,26,77414,0.125,1,3,No
33,77832,766,25,5580,0.256,0,2,No
40,175738,805,15,18997,0.309,3,2,Yes
22,27696,508,7,69483,0.147,5,3,No
55,188245,706,10,9237,0.343,0,0,Yes
39,37626,380,1,71660,0.253,5,0,No
65,78303,629,4,27476,0.59,3,4,No
57,69793,406,28,58011,0.089,3,4,No
26,187363,737,29,63907,0.452,0,1,No
34,71207,313,11,16647,0.483,3,0,No
24,58484,842,8,54941,0.415,3,3,No
42,112765,701,10,91268,0.363,4,3,No
59,161830,809,15,6159,0.119,3,0,Yes
56,89495,730,24,55816,0.415,0,3,Yes
54,188323,393,9,20942,0.39,2,2,No
47,77807,381,24,64708,0.598,2,4,No
27,131809,548,10,20691,0.573,0,4,No
23,125584,540,29,7726,0.062,2,0,No
53,76774,464,0,75224,0.641,3,1,No
22,99615,772,0,45497,0.389,2,2,No
62,111262,585,0,94423,0.6,5,0,No
36,174378,329,23,75920,0.14,4,1,No
45,82201,758,19,21904,0.468,0,4,No
35,61797,603,14,42850,0.325,1,0,No
44,159135,758,8,45523,0.13,3,4,No
35,68147,314,26,72734,0.064,2,4,No
51,94428,599,5,38250,0.18,1,1,No
34,108657,706,18,58479,0.06,4,0,No
34,176676,347,7,33650,0.409,5,4,No
26,51484,413,16,93524,0.233,2,4,No
34,198402,754,11,6713,0.622,4,0,No
37,153593,825,1,98165,0.43,3,4,No
38,84321,647,7,67265,0.508,3,1,No
40,125758,470,0,70656,0.31,0,4,No
37,40828,728,27,35958,0.21,0,1,No
36,152139,705,12,35492,0.51,0,3,No
60,29957,679,10,30516,0.331,2,4,No
59,43671,360,20,87360,0.65,3,3,No
52,147838,829,18,48669,0.406,5,0,Yes
64,129596,500,1,49970,0.557,2,3,No
29,151054,356,29,82780,0.223,5,4,No
47,99232,384,19,58562,0.306,2,2,No
53,100495,405,17,11766,0.194,1,0,No
30,154798,313,20,35958,0.515,5,0,No
37,40383,832,23,37440,0.504,2,2,Yes
56,33892,344,3,58120,0.406,4,2,No
37,52780,845,6,79134,0.489,3,1,No
38,144801,672,4,10767,0.266,2,2,Yes
43,119257,370,8,86385,0.577,2,3,No
54,175461,530,30,10376,0.603,0,2,Yes
28,144478,823,12,30354,0.448,0,3,No
33,70081,422,17,54159,0.274,4,4,No
43,121905,368,14,47782,0.555,2,0,No
40,38095,410,17,46325,0.638,5,1,No
42,51634,545,0,44111,0.397,1,1,No
43,159749,672,3,77151,0.446,0,0,No
61,199851,397,12,54899,0.56,0,0,No
55,72873,621,13,76761,0.454,3,2,No
23,116084,808,7,26704,0.168,5,0,No
54,84798,675,20,47659,0.304,2,0,Yes
53,62932,439,4,25517,0.417,0,0,No
37,99569,680,19,37077,0.328,2,3,No
65,146548,702,30,53807,0.458,1,3,No
39,147793,602,6,53828,0.219,4,4,No
50,90820,465,25,31854,0.145,3,2,No
43,128874,565,23,20437,0.067,1,4,No
35,112651,654,8,25039,0.073,2,2,No
34,81763,354,5,10771,0.264,2,4,No
22,109355,528,11,85222,0.063,2,1,No
59,65291,523,24,9065,0.213,0,1,No
38,124333,498,10,17643,0.358,4,3,No
26,188369,552,14,33628,0.496,3,1,No
52,186663,454,16,88331,0.403,4,3,No
41,179040,631,30,81682,0.371,2,1,No
60,49475,707,2,51313,0.195,0,0,No
48,78603,803,16,36204,0.059,4,4,No
47,44350,741,26,36464,0.128,0,1,Yes
22,98291,555,20,58766,0.639,0,2,No
53,123857,715,7,79877,0.607,1,4,No
36,104739,699,21,8659,0.237,0,4,Yes
59,48519,389,11,32010,0.243,3,4,No
42,91776,440,12,45415,0.585,2,0,No
63,94695,305,25,37487,0.097,2,4,No
33,109409,639,11,91259,0.153,4,3,No
22,166852,518,4,31431,0.121,0,0,No
34,164733,570,0,49002,0.573,2,3,No
58,53512,362,27,18795,0.054,4,2,No
61,43403,832,16,68371,0.059,2,1,Yes
48,153812,812,4,26981,0.538,0,0,No
27,67983,554,27,22568,0.432,1,2,No
38,67549,425,20,48161,0.388,2,3,No
61,120085,750,7,95405,0.604,1,4,No
56,73719,705,1,67707,0.34,3,0,No
61,95849,657,22,91248,0.33,3,1,No
56,138351,387,4,23977,0.302,3,4,No
64,132915,690,13,68682,0.441,4,1,No
24,50456,668,1,96725,0.244,3,1,No
50,33461,746,20,86549,0.451,0,3,No
44,184017,619,11,56792,0.472,4,4,Yes
40,95363,572,24,10710,0.177,0,3,No
51,113907,821,27,33555,0.407,0,0,Yes
44,103439,315,28,72366,0.486,0,0,No
27,175959,667,13,24944,0.627,4,2,No
46,186175,550,4,56819,0.613,1,3,No
33,104936,659,20,15077,0.173,0,3,No
28,147512,530,26,34872,0.396,5,4,No
25,190915,552,17,30402,0.332,0,0,No
64,104726,692,24,95351,0.26,0,2,Yes
33,109204,816,17,97338,0.255,1,0,No
49,56869,818,15,25083,0.633,3,3,No
40,148263,783,28,36262,0.072,3,2,No
34,70301,364,4,5807,0.562,2,1,No
52,138568,518,1,39212,0.322,5,0,No
47,139550,507,17,74362,0.39,4,3,No
45,72369,475,21,10561,0.494,4,3,No
24,142496,724,25,84483,0.324,1,2,No
41,72331,309,2,24483,0.642,1,3,No
38,53911,588,25,17532,0.571,1,2,No
59,148976,315,28,99219,0.178,2,2,No
35,31521,627,8,31984,0.452,3,4,No
58,64123,844,27,94157,0.335,4,0,Yes
44,56514,846,5,39400,0.267,2,2,No
28,62539,482,25,14783,0.261,5,3,No
48,60464,401,25,72976,0.148,0,1,No
41,70226,631,17,53701,0.325,3,4,No
36,96332,378,29,27630,0.407,2,2,No
36,58576,316,0,74969,0.529,3,0,No
55,28293,669,30,79719,0.223,0,4,No
37,132801,320,17,63145,0.514,4,2,No
29,159531,704,25,49967,0.382,0,1,Yes
55,43803,316,21,45922,0.205,2,4,No
49,94760,731,1,37100,0.522,0,0,No
59,32571,719,22,8428,0.412,5,1,No
38,50772,327,22,98301,0.623,5,3,No
32,78719,324,16,8179,0.223,1,1,No
39,39171,500,11,98452,0.634,2,3,No
42,138627,602,29,21771,0.383,5,0,No
35,143212,578,21,42896,0.323,1,2,No
21,130055,374,20,50767,0.575,2,1,No
22,100253,364,23,86645,0.145,0,0,No
28,96773,554,23,19213,0.327,4,1,No
42,165308,571,24,60237,0.125,1,2,Yes
45,199185,824,1,25527,0.418,5,4,No
22,71927,635,26,8408,0.075,0,1,Yes
29,194159,507,0,67884,0.638,1,2,No
29,174323,334,9,11604,0.055,2,2,No
33,124679,413,21,50717,0.609,2,4,No
26,155328,331,1,52281,0.437,4,1,No
50,131434,455,4,51866,0.544,3,1,No
35,112321,803,16,13987,0.265,0,2,Yes
35,130296,652,0,92926,0.196,5,1,No
27,38850,602,13,39420,0.154,5,4,No
31,110236,417,20,35143,0.369,3,1,No
60,108518,334,5,90246,0.21,2,1,No
58,29949,619,10,70898,0.578,1,3,No
60,55581,517,6,16160,0.068,5,2,No
22,97108,567,26,31731,0.101,3,2,No
59,182625,343,19,82127,0.179,5,3,No
30,185805,473,19,67905,0.099,5,1,No
64,74790,497,20,47911,0.547,5,1,No
37,156717,601,21,57654,0.052,4,4,No
27,48052,398,23,74368,0.441,1,0,No
60,102997,704,8,17826,0.323,0,0,Yes
59,182646,603,22,86188,0.514,2,2,No
24,107009,446,25,82805,0.296,2,3,No
55,105957,687,2,62385,0.437,5,4,No
56,84710,843,5,40176,0.434,1,1,No
51,123854,645,8,74281,0.268,1,3,No
45,147939,455,5,81174,0.119,1,4,No
61,30224,741,27,69572,0.31,0,1,Yes
33,63349,501,26,90914,0.575,4,1,No
38,86566,441,9,65562,0.528,0,0,No
41,34435,403,23,42475,0.273,3,1,No
21,94015,514,29,40404,0.57,3,2,No
56,83984,608,7,14660,0.313,5,4,No
28,129395,407,19,77172,0.168,3,2,No
41,60401,759,15,45424,0.568,2,3,No
63,156961,836,6,43292,0.346,3,3,Yes
41,164837,528,22,61847,0.31,4,1,No
47,81398,507,22,64312,0.191,4,4,No
39,170269,820,23,14116,0.509,0,1,Yes
43,61928,704,30,89562,0.38,5,2,No
63,192891,480,17,5090,0.174,2,0,Yes
55,76382,455,27,10359,0.206,5,2,No
60,79337,686,17,33334,0.279,4,4,No
62,139531,401,14,68616,0.371,2,2,No
25,104068,415,21,42466,0.533,2,1,No
61,27283,770,26,16519,0.174,4,0,No
28,193824,303,5,14518,0.493,4,4,No
31,89446,497,4,89667,0.6,4,2,No
36,122259,503,17,27099,0.287,4,4,No
59,64605,695,7,45191,0.269,5,0,No
44,71500,677,2,45473,0.337,5,1,No
41,164787,773,15,70699,0.54,1,3,No
43,126881,690,16,8293,0.106,3,0,Yes
58,105275,735,16,17724,0.282,1,1,No
28,178942,362,11,47322,0.068,5,0,No
27,188413,474,22,73604,0.361,0,3,No
22,185543,335,6,44997,0.616,1,3,No
50,167662,313,21,27465,0.146,0,4,No
33,43645,464,21,70673,0.203,1,1,No
43,157095,480,20,49985,0.469,0,0,No
49,49897,711,27,95218,0.464,5,3,No
58,40437,492,5,88638,0.408,3,1,No
57,68791,602,29,31666,0.195,3,3,No
40,187647,545,1,39453,0.09,3,4,No
53,73198,707,4,33458,0.183,4,2,No
49,130539,313,1,53903,0.433,2,1,No
35,86619,730,29,32517,0.228,0,3,Yes
43,166691,378,2,85898,0.555,0,0,No
62,45141,300,4,54832,0.42,5,4,No
23,153680,765,30,49455,0.08,4,4,Yes
57,91820,810,16,19265,0.103,3,0,Yes
49,53094,794,30,7353,0.218,5,2,Yes
65,170538,414,26,19293,0.394,5,4,No
28,194193,573,30,65865,0.612,0,4,No
42,67137,746,18,36893,0.112,3,1,Yes
49,131825,605,9,12528,0.548,3,0,Yes
22,133385,623,11,36438,0.394,1,4,No
61,41365,697,21,6671,0.268,3,0,No
65,112930,690,17,40410,0.436,0,2,No
21,40971,611,18,89807,0.521,5,1,No
64,154076,313,12,97272,0.265,3,4,No
40,133363,469,24,75670,0.602,3,3,No
41,199547,408,7,39152,0.381,2,2,No
57,56359,342,2,92814,0.144,3,3,No
28,58180,657,22,8392,0.378,5,2,No
47,186284,774,11,28474,0.509,4,0,Yes
55,76567,374,29,62241,0.402,3,0,No
26,187428,606,30,71907,0.4,3,0,No
65,178027,804,3,42017,0.067,5,3,Yes
64,51140,379,29,31116,0.328,2,1,No
39,64325,793,13,82364,0.269,4,4,No
38,101003,558,6,99675,0.076,4,1,No
21,105662,803,20,6251,0.459,1,3,Yes
45,93418,627,27,14188,0.16,5,4,No
47,168877,410,12,15317,0.26,3,0,No
27,29400,813,11,50850,0.397,1,4,No
64,66614,840,14,88976,0.314,5,2,No
62,107100,546,1,59474,0.471,0,0,No
49,176581,520,21,83133,0.557,0,1,No
51,91300,614,0,14860,0.152,2,3,No
64,176591,694,5,91218,0.217,1,2,No
63,101094,779,0,23946,0.161,0,2,Yes
56,172247,323,18,76001,0.35,2,4,No
39,85642,540,26,18197,0.098,0,4,No
26,152867,651,9,74384,0.495,1,2,No
45,183019,652,30,26495,0.127,1,4,Yes
51,170286,649,22,59994,0.618,5,3,No
29,153042,393,13,45656,0.554,2,1,No
40,97335,626,1,80184,0.632,1,2,No
30,166046,352,8,71925,0.074,3,3,No
57,185428,669,2,60767,0.173,1,4,Yes
47,174912,393,18,47486,0.627,5,3,No
33,128985,744,13,72964,0.641,3,2,No
61,75498,589,15,42766,0.218,4,2,No
22,84571,657,6,68266,0.409,2,2,No
41,31997,360,0,28228,0.174,2,3,No
53,61900,778,4,50801,0.587,5,1,No
44,27453,551,25,48684,0.132,5,4,No
64,25538,480,2,20348,0.463,0,2,No
62,101151,447,16,39268,0.224,5,2,No
54,55593,345,22,85391,0.274,4,4,No
29,158375,417,25,23648,0.379,0,3,No
22,83384,392,13,47052,0.306,0,1,No
50,75543,842,15,68872,0.364,2,0,Yes
42,109092,512,6,20460,0.458,3,4,No
31,191099,453,8,97057,0.228,5,1,No
63,187540,778,29,26074,0.493,5,2,Yes
37,99227,746,6,22457,0.3,0,2,No
56,88175,577,14,86586,0.063,1,4,No
33,114268,612,28,25457,0.558,4,4,No
27,48940,740,29,7936,0.219,2,2,No
36,61481,453,19,67913,0.566,2,4,No
53,94240,454,2,95558,0.497,3,1,No
65,58978,836,21,20912,0.294,4,0,No
21,170283,700,15,87251,0.44,4,0,No
31,73866,613,21,64627,0.645,4,2,No
26,61513,322,17,35754,0.235,2,0,No
40,100714,605,6,13116,0.32,1,0,No
55,171888,699,30,78292,0.139,2,2,Yes
64,57441,651,16,95048,0.573,2,3,Yes
57,171692,510,24,15016,0.382,2,4,No
61,47844,395,17,39484,0.111,1,2,No
46,77200,732,2,44939,0.409,2,0,No
32,144607,659,21,20479,0.331,2,3,No
50,187661,348,10,20105,0.234,4,4,No
48,70986,520,22,55695,0.061,4,4,No
47,96646,305,13,66007,0.18,5,1,No
62,119476,354,16,63952,0.174,3,4,No
39,59585,314,18,34562,0.479,0,2,No
25,97149,822,21,25711,0.206,1,2,Yes
25,62087,682,19,42244,0.637,3,3,No
61,163303,466,4,56408,0.16,2,1,No
47,167286,675,28,90066,0.586,2,1,No
48,93413,373,27,42802,0.269,5,0,No
46,122743,484,2,48190,0.65,0,1,No
47,157219,387,15,87702,0.532,4,0,No
62,74389,655,29,92366,0.412,1,1,Yes
41,141810,364,23,77764,0.548,3,2,No
21,163681,572,0,14026,0.588,4,0,No
48,144283,490,10,80869,0.649,3,2,No
35,34737,337,9,18231,0.152,5,1,No
37,61751,673,6,35652,0.401,0,2,No
46,135859,679,15,43415,0.282,5,0,No
40,65902,336,1,99861,0.281,3,2,No
45,30606,551,7,85469,0.429,3,4,No
33,75775,434,14,35611,0.352,4,1,No
53,151001,310,15,44689,0.536,2,2,No
45,146914,501,2,91812,0.247,5,4,No
28,135397,633,19,83467,0.368,2,2,No
25,157167,718,1,51558,0.629,3,2,No
26,90262,537,14,75861,0.104,3,2,No
43,107915,719,13,12556,0.211,5,0,No
50,47065,753,20,69549,0.111,0,2,No
34,73844,607,8,15819,0.088,5,1,No
43,193501,469,3,42066,0.06,1,3,No
31,109703,448,22,9469,0.269,3,2,No
51,148035,800,7,23904,0.559,3,2,No
26,166159,812,9,72083,0.195,2,4,Yes
31,30682,751,16,74450,0.245,1,1,No
33,149656,821,5,31591,0.564,0,4,No
32,63729,739,4,71378,0.14,3,0,No
22,111688,446,9,79822,0.192,2,0,No
55,145448,597,25,70399,0.477,4,1,No
56,128508,669,16,25289,0.495,5,3,No
37,98088,532,15,86216,0.265,4,3,No
48,150300,423,24,51680,0.056,1,3,No
48,82398,710,26,34512,0.279,0,4,Yes
42,41468,547,25,37813,0.479,5,4,No
58,97620,761,22,83172,0.479,5,0,No
27,68848,681,28,66705,0.302,2,3,No
35,175235,397,16,59874,0.259,4,4,No
52,96591,405,27,76698,0.471,4,1,No
31,93205,749,17,57050,0.619,3,2,No
44,102564,412,19,98812,0.526,0,4,No
23,91544,779,25,69787,0.188,4,2,No
50,76516,768,8,52516,0.628,0,4,No
26,40523,665,10,12796,0.416,4,4,No
22,146456,638,1,92317,0.117,4,3,No
34,27199,475,13,41535,0.252,4,2,No
61,192279,595,14,48477,0.484,1,1,No
38,95231,393,0,21860,0.572,0,1,No
64,26006,654,0,82735,0.368,1,1,No
51,32114,367,8,34401,0.133,2,1,No
33,134548,448,11,59190,0.124,2,1,No
46,108063,304,16,60924,0.246,3,0,No
64,170099,545,14,37446,0.073,3,3,No
32,124528,743,3,24285,0.301,1,1,No
38,127799,483,4,34605,0.516,3,4,No
29,102977,586,13,32272,0.327,0,2,No
41,186261,511,5,78315,0.548,1,2,No
60,25181,836,5,10809,0.444,1,3,No
63,168884,516,18,10615,0.166,1,1,No
44,47716,784,22,24295,0.179,4,0,No
54,151995,634,29,33797,0.26,1,0,No
28,65218,471,23,92265,0.373,3,1,No
64,51633,818,0,16068,0.457,4,3,Yes
53,35939,606,28,9633,0.154,2,2,No
43,35072,452,8,46077,0.142,4,1,No
33,120534,786,28,49495,0.057,4,2,Yes
34,182847,710,21,12397,0.118,5,2,Yes
34,109751,720,0,23672,0.501,3,3,No
36,56619,610,26,30068,0.083,3,3,No
58,154729,786,24,98347,0.413,2,3,No
59,132696,799,3,41730,0.411,1,4,Yes
46,185624,391,24,64607,0.646,3,2,No
46,87017,792,15,32611,0.457,1,4,Yes
21,180957,371,25,72526,0.47,3,1,No
52,149412,376,27,53217,0.104,3,4,No
35,71075,345,4,22728,0.576,4,0,No
41,160722,814,15,94704,0.242,4,2,No
38,173705,633,21,15092,0.238,4,2,No
50,126287,514,13,23024,0.329,5,4,No
33,62343,376,8,42713,0.475,5,2,No
44,179903,788,13,53119,0.227,5,1,No
50,192949,530,15,58973,0.517,3,3,No
22,70197,349,30,54710,0.197,1,4,No
39,26782,406,29,95226,0.124,3,2,No
64,198239,731,5,51940,0.468,5,3,No
45,29412,797,16,45724,0.603,3,0,No
34,84687,306,0,60273,0.596,4,0,No
26,138043,591,17,74000,0.088,1,4,No
32,72855,641,10,43876,0.285,3,3,No
40,121169,579,10,25171,0.222,1,0,No
43,83190,835,27,78991,0.323,3,4,No
50,166688,611,11,54481,0.08,0,4,No
50,62448,790,1,82281,0.296,5,0,No
58,148678,376,15,27702,0.627,2,2,No
50,189310,423,21,43099,0.39,3,1,No
61,37101,583,9,69425,0.18,1,2,No
50,128131,781,25,83188,0.536,5,1,No
56,128371,523,20,32192,0.288,4,3,No
54,100822,377,13,62071,0.088,2,0,No
36,155965,368,29,62214,0.261,2,4,No
44,75465,398,6,93487,0.538,0,2,No
34,36070,367,7,34426,0.183,0,3,No
46,184163,377,25,21033,0.246,3,2,No
28,148927,445,9,27915,0.213,2,4,No
34,83431,374,9,48697,0.589,1,4,No
51,196774,813,9,36993,0.227,4,4,No
22,71739,386,13,70919,0.194,2,3,No
24,71707,347,18,82481,0.606,5,3,No
21,46742,341,8,26605,0.65,4,3,No
40,58050,433,16,35144,0.406,5,0,No
34,65377,318,18,8889,0.611,3,0,No
60,27733,419,1,53761,0.511,0,0,No
45,109277,634,14,91871,0.163,0,1,No
45,167199,830,5,93105,0.46,4,0,No
23,168082,369,28,60387,0.524,5,2,No
25,192078,733,28,88788,0.496,1,2,No
58,184725,488,27,82961,0.368,1,4,Yes
46,49373,702,15,28321,0.359,5,0,No
60,163282,686,16,33541,0.543,3,0,Yes
58,91323,432,23,94473,0.463,3,4,No
58,139003,521,27,77928,0.526,1,1,No
24,180690,366,9,90338,0.174,5,2,No
27,40060,530,11,81485,0.63,3,0,No
50,70256,449,25,26180,0.49,4,3,No
50,178240,408,11,73025,0.303,4,4,No
39,78473,728,18,69762,0.41,5,2,No
59,184553,794,5,20615,0.434,5,2,Yes
55,111648,380,1,62824,0.531,2,1,No
60,96176,839,20,91862,0.47,0,4,No
53,28410,787,17,47157,0.557,1,2,No
53,190198,307,6,45777,0.287,5,0,No
34,116316,774,30,94948,0.303,4,2,No
58,135100,553,4,63950,0.163,2,2,Yes
30,101721,792,23,65721,0.359,5,3,No
48,106167,504,21,14763,0.291,1,2,No
34,199273,466,28,81467,0.449,5,3,No
56,172993,626,7,93661,0.412,2,4,No
58,119123,524,11,9574,0.564,1,3,No
36,78020,729,24,68757,0.151,3,2,Yes
41,62344,778,22,80457,0.599,0,2,No
48,155145,408,0,96824,0.182,5,3,No
53,176981,716,24,31194,0.482,1,1,Yes
26,176039,672,14,71714,0.349,4,2,No
61,163970,577,12,75085,0.472,3,3,No
35,197976,710,24,5001,0.372,5,1,No
64,154934,490,9,75134,0.441,2,4,No
23,104752,320,17,48054,0.501,1,2,No
63,156020,549,29,91665,0.166,3,4,Yes
55,182471,674,17,22596,0.255,5,3,No
34,53474,583,6,30895,0.57,1,3,No
22,151367,819,14,92044,0.552,3,3,No
49,78459,741,29,62566,0.459,2,1,No
24,137298,744,4,45024,0.233,1,2,Yes
46,44309,716,4,87629,0.174,4,1,No
32,198027,830,0,35027,0.079,2,4,Yes
22,130018,841,5,91466,0.61,3,1,No
37,114117,761,15,76921,0.432,4,2,No
55,188082,441,7,41288,0.298,1,4,No
30,170359,415,3,88022,0.464,4,1,No
42,47390,406,12,76143,0.325,2,3,No
61,33541,845,18,35284,0.26,1,1,No
63,173993,477,9,9517,0.351,1,1,No
41,68937,331,25,30229,0.492,5,3,No
35,65149,597,16,38682,0.553,4,2,No
55,104030,460,19,73596,0.11,1,3,No
41,64796,711,17,43828,0.089,2,3,No
41,199268,722,4,8587,0.254,4,2,Yes
41,155174,393,11,10144,0.073,0,0,No
64,162113,842,25,23658,0.347,5,1,Yes
52,110521,451,0,7293,0.544,4,3,No
25,160246,761,24,55385,0.259,0,2,No
59,152521,655,24,85288,0.335,1,2,No
29,87933,835,20,90905,0.395,0,0,No
38,58691,517,0,43775,0.598,3,4,No
41,140306,653,2,71460,0.606,3,1,No
28,144088,700,6,38512,0.429,4,2,No
64,113262,399,20,16598,0.056,3,0,No
54,118374,720,10,40015,0.164,3,1,No
30,28303,605,24,61413,0.171,5,0,No
61,71653,549,19,38070,0.409,0,4,No
44,183249,728,20,46175,0.475,1,3,No
60,34890,575,14,24595,0.103,5,1,No
44,182878,614,2,82325,0.224,0,2,Yes
52,98136,614,7,60274,0.354,5,3,No
53,52230,389,28,16058,0.513,4,2,No
58,41466,694,2,91198,0.257,4,3,No
64,172548,738,21,23587,0.348,1,0,Yes
54,52732,550,22,80148,0.348,2,2,No
31,163447,535,12,21557,0.606,5,4,No
51,32837,376,1,12084,0.557,5,3,No
38,48108,399,22,14296,0.565,2,0,No
43,42851,760,30,86949,0.15,3,1,No
42,51600,697,2,46391,0.59,5,4,No
63,40188,544,18,12568,0.286,0,0,No
38,69777,680,14,63335,0.377,5,1,No
60,161561,351,20,30387,0.419,1,3,Yes
61,109618,461,14,31194,0.308,3,1,No
59,164767,490,19,32720,0.256,4,1,No
40,25230,421,25,39986,0.199,4,0,No
33,188175,710,6,81761,0.358,1,1,No
65,182422,593,2,31752,0.553,2,4,No
21,176426,545,24,57016,0.509,4,2,No
24,36355,483,16,17050,0.356,3,0,No
44,186310,748,29,21492,0.256,4,3,Yes
56,173216,645,28,27646,0.058,2,1,No
56,95779,467,27,85107,0.175,5,4,No
65,110872,704,1,25507,0.162,1,2,No
22,75094,715,15,24870,0.403,3,1,No
48,142383,823,10,50371,0.602,2,2,Yes
46,35594,335,8,49650,0.24,1,2,No
43,146562,315,10,35260,0.526,4,1,No
35,173064,505,23,23954,0.248,5,1,No
56,124185,793,22,23315,0.628,4,2,Yes
47,85436,722,24,70750,0.167,5,2,Yes
26,185965,504,4,49601,0.294,5,1,No
55,150039,456,12,88573,0.14,5,4,No
59,114236,714,18,79814,0.186,5,3,Yes
58,68388,598,12,60309,0.114,3,1,No
55,169114,318,1,5991,0.116,4,1,No
56,52577,798,21,89418,0.427,5,3,No
30,169566,437,28,59143,0.52,5,1,No
50,111811,342,1,89486,0.099,2,0,No
61,64248,603,7,83242,0.183,5,3,No
58,114425,595,4,37694,0.243,1,4,No
49,190834,589,10,32035,0.612,0,1,No
63,106709,665,1,37080,0.409,0,1,No
59,141011,668,5,17085,0.114,5,4,Yes
24,157083,428,21,53525,0.272,1,4,No
25,61836,574,29,72382,0.479,1,4,No
24,86557,556,23,68580,0.637,3,0,No
56,126751,675,11,60185,0.493,0,0,No
65,49281,387,5,10145,0.159,2,1,No
36,121574,515,15,36790,0.542,2,3,No
45,172020,658,18,63072,0.052,4,3,No
34,179711,780,23,55087,0.339,0,2,Yes
31,166308,583,17,56626,0.257,3,2,No
49,180531,406,8,33096,0.618,0,1,No
54,89589,782,21,62090,0.078,0,4,Yes
42,181872,323,16,19610,0.203,4,2,No
34,55271,531,19,95459,0.206,3,2,No
44,128427,343,16,22279,0.304,5,0,No
59,120157,685,2,13562,0.604,3,4,No
46,160250,780,29,9077,0.442,0,1,Yes
63,122984,377,14,52954,0.123,5,4,No
56,169348,617,9,65203,0.545,4,1,No
59,170900,442,21,89402,0.428,0,1,No
36,31149,815,30,70567,0.06,1,0,Yes
58,117864,511,18,5810,0.601,3,2,No
52,185090,812,4,87437,0.078,2,1,No
26,78781,624,23,43045,0.416,0,1,No
54,187448,825,23,85457,0.411,0,1,Yes
28,160618,521,12,34341,0.415,3,1,No
50,85560,785,24,53876,0.559,2,4,No
47,171433,754,27,14939,0.124,5,4,Yes
27,93895,407,30,12553,0.371,5,0,No
47,79165,786,3,32137,0.394,1,3,No
45,102670,669,13,73617,0.289,1,2,No
61,65372,692,20,55236,0.367,2,1,No
35,135805,418,19,79240,0.351,1,3,No
45,192854,808,6,23721,0.505,5,3,No
42,156971,653,27,50806,0.138,1,3,No
38,121628,612,24,17020,0.068,4,1,No
32,123956,363,5,84218,0.609,3,2,No
43,147684,557,10,5915,0.238,1,2,No
65,157054,305,10,79975,0.525,2,1,No
59,123879,616,17,10687,0.242,4,0,No
45,99060,717,6,54168,0.052,0,0,No
30,94843,316,18,6493,0.179,3,3,No
50,148168,581,23,37900,0.113,4,1,No
30,199245,703,2,16072,0.544,1,0,No
54,133669,741,8,96153,0.152,1,4,No
33,135329,665,13,93132,0.646,5,2,No
49,196580,654,16,13253,0.418,2,4,No
58,63794,654,21,26830,0.244,5,4,No
61,45753,609,26,40213,0.353,0,0,No
65,138684,712,25,20238,0.627,5,2,No
29,176283,531,22,28645,0.432,2,4,No
33,52238,760,2,58648,0.502,1,2,No
57,109243,389,5,87316,0.346,0,4,No
34,71086,449,10,66923,0.37,5,2,No
57,52639,754,12,37651,0.64,1,1,No
29,143058,688,29,98841,0.413,2,0,No
28,194244,607,25,61470,0.375,5,1,No
59,194132,556,13,72096,0.574,3,2,No
60,133748,673,2,45747,0.32,2,0,Yes
23,78350,491,8,97440,0.334,4,0,No
60,101779,822,5,61931,0.476,3,3,Yes
53,77848,681,10,79644,0.146,3,1,Yes
52,136546,735,7,61943,0.128,3,4,No
27,133903,434,19,41845,0.421,2,0,No
39,110122,478,7,13988,0.16,3,4,No
54,41690,520,20,89477,0.311,0,1,No
34,140571,521,14,45839,0.533,4,3,No
39,162735,850,14,33789,0.236,2,0,Yes
46,31189,612,7,38473,0.495,2,3,No
37,176745,594,12,62523,0.247,2,3,No
48,159661,833,14,72990,0.074,5,2,Yes
39,126945,456,15,66825,0.105,5,3,No
47,196176,751,28,71773,0.31,0,4,Yes
39,106017,302,1,50908,0.241,1,3,No
53,152224,500,29,93171,0.331,0,2,No
27,112028,688,28,55811,0.364,1,1,No
49,158234,622,2,84280,0.616,3,0,No
63,105110,644,15,12632,0.333,5,1,No
25,179165,715,9,44079,0.564,0,2,No
50,120400,396,19,34884,0.56,3,4,No
63,30167,840,0,64166,0.582,3,0,No
28,68743,658,4,46048,0.373,2,4,No
62,44525,408,2,25504,0.222,5,1,No
32,145819,749,6,20313,0.522,3,0,No
62,177059,822,17,15335,0.244,3,4,Yes
33,107074,394,13,72705,0.587,3,0,No
46,94166,431,13,81473,0.113,0,1,No
38,164724,541,26,6596,0.457,4,4,No
62,141084,676,13,6351,0.339,5,0,No
40,115902,494,28,68470,0.414,3,0,No
36,136817,557,0,61687,0.117,4,4,No
57,182336,603,17,54285,0.633,3,1,No
23,156648,800,2,88478,0.479,4,2,No
47,97799,489,25,7005,0.221,0,0,No
35,28764,638,20,38730,0.584,2,4,No
54,84887,318,21,77108,0.322,1,4,No
65,181009,714,23,85299,0.162,4,4,Yes
42,189296,361,12,79180,0.308,4,2,No
60,60878,366,19,92167,0.242,3,3,No
43,143217,474,14,62052,0.475,3,4,No
24,193747,680,19,41928,0.063,1,2,No
61,115461,818,28,41576,0.578,5,3,No
43,39202,532,17,55877,0.309,4,2,No
29,177003,833,2,83868,0.118,3,4,No
44,94619,649,18,56802,0.511,2,0,No
41,172564,424,14,49423,0.643,3,4,No
61,91767,337,17,84509,0.592,3,2,No
36,123880,547,0,81720,0.149,3,4,No
45,166902,440,17,31632,0.18,0,1,No
46,73215,396,4,99117,0.643,4,2,No
65,51617,555,23,62180,0.172,4,2,Yes
29,104109,653,30,32394,0.231,2,4,No
35,80873,774,20,67293,0.424,5,2,No
59,182800,826,11,15051,0.225,2,2,Yes
53,139785,667,18,43876,0.279,2,2,No
21,152071,834,22,18288,0.495,3,4,No
25,67908,564,19,56660,0.406,3,4,No
29,65924,604,22,99935,0.536,2,4,No
64,51071,728,23,86535,0.515,4,4,No
26,43839,587,18,79881,0.53,1,3,No
48,175902,592,25,51466,0.157,5,0,No
65,198437,336,0,88598,0.204,5,4,No
46,128115,600,23,6751,0.16,4,2,Yes
48,98363,435,21,19471,0.124,3,2,No
60,142379,787,2,8687,0.56,5,1,No
35,140660,540,24,81292,0.052,2,4,No
26,183396,474,0,44623,0.427,0,0,No
47,51088,637,23,42037,0.574,2,3,No
58,131110,658,24,32686,0.15,5,0,No
24,93459,556,25,78069,0.609,3,1,No
31,128305,751,16,62147,0.624,5,0,No
41,130780,517,8,44037,0.398,5,4,No
50,87406,502,4,31567,0.45,1,1,Yes
38,121888,554,4,82328,0.162,2,2,No
55,63703,395,10,52866,0.64,4,4,No
23,90422,647,20,38919,0.494,5,4,No
32,45614,430,26,84766,0.36,3,1,No
47,172783,587,16,81262,0.351,0,3,No
50,119406,355,15,83577,0.421,3,4,No
41,173138,633,4,84308,0.162,2,4,No
58,57891,483,11,20288,0.408,5,3,No
41,156825,303,13,63539,0.092,0,0,No
58,65882,734,29,58582,0.413,4,1,No
60,190446,812,9,83427,0.395,2,3,No
35,64293,693,12,25655,0.265,3,0,No
38,159650,463,14,28773,0.104,4,3,No
49,111586,677,25,10646,0.38,5,4,No
58,146896,347,5,89645,0.312,5,0,No
41,175301,829,4,13700,0.237,1,0,Yes
37,93474,631,15,11478,0.307,1,4,No
61,139461,455,5,29293,0.087,1,2,No
38,198958,798,28,37166,0.101,5,2,Yes
57,169947,308,30,87610,0.137,4,1,No
58,146007,451,27,26795,0.382,1,2,No
32,87742,773,24,26523,0.22,5,3,No
31,125731,326,22,80627,0.191,0,4,No
40,115276,498,10,93588,0.428,4,3,No
29,104686,382,28,74163,0.408,0,0,No
21,165773,353,20,6580,0.253,2,1,No
23,48291,442,30,86198,0.612,1,3,No
41,49116,552,25,28060,0.289,3,2,No
43,30886,396,8,10998,0.164,0,4,No
29,38672,734,20,30133,0.583,1,2,No
39,39508,752,4,22154,0.471,1,4,No
65,119204,528,10,52829,0.499,2,2,No
39,134306,496,5,76260,0.559,0,2,No
43,194008,784,23,53471,0.528,5,1,No
47,28281,470,16,40160,0.559,3,3,No
47,153686,813,8,21817,0.187,0,4,Yes
59,128258,585,7,6171,0.419,5,2,No
56,120386,796,29,78184,0.455,3,2,Yes
32,141294,758,6,8221,0.226,5,2,No
47,168996,332,4,57604,0.647,0,0,No
54,155363,822,16,98215,0.534,4,0,No
53,184540,679,22,91388,0.599,1,2,Yes
48,184451,353,8,97914,0.141,5,0,No
51,116465,630,18,6049,0.073,2,3,No
52,127543,396,11,21683,0.067,5,1,No
40,82962,804,7,62607,0.57,4,3,No
60,172736,447,15,61636,0.378,5,2,No
55,38633,816,13,90770,0.235,0,3,No
51,69337,794,13,89711,0.533,5,3,No
51,29932,579,18,21911,0.436,4,2,No
58,41205,715,27,87792,0.421,2,3,No
42,110470,586,2,33611,0.529,3,2,No
65,76111,405,6,93778,0.332,4,4,No
61,74541,505,5,24209,0.147,5,3,No
29,95719,417,29,49282,0.601,5,1,No
29,110787,779,4,90562,0.569,0,0,Yes
35,176816,670,15,12644,0.199,0,3,No
33,158125,527,10,64944,0.247,1,0,No
42,156060,580,22,32140,0.542,4,1,No
36,128312,734,24,91018,0.633,3,3,No
52,164431,416,0,78167,0.515,0,0,No
22,137994,840,9,40688,0.081,1,3,Yes
46,146004,324,28,76239,0.295,4,3,No
34,136441,386,16,47267,0.516,2,1,No
58,59934,486,30,12063,0.33,4,0,No
54,65874,554,20,58825,0.456,1,0,No
28,89737,695,23,12429,0.072,0,0,Yes
56,168533,477,22,75418,0.177,2,2,No
41,134502,439,6,86981,0.505,5,3,No
63,46566,381,2,48045,0.166,0,3,No
48,70006,731,24,25951,0.633,3,4,No
64,118052,830,4,84142,0.27,1,1,Yes
26,83641,667,26,67167,0.167,4,1,No
40,125949,352,29,56638,0.167,3,2,No
51,137849,846,11,22786,0.155,3,0,Yes
53,71064,668,9,40969,0.258,2,3,No
64,75368,350,2,15850,0.399,2,0,No
27,122005,660,15,95246,0.58,5,0,No
28,167263,342,5,86565,0.61,3,2,No
29,124509,846,15,43182,0.41,5,1,No
22,97239,826,23,47903,0.43,0,2,No
37,107147,368,7,29973,0.363,1,0,No
65,59904,384,19,34711,0.252,3,0,No
57,179767,468,28,59559,0.37,4,2,No
62,135227,329,30,22843,0.149,1,3,No
64,163030,446,19,43726,0.244,5,2,No
37,107169,387,8,21216,0.17,1,1,No
58,158344,601,29,14302,0.554,4,4,No
55,112958,323,29,68745,0.148,2,1,No
59,28018,719,12,12112,0.498,4,1,No
50,108716,476,25,69489,0.09,2,4,No
26,175700,486,1,80167,0.446,2,4,No
24,25296,513,28,34397,0.509,1,4,No
57,39578,594,8,15257,0.11,2,1,No
55,169626,496,28,49457,0.513,1,2,No
29,46585,747,12,29188,0.402,0,1,Yes
26,59225,480,13,45126,0.462,4,2,No
33,159618,353,23,68597,0.484,4,2,No
42,71622,464,12,50142,0.148,2,2,No
48,130665,735,18,70288,0.529,2,3,Yes
50,183775,829,15,50274,0.519,0,0,Yes
56,150188,555,17,40809,0.438,5,0,No
22,159736,597,15,82448,0.353,0,3,No
56,116701,435,1,73752,0.56,5,3,No
28,187171,776,0,12940,0.578,1,3,No
65,107015,413,9,13589,0.251,5,4,No
62,78084,656,24,83545,0.37,3,0,Yes
29,198391,722,13,19999,0.32,5,1,No
21,146600,616,16,82256,0.305,0,2,No
33,31140,486,17,67110,0.547,0,3,No
35,144612,565,6,87402,0.448,4,0,No
52,47141,846,20,71238,0.334,4,3,No
54,46628,341,28,36897,0.523,0,1,No
63,137398,387,26,22919,0.616,0,1,No
51,183315,584,16,95896,0.295,4,2,No
34,88747,454,3,58507,0.131,0,2,No
34,108525,593,11,34830,0.602,0,4,No
49,90198,836,21,45578,0.624,3,3,Yes
39,150627,593,7,33584,0.295,5,2,Yes
47,69770,358,1,12902,0.439,0,4,No
29,164009,765,25,18204,0.104,2,2,No
57,70618,818,27,55235,0.078,2,0,Yes
57,129820,495,18,5845,0.107,3,2,No
63,78103,596,30,47539,0.515,0,0,No
48,31493,501,13,99938,0.325,3,4,No
44,123038,734,22,54609,0.443,0,4,No
48,50957,591,16,68853,0.383,0,2,No
56,160189,780,22,83012,0.166,0,0,Yes
38,124057,582,16,95260,0.539,2,4,No
45,37501,518,7,92537,0.179,2,0,No
55,157260,589,5,95671,0.159,1,4,No
24,188185,801,9,74130,0.421,3,1,Yes
34,81639,808,29,34832,0.572,5,3,No
59,91332,689,6,24150,0.57,4,4,No
46,95681,358,1,75322,0.313,3,3,No
28,127475,356,14,51529,0.461,3,4,No
44,92050,336,21,15188,0.545,2,3,No
36,40451,766,4,96633,0.18,0,1,No
40,128240,425,2,24233,0.287,5,2,No
35,77086,762,8,64597,0.43,3,2,No
27,73393,636,4,43553,0.554,3,4,No
37,149463,484,23,56516,0.252,3,2,No
42,101969,351,19,17992,0.423,1,4,No
42,26369,643,28,70628,0.085,2,4,No
32,39068,713,5,5523,0.61,2,2,No
38,149131,615,3,6339,0.588,1,0,No
35,197730,445,3,87738,0.603,1,2,No
57,33116,675,24,69307,0.631,1,4,No
36,199759,504,20,36798,0.557,5,3,No
25,68453,757,16,49642,0.177,1,4,No
22,187309,530,14,50894,0.399,5,3,No
48,161436,567,26,12982,0.158,2,3,Yes
61,102622,657,6,32608,0.062,1,0,No
47,101925,788,18,64487,0.136,2,2,No
51,172927,339,10,67363,0.555,0,2,No
61,117920,491,2,6019,0.496,3,1,No
56,157183,574,27,39777,0.506,4,3,No
63,83251,655,14,32704,0.294,2,3,No
21,167480,454,21,69713,0.066,2,0,No
49,180074,818,18,50280,0.241,5,0,No
21,108274,490,16,52688,0.323,4,2,No
28,131181,376,5,14634,0.265,0,2,No
36,102674,354,22,69197,0.351,0,3,No
48,101963,780,30,94745,0.417,3,1,No
42,92925,438,4,60493,0.121,1,0,No
38,40360,700,12,9035,0.595,3,4,No
42,127379,529,16,40552,0.386,5,0,No
61,155167,621,1,97464,0.564,4,4,No
32,172919,366,17,39819,0.335,5,4,No
39,151818,397,9,72611,0.489,5,2,No
45,72565,413,23,23495,0.587,1,4,No
25,42456,715,7,47123,0.411,1,1,No
54,95982,312,7,47153,0.295,5,2,No
59,124242,521,17,10363,0.395,4,2,No
30,105239,722,11,12589,0.15,2,4,No
27,64959,320,27,73881,0.471,3,3,No
57,40058,795,20,27207,0.072,4,1,No
35,77672,514,4,27309,0.321,4,2,No
62,103391,443,3,9191,0.378,3,4,No
44,81849,789,23,90853,0.292,4,3,No
46,179560,639,23,70439,0.34,2,0,Yes
46,123563,411,27,89565,0.155,3,3,No
46,92192,681,12,22969,0.097,4,0,No
30,119391,377,24,80460,0.316,1,2,No
37,134615,385,3,11122,0.61,3,3,No
34,129594,660,0,35408,0.158,4,1,No
22,98509,783,10,97034,0.22,2,4,No
33,173047,773,8,32574,0.577,1,4,No
47,145555,375,16,24218,0.21,2,0,No
29,67392,330,19,61043,0.281,4,4,No
27,38305,659,10,66457,0.111,1,2,No
30,101215,623,9,22053,0.078,3,2,No
29,178033,467,16,47990,0.446,1,1,No
42,25228,582,2,18363,0.139,5,0,No
43,106179,519,18,50559,0.385,5,1,No
27,132864,571,22,98668,0.308,2,0,No
29,108544,666,27,38607,0.107,5,3,No
47,179546,412,2,34685,0.307,0,1,No
44,28979,824,5,93988,0.199,4,1,No
49,71343,663,25,92019,0.565,5,3,No
37,25739,587,19,88964,0.208,0,1,No
40,175630,354,5,63000,0.469,4,3,No
27,62817,542,24,52762,0.461,0,2,No
63,146124,452,27,95295,0.166,1,1,No
60,63154,468,6,73621,0.383,1,3,No
27,188344,408,0,10903,0.555,3,3,No
48,62339,637,7,96838,0.11,1,1,No
39,138591,335,15,48598,0.416,5,1,No
40,162666,639,19,83179,0.152,1,4,No
64,38185,430,23,74137,0.194,5,0,No
59,149914,358,14,31599,0.439,0,4,No
60,168644,790,18,41574,0.433,4,0,No
27,130784,459,9,45487,0.449,1,0,No
26,173641,628,11,82836,0.376,1,3,No
45,94753,667,29,30928,0.52,2,4,No
61,173591,643,4,32455,0.439,0,1,No
33,56953,611,2,77624,0.178,1,1,No
59,44804,513,27,53757,0.111,5,4,No
60,101286,457,26,22893,0.056,5,2,No
42,42275,463,12,6862,0.054,5,0,No
37,87068,581,29,70687,0.114,1,3,No
42,88344,349,18,39275,0.311,3,2,No
54,103284,429,2,11426,0.054,2,3,No
28,147750,661,19,45234,0.28,4,2,No
65,57601,562,2,73233,0.516,0,3,No
38,183647,454,15,54918,0.127,4,4,No
44,77705,635,29,72955,0.523,1,1,No
62,80221,604,11,27460,0.164,3,1,No
22,188441,345,17,58013,0.187,2,3,No
22,69617,547,28,19828,0.196,0,0,No
47,83315,512,29,78013,0.244,2,2,No
34,153240,709,21,63757,0.351,2,3,Yes
59,40317,808,16,24761,0.458,2,2,No
32,81109,301,20,65378,0.516,4,2,No
52,184390,619,26,30387,0.063,2,3,No
48,66239,552,21,33934,0.137,5,0,No
48,43082,771,27,6525,0.499,1,0,Yes
45,87520,388,16,72106,0.513,5,1,No
24,167151,314,16,32466,0.617,1,0,No
46,27884,464,6,81863,0.225,5,0,No
56,192419,726,13,30341,0.185,1,0,Yes
23,92787,774,10,25509,0.394,5,1,No
21,174812,718,15,89409,0.097,3,4,No
37,139297,709,21,79297,0.485,3,3,No
27,37815,768,24,59676,0.337,2,3,No
25,90177,736,3,78581,0.476,5,4,No
39,198963,504,18,6930,0.145,0,3,Yes
59,77566,329,21,55245,0.329,3,0,No
54,66968,821,7,96858,0.257,4,0,No
55,185985,584,4,34998,0.333,1,3,No
36,103440,691,2,52256,0.385,2,3,No
60,79860,736,2,79527,0.461,4,0,No
59,155134,438,16,95010,0.57,4,4,No
47,43462,713,5,28725,0.19,0,4,No
61,191554,847,9,76180,0.306,5,4,Yes
58,157410,829,22,96568,0.118,5,3,No
45,168854,436,8,17249,0.251,1,2,No
46,110609,689,5,9466,0.278,1,3,No
34,31614,497,23,35114,0.315,3,3,No
34,156813,705,21,6512,0.606,3,1,Yes
34,186282,756,1,90501,0.596,4,1,No
45,91269,753,2,50506,0.091,4,0,Yes
56,38944,386,10,72545,0.298,4,4,No
24,26806,508,14,35195,0.242,1,3,Yes
35,169357,523,13,82615,0.267,4,4,No
52,133874,552,12,74326,0.5,5,0,No
38,101993,459,16,7405,0.168,1,1,No
34,65126,528,20,84769,0.504,3,0,No
21,105123,494,27,87880,0.6,0,2,No
62,161929,676,10,14165,0.466,3,2,No
40,58792,443,5,17642,0.297,1,4,No
30,132978,429,21,87933,0.088,1,4,No
30,112684,750,28,66320,0.112,3,2,Yes
44,79361,340,27,96610,0.479,3,2,No
54,61322,313,1,18032,0.118,1,4,No
48,167980,732,0,25639,0.299,2,2,Yes
47,89627,732,22,44492,0.573,3,0,No
60,177274,838,3,56768,0.372,4,4,No
21,117228,722,8,56295,0.252,5,4,No
53,95102,628,10,61990,0.189,3,2,Yes
24,84883,821,23,95821,0.374,0,2,No
27,121555,384,5,56252,0.254,1,1,No
29,155191,301,15,81966,0.625,0,1,No
36,104558,506,9,95035,0.058,0,0,No
25,134461,711,2,21073,0.617,2,3,No
54,199792,420,23,81271,0.177,3,2,No
43,64662,756,27,89732,0.395,4,1,No
63,52030,841,9,58854,0.208,5,3,No
45,64850,308,11,43700,0.541,3,0,No
33,154603,611,30,19980,0.469,1,2,No
44,149825,503,0,59407,0.191,3,4,No
31,110288,799,26,98779,0.389,2,2,No
37,60397,444,24,21552,0.595,4,4,No
57,81094,700,9,95613,0.184,1,1,No
33,115640,782,28,59886,0.538,1,2,No
47,176688,399,24,19857,0.526,0,4,No
40,162733,502,9,44417,0.28,1,3,No
53,182119,507,23,49551,0.073,2,2,No
62,195115,566,25,18008,0.15,0,2,Yes
52,86378,805,3,31675,0.334,3,4,No
28,50943,549,8,45805,0.332,4,4,No
49,59487,738,26,39034,0.113,4,3,No
60,99769,686,8,18004,0.222,1,3,Yes
39,94023,761,11,6827,0.277,4,4,No
26,180631,795,25,64310,0.54,3,0,Yes
64,96380,436,10,32229,0.589,5,3,No
59,197591,472,20,85110,0.412,4,2,No
61,36416,301,5,66842,0.214,0,3,No
41,47859,418,26,83076,0.461,1,3,No
42,112789,797,29,91759,0.617,2,1,Yes
62,129766,419,6,42454,0.116,4,4,No
30,43184,676,8,90655,0.218,4,1,No
30,52846,448,10,66388,0.378,1,2,No
49,67771,518,22,44602,0.255,5,4,No
36,111995,482,16,82056,0.569,0,4,No
21,171570,815,10,56306,0.207,5,2,No
37,94798,497,24,77465,0.58,1,4,No
50,57914,673,21,26106,0.55,2,0,No
46,154962,742,17,30297,0.151,5,4,No
39,70500,325,25,97082,0.106,5,2,No
41,190957,757,8,45742,0.456,1,0,Yes
37,63215,412,16,30572,0.29,5,3,No
60,89320,528,20,71746,0.189,1,4,Yes
41,134159,659,24,99363,0.599,4,1,No
61,54924,684,27,27154,0.103,2,2,No
60,88113,740,15,82748,0.549,3,2,No
65,25318,397,13,61159,0.387,0,4,No
39,102859,603,0,24617,0.123,1,0,No
27,161821,320,1,42560,0.275,5,4,No
37,123558,474,10,62600,0.371,3,1,No
21,165600,578,6,6166,0.153,4,4,No
57,46441,507,9,73503,0.127,2,3,No
26,164598,683,11,75584,0.214,2,1,No
46,193233,604,10,60293,0.387,4,4,No
22,26044,654,1,21321,0.513,4,1,No
52,103301,330,24,73677,0.627,0,3,No
25,174247,424,13,91977,0.139,3,1,No
57,25961,730,8,91992,0.055,1,4,No
51,130820,590,26,40782,0.639,4,2,No
32,41973,758,29,81823,0.132,2,1,No
55,68393,333,28,69050,0.501,4,0,No
50,126293,826,11,57171,0.514,4,2,Yes
26,63433,640,9,5695,0.101,5,1,No
35,95077,636,23,43727,0.537,2,2,No
35,186750,469,1,70980,0.2,2,3,No
36,43344,445,11,6817,0.526,2,2,No
40,164918,849,25,74952,0.241,4,0,Yes
33,189918,619,2,88712,0.5,1,4,No
64,132851,328,12,98307,0.554,5,1,No
62,95565,673,18,98417,0.053,5,2,No
51,83802,670,23,73866,0.364,2,0,No
54,41272,309,12,54355,0.255,0,1,No
49,114306,715,23,47061,0.556,5,1,No
23,151162,414,21,53599,0.34,0,2,No
29,38104,383,15,34597,0.279,1,1,No
31,171927,355,22,72174,0.139,1,3,No
31,193596,599,0,12792,0.22,5,4,No
45,146063,521,7,95132,0.646,4,1,No
42,91455,532,12,54806,0.564,5,3,No
62,67706,477,6,28483,0.234,0,2,No
29,59526,373,20,65974,0.421,1,2,No
40,165435,587,20,9831,0.649,5,1,No
41,74511,645,1,47740,0.464,3,2,No
30,81738,352,12,84552,0.253,0,3,No
42,104791,731,11,75450,0.074,4,3,No
49,26440,764,16,7017,0.53,5,0,No
29,134415,417,30,5490,0.221,1,3,No
25,145360,517,8,74227,0.136,4,2,No
60,25555,841,9,40786,0.119,3,0,No
31,132729,581,2,31599,0.114,2,3,No
21,102648,597,27,94443,0.118,3,0,No
62,151919,597,26,73596,0.36,0,4,No
21,26535,338,20,51561,0.508,2,2,No
59,171003,616,10,88080,0.586,0,1,No
25,144773,602,23,29862,0.462,1,4,No
42,69262,479,11,6692,0.107,1,1,Yes
46,116021,460,6,56532,0.618,4,3,No
26,49587,454,22,31761,0.053,0,3,No
52,124283,456,9,18448,0.501,2,2,No
31,189112,683,9,36020,0.639,5,4,No
30,70543,583,28,85112,0.587,2,1,No
59,114177,750,27,88537,0.48,2,4,No
54,182645,661,25,90658,0.365,1,4,Yes
51,95680,776,28,5415,0.65,3,3,No
32,144321,443,26,46223,0.425,1,2,No
64,157760,399,19,41812,0.548,5,2,No
36,138624,556,9,7705,0.159,2,4,No
58,108515,637,3,90657,0.434,4,2,No
23,56803,687,9,14453,0.058,2,4,No
22,172226,431,21,52576,0.535,2,3,No
25,142930,703,9,11892,0.298,3,1,No
31,48998,618,3,84226,0.205,4,2,No
45,154944,766,6,74408,0.205,4,1,No
55,30786,415,30,21349,0.638,3,1,No
55,84059,356,17,58790,0.57,0,3,No
42,119450,676,22,20941,0.523,3,0,No
57,181849,575,2,83286,0.353,2,0,No
42,98984,797,23,16848,0.289,1,2,Yes
31,52139,804,14,34563,0.405,2,3,No
52,179653,465,4,90279,0.377,4,4,No
55,52993,451,29,55156,0.582,3,3,No
51,67048,511,8,47815,0.634,4,0,No
65,168995,579,19,35373,0.609,4,4,No
28,169156,625,11,15708,0.511,2,0,No
40,108096,401,20,67516,0.293,4,3,No
62,178639,682,15,31274,0.507,0,4,Yes
54,44481,673,10,85206,0.518,2,2,No
24,122552,580,16,47803,0.152,5,3,No
38,36422,779,2,43491,0.541,1,3,No
24,92260,764,14,40167,0.597,2,0,No
40,93164,752,3,57441,0.501,4,0,No
29,80296,572,8,71493,0.459,1,1,No
36,52875,756,7,74321,0.181,2,1,No
46,42734,813,17,49392,0.433,4,3,No
58,76700,638,21,21534,0.429,0,3,No
45,38786,820,3,20744,0.275,4,1,No
24,149258,422,26,52695,0.118,0,4,No
61,79395,403,4,58972,0.31,5,1,No
65,140665,382,25,35894,0.602,3,4,No
61,112463,408,8,37464,0.519,4,2,No
58,89763,419,15,9368,0.263,4,0,No
39,112773,751,3,65888,0.168,5,1,No
34,127076,527,15,68512,0.326,0,2,No
41,60301,566,28,77003,0.505,0,0,No
35,141582,795,4,18403,0.461,2,4,No
23,84724,516,6,32072,0.58,0,3,No
57,83976,585,10,33796,0.237,1,4,No
36,46735,670,6,23509,0.347,4,3,No
34,125344,473,5,99741,0.204,1,1,No
29,108485,573,28,12373,0.514,3,1,No
27,45509,780,18,73366,0.302,3,0,No
34,119934,358,16,28876,0.307,1,4,No
26,191679,718,27,59670,0.539,3,1,No
41,138362,705,24,9467,0.488,5,0,No
35,77540,669,30,15814,0.333,4,4,No
28,197016,514,5,46377,0.276,4,3,No
54,64308,606,18,97764,0.463,5,0,No
60,168484,364,16,15325,0.615,2,3,No
21,126047,698,11,94615,0.305,2,1,No
52,183222,711,11,29646,0.073,0,2,Yes
25,100605,551,12,43080,0.577,0,2,No
50,187904,597,5,8378,0.15,3,4,No
42,144319,447,18,69518,0.591,2,2,No
40,148480,527,0,48753,0.548,0,3,No
36,94128,496,12,29533,0.446,2,3,No
27,106453,542,4,74895,0.558,3,4,No
27,148485,470,0,68446,0.206,3,4,No
22,32238,762,2,82912,0.563,5,4,No
34,126051,557,2,19459,0.387,3,1,No
51,149937,771,14,65332,0.156,5,3,No
61,85930,450,14,68367,0.203,2,4,No
34,161722,729,30,53502,0.524,0,4,No
25,143913,681,21,20863,0.556,3,1,No
31,193336,716,3,78534,0.575,0,1,No
60,149124,599,7,60139,0.161,5,4,No
25,42807,536,2,68780,0.591,5,1,No
49,181784,452,7,58754,0.346,5,4,No
31,183937,590,28,52208,0.646,2,1,No
25,115811,718,11,28354,0.336,1,4,Yes
52,26145,726,22,52354,0.201,0,0,Yes
56,137233,751,17,58889,0.086,1,1,Yes
35,162314,489,27,96862,0.449,1,0,No
39,169904,458,12,76711,0.053,3,3,No
42,84328,331,29,83831,0.552,0,1,No
54,104821,621,7,34545,0.236,0,4,No
37,72852,359,16,45817,0.45,3,2,No
32,26992,478,8,62947,0.35,2,2,No
45,61890,504,6,73051,0.444,5,0,No
37,119326,700,21,13832,0.082,0,0,Yes
30,185466,414,23,87345,0.168,1,1,No
48,150027,367,29,66383,0.586,4,3,No
38,135594,522,24,45583,0.301,4,4,No
38,90353,721,14,18267,0.389,1,3,Yes
65,48880,686,28,84120,0.324,1,1,No
52,110520,609,23,7026,0.596,0,0,Yes
34,53975,509,21,84535,0.17,2,4,No
36,160082,668,15,88413,0.553,2,3,No
38,145003,837,19,33022,0.086,0,0,Yes
36,192160,627,24,83991,0.564,3,0,No
37,147237,387,7,95967,0.592,5,4,No
27,65596,406,23,38952,0.524,4,0,No
32,65653,536,15,10293,0.216,1,3,No
54,131172,611,18,85749,0.118,2,2,No
30,188227,503,15,52351,0.351,3,2,No
25,162421,836,25,34432,0.449,4,3,No
41,48347,326,24,40491,0.542,1,0,No
23,94388,654,30,41039,0.354,0,1,No
39,87241,833,13,45541,0.378,3,0,No
65,79142,503,22,40535,0.612,1,0,No
64,169232,610,15,85121,0.079,0,4,Yes
55,90923,564,0,12886,0.241,1,1,No
26,71891,353,17,49058,0.313,0,0,No
34,130341,673,26,20601,0.434,5,1,No
24,171830,722,17,90420,0.107,0,1,No
65,27003,519,0,74705,0.575,4,0,No
38,181679,776,16,16671,0.24,5,4,No
49,63513,819,19,83949,0.161,3,0,No
55,141228,662,6,30399,0.405,2,2,No
58,115561,752,5,45256,0.134,4,1,No
36,50672,552,12,84233,0.248,2,4,No
40,66819,512,27,27411,0.567,4,2,No
44,130408,443,6,65317,0.524,0,2,No
55,187675,310,27,67375,0.219,4,1,No
64,141707,830,23,19988,0.302,0,2,Yes
39,132376,747,7,34920,0.355,3,4,Yes
24,133777,351,11,57568,0.39,1,2,No
53,139917,504,27,36505,0.23,0,3,No
22,196550,655,27,94355,0.37,2,0,Yes
33,106714,638,15,80638,0.514,0,0,Yes
65,108752,632,2,27226,0.462,0,0,No
50,98778,498,6,55644,0.621,2,0,No
54,154682,738,5,39091,0.193,0,2,Yes
50,143366,449,28,33481,0.457,0,0,Yes
44,163568,349,12,19271,0.62,2,3,No
64,153037,639,13,67011,0.108,1,2,No
53,53357,830,12,54354,0.387,3,2,No
61,71252,445,26,40416,0.641,0,2,No
30,187284,349,7,97640,0.087,0,4,No
38,30887,698,18,8674,0.268,1,4,No
39,108398,675,13,18972,0.101,1,1,Yes
27,190928,322,26,63061,0.401,3,2,No
39,31040,375,24,41662,0.562,0,0,No
44,169512,582,4,42871,0.195,3,3,Yes
35,153053,305,17,13066,0.173,1,3,No
61,137725,579,3,96198,0.368,1,2,No
62,53371,692,22,91120,0.263,0,4,No
43,175796,745,0,60836,0.546,5,4,No
24,92879,369,0,21656,0.13,2,2,No
58,163260,773,27,53825,0.599,4,0,Yes
24,124542,633,8,63480,0.536,1,0,No
25,84580,783,18,82035,0.059,0,4,No
61,70216,475,0,93637,0.217,2,2,No
64,47044,530,14,29941,0.598,5,1,No
43,35620,386,12,42325,0.563,3,2,No
60,45723,688,22,50423,0.346,3,2,No
57,66142,481,28,39376,0.378,3,4,No
31,66503,721,6,59081,0.098,2,1,No
31,186315,752,13,57484,0.53,4,1,No
33,188932,500,29,36121,0.096,2,1,No
34,160326,323,1,20274,0.436,2,0,No
28,180582,801,12,45360,0.118,1,2,Yes
45,127837,635,7,72976,0.31,5,4,No
38,94937,768,27,14323,0.266,0,3,No
64,188194,448,30,73034,0.299,2,0,No
64,110209,440,11,90030,0.396,3,4,No
38,185725,546,12,47615,0.134,1,4,No
30,199408,370,2,63077,0.184,3,2,No
27,176894,691,30,32876,0.113,0,1,Yes
64,97403,547,28,64735,0.442,1,3,No
34,71944,404,18,72215,0.082,0,4,No
35,61002,351,29,21381,0.445,2,0,No
36,42517,557,11,53733,0.634,1,0,No
22,102366,784,20,92800,0.584,0,2,No
50,35589,705,29,47070,0.246,5,1,Yes
50,85117,303,1,11129,0.179,3,4,No
38,152340,666,19,8684,0.626,2,4,No
51,84264,306,17,78110,0.316,5,1,No
64,59830,300,15,19587,0.261,1,3,No
33,84544,638,27,70258,0.126,5,4,No
40,29627,649,8,83120,0.15,2,2,No
55,150894,354,21,25575,0.495,5,0,No
43,143159,569,16,92247,0.171,1,1,No
62,136446,571,24,81322,0.157,1,1,No
53,181526,729,23,17094,0.243,4,1,Yes
58,96634,676,17,68351,0.598,1,4,No
55,188301,686,18,82900,0.404,0,3,No
56,127111,686,6,93197,0.515,0,3,No
40,128040,468,3,55253,0.481,0,1,No
23,46341,456,7,80610,0.62,2,0,No
28,40375,723,0,29456,0.464,4,4,No
60,120642,576,9,8633,0.125,0,4,No
52,90627,447,3,29043,0.171,3,2,No
49,140145,390,16,29127,0.472,2,1,No
27,87515,413,6,42810,0.179,4,2,No
22,26884,301,24,91564,0.546,2,4,No
41,103968,800,0,75605,0.578,4,4,No
26,137586,470,15,80353,0.299,2,1,No
48,110041,740,23,75599,0.279,5,4,Yes
62,104738,524,30,48252,0.122,2,2,Yes
56,100767,446,9,33670,0.613,0,3,No
52,130946,747,10,48079,0.342,0,3,No
65,65720,729,5,63275,0.475,0,0,No
62,34595,622,21,87653,0.145,3,1,No
29,110623,390,23,85570,0.374,5,4,No
31,190821,313,30,61079,0.516,1,4,No
43,38918,447,0,7228,0.409,1,2,No
31,153660,770,8,28929,0.278,4,0,No
22,54984,708,10,94566,0.419,3,0,No
23,133288,683,5,87078,0.647,4,2,No
31,40813,687,18,56874,0.46,4,1,No
55,160538,356,12,29525,0.352,3,2,No
35,59999,813,16,74358,0.563,3,4,No
63,83115,644,13,55237,0.333,3,4,No
31,197236,386,30,87086,0.321,1,3,No
51,133715,704,19,44128,0.384,5,0,Yes
48,115333,544,20,53576,0.242,4,3,No
48,44699,351,3,67910,0.093,1,1,No
52,167553,508,26,28196,0.276,3,1,No
45,108518,442,6,8839,0.488,5,0,No
40,187406,845,14,85988,0.343,3,0,Yes
48,143950,403,21,68945,0.563,2,0,No
45,108462,343,28,26511,0.159,2,1,No
31,164405,632,9,63727,0.183,1,1,No
39,104996,546,4,15589,0.437,2,3,No
48,90625,829,12,74021,0.541,2,3,No
21,45790,764,14,13616,0.467,2,3,No
25,161562,600,2,56854,0.316,0,3,No
30,73055,837,24,76606,0.58,4,3,No
62,133759,667,18,37471,0.455,4,3,Yes
54,143394,505,2,45268,0.551,4,1,No
56,123163,656,18,32272,0.592,4,2,Yes
22,173665,630,11,64377,0.368,3,3,No
38,193818,579,13,65835,0.403,2,1,No
33,60992,741,7,49659,0.45,3,1,No
25,62624,800,17,39736,0.633,4,3,No
40,114713,733,3,25492,0.534,4,1,Yes
22,178695,499,28,81506,0.071,1,4,No
31,116471,850,30,24985,0.308,5,0,Yes
50,156220,499,23,62272,0.571,1,1,No
52,171335,666,10,38799,0.072,1,3,Yes
52,49449,638,30,19761,0.428,3,4,No
58,155670,719,29,45711,0.617,2,2,No
48,152690,576,16,6083,0.237,2,4,No
30,122138,353,18,60922,0.483,1,2,No
42,141405,463,3,46515,0.237,4,1,No
37,67314,685,5,87023,0.434,4,0,No
42,169610,375,1,68450,0.612,4,1,No
63,92899,721,6,55610,0.271,5,1,No
39,52508,529,27,39003,0.626,0,0,No
37,93643,605,18,49541,0.279,3,1,No
44,161700,416,13,10255,0.285,0,4,Yes
56,141189,539,15,52575,0.509,3,4,No
52,66409,805,7,71983,0.266,5,1,No
56,40180,832,17,16260,0.247,4,4,No
48,168449,356,8,68904,0.161,3,4,No
34,68548,328,3,20437,0.103,3,3,No
56,152151,733,13,15644,0.553,2,0,No
26,149323,517,23,79016,0.336,3,4,No
29,80003,845,19,33520,0.441,2,2,No
41,45319,765,21,6900,0.337,4,3,No
32,186757,843,23,42630,0.275,0,2,Yes
50,139637,803,20,95166,0.295,2,4,No
51,48214,687,21,15048,0.098,0,2,No
60,77861,841,17,24768,0.454,2,1,No
24,151122,650,19,40141,0.357,1,1,No
51,121649,624,4,58389,0.09,0,0,Yes
47,74655,840,0,78947,0.427,2,2,No
45,144739,695,22,61856,0.176,2,3,No
25,126401,378,5,72494,0.133,1,0,No
26,136892,782,19,56882,0.636,2,0,No
25,34657,608,3,79598,0.097,2,3,No
47,160592,718,18,81983,0.488,4,4,No
28,141585,534,27,38936,0.468,2,3,No
29,192556,735,16,18470,0.363,1,4,No
35,54577,736,5,87937,0.101,0,2,No
56,55558,445,4,10915,0.225,5,0,No
61,132146,465,5,81934,0.147,4,4,No
27,157282,465,30,97536,0.64,3,4,No
52,88807,694,25,7065,0.109,5,1,No
28,140056,552,0,38999,0.058,0,3,No
35,199376,708,17,83785,0.181,2,3,No
57,123235,745,30,71963,0.521,3,2,Yes
39,27843,346,14,58884,0.556,1,3,No
59,44834,394,15,79070,0.471,3,0,No
26,118263,788,22,99721,0.31,1,2,No
39,135850,562,8,9974,0.525,0,0,No
48,108064,732,21,28429,0.456,0,2,No
37,77278,542,21,99634,0.646,4,2,No
62,65428,632,4,91759,0.314,4,1,No
39,90553,407,10,93072,0.163,2,0,No
51,136924,620,4,57365,0.09,2,1,No
31,96535,773,5,43767,0.424,2,0,No
35,148825,571,1,75514,0.611,3,0,No
30,190127,772,9,55367,0.522,4,1,No
63,172723,766,21,25779,0.489,5,0,No
43,58202,703,3,74128,0.361,0,1,No
23,191337,523,13,73071,0.158,4,4,No
23,64208,411,2,6675,0.215,4,1,No
38,63805,754,12,91394,0.219,5,2,No
45,196646,587,22,19549,0.449,4,0,No
63,77360,752,29,81672,0.564,0,2,No
40,132214,640,14,36399,0.132,0,2,No
49,135168,457,15,68785,0.07,0,0,No
42,115852,485,4,80424,0.357,0,0,No
35,96231,328,9,94186,0.589,2,0,No
59,104414,707,2,15606,0.627,2,0,No
30,131264,326,15,85001,0.337,1,0,No
41,29886,832,7,38673,0.2,2,3,No
49,28771,391,15,16847,0.51,5,0,No
52,121183,471,4,65698,0.152,0,0,No
30,84070,413,10,7124,0.544,5,4,No
33,145711,397,18,78721,0.572,1,0,No
43,194744,554,28,18644,0.237,1,4,No
43,71686,321,15,81469,0.16,4,4,No
51,72193,420,13,10660,0.117,3,0,No
24,105630,510,10,91791,0.416,4,3,No
23,116210,685,13,58463,0.639,1,3,No
41,150501,583,15,29027,0.318,2,4,No
22,69765,352,24,56265,0.208,3,2,No
24,150890,760,17,57692,0.547,1,0,Yes
21,118095,607,2,97773,0.478,3,0,No
35,180559,632,2,66127,0.094,1,0,No
53,151584,512,0,67027,0.206,4,2,No
26,108764,835,11,51769,0.274,5,3,No
27,159996,489,6,14926,0.18,3,0,No
39,155530,483,10,61969,0.58,1,1,No
64,73469,513,12,86884,0.162,3,1,No
21,177337,392,13,87840,0.526,1,2,No
59,41918,707,21,25249,0.495,1,1,Yes
39,65345,575,11,24059,0.057,3,0,No
65,164548,333,5,50909,0.217,2,4,No
46,65755,544,5,14574,0.356,1,1,No
64,35861,608,6,68929,0.182,2,3,No
32,116241,716,5,31521,0.541,5,3,No
42,131999,679,27,91097,0.131,1,2,Yes
33,196776,349,8,63052,0.15,5,2,No
48,185911,538,20,87974,0.403,1,0,No
34,82405,534,29,90985,0.064,1,1,No
42,112781,618,27,65949,0.646,2,0,No
50,79353,392,26,39807,0.368,1,4,No
64,43767,629,16,70807,0.441,2,0,No
40,82554,719,16,92931,0.202,4,0,No
64,150274,761,14,86056,0.623,3,4,Yes
47,137619,641,0,44208,0.251,2,2,No
58,164640,541,13,80139,0.127,0,0,No
62,198217,775,1,40680,0.323,1,1,Yes
61,183927,783,19,58595,0.126,3,1,Yes
54,146652,724,21,27730,0.627,3,0,No
59,130366,526,6,69446,0.353,4,4,No
61,77650,454,12,62156,0.41,3,0,No
64,170451,841,20,73521,0.341,3,2,Yes
57,93383,459,6,61434,0.19,0,1,No
21,114578,510,17,42399,0.152,0,1,No
35,179902,788,5,26035,0.629,0,4,Yes
52,180539,555,18,43641,0.24,5,1,No
28,189572,355,27,76747,0.085,0,0,No
53,79215,458,8,93715,0.353,2,3,No
38,86212,394,9,92222,0.196,0,0,No
65,130617,538,25,95371,0.474,3,3,No
49,179692,515,3,51936,0.277,0,3,No
52,70577,737,20,85642,0.61,1,3,Yes
53,125462,445,29,83800,0.311,3,0,No
25,143352,807,27,80834,0.456,2,2,No
38,84999,423,20,22164,0.56,0,1,No
30,148958,631,11,18444,0.568,3,0,No
56,180267,567,12,41350,0.382,5,3,No
53,89383,488,29,98562,0.532,0,0,No
43,184294,443,17,60419,0.199,5,4,No
60,160691,427,12,21444,0.411,1,4,No
25,141881,823,19,30419,0.07,5,0,No
54,57287,661,22,96099,0.25,5,3,No
44,83928,371,26,6408,0.257,0,1,No
37,154895,581,27,43306,0.574,1,1,No
51,45428,723,17,47651,0.334,5,4,No
27,167678,738,4,87738,0.494,3,3,No
37,76138,458,15,27977,0.333,1,0,No
48,150606,550,20,54732,0.238,5,4,No
58,114393,626,20,65576,0.614,1,1,No
42,43132,816,22,50022,0.425,4,0,No
35,106094,637,9,90326,0.435,3,1,No
57,91454,383,13,56520,0.345,2,3,No
35,50695,412,22,19940,0.161,1,4,No
45,154598,668,27,24223,0.551,3,2,Yes
41,164969,403,28,30096,0.493,1,3,No
58,177385,479,14,12870,0.279,5,4,No
22,190647,588,10,48426,0.612,4,2,No
47,116511,747,29,25796,0.256,2,3,Yes
52,29423,531,7,53783,0.073,2,3,Yes
41,198652,624,26,66255,0.207,5,0,No
24,89806,651,16,13726,0.271,5,1,No
64,60210,530,2,83269,0.542,1,0,No
39,27595,623,0,61814,0.523,5,0,No
22,94611,563,6,99635,0.309,3,4,No
46,100177,749,20,79448,0.471,0,1,No
54,110862,848,1,10852,0.187,0,2,No
34,59539,611,9,44230,0.584,3,4,No
35,79827,488,30,98450,0.087,3,3,No
40,75169,364,17,57822,0.289,3,0,No
54,126996,725,6,84043,0.536,1,1,No
56,86568,652,4,51416,0.356,5,1,No
39,181166,436,28,74127,0.538,3,4,No
29,67095,435,3,60804,0.15,0,4,No
27,109692,613,13,28283,0.201,2,0,No
50,165079,796,23,86072,0.289,2,1,No
33,198994,609,2,69455,0.565,3,3,No
47,85210,737,12,13711,0.624,0,4,No
64,38377,660,2,95054,0.084,3,3,No
55,142790,455,7,90106,0.614,3,1,No
33,147150,665,17,57323,0.469,3,0,No
35,157872,380,18,67545,0.34,3,1,No
29,42192,536,3,79572,0.196,5,0,Yes
65,62901,696,9,82405,0.22,4,0,No
43,25969,358,2,14598,0.449,1,4,No
56,192919,536,11,8776,0.302,0,2,No
60,76031,809,23,44230,0.069,3,3,No
23,61087,637,5,29116,0.63,1,4,No
54,62473,771,18,20970,0.449,5,0,No
39,195451,714,22,27594,0.523,4,2,No
48,55655,588,3,14373,0.436,1,0,No
43,171331,673,2,28098,0.478,4,1,No
60,90923,608,17,90400,0.074,3,1,No
65,70814,421,7,25640,0.284,4,4,No
27,93025,646,23,38295,0.611,2,4,No
61,132011,335,30,37002,0.624,3,0,No
32,93426,752,1,62838,0.602,4,4,No
34,91258,758,24,7844,0.649,3,4,No
35,33947,525,27,81045,0.092,4,1,No
23,191090,676,6,52338,0.088,1,1,Yes
35,131881,487,10,81012,0.61,5,2,No
44,90461,302,5,44108,0.068,5,4,No
28,47510,305,18,37572,0.581,0,1,No
25,130077,703,2,52252,0.575,2,1,No
24,167279,608,12,49933,0.375,3,1,No
34,171145,658,19,49439,0.578,1,2,Yes
36,103183,807,26,19619,0.463,4,4,No
40,164262,764,30,15618,0.153,2,3,Yes
44,61855,817,24,31296,0.556,0,1,Yes
26,62846,683,23,63832,0.291,3,0,No
51,164214,789,1,87025,0.18,4,0,No
26,117079,838,28,38813,0.636,2,3,No
55,77470,850,4,60063,0.461,2,1,No
35,132568,788,30,50927,0.161,0,3,Yes
49,104949,606,14,17561,0.572,4,4,No
23,25768,574,9,62243,0.545,4,0,No
31,52255,461,5,42176,0.112,1,1,No
23,66946,546,13,68049,0.126,4,4,No
48,161629,835,20,8840,0.184,0,4,Yes
30,199391,542,0,63212,0.59,5,4,No
53,118156,329,8,62113,0.485,5,3,No
36,43691,780,9,61817,0.591,1,4,No
30,124693,520,27,89662,0.557,5,2,No
53,166335,670,21,37072,0.37,5,2,No
56,103922,377,30,15257,0.081,5,3,No
23,133165,419,20,69631,0.483,4,3,No
25,50993,809,10,29405,0.42,2,0,No
32,139121,813,21,58001,0.189,0,1,Yes
64,129537,666,18,77077,0.605,3,3,No
33,37324,379,8,86739,0.462,3,2,No
44,117981,658,11,95092,0.531,0,1,No
64,182234,490,19,25274,0.516,0,3,No
52,95203,316,5,86841,0.126,3,4,No
36,57383,330,15,67094,0.218,3,3,No
52,176858,433,12,99522,0.507,3,2,No
65,187331,522,5,75048,0.4,1,1,No
57,187723,369,12,47819,0.125,0,4,No
56,86080,691,14,20285,0.304,5,4,No
41,99659,392,17,17594,0.194,1,2,No
32,195828,372,15,71167,0.498,4,4,No
41,38755,437,8,33772,0.133,1,2,No
41,125296,323,17,42537,0.418,2,3,No
63,64661,746,9,23217,0.067,0,2,Yes
26,102277,467,11,31376,0.465,4,2,No
29,175600,575,4,50675,0.104,3,3,No
21,138693,588,26,83830,0.127,2,0,No
32,113802,313,1,78056,0.338,5,4,No
34,179926,779,8,15735,0.056,5,2,Yes
26,87236,737,17,29677,0.637,4,3,No
21,67494,354,23,25722,0.212,4,2,No
42,85480,592,26,66787,0.053,2,2,No
54,175130,660,26,74664,0.569,0,0,No
31,95084,383,0,62424,0.09,4,4,No
23,185574,668,30,90766,0.575,1,3,No
62,83204,460,13,23594,0.529,1,1,No
26,39263,605,2,82319,0.123,1,3,No
26,169178,775,22,98554,0.118,0,3,Yes
40,108312,758,10,51633,0.495,3,2,No
41,40396,499,21,64870,0.521,4,4,No
22,51455,634,26,28172,0.275,1,0,No
46,139547,641,17,27459,0.576,5,2,No
51,79490,478,24,37983,0.169,0,2,No
46,156720,749,1,19581,0.416,3,4,No
52,80546,455,21,49669,0.299,4,2,No
30,89396,471,16,8788,0.25,3,0,No
43,58588,695,26,5601,0.373,1,3,Yes
26,89202,510,2,51144,0.232,3,0,No
43,140159,324,20,64474,0.184,5,0,No
48,139809,775,6,69897,0.374,0,3,No
50,46829,501,2,60608,0.366,5,1,No
34,128180,763,24,87097,0.536,1,1,No
57,109715,736,14,22075,0.44,4,1,No
52,61984,778,3,10770,0.251,5,2,No
54,158249,668,24,23461,0.463,5,4,Yes
61,174755,678,14,43573,0.12,2,2,Yes
64,122042,410,2,95838,0.159,4,2,No
42,88276,422,10,92417,0.402,5,0,No
51,36693,353,27,60355,0.384,4,1,No
27,160214,770,2,82654,0.368,4,0,No
61,141656,505,28,53523,0.431,0,2,No
41,113564,466,19,41442,0.143,5,2,No
36,86291,734,17,23437,0.531,1,3,No
40,27472,310,13,64101,0.575,4,0,No
63,105836,682,20,56204,0.363,0,0,Yes
64,55549,773,8,34861,0.461,0,2,No
39,103554,808,30,93994,0.542,1,0,Yes
52,181898,353,14,76094,0.44,0,4,No
35,93646,546,7,17351,0.311,5,1,No
25,104142,818,7,85005,0.46,1,2,Yes
31,164873,439,7,87957,0.608,5,4,No
35,148937,704,23,83387,0.222,0,4,No
49,134530,805,13,18489,0.531,5,3,No
65,122347,523,5,8344,0.648,1,1,No
24,117358,646,28,29456,0.508,3,4,No
56,144343,673,12,54831,0.236,4,4,No
43,25258,503,6,28075,0.123,1,3,No
35,162940,591,26,91362,0.377,1,3,No
64,31817,576,14,61755,0.12,3,4,No
23,63512,608,9,8102,0.327,5,1,No
52,55856,553,11,78912,0.252,5,2,No
30,168164,302,29,26069,0.335,4,0,No
60,121636,487,4,91486,0.239,2,0,No
58,155571,636,21,84979,0.557,5,4,No
42,107157,649,2,58084,0.312,1,2,No
34,61123,399,4,31214,0.113,4,3,No
37,113521,756,25,84566,0.437,0,0,No
41,26158,717,11,56630,0.517,4,4,No
35,123898,456,2,81363,0.305,1,1,No
35,43134,501,20,20968,0.413,3,2,No
21,41786,628,25,22339,0.318,2,3,No
44,115933,339,0,37504,0.171,0,0,No
32,80030,605,16,17153,0.408,3,2,No
30,35494,446,9,68207,0.471,1,2,No
62,51273,541,30,45541,0.2,3,1,Yes
62,119040,478,5,73885,0.476,5,2,No
51,170832,348,23,66725,0.566,0,1,No
31,63302,479,19,27943,0.6,5,0,No
36,95822,615,30,36699,0.154,5,4,No
29,70540,508,12,32813,0.15,4,1,No
34,188502,787,14,72322,0.572,3,4,No
39,63419,546,22,61449,0.461,0,4,No
51,159624,818,20,43776,0.128,5,2,Yes
29,84571,736,1,77255,0.347,3,3,No
56,179694,842,20,72577,0.506,5,1,No
59,73829,648,30,70201,0.169,1,1,Yes
46,161068,818,27,33342,0.596,2,3,Yes
28,59232,686,1,79139,0.57,2,1,No
44,87083,580,29,63810,0.406,2,4,No
28,79034,717,24,35867,0.517,0,3,No
39,64379,643,16,38890,0.139,2,0,No
50,187074,337,18,23878,0.199,0,3,No
42,60868,665,29,27986,0.515,1,0,No
29,51532,680,29,21172,0.317,0,4,No
64,61861,425,0,29529,0.159,2,2,No
24,177307,475,4,14710,0.224,5,4,No
57,133532,400,27,8149,0.423,2,3,No
28,159651,790,30,98197,0.075,5,3,No
21,50619,492,19,38984,0.139,2,2,No
48,46829,380,26,19773,0.172,3,1,No
26,45912,754,15,61507,0.582,2,1,No
56,196406,633,21,10965,0.583,2,2,No
31,198073,428,4,32180,0.177,0,1,No
25,190413,305,22,61521,0.409,4,3,No
44,168735,757,29,47725,0.266,3,0,Yes
38,47104,320,22,67688,0.08,4,1,No
40,198395,494,9,28364,0.142,0,1,No
48,173712,327,26,87511,0.053,2,1,No
33,173583,749,20,26523,0.641,2,0,No
25,123235,791,9,33112,0.44,4,2,No
50,142472,729,0,90768,0.13,2,4,No
21,119428,534,8,44525,0.49,5,4,No
42,80233,723,17,92017,0.417,2,2,No
38,157121,436,6,84048,0.174,3,1,No
25,128487,381,18,52438,0.346,2,2,No
51,92837,617,25,85173,0.416,2,0,No
26,83498,664,21,50133,0.267,4,4,No
47,139717,699,15,96592,0.625,0,2,No
45,148666,655,20,40464,0.107,2,4,Yes
49,135601,751,5,13608,0.126,3,4,No
48,192038,534,29,26560,0.564,0,2,No
36,199777,334,9,26236,0.2,5,1,No
32,154147,638,4,90662,0.128,3,0,No
40,141052,753,28,36689,0.282,4,4,No
38,115641,778,24,99153,0.151,0,4,No
54,98685,558,12,43650,0.353,1,3,Yes
43,171104,352,11,5294,0.49,3,1,No
65,178315,742,23,79449,0.503,1,0,Yes
47,70915,719,29,58600,0.232,3,4,No
37,133962,548,16,55544,0.464,0,1,No
41,42379,592,29,70139,0.629,3,0,No
60,97401,506,24,89299,0.054,4,1,No
51,104146,400,1,62816,0.438,5,0,No
23,114416,514,30,22215,0.35,3,3,No
37,158703,599,4,63229,0.287,2,3,No
46,154140,734,21,71224,0.176,3,3,Yes
43,123567,538,9,31815,0.124,0,0,No
26,196524,423,28,66644,0.603,5,2,No
48,86196,817,0,95736,0.068,0,3,No
28,38830,448,11,45341,0.332,4,0,No
65,180668,356,13,87598,0.173,4,2,No
28,68484,455,22,57079,0.138,2,4,No
39,119756,835,7,44118,0.262,2,3,No
58,50772,414,16,61982,0.24,2,4,No
49,30116,630,10,6341,0.327,0,2,No
43,106839,490,25,34560,0.346,3,0,No
52,148085,833,19,52212,0.353,1,2,No
30,26636,665,1,98708,0.129,2,1,No
47,197662,793,30,50210,0.152,4,3,Yes
21,117338,845,4,34801,0.244,4,2,No
59,32811,548,17,52056,0.098,2,4,No
49,171295,336,8,18726,0.55,5,2,No
65,166653,596,8,71393,0.109,0,2,No
23,45919,764,30,26013,0.187,4,3,No
57,108018,520,9,62320,0.432,1,1,No
51,158676,785,20,76711,0.608,3,0,No
31,154672,698,20,64711,0.131,5,1,No
42,156279,832,3,27205,0.313,4,3,Yes
38,164535,351,16,5987,0.228,1,1,No
55,192518,730,25,26494,0.338,3,2,No
26,126772,507,11,56689,0.313,0,0,No
23,37671,718,2,10166,0.397,1,2,No
25,34476,759,3,62344,0.076,5,0,No
29,29986,818,22,89931,0.547,2,0,No
48,133158,468,29,8535,0.07,5,1,No
39,184662,439,6,82142,0.393,3,3,No
48,171598,646,26,47408,0.538,0,4,No
47,67001,357,22,60693,0.119,4,1,No
33,78242,748,22,11378,0.459,0,4,No
58,31803,484,10,55690,0.176,1,3,No
63,76446,477,3,21192,0.169,2,2,No
41,36905,786,24,65715,0.077,2,3,No
47,153295,764,19,86679,0.271,4,3,No
26,27461,426,27,57308,0.586,5,1,No
58,83687,344,5,39561,0.473,1,3,No
31,161745,489,0,35795,0.391,3,3,No
61,153860,661,0,70229,0.541,1,1,No
37,100956,665,5,90815,0.551,4,2,No
59,107863,492,0,97371,0.406,4,4,No
27,54564,593,14,51992,0.236,5,1,No
50,94692,826,0,12356,0.578,2,3,No
41,37251,448,5,77187,0.26,5,1,No
21,104056,448,23,27790,0.154,3,4,No
45,157977,550,8,29353,0.386,1,0,No
52,172806,734,30,83139,0.101,0,4,Yes
28,182958,513,5,78749,0.177,2,2,No
25,192149,334,16,37639,0.559,0,3,No
50,30661,680,27,58756,0.3,0,4,No
28,28838,526,22,72820,0.343,5,1,No
39,67073,519,29,14925,0.373,0,0,No
64,166450,439,17,56838,0.346,1,0,No
50,164130,564,22,13094,0.181,0,4,No
35,100113,635,25,13472,0.6,0,0,No
56,114806,578,25,98535,0.458,0,2,Yes
64,58884,631,19,87998,0.441,4,4,No
47,148013,494,0,37284,0.552,0,4,No
33,184599,342,26,51831,0.456,2,3,No
34,198259,557,24,10922,0.123,0,1,Yes
57,194807,741,15,87763,0.254,3,3,No
50,172053,595,28,40919,0.274,1,1,Yes
59,150989,736,15,90320,0.453,0,1,No
33,87457,697,0,85588,0.473,5,3,No
36,183152,424,6,61828,0.384,4,1,No
64,36797,796,13,69075,0.29,2,2,No
27,82056,663,14,16609,0.576,2,3,No
47,51457,446,5,8574,0.383,4,1,No
65,176989,759,22,16662,0.544,4,0,Yes
55,33871,470,25,95435,0.606,5,3,No
35,175125,609,16,81592,0.304,5,4,No
48,108050,651,16,56913,0.224,0,4,No
55,63398,647,5,96055,0.273,1,0,Yes
27,100058,650,12,52215,0.1,0,4,No
40,30030,440,23,19603,0.26,4,0,No
52,26381,469,30,39107,0.354,1,0,No
58,172825,524,10,14429,0.174,0,1,No
60,161164,520,18,75565,0.157,2,2,No
52,77946,664,9,29255,0.24,3,0,No
46,112620,412,29,96642,0.11,5,0,No
59,105093,548,26,92389,0.346,5,3,No
40,150370,769,1,58262,0.431,2,1,Yes
38,164639,748,19,88747,0.403,3,0,No
35,183938,347,7,69504,0.218,2,2,No
42,190783,650,14,57976,0.566,2,2,No
42,140645,383,28,88395,0.116,4,3,No
41,50386,472,8,77793,0.051,4,1,No
22,48013,444,12,75826,0.131,5,3,No
60,31885,750,26,65690,0.484,4,4,No
63,131905,844,21,97749,0.523,3,1,No
38,188893,620,22,39138,0.51,1,3,No
43,170117,447,14,23551,0.245,1,1,No
33,43780,425,14,92205,0.575,4,0,No
61,181622,765,0,26718,0.584,0,4,No
29,114771,428,4,95473,0.542,3,1,No
27,103377,374,28,46457,0.492,3,1,No
61,73284,785,14,92984,0.555,4,4,No
21,85238,515,21,82116,0.445,4,0,No
22,72184,536,29,75860,0.628,4,2,No
24,177377,395,25,80403,0.428,2,4,No
34,65021,482,13,89327,0.149,3,4,No
52,153446,494,5,25382,0.16,4,3,No
56,68184,549,5,23216,0.308,5,0,No
22,43942,746,22,81443,0.482,2,0,No
60,180786,371,19,45423,0.134,0,0,No
34,76672,351,4,98898,0.167,4,3,No
40,137437,795,21,56118,0.096,3,4,No
45,111557,454,8,6463,0.151,3,0,No
62,68201,619,19,63090,0.182,0,0,Yes
28,88296,600,19,24407,0.385,4,0,No
48,113549,494,6,49316,0.283,3,2,No
41,108257,325,29,79766,0.106,1,0,No
43,102817,526,15,25621,0.145,3,1,No
52,39008,696,16,28183,0.362,2,2,No
28,85196,508,27,50530,0.129,1,2,No
51,27294,713,26,70819,0.487,1,0,No
57,44061,552,22,7765,0.107,0,3,No
36,80733,727,7,24491,0.164,0,4,No
60,123376,564,27,35089,0.576,1,3,No
62,196076,475,17,39997,0.37,2,3,No
47,105625,651,19,80144,0.644,4,4,No
60,147007,483,12,80995,0.141,1,2,No
61,150758,623,13,78485,0.096,0,2,Yes
38,149686,798,3,17669,0.096,4,3,No
55,35237,492,9,18759,0.611,1,4,No
35,36694,785,9,65498,0.436,5,2,No
47,111472,494,5,57280,0.252,4,0,No
37,166540,320,6,43839,0.28,3,1,No
60,174533,633,6,41790,0.47,0,1,No
22,99062,354,3,12012,0.42,2,4,No
51,144443,301,18,50862,0.263,3,2,No
57,103000,603,19,31419,0.464,5,3,No
61,101599,833,8,19654,0.256,5,0,No
61,38064,440,25,23748,0.321,4,3,No
54,169661,388,27,35747,0.56,3,3,No
54,157004,604,26,86933,0.121,5,1,Yes
23,173091,464,22,39468,0.309,1,4,No
37,80835,516,30,88567,0.105,5,1,No
34,178229,663,18,92573,0.073,1,4,No
34,77381,830,15,48230,0.63,1,1,No
58,42574,583,2,95827,0.388,3,3,No
55,57779,661,4,63327,0.636,0,4,No
21,135498,667,23,82485,0.565,2,3,No
49,186960,740,4,99319,0.641,4,4,No
24,136422,744,28,46434,0.611,0,1,Yes
53,51025,676,5,54103,0.578,4,1,No
37,164132,795,8,42972,0.485,5,1,No
48,189288,487,8,72319,0.491,3,4,No
46,98197,683,21,81867,0.616,0,2,No
28,125800,727,11,58374,0.636,2,0,No
54,89617,457,15,13385,0.616,1,4,No
38,156498,524,15,31580,0.34,2,4,No
51,50491,671,4,83470,0.576,2,2,No
47,44553,608,28,72684,0.356,2,1,No
36,168990,658,23,18382,0.389,1,3,Yes
30,37513,401,0,30665,0.544,2,0,No
60,172902,759,26,38664,0.548,3,2,No
32,186243,431,2,56330,0.544,2,3,No
42,158322,501,5,10120,0.547,2,3,No
36,81263,586,7,23466,0.306,5,4,No
32,87114,446,15,46743,0.368,3,0,No
31,27681,593,5,64028,0.202,0,0,No
40,108321,332,13,63354,0.328,3,0,No
21,159479,317,9,73868,0.626,4,2,No
47,64529,414,21,97471,0.54,1,2,No
23,73901,507,3,68481,0.268,3,4,No
32,42427,460,11,83937,0.43,1,0,No
50,154463,589,6,41566,0.202,3,3,No
29,46747,618,6,43431,0.174,2,1,No
57,38555,761,28,74060,0.301,2,4,No
21,118130,351,15,97755,0.153,4,1,No
62,48263,351,0,24547,0.383,0,1,No
24,161199,470,27,93443,0.305,3,4,No
35,129893,744,15,90049,0.133,4,0,Yes
47,86453,430,2,74068,0.47,3,2,No
28,133930,522,14,67751,0.483,1,4,No
43,83389,614,24,91509,0.584,4,3,No
35,168584,425,28,35893,0.477,0,3,No
47,88722,811,5,16116,0.18,5,4,No
51,160109,429,12,31844,0.448,3,4,No
59,118159,343,19,48289,0.636,1,1,No
28,162926,683,7,15218,0.561,1,2,No
50,181805,487,11,90422,0.31,5,0,No
62,59311,543,22,90738,0.468,4,3,No
38,42175,826,13,75933,0.06,2,2,No
24,80195,618,15,87529,0.181,4,1,No
63,53090,573,25,11623,0.289,4,2,No
42,70636,370,13,60704,0.296,1,0,No
23,194938,323,15,54862,0.577,0,4,No
35,123248,593,5,98611,0.643,4,4,No
55,130752,433,3,58404,0.323,2,4,No
58,98334,703,19,47980,0.284,5,1,No
53,135956,783,23,71532,0.129,1,0,Yes
34,78111,501,18,46952,0.19,2,2,No
21,111284,833,26,78426,0.134,1,3,Yes
46,26716,460,24,34976,0.258,5,1,No
28,61404,345,7,64911,0.498,1,0,No
36,98406,797,3,78090,0.063,4,3,No
58,104218,737,27,52390,0.573,1,4,No
30,178127,404,28,90739,0.484,0,0,No
62,96262,384,30,46415,0.271,2,2,No
57,32557,376,2,13991,0.365,5,1,No
46,122304,824,12,80910,0.115,3,0,No
48,153301,590,3,62485,0.517,1,4,Yes
32,60486,638,10,88140,0.519,4,1,No
40,76557,820,15,35219,0.277,3,3,No
34,65655,312,14,97196,0.206,0,4,No
55,151045,833,27,95394,0.401,5,3,Yes
49,114638,672,1,9180,0.244,2,4,No
32,88823,775,14,27904,0.472,0,2,No
38,138827,426,5,91604,0.478,4,1,No
64,131836,522,14,36265,0.637,3,0,No
22,109801,521,12,14001,0.262,5,3,Yes
22,48094,696,2,23239,0.084,0,3,No
37,154095,398,18,41587,0.581,1,3,No
30,169425,782,11,21376,0.056,3,2,Yes
38,86850,703,11,10679,0.319,2,2,Yes
42,189483,534,16,14232,0.204,4,2,No
39,139708,485,23,82460,0.296,4,4,No
21,36264,578,7,8342,0.155,2,2,No
44,189517,675,24,71073,0.455,4,1,No
56,172003,702,12,47123,0.387,4,1,Yes
45,67059,535,26,38275,0.292,2,4,No
56,27650,367,11,77648,0.449,4,3,No
51,68024,475,15,64619,0.1,2,2,No
51,167664,831,20,56041,0.565,4,2,Yes
22,81238,752,10,45148,0.323,0,2,No
39,199903,818,19,28904,0.419,0,3,Yes
32,199462,352,8,98257,0.216,0,1,No
30,96220,628,18,46900,0.633,3,3,No
51,169529,566,19,97410,0.321,2,1,No
65,141104,691,7,54854,0.162,0,3,No
42,32074,331,28,80291,0.145,4,4,No
43,82344,490,12,90799,0.217,2,3,No
43,141776,486,1,18917,0.514,2,0,No
35,57979,700,18,48992,0.235,4,3,No
46,94258,453,12,35652,0.099,5,2,No
23,167781,350,26,81081,0.318,5,1,No
43,67925,588,28,99572,0.179,1,3,No
40,172759,837,18,18775,0.603,2,1,Yes
65,90066,577,10,71825,0.274,5,0,No
60,61540,750,23,18080,0.239,5,0,Yes
59,43165,633,26,39699,0.319,3,0,No
28,87055,509,1,23919,0.067,3,3,No
38,185266,810,7,55248,0.369,1,2,No
61,197839,805,6,79963,0.642,0,0,No
26,167454,781,0,28260,0.256,5,2,Yes
47,119154,659,13,34860,0.611,0,2,No
56,111123,444,7,17730,0.123,2,3,No
35,91889,375,26,6904,0.404,4,0,No
57,98907,587,0,5395,0.152,2,0,No
25,99608,448,30,53036,0.578,1,1,No
59,143690,736,29,32147,0.485,0,3,No
29,44184,633,24,76223,0.575,3,2,No
27,31902,365,16,94956,0.465,2,0,No
61,45647,476,20,7982,0.453,1,3,No
40,54140,626,23,49000,0.367,5,1,No
30,125541,842,3,39103,0.377,5,1,No
46,76730,498,5,68594,0.52,2,2,No
24,153996,719,0,62247,0.394,0,2,No
58,59546,373,30,65062,0.31,4,0,No
44,173076,722,2,79941,0.475,5,0,No
34,83557,410,27,92513,0.628,3,1,No
61,78206,393,20,8585,0.596,1,0,No
21,168577,659,1,69080,0.245,0,3,No
37,81618,468,16,42504,0.282,5,2,No
65,62031,596,8,69307,0.624,3,1,No
44,199859,560,28,22758,0.19,5,0,No
47,170649,617,7,62723,0.127,0,3,Yes
27,164115,571,18,30068,0.336,0,0,No
29,190202,507,14,50063,0.318,2,4,No
63,117950,643,5,66795,0.379,3,2,No
55,84846,702,23,54812,0.069,4,1,Yes
32,155182,382,29,36050,0.174,0,1,No
41,76392,539,5,63763,0.532,4,1,No
23,79673,742,7,20577,0.266,5,1,No
35,162816,368,2,53929,0.6,4,3,No
41,75390,768,30,47697,0.391,0,4,No
30,64260,640,30,29058,0.063,2,2,No
53,78760,760,11,14977,0.637,1,2,No
26,130806,733,19,62288,0.24,1,0,No
22,28470,640,7,81108,0.271,0,0,No
49,187715,757,10,16979,0.596,5,1,Yes
60,118347,771,25,27608,0.577,2,0,No
53,29201,390,26,78318,0.461,1,0,No
24,105863,588,25,29360,0.056,0,1,Yes
24,52340,572,14,57727,0.052,3,1,No
49,118716,832,12,74191,0.157,0,0,No
57,169560,813,23,97636,0.508,0,2,No
40,120910,847,21,79030,0.551,4,2,Yes
61,161485,523,25,48790,0.185,4,0,No
43,65200,797,30,70374,0.097,2,3,No
65,47355,324,29,57427,0.306,1,4,No
38,38831,463,12,40887,0.607,2,2,No
45,114357,590,13,30039,0.365,4,0,No
21,143589,344,21,86574,0.49,0,1,No
35,153211,667,8,79015,0.475,4,4,No
54,61396,510,23,94093,0.562,0,2,No
40,75920,445,2,47327,0.641,2,3,No
57,194192,649,22,98535,0.638,2,4,No
47,72786,705,11,75507,0.374,2,0,No
42,155046,309,8,92772,0.25,2,3,No
25,173997,819,11,27024,0.523,2,3,No
54,71006,333,25,44820,0.472,0,4,No
59,92627,533,10,68514,0.52,5,2,No
23,35842,480,18,53740,0.23,5,1,No
37,100459,823,26,47631,0.4,0,0,Yes
44,138272,685,8,49212,0.161,2,1,No
44,180198,572,4,72305,0.182,2,0,No
23,83074,626,9,36177,0.272,0,3,Yes
65,193889,634,8,79509,0.476,0,3,No
27,30557,813,0,36400,0.233,2,0,No
45,29432,326,12,99669,0.247,5,3,No
23,168078,439,19,30801,0.529,1,4,No
35,186061,394,11,69199,0.598,3,4,No
49,131291,467,10,11789,0.554,1,1,No
49,62788,816,8,6796,0.161,5,2,No
30,89167,327,28,73502,0.325,1,2,No
52,77166,607,14,93100,0.472,5,1,No
43,51887,697,28,96312,0.477,4,1,No
59,178704,433,27,12379,0.288,3,4,Yes
29,141704,592,12,50694,0.302,2,0,No
57,91513,794,27,61969,0.396,2,4,No
60,64802,654,11,65625,0.457,1,2,No
34,59026,846,30,27419,0.094,5,2,Yes
24,100706,316,13,55095,0.437,4,1,No
40,97933,409,8,95702,0.357,1,4,No
48,143817,774,21,27623,0.073,0,1,Yes
34,186155,309,9,77947,0.086,1,4,No
64,26732,411,5,95599,0.17,1,3,No
54,139164,619,18,5294,0.263,5,4,No
33,159014,588,9,91591,0.506,0,3,No
51,84853,765,14,38326,0.239,0,4,Yes
53,122084,679,20,84706,0.508,1,0,No
59,34429,476,29,83983,0.349,4,2,No
48,193340,663,7,68613,0.176,0,1,Yes
45,82676,426,17,99555,0.516,3,0,No
52,178589,562,1,79194,0.483,0,2,No
29,88727,745,3,98660,0.072,2,3,No
48,120485,758,8,41853,0.491,5,1,No
51,53899,565,15,35825,0.451,0,2,No
37,40068,586,4,41817,0.275,0,1,No
43,90701,324,18,85253,0.428,3,0,No
33,103408,484,14,97385,0.141,4,2,No
30,120742,364,23,29178,0.403,5,1,No
36,54269,726,30,9498,0.154,1,3,No
26,119800,803,14,78815,0.118,3,3,Yes
31,168291,430,11,84839,0.17,3,4,No
23,109694,603,15,7369,0.123,3,4,No
48,84043,754,10,12743,0.124,4,1,Yes
61,182061,412,6,27367,0.58,1,3,No
35,90263,825,24,68303,0.589,0,2,Yes
33,198478,386,15,18420,0.49,2,2,No
62,128324,795,9,75012,0.519,5,0,No
65,144432,313,21,94021,0.266,3,4,No
37,149567,692,17,24380,0.376,1,3,No
27,41830,813,15,86814,0.539,4,0,No
48,184122,459,0,63140,0.343,4,1,No
58,188936,591,4,47054,0.492,1,4,No
33,125730,517,27,49420,0.304,3,3,No
37,199749,720,22,53423,0.258,2,3,Yes
35,44641,845,6,18471,0.558,5,1,No
56,120911,820,17,51439,0.25,5,3,No
48,169627,339,5,91786,0.335,4,0,No
35,179307,325,16,12335,0.115,0,4,No
31,131998,790,11,89828,0.356,4,0,No
51,185031,696,11,40756,0.413,2,2,No
24,197029,324,0,57818,0.284,1,3,No
55,130044,498,1,66784,0.438,1,3,No
54,113634,670,20,98869,0.315,3,3,No
47,40309,390,25,84689,0.306,4,1,No
30,170177,698,25,86074,0.304,0,2,Yes
50,74813,759,17,57362,0.566,3,2,No
65,99208,524,13,76885,0.487,1,0,No
40,186400,388,9,28518,0.324,2,3,No
49,130183,595,29,78604,0.433,2,1,No
49,193502,474,13,44968,0.544,0,0,No
43,196655,641,2,39945,0.324,3,3,No
41,61029,569,24,92669,0.557,0,2,No
63,156477,643,20,91620,0.156,0,3,Yes
30,79012,474,29,82905,0.406,4,3,No
61,159632,769,12,33781,0.266,2,2,Yes
32,36575,322,18,55574,0.11,4,3,No
50,121148,837,4,46685,0.585,0,2,No
53,38153,529,18,85410,0.344,4,0,No
38,131160,429,26,69410,0.374,5,4,No
34,67077,449,29,63837,0.361,5,2,No
42,52013,465,4,73244,0.376,0,0,No
41,162762,548,12,63782,0.402,0,1,No
21,143128,572,14,26631,0.573,5,0,No
63,91277,542,25,22889,0.619,3,2,No
35,101967,667,5,76948,0.422,3,3,No
56,163253,557,26,9519,0.276,0,2,Yes
42,187377,634,11,41366,0.359,5,0,Yes
52,32731,506,15,83715,0.472,2,0,No
53,126225,407,24,49911,0.367,2,1,No
61,130678,555,17,70961,0.206,4,4,No
59,128938,546,14,40647,0.414,5,0,No
43,25910,525,15,89333,0.583,1,0,No
63,193542,477,13,11453,0.114,2,2,Yes
22,72341,442,15,47503,0.093,4,1,No
22,112718,445,2,85886,0.635,3,1,No
58,81850,376,21,72680,0.532,0,3,No
49,185462,337,1,87502,0.298,1,0,No
23,89229,691,23,10091,0.067,3,0,No
59,88891,743,9,49522,0.61,0,4,No
27,135805,420,13,83220,0.527,1,2,No
56,160110,636,22,56212,0.414,2,0,No
49,184287,434,29,28671,0.525,3,4,No
57,122101,535,16,18617,0.427,5,1,No
56,188971,334,20,46286,0.454,0,2,No
43,199088,311,20,77085,0.593,3,0,No
65,178318,676,29,58159,0.294,1,0,No
36,43862,668,16,31547,0.367,3,2,No
51,178572,340,21,58151,0.519,1,4,No
54,107224,353,17,40298,0.213,5,1,No
21,106818,428,2,99722,0.411,3,4,No
38,154307,580,20,80796,0.26,5,3,No
60,158591,635,14,72832,0.08,1,0,Yes
63,31112,548,11,82388,0.143,3,3,No
35,157064,656,15,27880,0.118,3,2,No
37,30647,786,5,16171,0.379,3,0,No
64,119550,686,13,7313,0.122,1,0,No
30,163669,675,26,31339,0.376,1,2,No
40,148594,344,17,75033,0.49,1,3,No
26,141397,734,19,47718,0.429,0,4,No
28,82170,831,2,97908,0.499,3,3,No
65,181705,506,16,26760,0.345,1,1,Yes
54,172926,415,19,14118,0.493,5,3,No
52,143153,584,5,13741,0.525,2,4,No
62,148620,395,25,60990,0.2,2,1,No
24,197544,823,6,28115,0.564,0,2,Yes
64,134889,809,5,94071,0.612,3,0,No
59,144922,563,11,80690,0.489,3,1,No
40,102565,360,16,36794,0.633,4,1,No
44,133688,428,20,7873,0.089,2,1,No
44,103615,388,20,70083,0.14,5,0,No
46,105636,377,5,31315,0.592,5,4,No
45,44015,369,14,98188,0.069,2,1,No
56,26757,692,4,67505,0.403,5,2,No
27,188157,684,24,53385,0.211,3,4,No
30,46863,756,21,8515,0.323,1,2,No
32,51098,451,14,21942,0.282,4,0,No
21,171367,530,10,46525,0.163,1,2,No
45,194627,765,8,78693,0.401,1,3,No
36,50821,731,3,38826,0.172,3,3,No
25,67372,573,2,45494,0.294,0,0,No
39,46833,404,12,15619,0.512,5,4,No
24,78990,647,5,17674,0.452,3,0,No
26,116528,607,0,84803,0.44,1,4,No
46,164621,557,9,99150,0.35,5,3,No
59,112968,656,4,98011,0.163,3,3,No
59,64498,532,1,64324,0.317,3,3,No
29,176591,463,21,89989,0.332,5,1,No
65,150829,603,18,80083,0.172,0,3,No
34,72376,371,15,31630,0.411,4,2,No
29,73547,453,28,88420,0.358,5,0,No
35,159213,586,29,32509,0.246,4,4,Yes
57,167140,553,8,33989,0.174,1,3,No
40,121878,743,17,98201,0.135,4,0,No
28,78705,307,16,71223,0.578,1,1,No
52,170328,488,6,99218,0.613,2,3,No
41,189036,334,20,64161,0.541,0,0,No
61,141562,437,16,53090,0.406,5,4,No
39,30830,407,20,43034,0.627,4,3,No
49,40868,607,19,67181,0.33,5,2,No
51,162751,439,0,68059,0.077,1,3,No
26,167794,660,7,21215,0.274,0,0,No
24,38989,454,19,28436,0.157,1,1,No
63,147850,612,9,24973,0.465,0,3,Yes
49,80701,517,22,53292,0.228,3,2,No
62,136736,826,5,9216,0.332,5,1,Yes
23,39919,522,8,96200,0.611,2,2,No
21,197378,665,0,7355,0.646,5,1,No
64,138916,701,9,54921,0.371,5,3,No
35,167108,646,24,8301,0.215,2,0,No
41,131614,683,23,56240,0.314,4,1,Yes
51,45999,406,30,74437,0.575,0,1,No
27,142154,641,28,94117,0.193,0,4,No
37,66543,642,11,85616,0.088,5,3,No
39,79560,623,10,81581,0.541,1,3,No
59,178860,802,4,36450,0.368,3,2,Yes
23,104805,614,18,72709,0.588,4,0,No
50,146764,486,9,70525,0.461,1,0,No
55,85048,726,17,71148,0.071,1,3,Yes
49,177293,483,8,56471,0.522,3,4,No
34,187829,773,28,21290,0.164,4,0,Yes
55,84115,479,29,5843,0.126,3,2,No
48,133573,599,2,30419,0.387,3,3,No
50,142173,396,3,69562,0.314,1,4,No
46,133192,635,21,50048,0.231,3,0,Yes
27,49324,480,20,23332,0.403,1,4,No
59,184806,740,5,67834,0.496,1,1,No
51,75605,702,1,60986,0.346,3,4,No
25,175662,761,4,46172,0.523,2,1,No
55,119364,535,19,30232,0.301,0,2,No
34,179168,522,12,57896,0.349,5,0,No
56,119984,562,0,19113,0.377,3,1,No
47,68261,361,13,96225,0.239,0,1,No
44,101986,528,19,68989,0.268,1,3,No
60,121111,538,10,22297,0.357,0,0,No
49,81698,849,1,61673,0.58,2,0,Yes
65,75502,684,14,28475,0.38,2,1,Yes
42,63202,662,6,87145,0.115,0,1,No
28,86445,440,22,50691,0.489,1,3,No
35,110869,751,4,25529,0.36,5,1,No
25,165607,354,11,75191,0.29,5,2,No
24,194959,406,16,84148,0.465,4,3,No
31,43679,586,15,43742,0.15,5,3,No
38,139691,652,16,88500,0.521,0,1,No
62,113901,512,30,30413,0.48,3,4,No
50,156102,480,26,54042,0.161,2,1,No
35,145640,464,6,74409,0.558,3,1,No
26,83996,395,25,62252,0.166,1,1,No
36,164204,740,30,99841,0.456,5,2,No
60,107805,302,0,53301,0.271,4,4,No
29,81644,788,1,77126,0.503,1,4,No
63,149080,504,30,80350,0.085,4,3,No
54,151238,694,19,16854,0.2,2,2,Yes
47,117091,597,4,27145,0.332,3,0,No
33,46227,465,26,77485,0.479,2,0,No
56,127342,641,0,42720,0.419,5,2,No
47,117238,701,12,92019,0.622,1,1,No
29,174746,439,0,58063,0.385,0,0,No
25,29596,543,18,82371,0.231,4,1,No
42,41588,602,0,97746,0.31,0,2,No
51,79654,510,2,87460,0.095,2,1,No
23,119540,638,4,66499,0.12,4,2,No
50,183298,309,27,75724,0.361,1,3,No
41,37453,799,18,17883,0.635,1,0,No
55,84552,370,11,94423,0.197,3,1,No
26,115117,418,25,83846,0.516,1,3,No
48,131124,736,7,5340,0.27,2,0,Yes
52,49524,426,4,39468,0.069,3,2,No
62,140219,559,14,72257,0.148,3,2,No
57,56843,527,10,15806,0.423,2,2,No
45,88140,744,14,31132,0.187,2,0,Yes
52,37744,514,4,61545,0.561,1,3,No
55,131320,688,5,77071,0.27,1,2,No
42,63910,539,27,56565,0.185,4,4,No
44,163554,679,3,6374,0.517,3,3,No
59,196153,631,4,20508,0.145,1,2,No
50,188096,716,12,26690,0.622,3,3,No
52,170102,464,21,91356,0.193,3,2,No
51,181544,495,11,86116,0.539,0,0,No
43,100048,538,5,12967,0.36,4,4,No
60,175117,578,29,24129,0.493,0,1,Yes
53,52135,369,4,13816,0.133,5,2,No
45,89273,318,29,33825,0.175,4,0,No
56,124968,537,27,72084,0.169,0,3,No
44,146445,672,9,53910,0.131,5,2,No
51,126958,539,27,70776,0.209,0,1,Yes
59,38733,641,5,15400,0.554,3,4,No
33,88832,715,8,78151,0.499,3,1,No
30,159170,634,23,88520,0.234,0,4,No
43,110160,614,19,86614,0.269,2,1,No
38,134318,369,17,91630,0.491,5,3,No
52,82119,497,3,11772,0.544,0,4,No
53,196618,561,12,76822,0.304,4,2,No
56,68887,493,21,51419,0.494,2,3,No
48,170322,772,25,57550,0.391,2,3,No
36,61382,431,22,95211,0.645,5,0,No
36,74999,674,26,71730,0.464,5,3,No
38,72022,369,3,76435,0.493,0,2,No
28,191544,744,12,77908,0.556,4,4,No
62,28893,670,10,84850,0.136,4,1,No
36,126298,739,10,22541,0.27,5,1,No
31,193373,529,18,94917,0.345,1,0,Yes
26,76594,441,0,25908,0.142,5,1,No
21,154617,382,13,66990,0.267,0,0,No
32,137696,818,12,36594,0.461,1,0,No
58,65109,737,6,78966,0.2,4,3,No
48,84087,765,0,75389,0.339,0,3,No
65,199262,627,12,39634,0.132,3,3,Yes
37,158738,512,23,55650,0.118,3,0,No
21,132705,482,4,69015,0.27,1,4,No
52,78513,654,7,59124,0.486,0,1,No
28,139307,519,13,78410,0.366,2,1,No
60,119013,327,1,7005,0.427,3,4,No
63,134932,476,18,91175,0.292,0,3,No
44,41169,678,3,60121,0.402,3,1,No
30,42668,750,1,58330,0.34,0,1,No
59,76810,786,3,59818,0.288,0,2,Yes
59,176017,548,30,6709,0.064,1,3,No
30,80159,506,5,72519,0.557,4,1,No
56,166151,543,26,52925,0.621,4,4,No
45,143700,513,28,99234,0.368,0,0,No
30,43362,383,22,48473,0.318,0,4,No
39,168991,326,21,14228,0.509,3,0,No
65,176872,334,22,93692,0.058,0,3,No
35,79648,801,17,56650,0.133,0,4,No
36,119410,368,0,33702,0.217,4,2,No
22,82026,493,12,46149,0.1,3,1,No
49,76376,596,29,45694,0.078,2,2,No
24,119834,575,14,34988,0.613,3,4,No
49,39156,591,8,97821,0.161,4,0,No
51,68039,625,22,98868,0.406,1,2,No
37,41239,451,28,69654,0.373,0,2,No
30,163161,432,28,77698,0.222,3,0,No
47,38014,511,26,68549,0.439,3,1,No
61,75105,480,1,6641,0.245,3,3,No
35,30917,660,29,46165,0.325,3,4,Yes
64,40350,723,13,32771,0.278,0,3,No
51,161814,423,29,32150,0.596,0,2,No
41,140236,477,22,40319,0.608,0,1,No
61,105197,629,3,91553,0.274,4,2,Yes
65,132554,525,18,40605,0.198,0,4,No
46,167815,462,19,76299,0.492,2,4,No
58,43891,792,4,37032,0.239,4,1,No
56,53483,770,8,56896,0.339,5,4,No
37,56135,656,19,7075,0.376,5,0,Yes
23,120093,640,24,31750,0.642,0,4,No
34,167754,454,30,88440,0.28,3,2,No
33,37798,492,19,81322,0.296,1,1,No
61,119575,558,16,66855,0.091,2,4,No
47,199991,529,26,52964,0.448,5,1,No
21,39198,399,27,31797,0.165,5,2,No
37,132378,525,26,49311,0.418,4,3,No
54,57104,329,15,75749,0.195,5,4,No
34,32603,521,26,71430,0.617,2,1,No
37,175081,315,16,72247,0.098,4,4,No
23,63661,757,19,12057,0.608,4,3,No
54,186037,515,19,35474,0.38,3,2,No
60,179856,835,25,43364,0.612,2,3,Yes
45,54340,732,6,82151,0.346,3,4,No
22,95297,539,0,18113,0.077,0,1,No
54,179641,401,11,32755,0.169,3,2,No
46,74411,342,20,88626,0.261,1,0,No
51,133004,717,25,93431,0.613,3,3,Yes
29,183326,620,23,96525,0.506,5,2,No
50,125148,712,23,27228,0.411,2,1,No
40,130573,333,22,94250,0.314,2,1,No
41,183232,744,19,27402,0.318,3,4,No
49,37206,479,22,54748,0.442,2,0,No
45,69211,567,16,64761,0.482,1,4,No
58,26533,833,14,73266,0.336,0,3,No
64,96132,611,5,66698,0.529,0,1,No
45,198455,305,30,80564,0.365,2,2,No
29,31358,847,12,57327,0.359,2,3,No
59,145190,757,22,58630,0.439,0,1,No
64,79395,779,11,34348,0.527,1,0,No
46,188107,367,2,91836,0.408,3,3,No
57,190531,419,7,83641,0.604,0,1,No
36,197359,632,23,46919,0.576,0,2,No
57,176209,645,23,13720,0.512,0,3,Yes
32,150774,544,26,54159,0.327,2,4,No
44,193594,596,15,49072,0.418,2,3,No
46,117459,659,14,81286,0.354,5,3,No
40,63941,647,20,26525,0.054,4,3,No
29,198129,736,28,71330,0.448,0,4,Yes
43,185761,771,6,82881,0.599,2,1,Yes
59,98588,574,15,61965,0.361,0,1,No
49,111938,364,20,27686,0.152,3,1,No
51,96240,368,28,9666,0.326,2,1,No
39,196751,608,23,39563,0.052,0,3,Yes
40,119846,446,24,49462,0.494,2,2,No
43,82428,807,10,88114,0.451,5,3,No
63,190117,475,3,41192,0.441,1,1,No
47,68671,500,15,46822,0.31,1,1,No
50,71903,317,3,32096,0.285,3,4,No
41,36715,635,26,93055,0.214,4,3,No
64,177882,426,22,66424,0.6,3,1,No
55,65583,791,22,21958,0.271,5,3,No
27,118497,350,27,28288,0.383,0,0,No
42,45706,450,29,19430,0.324,1,0,No
30,46316,460,10,43253,0.446,5,2,No
43,192667,487,23,66456,0.639,2,2,No
35,84655,529,15,25783,0.398,0,2,No
50,27497,480,15,99613,0.294,5,0,No
54,38562,769,6,36039,0.414,5,4,No
33,126783,726,22,19046,0.07,0,3,No
24,119377,381,5,42277,0.593,5,2,No
38,164829,703,30,25243,0.151,5,3,Yes
43,34018,777,21,10645,0.374,2,1,No
53,185349,332,9,97430,0.278,5,1,No
54,190644,759,18,35460,0.56,3,2,Yes
54,67020,813,19,52402,0.628,3,0,No
56,135005,717,14,25792,0.087,4,3,No
55,82264,631,25,17690,0.174,4,1,Yes
37,150936,715,3,10214,0.56,2,1,No
48,160242,832,24,75884,0.322,5,4,Yes
34,118202,304,5,14110,0.43,4,3,No
54,197219,583,27,65109,0.273,3,4,No
31,69944,603,25,53149,0.371,0,3,No
33,49714,496,18,73847,0.21,2,2,No
53,74294,553,27,58447,0.404,3,2,No
22,188783,467,26,74611,0.31,3,1,No
54,25220,305,19,10391,0.459,4,3,No
49,64769,441,28,31677,0.415,3,1,No
57,86949,674,21,59118,0.13,5,2,Yes
24,150303,424,11,36697,0.164,0,3,No
32,102828,622,5,91341,0.064,0,2,No
46,184676,694,12,65557,0.265,0,2,Yes
48,41771,466,27,13822,0.214,5,0,No
23,86182,323,27,76325,0.099,1,3,No
40,188786,408,4,83285,0.457,1,3,No
30,55429,509,13,33934,0.48,5,4,No
38,63759,501,13,93323,0.447,0,1,No
47,26839,709,16,10496,0.19,1,3,No
51,153759,301,26,37338,0.427,3,4,No
47,49940,410,25,88736,0.278,2,4,No
62,115528,375,21,76576,0.056,4,3,No
21,32676,511,29,14618,0.631,1,2,No
26,133131,532,3,62117,0.481,5,1,No
31,108988,486,7,31973,0.193,4,3,No
54,172972,574,25,12694,0.236,1,4,No
59,198252,609,0,85815,0.589,5,2,No
40,91196,510,11,10916,0.203,4,2,No
41,143104,650,12,75114,0.105,5,1,No
41,115441,621,20,67112,0.555,3,2,No
38,90913,506,19,59781,0.469,4,4,No
41,167546,389,4,66910,0.376,1,3,No
39,156231,364,24,14919,0.383,4,1,No
24,172001,715,6,5100,0.463,3,3,No
33,193014,591,2,69118,0.596,4,2,No
38,158271,776,18,25777,0.543,2,2,Yes
49,37980,740,6,83173,0.19,1,3,No
45,199069,669,16,28375,0.436,1,2,No
33,199431,731,12,80902,0.453,3,4,No
47,116336,538,23,79528,0.543,1,3,No
39,162348,592,18,34018,0.597,0,4,No
21,43372,536,12,41233,0.085,2,2,No
58,146000,624,7,70598,0.107,1,1,No
39,33168,721,7,66437,0.107,5,4,No
21,49966,729,12,47451,0.465,2,2,No
60,132904,653,1,91158,0.607,2,0,No
37,160987,795,29,60013,0.399,3,2,No
41,195081,592,2,47254,0.391,0,4,No
42,73921,556,12,85702,0.554,4,0,No
35,130439,712,25,96054,0.645,3,1,No
59,185083,680,16,17688,0.615,4,0,No
59,108474,499,5,78171,0.414,3,2,No
52,29047,524,2,22661,0.648,1,2,No
24,41515,593,24,82104,0.484,3,4,No
64,178809,819,0,61848,0.47,2,3,No
65,185120,742,29,68988,0.109,0,4,Yes
52,168999,481,14,10899,0.228,1,1,No
24,89565,799,7,78226,0.4,4,4,No
21,190361,741,29,8737,0.469,3,2,No
53,74592,581,22,99328,0.171,3,0,No
27,100469,412,11,47863,0.535,1,3,No
29,148120,566,6,81120,0.575,4,3,No
21,121017,834,26,39220,0.561,2,3,Yes
36,110311,764,15,75608,0.372,4,2,No
38,39836,685,7,70973,0.254,5,4,No
26,110641,807,8,40834,0.555,2,2,No
22,195615,412,7,76232,0.495,1,3,No
29,155674,616,5,32710,0.073,5,0,No
24,114080,431,0,41546,0.351,1,2,No
65,172025,823,15,22652,0.544,0,4,Yes
43,147393,402,0,41922,0.392,3,1,No
63,127498,484,12,23041,0.211,3,1,No
65,189584,365,10,58546,0.06,0,1,No
63,178002,434,22,71679,0.186,3,2,No
28,74604,424,10,80914,0.417,2,1,No
59,28262,356,18,66211,0.202,5,2,No
45,36213,601,18,46378,0.057,3,2,No
36,49129,313,10,40206,0.092,0,1,No
55,85606,765,24,42984,0.278,5,0,No
37,41524,741,14,73591,0.329,1,2,No
38,43098,326,9,90530,0.505,0,3,No
47,101548,683,19,95204,0.375,5,3,No
35,192345,619,15,64241,0.517,5,4,No
37,87903,518,2,6118,0.14,1,2,No
63,94138,469,28,26124,0.26,5,1,No
25,48059,712,1,94313,0.36,3,4,No
36,197949,718,20,26849,0.059,1,4,Yes
35,198854,415,24,56829,0.626,3,0,No
62,178960,368,13,26738,0.604,2,0,No
54,184470,586,14,92108,0.448,4,0,No
39,166867,760,27,23528,0.178,2,2,Yes
28,111723,448,23,98993,0.133,2,4,No
30,108650,492,7,6342,0.583,1,2,No
25,102156,532,0,91358,0.223,3,0,No
46,96512,461,24,64519,0.276,1,0,No
42,54232,847,23,92218,0.287,3,3,No
64,169356,757,13,29554,0.178,1,0,Yes
43,147499,461,26,61156,0.485,0,0,No
33,130332,452,29,64810,0.395,2,3,No
29,87630,740,13,46353,0.583,3,2,No
40,127022,620,28,69422,0.182,4,1,No
48,136558,375,18,27112,0.254,0,2,No
64,190646,679,7,58023,0.347,0,0,Yes
57,88683,737,8,72817,0.333,4,2,No
44,99081,425,14,91052,0.639,5,4,No
64,189780,499,11,52574,0.408,1,4,No
53,163859,524,17,89496,0.296,5,2,No
40,113978,491,30,21431,0.221,1,1,No
50,184790,821,0,19502,0.396,1,4,Yes
64,153308,545,14,35656,0.378,1,4,No
29,164493,711,30,12997,0.355,3,0,Yes
65,186668,823,0,63253,0.616,0,0,Yes
37,87540,648,0,55627,0.353,4,1,No
56,37365,389,20,97127,0.187,4,1,No
34,142469,761,1,67932,0.144,3,1,No
39,195927,591,3,54070,0.596,5,4,No
27,171847,590,16,84658,0.649,5,1,No
23,134591,668,1,55801,0.405,5,4,No
53,63022,563,6,39177,0.486,4,2,No
64,91448,571,30,32513,0.302,0,0,No
52,62213,368,24,8160,0.567,1,1,No
31,83648,443,21,83522,0.258,5,4,No
62,35715,355,9,20500,0.062,3,1,No
22,58059,376,9,76186,0.073,1,2,No
46,40223,819,12,83731,0.545,2,3,No
24,189307,609,4,31683,0.302,0,3,No
37,170713,389,25,59942,0.631,1,1,No
37,79455,675,26,36265,0.301,3,1,No
48,36391,493,6,93744,0.618,0,4,No
50,113512,636,24,59166,0.332,0,0,Yes
60,45709,805,28,48464,0.483,1,3,No
43,189904,407,13,53711,0.226,2,3,No
44,193728,810,17,84076,0.379,0,3,Yes
49,36655,620,21,70822,0.245,0,0,No
24,38111,775,18,39742,0.456,4,3,No
58,182341,585,25,98535,0.187,3,0,No
49,87275,650,27,56060,0.265,1,3,No
39,89532,544,25,88621,0.43,2,3,No
47,174850,661,19,32491,0.232,1,4,No
49,133553,635,20,76007,0.217,4,4,No
56,117704,521,20,57735,0.278,0,2,Yes
55,142608,737,9,10014,0.423,0,4,No
26,71418,747,7,90237,0.25,5,3,No
43,63708,561,20,58590,0.311,4,3,No
59,131352,600,1,84097,0.063,1,2,No
64,134444,848,13,94184,0.47,5,2,No
28,135353,533,1,63750,0.537,5,1,No
22,198506,500,11,68976,0.546,0,4,No
33,99858,700,16,10378,0.38,0,0,No
60,50977,409,17,39764,0.305,5,0,No
41,155247,807,16,85090,0.162,2,1,Yes
51,84319,510,14,47417,0.444,4,0,No
56,104702,798,2,97698,0.396,3,1,No
58,108670,488,20,17587,0.308,0,2,No
47,123305,484,18,37310,0.419,2,3,No
56,182286,612,26,46674,0.623,3,2,No
43,66108,753,22,82454,0.132,3,0,No
41,187739,548,25,18521,0.629,0,4,No
33,45631,529,10,33715,0.392,3,0,No
57,114652,523,17,21855,0.549,3,4,No
46,57421,353,20,80103,0.646,1,0,No
60,47419,335,28,23645,0.607,0,0,No
27,199385,781,2,6685,0.29,0,1,Yes
59,92579,599,17,20343,0.325,1,0,No
42,157774,588,3,90938,0.414,4,0,No
59,194787,727,27,59677,0.433,4,4,Yes
43,68889,610,8,75193,0.187,5,2,No
50,168834,757,24,27453,0.619,2,1,Yes
38,59155,350,5,43882,0.547,0,2,No
62,152782,808,6,89925,0.128,3,2,No
38,169454,398,0,16620,0.645,5,0,No
30,117192,641,2,13918,0.648,0,4,No
59,54852,684,14,36653,0.263,3,3,No
50,153329,756,1,85890,0.559,0,2,No
46,138417,603,30,87636,0.206,5,0,No
27,73843,565,8,51658,0.146,4,2,No
27,79978,325,25,49584,0.563,2,2,No
25,57130,349,7,11850,0.387,4,0,No
21,166260,664,18,29961,0.087,5,4,No
38,53268,444,25,39106,0.55,3,2,No
33,118342,444,13,11045,0.28,5,2,No
45,139629,466,23,13380,0.151,2,2,No
60,50826,342,9,59107,0.366,0,0,No
28,56995,314,23,55420,0.332,4,3,No
30,160534,428,10,87608,0.532,3,3,No
52,59804,357,29,21248,0.337,3,1,No
37,179245,353,7,32367,0.449,4,1,No
58,74689,523,3,64361,0.262,4,3,No
35,155090,432,22,57062,0.116,3,4,No
35,84496,542,25,78872,0.076,0,2,No
60,165054,509,30,53697,0.242,4,3,No
40,120434,541,7,47316,0.451,3,4,No
35,97399,682,9,15202,0.056,4,2,No
55,43332,509,14,80899,0.199,5,4,No
26,104525,514,12,77761,0.141,0,3,No
50,128482,543,4,80354,0.327,2,4,No
28,177560,370,29,60367,0.498,2,4,No
51,111063,389,24,62791,0.382,1,3,No
52,103483,748,14,5724,0.415,4,2,No
65,155324,455,24,46762,0.618,0,1,Yes
35,69209,677,2,11524,0.324,1,2,No
38,44232,383,2,87075,0.538,4,0,No
33,147993,724,28,20002,0.256,3,1,No
44,142031,785,23,19513,0.422,3,1,Yes
60,78685,381,12,26985,0.511,2,1,No
34,121521,485,22,27637,0.546,4,0,No
48,41545,388,8,95427,0.183,4,0,No
31,82847,459,28,75812,0.203,0,0,No
26,38347,669,1,74688,0.276,1,1,No
45,158706,478,14,11008,0.2,1,3,No
21,161173,504,17,46788,0.374,1,3,No
45,112686,830,22,33884,0.534,2,2,No
22,182042,814,28,82499,0.142,4,0,No
52,42893,415,7,50168,0.294,5,0,No
33,43703,646,2,79049,0.486,0,1,Yes
53,118362,700,0,13713,0.472,3,3,No
52,47489,598,25,24287,0.193,1,2,No
44,131975,809,6,98786,0.446,3,3,No
47,135750,407,29,29626,0.63,1,0,No
24,192839,351,26,48250,0.426,5,4,No
44,44733,652,5,70887,0.246,1,4,No
43,101942,839,28,8030,0.359,2,4,Yes
49,186731,511,30,7735,0.253,2,2,Yes
54,164023,408,29,91072,0.369,0,4,No
41,146519,669,0,23667,0.554,3,1,No
50,89417,828,8,98923,0.13,0,2,No
46,190078,539,10,7360,0.298,3,4,No
40,25740,701,26,7900,0.43,3,4,No
36,118995,479,26,42590,0.329,4,0,No
23,187171,571,21,98045,0.519,5,0,No
57,134339,384,28,24467,0.147,5,2,No
60,34727,794,4,66900,0.575,2,2,No
64,147179,600,2,36521,0.637,2,2,No
45,133767,720,28,35168,0.266,3,2,No
43,182605,509,8,81225,0.118,4,0,No
64,186480,607,6,44420,0.643,3,4,No
21,128523,361,19,83517,0.261,4,3,No
53,90305,304,12,12956,0.345,5,2,No
35,132594,795,0,99071,0.196,4,1,No
37,171110,406,27,60646,0.083,5,2,No
54,132887,822,19,17689,0.125,4,4,Yes
37,100759,773,2,30551,0.193,3,2,No
61,74061,686,5,40277,0.643,0,4,No
64,182326,478,10,23182,0.528,5,1,No
24,182794,789,16,47917,0.302,2,3,No
33,44208,365,26,48795,0.242,5,4,No
24,85640,828,14,63243,0.136,0,4,No
27,111090,686,3,18061,0.341,5,2,No
29,45165,686,0,54393,0.594,0,4,No
43,118476,635,0,97806,0.646,4,4,No
53,175584,350,5,56229,0.591,3,4,No
53,158051,606,21,70494,0.089,4,1,No
40,118809,559,8,79267,0.145,3,1,No
24,162684,510,13,23789,0.135,2,4,No
21,51763,730,13,47722,0.147,5,3,No
62,162094,348,26,82367,0.125,1,0,No
54,84750,740,6,71688,0.108,2,1,Yes
47,184127,545,5,48351,0.26,4,4,No
41,98368,850,18,8387,0.145,2,0,Yes
44,149349,751,2,21566,0.137,4,0,Yes
35,148859,444,4,68824,0.365,5,2,No
55,173711,546,21,31711,0.172,3,3,Yes
45,25299,660,5,90907,0.054,1,2,No
29,144209,315,7,39234,0.468,4,4,No
37,153377,689,23,92580,0.247,4,0,No
41,121190,647,12,66211,0.492,5,0,No
33,137533,580,12,58951,0.586,2,0,No
23,108200,850,0,49923,0.605,5,2,No
24,169100,444,18,92528,0.157,0,1,No
24,50437,345,20,82695,0.454,0,3,No
63,29589,762,8,78963,0.095,4,0,No
48,98669,669,3,44946,0.328,5,3,No
27,105995,606,4,18967,0.306,0,0,Yes
46,175240,701,16,71979,0.172,2,2,Yes
31,88845,793,6,82146,0.515,0,4,No
44,97934,831,17,29348,0.598,1,1,No
63,48092,642,12,49639,0.205,5,4,No
30,168449,432,27,62610,0.2,4,2,No
57,143847,811,0,16463,0.167,5,0,Yes
33,116168,617,13,40504,0.462,2,3,No
64,71635,567,13,52924,0.084,4,2,Yes
62,125604,523,12,31986,0.088,5,4,No
59,80402,301,28,7371,0.154,5,4,No
39,105801,540,17,14336,0.377,3,4,No
39,127295,416,7,98387,0.202,2,0,No
32,107433,848,0,80962,0.642,0,4,No
42,127535,736,14,75386,0.287,4,4,Yes
57,33312,610,16,43591,0.332,2,0,No
50,109767,515,16,11967,0.089,3,0,No
32,87263,516,26,92995,0.473,2,2,No
49,189957,644,29,14112,0.523,2,0,Yes
41,68951,377,1,41947,0.251,3,3,No
31,133119,418,13,91321,0.486,1,3,No
57,196701,729,0,25713,0.187,1,1,No
38,191078,618,1,55182,0.529,1,0,Yes
64,129904,506,26,68327,0.375,0,4,No
47,181450,621,6,9306,0.288,4,1,No
57,48393,303,0,92819,0.482,5,3,No
32,163238,476,9,32370,0.419,0,2,No
43,127677,648,17,71158,0.369,0,2,No
54,131450,609,2,42540,0.177,3,1,Yes
58,92007,379,17,10385,0.56,5,4,No
43,99554,343,18,88798,0.309,0,0,No
45,54616,782,12,94041,0.317,4,2,No
24,186843,752,22,44861,0.171,2,4,No
50,173884,498,1,27389,0.609,3,0,No
50,150323,507,2,98836,0.383,1,1,No
33,79026,493,21,97413,0.328,0,0,No
62,171101,311,3,51657,0.636,3,3,No
34,94842,688,16,12825,0.27,5,4,No
28,38177,425,7,73386,0.069,0,2,No
44,182673,647,22,24311,0.188,4,4,No
38,174773,371,7,95344,0.498,1,4,No
55,31688,739,24,13095,0.144,2,2,No
45,173462,601,24,10271,0.144,5,1,No
37,115956,648,2,98676,0.323,2,1,No
52,62879,420,14,92846,0.322,1,0,No
44,114369,599,10,46697,0.326,2,4,No
27,57492,507,8,33185,0.182,1,1,No
33,175743,773,10,9862,0.151,4,1,Yes
47,151383,513,5,76465,0.511,4,3,No
25,145128,634,9,90572,0.412,2,0,No
56,126165,376,9,43184,0.243,3,4,No
46,74790,449,17,36391,0.168,0,4,No
62,99220,551,12,69007,0.577,2,2,No
65,52574,512,16,84889,0.132,5,2,No
51,96261,797,3,9793,0.4,2,0,No
30,167921,328,24,17149,0.416,0,3,No
46,145283,812,17,73224,0.564,4,3,No
42,187243,372,0,92703,0.084,5,1,No
32,124789,505,28,97334,0.235,5,1,No
52,188723,351,17,30424,0.63,2,4,No
47,162653,621,6,15814,0.391,1,4,No
53,161293,525,28,69915,0.301,0,3,No
40,148438,361,4,54265,0.24,0,0,No
59,77900,318,15,18533,0.14,3,3,No
61,116081,610,30,74030,0.162,4,1,No
60,161104,740,4,35742,0.518,4,4,No
33,195266,822,9,91361,0.197,2,3,Yes
34,61777,384,30,63372,0.182,5,3,No
64,177779,838,28,66453,0.241,0,0,Yes
60,147965,302,28,89596,0.504,1,4,No
42,186692,542,15,30311,0.302,4,1,No
38,152852,704,3,9524,0.067,1,0,Yes
49,191968,342,0,34123,0.358,3,3,No
63,62069,532,7,13725,0.217,3,2,No
36,152766,807,27,28664,0.325,1,3,No
55,156005,649,0,17044,0.58,1,3,No
54,135549,739,25,29903,0.168,2,1,No
23,145097,850,27,74832,0.253,0,4,Yes
24,107866,462,2,30529,0.617,0,4,No
25,84337,598,17,75043,0.514,3,3,No
30,93976,320,1,17416,0.215,4,2,No
49,26545,309,24,52246,0.114,4,4,No
52,155867,344,24,24334,0.61,2,0,No
51,77659,302,4,90392,0.137,5,4,No
22,187552,342,10,41299,0.269,4,3,No
32,57797,479,13,31558,0.249,5,3,No
47,121480,596,17,89086,0.12,3,3,No
25,184408,676,9,47204,0.11,3,2,No
57,126983,406,6,39380,0.219,5,4,No
47,82872,729,7,9212,0.271,0,2,No
43,90661,412,27,73663,0.631,2,0,No
53,62676,676,24,44839,0.372,5,1,No
24,184504,346,19,60017,0.595,3,2,No
41,162714,583,16,66564,0.127,0,2,No
44,197685,630,6,72444,0.193,2,0,No
64,122651,535,22,50964,0.148,5,4,Yes
51,152113,584,15,93156,0.275,2,1,Yes
64,115061,739,16,79970,0.601,1,2,No
44,132236,548,3,57742,0.226,4,2,No
30,196793,356,3,50196,0.407,4,4,No
22,180938,736,27,65038,0.599,0,3,No
51,101719,373,29,51690,0.352,5,4,No
45,101305,418,0,63901,0.367,5,4,No
24,167003,590,22,64789,0.382,4,4,Yes
31,174149,632,2,37276,0.218,4,1,No
37,50895,357,11,51609,0.301,3,1,No
64,77814,799,16,92087,0.558,0,1,No
22,122272,557,15,21476,0.29,0,3,Yes
26,105290,781,27,21409,0.301,4,1,Yes
29,73793,768,13,81838,0.12,4,2,No
25,106754,625,22,33836,0.328,4,3,No
40,69189,362,2,21061,0.1,5,2,No
49,79346,479,18,50503,0.21,5,2,No
41,26395,530,28,5492,0.638,2,1,No
29,28961,463,28,42309,0.593,0,0,No
48,60382,659,18,11026,0.423,2,3,No
28,113790,509,15,65816,0.478,5,1,No
51,42928,745,3,50835,0.193,4,2,No
40,37093,722,20,59487,0.136,4,2,No
47,116892,432,29,53100,0.381,0,2,No
28,164058,502,16,60792,0.589,5,2,No
41,51726,766,18,49215,0.549,3,3,No
48,103196,752,11,22284,0.403,3,0,No
43,97570,302,29,64260,0.641,0,4,No
26,89619,388,0,42004,0.199,0,1,No
23,169652,350,18,81204,0.51,2,3,No
25,133464,752,18,19750,0.22,5,4,No
29,157276,779,19,91486,0.635,5,3,No
27,49331,432,11,73239,0.209,3,3,No
24,159655,546,25,29501,0.269,1,4,No
59,69099,695,11,42843,0.336,2,3,No
25,151854,458,16,89655,0.243,5,2,No
31,32539,764,4,84039,0.215,1,3,Yes
35,69379,449,27,76985,0.332,5,3,No
54,81292,607,3,17434,0.54,5,4,No
33,149612,797,28,42930,0.514,1,1,No
27,164295,604,4,97132,0.317,0,3,No
60,100696,611,5,54516,0.238,3,1,No
26,187411,842,2,29151,0.129,3,0,No
59,89590,546,14,10300,0.572,4,0,No
50,36522,534,2,41014,0.582,2,2,No
42,126872,631,12,13248,0.09,2,2,No
45,53014,470,4,48272,0.499,0,4,No
48,147894,774,20,12000,0.58,3,2,No
40,69082,664,8,71190,0.492,0,3,No
59,77945,304,22,81523,0.254,2,1,No
23,152444,815,14,6562,0.307,4,3,No
25,98492,786,21,71732,0.23,0,3,No
21,163457,732,1,80764,0.376,0,4,No
35,89552,611,8,17293,0.584,2,2,No
46,190634,800,25,57774,0.453,3,3,Yes
23,91944,554,14,67207,0.325,2,4,No
60,156988,579,30,77498,0.566,4,3,No
61,90226,610,2,17060,0.051,5,0,No
62,78583,508,6,79833,0.215,3,4,No
54,133180,624,7,74772,0.312,4,0,No
25,96882,790,12,67341,0.406,2,4,No
51,139173,458,24,65517,0.647,3,2,No
33,192006,831,29,93929,0.434,5,1,No
63,41448,760,20,84953,0.279,2,1,No
21,192490,353,21,30213,0.485,5,1,No
42,39715,692,14,48974,0.64,0,3,No
35,190855,543,5,42412,0.417,5,0,No
46,50897,635,20,68989,0.261,0,1,Yes
38,127328,492,12,76119,0.459,3,1,No
29,178770,443,6,5461,0.328,5,1,No
21,66572,511,16,65365,0.371,3,1,No
63,164915,590,14,43976,0.623,4,0,No
29,56551,798,4,43199,0.312,2,0,No
43,124691,430,26,25384,0.238,5,2,No
63,52442,576,9,90191,0.431,4,3,No
65,182768,690,21,55522,0.391,5,4,No
22,112099,633,11,36481,0.288,2,2,No
34,113399,577,18,40193,0.232,1,1,No
58,29763,441,17,74011,0.365,4,1,No
60,52771,366,3,91070,0.148,3,0,No
38,122734,688,12,99239,0.211,5,4,No
36,111029,358,2,57064,0.56,0,0,No
49,161607,692,5,70273,0.595,2,3,No
64,57519,808,5,23961,0.286,4,0,Yes
31,154050,475,3,97964,0.55,2,3,No
26,168092,401,27,32838,0.112,5,2,No
23,185817,336,3,40602,0.18,4,3,No
34,55906,623,12,27660,0.408,3,4,No
22,191968,733,9,37055,0.457,1,1,No
52,111786,795,9,48147,0.201,4,0,Yes
51,36297,835,10,19784,0.614,5,2,No
31,153996,425,12,10328,0.424,5,0,No
42,79183,604,9,13583,0.603,2,2,No
23,182855,555,10,69132,0.114,4,1,No
51,71791,691,17,97642,0.4,4,4,No
53,55086,796,6,64163,0.255,2,4,Yes
44,133818,756,8,59734,0.57,4,3,No
21,120520,305,12,55267,0.058,0,3,No
64,108957,664,24,60385,0.51,1,0,No
35,152233,606,9,38122,0.148,3,3,No
57,66922,301,17,81879,0.584,5,4,No
47,26243,457,14,48570,0.327,1,0,No
58,148412,527,24,8510,0.153,4,1,No
47,67829,498,4,75754,0.541,4,1,No
64,77282,699,14,54054,0.352,1,1,No
32,177935,382,10,44610,0.087,5,1,No
23,57337,738,27,81338,0.07,5,2,No
50,124957,740,5,22218,0.202,1,4,No
52,180760,761,0,54169,0.478,2,0,Yes
43,32974,344,13,28156,0.311,2,2,No
22,165563,735,14,41048,0.366,3,2,Yes
27,27304,474,28,87079,0.132,1,1,No
54,185072,844,6,9170,0.482,0,1,Yes
52,113840,683,14,66131,0.267,1,1,No
59,36498,707,15,47669,0.251,1,0,Yes
52,102874,846,23,38443,0.399,1,4,Yes
63,149581,491,4,37843,0.509,4,1,No
63,159886,384,21,61971,0.064,1,3,No
34,150710,763,19,41154,0.079,1,4,No
23,117755,615,30,80987,0.108,5,2,No
52,54925,328,18,54474,0.558,4,1,No
63,103045,573,18,18031,0.563,3,0,No
56,193878,485,17,77042,0.433,4,1,No
37,38365,347,25,28214,0.078,5,2,No
23,192621,566,5,83071,0.501,3,0,No
30,59726,686,8,22065,0.571,0,4,No
60,75448,445,29,21128,0.599,0,0,No
38,195181,315,30,95250,0.531,4,0,No
23,88615,596,2,19060,0.319,5,1,No
59,145411,748,16,18091,0.325,2,3,Yes
30,34224,726,9,42498,0.348,2,1,No
29,95618,646,15,30918,0.334,5,1,No
31,111242,586,0,57311,0.359,5,4,No
53,196141,792,3,45894,0.099,3,4,No
56,187006,583,30,76163,0.539,3,3,Yes
46,54526,838,29,59670,0.052,0,4,Yes
47,44612,820,0,57024,0.069,0,0,No
58,108395,676,25,62729,0.066,2,2,Yes
42,150245,679,17,38052,0.59,0,1,No
46,191247,721,19,7901,0.647,4,2,Yes
42,140623,518,3,99248,0.228,4,3,No
25,68927,356,10,64642,0.125,0,1,No
55,128719,413,27,5138,0.061,3,4,No
22,47073,545,23,29158,0.591,1,3,No
55,150517,774,3,80133,0.265,5,4,Yes
29,111257,367,30,66395,0.345,4,1,No
38,162644,357,18,82674,0.275,4,4,No
63,160022,603,3,23126,0.594,0,1,Yes
32,109578,614,4,46715,0.55,2,4,No
23,35006,375,20,31654,0.588,4,4,No
38,196325,602,12,42596,0.308,5,2,No
58,183803,775,3,96933,0.18,3,3,No
27,190487,301,9,33252,0.411,2,4,No
53,72813,339,17,33179,0.177,5,1,No
26,151491,347,2,88400,0.245,1,0,No
38,196932,356,25,79996,0.617,3,4,No
65,47013,811,25,52972,0.573,5,0,No
42,28244,311,18,77822,0.312,0,3,No
59,102428,757,4,59315,0.242,5,2,No
29,66462,623,10,36249,0.397,5,3,No
55,178826,840,1,16472,0.508,5,4,Yes
43,45588,391,30,16856,0.167,2,4,No
32,87182,638,17,95553,0.594,5,3,No
44,143500,670,10,39556,0.163,4,2,Yes
60,179710,555,11,19149,0.416,3,3,Yes
29,25785,800,15,36413,0.38,4,4,No
33,156299,397,25,20341,0.247,0,3,No
60,95483,345,1,10385,0.387,3,4,No
62,163549,319,26,73196,0.578,0,1,No
37,42211,358,21,14004,0.248,5,2,No
27,104430,539,23,53310,0.581,3,3,No
37,184459,675,25,66376,0.088,3,3,No
44,35217,335,15,52400,0.37,4,0,No
22,36556,812,15,80331,0.226,5,2,No
55,102104,686,21,90732,0.608,4,0,No
48,51914,482,3,23942,0.078,4,0,No
39,181776,615,7,31547,0.061,3,4,No
53,178538,686,3,65527,0.536,4,0,No
41,176004,384,10,92685,0.494,3,1,No
30,63199,746,24,77728,0.143,3,0,No
65,184849,527,7,57288,0.615,2,3,No
29,175126,348,28,65131,0.574,4,0,No
58,28339,601,11,87173,0.196,0,1,No
26,109709,364,30,69770,0.461,1,2,No
62,123118,768,3,7155,0.307,4,4,No
55,85534,671,6,43695,0.386,5,1,No
38,117604,839,12,13255,0.525,5,3,No
39,63316,776,10,29665,0.428,3,3,No
25,112022,629,9,95107,0.106,5,0,No
45,81670,308,26,5545,0.414,0,0,No
31,186713,461,8,27295,0.161,3,0,No
30,86745,703,5,19845,0.317,5,0,No
37,44046,605,16,68141,0.286,2,4,No
56,172657,396,12,59452,0.1,0,0,No
46,32087,789,5,75071,0.109,5,2,No
51,136638,820,23,65432,0.523,0,4,Yes
52,151041,577,24,34152,0.396,2,4,Yes
41,66430,801,16,44147,0.634,3,2,No
38,65711,795,12,20595,0.621,2,4,No
38,126660,786,20,83478,0.164,2,4,No
21,199388,622,14,19690,0.563,1,4,No
34,68543,508,15,77717,0.246,4,4,No
28,160543,308,20,55876,0.153,2,0,No
22,52122,602,23,58184,0.321,0,0,No
35,93659,591,6,84205,0.221,0,1,No
54,101869,653,20,42612,0.355,3,1,No
56,76459,301,12,26156,0.439,0,2,No
21,63771,774,30,37331,0.232,1,1,No
41,94326,807,27,61692,0.376,2,0,No
62,57036,363,5,63594,0.425,3,2,No
21,80087,709,7,18855,0.42,1,0,No
52,191950,410,21,45449,0.605,4,4,No
40,157673,717,9,93928,0.439,2,3,Yes
56,167860,507,20,44313,0.25,5,3,Yes
59,177379,391,9,42998,0.107,3,1,No
50,183201,377,0,80001,0.342,3,0,No
27,168784,817,11,30743,0.396,2,0,No
42,47303,345,7,99553,0.384,0,2,No
65,71515,827,7,68748,0.38,2,3,Yes
30,172076,550,28,32791,0.275,3,1,No
28,110698,753,21,13299,0.625,5,1,No
47,118773,755,6,43223,0.418,3,1,No
30,101025,549,6,82620,0.183,5,1,No
34,145551,475,14,92355,0.054,5,0,No
31,107099,711,11,7255,0.392,3,4,No
26,45349,713,15,62862,0.498,3,2,No
41,71059,584,26,54883,0.116,5,1,No
53,171757,774,15,35337,0.33,2,2,Yes
39,197769,605,1,17146,0.633,3,3,No
59,127023,814,13,72426,0.347,0,1,No
44,146018,748,15,62374,0.562,5,1,No
38,139742,522,13,47216,0.134,3,3,No
55,51009,580,5,48978,0.321,5,1,No
63,147686,506,22,70596,0.262,4,1,No
57,135138,678,23,62437,0.067,5,3,No
39,143871,781,28,66021,0.363,3,3,No
44,44678,573,17,6824,0.289,5,0,No
54,61623,580,9,39955,0.417,1,2,No
42,38369,655,23,56657,0.378,0,1,No
24,191591,684,26,79934,0.322,4,3,No
30,124028,436,14,71539,0.111,1,3,No
22,132749,468,17,43637,0.316,5,4,No
28,67256,577,8,54450,0.633,0,2,No
53,103893,529,15,62961,0.215,3,4,No
58,116006,793,15,38264,0.281,3,1,No
63,109419,493,1,45416,0.555,3,3,No
48,157401,788,30,66029,0.362,3,1,No
30,117586,575,30,70758,0.051,0,0,No
65,154141,514,14,18572,0.374,2,2,Yes
21,56407,501,30,31580,0.573,5,1,No
54,144805,361,18,88075,0.464,5,2,No
23,103074,432,23,64027,0.504,1,3,No
29,174906,419,10,69751,0.073,3,1,No
25,72303,456,21,35261,0.158,3,4,No
62,132665,588,28,19574,0.401,2,0,No
30,64825,655,24,13268,0.142,5,4,No
32,102167,312,30,79641,0.502,0,0,No
38,68327,758,7,38184,0.186,2,0,No
41,94830,711,9,77484,0.241,3,2,No
41,67424,801,5,48235,0.075,5,1,No
21,136674,806,30,82960,0.306,3,1,Yes
23,108650,573,18,21921,0.203,2,3,No
25,85638,530,2,81800,0.07,1,0,No
45,179649,527,17,68640,0.13,0,4,No
28,188247,729,7,84959,0.285,4,4,No
37,144309,444,25,25125,0.255,2,1,No
29,139952,460,28,69041,0.567,0,4,No
52,138670,588,20,19571,0.232,5,3,No
26,108949,651,8,54402,0.299,2,4,No
60,83587,383,4,16662,0.295,0,0,No
41,159838,833,4,33378,0.409,1,3,Yes
27,64824,424,23,52425,0.592,1,2,No
27,51056,480,14,91793,0.455,0,4,No
59,33299,792,23,92193,0.553,0,0,Yes
47,61331,729,27,31119,0.162,0,4,No
28,199938,343,1,72257,0.554,2,3,No
29,152611,669,23,18376,0.47,3,1,No
48,163921,718,12,33927,0.227,4,2,Yes
35,169843,662,22,33814,0.587,5,0,Yes
22,54604,577,11,99403,0.449,2,0,No
27,162107,744,27,56650,0.331,1,3,No
38,98495,516,21,85876,0.473,1,2,No
42,28196,384,28,20913,0.054,0,2,No
30,75337,788,2,86025,0.244,1,0,No
53,61899,636,4,61722,0.516,0,4,No
27,175531,378,28,66330,0.565,1,1,No
23,118270,818,17,21744,0.53,2,2,Yes
34,101687,755,10,75904,0.489,0,4,No
64,192687,588,29,97848,0.349,3,2,No
56,164866,783,15,62591,0.164,3,4,No
33,49358,655,8,59457,0.116,5,1,No
36,58849,380,20,94508,0.604,4,1,No
36,87603,421,23,82633,0.176,5,0,No
25,144043,801,20,96928,0.197,2,2,No
45,114582,347,25,43758,0.483,5,4,No
58,33389,708,8,48477,0.504,2,2,No
58,197454,312,11,51933,0.295,3,2,No
58,108061,523,10,19539,0.095,0,1,Yes
59,81087,526,0,8821,0.341,3,3,No
61,156028,663,5,27509,0.538,5,1,No
46,100781,490,12,6163,0.579,5,0,No
33,102895,767,23,42876,0.44,1,4,No
64,122184,327,27,38595,0.461,2,3,No
46,160599,738,22,11111,0.064,4,3,No
21,135971,522,30,48363,0.178,5,3,No
28,31693,341,1,86549,0.498,5,4,No
24,62671,488,28,99361,0.368,4,4,No
41,57823,337,17,74851,0.402,2,1,No
42,103950,636,15,26641,0.536,5,0,No
57,131786,408,26,63786,0.452,4,4,No
23,105586,663,9,63284,0.302,3,4,No
39,43378,432,16,26127,0.634,4,3,No
21,42218,639,15,6427,0.195,1,4,No
49,170598,809,16,97328,0.254,0,2,No
43,105278,462,14,18162,0.451,4,3,No
53,143997,603,2,42916,0.189,4,3,No
61,198946,353,30,35526,0.278,1,3,No
43,134097,453,2,84745,0.465,5,0,No
25,124805,673,26,90031,0.253,1,1,Yes
27,105831,726,23,33587,0.084,1,0,Yes
26,106089,341,8,16698,0.386,2,1,No
42,69281,641,4,58198,0.512,2,0,No
33,111608,461,16,12732,0.496,5,1,No
32,170777,516,29,12491,0.423,5,2,No
24,172475,339,17,67441,0.509,3,1,No
28,42416,792,26,78484,0.17,1,4,No
57,66784,324,15,21027,0.49,3,1,No
51,137251,584,19,9087,0.08,3,2,No
57,88376,366,8,21679,0.494,1,2,No
65,36853,602,14,7510,0.08,4,2,Yes
46,53369,777,27,18117,0.513,4,0,No
63,25747,515,20,70824,0.581,4,2,No
28,199398,404,8,19576,0.547,0,4,No
60,139375,732,28,15443,0.259,2,1,Yes
53,195844,349,12,55726,0.635,5,4,No
65,107887,511,0,62994,0.361,3,1,No
49,152227,688,15,97122,0.278,3,2,No
25,185083,568,8,57079,0.399,0,1,No
48,109718,490,23,96597,0.233,1,0,No
60,75956,594,12,19990,0.157,0,3,Yes
37,92559,728,29,46520,0.148,1,0,Yes
43,99128,316,13,58665,0.152,4,4,No
65,88769,531,10,5214,0.187,3,2,No
29,56109,742,0,15176,0.582,1,3,No
22,111352,654,22,33889,0.293,0,0,Yes
52,51499,651,13,89105,0.05,2,2,No
51,182016,780,20,90471,0.232,1,3,Yes
27,122798,677,25,60081,0.648,3,4,No
50,199352,691,23,94379,0.492,3,0,No
23,126628,329,19,59828,0.352,5,2,No
29,146851,430,17,81111,0.126,3,3,No
30,174333,700,30,56721,0.323,2,3,No
46,199719,422,0,24809,0.434,2,3,No
21,83741,350,22,41711,0.601,4,0,No
50,48345,491,0,11521,0.345,4,4,No
58,166183,373,24,61516,0.379,2,4,No
35,172461,678,16,20224,0.391,5,1,No
45,128837,802,21,19955,0.62,4,1,No
26,165785,771,1,32195,0.253,3,4,No
38,192718,410,30,81113,0.566,0,2,No
21,175925,667,26,9236,0.309,2,3,Yes
23,165085,476,30,16492,0.495,4,2,No
37,144021,319,21,55314,0.34,5,2,No
28,146321,504,21,74890,0.383,1,2,No
60,28093,840,15,38679,0.247,2,3,No
37,123057,821,4,53848,0.299,0,2,Yes
45,182953,308,4,39616,0.365,2,0,No
61,186839,332,23,17517,0.413,5,2,No
32,196817,451,6,88468,0.272,4,4,No
49,125854,379,20,22968,0.551,2,0,No
45,84530,843,3,53940,0.481,1,1,No
56,58993,815,0,5359,0.321,1,2,No
45,52132,425,29,73231,0.491,5,4,No
49,197685,807,17,63025,0.054,1,0,Yes
31,81552,674,9,5631,0.406,5,3,No
24,95092,833,6,70269,0.365,3,2,Yes
34,158789,450,25,95566,0.359,3,1,No
58,126696,517,10,84930,0.412,0,4,No
37,180610,581,0,53204,0.531,1,0,No
22,198094,604,28,82628,0.078,4,3,No
28,63890,494,28,22328,0.139,3,0,No
56,64407,725,24,90245,0.056,4,3,No
30,48402,363,5,54938,0.193,3,4,No
27,183296,472,4,13118,0.637,4,0,No
56,136749,696,21,49088,0.274,5,0,Yes
36,95286,459,12,24518,0.396,3,0,No
34,38820,729,16,6473,0.644,2,4,No
36,125958,350,17,69519,0.426,3,0,No
45,60837,514,6,91570,0.153,4,0,No
61,177050,839,5,61089,0.533,3,0,Yes
24,169785,574,6,36179,0.381,4,2,No
49,65431,661,11,20812,0.647,0,0,No
26,56207,699,5,88994,0.503,3,4,No
21,31142,383,22,22655,0.647,3,4,No
59,28755,526,15,67634,0.584,5,0,No
21,91366,316,22,24394,0.159,1,3,No
60,136929,519,21,47165,0.499,3,0,No
23,195414,751,7,86461,0.349,1,2,No
21,104229,769,14,36155,0.128,0,1,Yes
21,31121,650,29,68817,0.391,0,1,No
59,184376,404,22,39572,0.106,1,2,No
41,73294,569,8,81050,0.507,1,3,No
65,112994,363,12,83686,0.267,0,0,No
50,89902,451,20,9723,0.535,5,0,No
52,68704,738,11,71653,0.459,5,4,No
53,59612,788,27,34753,0.577,3,0,Yes
42,140149,499,13,83879,0.162,3,2,No
50,121081,331,7,51640,0.437,4,0,No
24,142679,300,14,40429,0.568,3,4,No
43,179299,451,23,15084,0.187,4,2,No
64,83922,660,23,51733,0.52,1,1,No
45,90736,669,3,38837,0.221,5,4,No
32,107435,557,8,15843,0.539,1,4,No
37,177906,821,25,81988,0.359,2,0,No
35,187397,402,19,96667,0.45,3,3,No
30,54546,489,5,43552,0.272,4,1,No
55,113410,563,26,82258,0.546,0,2,No
49,183044,486,5,72260,0.124,5,2,No
32,28696,804,1,54178,0.166,5,4,No
21,77445,677,27,40064,0.104,1,3,No
21,113921,644,22,29534,0.62,3,0,No
30,174085,505,28,84602,0.33,3,1,No
38,176474,532,6,62474,0.336,2,2,No
22,193329,362,0,43898,0.231,3,1,No
28,147251,668,28,80716,0.332,1,2,No
42,92552,639,20,65343,0.191,5,2,No
42,87417,838,8,55357,0.621,2,2,No
46,66126,381,25,27070,0.208,1,2,No
46,58743,847,4,75368,0.605,2,4,No
29,111467,767,25,50005,0.343,3,1,Yes
41,65073,673,22,52879,0.312,4,0,No
51,42243,533,8,72904,0.532,0,2,No
63,45328,456,27,31994,0.347,2,4,No
26,25209,378,12,13678,0.21,4,4,No
34,34800,596,28,67497,0.311,4,2,No
53,90749,535,0,27528,0.314,3,0,No
27,112817,839,24,18117,0.227,1,3,Yes
44,53007,491,19,7021,0.302,2,1,No
29,63550,346,14,70317,0.122,0,3,No
31,196242,828,16,27023,0.614,4,4,No
43,181620,714,7,35812,0.434,5,0,No
22,184447,644,14,89284,0.166,3,4,No
35,153396,823,18,7596,0.524,1,2,No
55,90839,575,10,59484,0.21,3,0,No
56,146964,702,7,44966,0.408,4,0,No
48,115094,560,5,51189,0.599,3,4,Yes
59,75012,553,5,99121,0.509,0,0,No
64,191007,314,7,18463,0.123,3,2,No
24,96495,836,24,69872,0.377,4,3,No
30,122489,462,23,82300,0.475,5,4,No
26,191314,407,27,17286,0.171,5,1,No
50,125681,362,22,77130,0.11,0,4,No
55,51326,542,18,99687,0.139,3,4,No
63,155194,602,28,63557,0.628,0,3,Yes
30,110331,415,19,5645,0.557,2,2,No
52,78811,619,8,74574,0.565,0,1,No
62,78537,321,26,22458,0.198,0,4,No
62,82829,763,19,23830,0.385,0,1,Yes
23,34552,762,23,61767,0.343,3,2,No
46,40485,789,5,42805,0.551,3,4,No
35,189612,635,30,40565,0.303,1,3,Yes
37,102505,682,4,16339,0.373,0,2,No
47,75984,429,15,78980,0.399,0,2,No
38,163677,425,6,47705,0.273,2,0,No
39,124603,669,0,53037,0.07,4,0,No
32,106389,670,9,85573,0.347,3,1,No
44,180829,708,18,92617,0.346,5,0,No
25,149142,560,4,64926,0.075,1,3,No
44,69865,327,19,35624,0.342,2,1,No
47,87811,749,18,88901,0.357,1,0,No
50,33337,826,29,26530,0.131,2,1,Yes
35,102670,482,18,23748,0.136,3,0,No
58,157911,675,8,47986,0.612,4,4,No
64,78102,509,20,58404,0.164,0,4,No
54,42702,825,2,37037,0.237,3,2,Yes
47,41359,331,26,36815,0.229,2,3,No
40,113038,343,20,65988,0.445,5,2,No
61,57514,753,27,92353,0.435,3,2,No
52,199290,647,8,56891,0.598,5,2,No
24,159012,415,18,57369,0.292,1,3,No
25,48953,671,15,80819,0.518,3,3,No
28,63226,765,29,12239,0.276,4,2,Yes
42,27052,741,20,56379,0.194,2,4,No
62,162377,303,1,93407,0.585,5,4,No
27,164479,670,7,45456,0.34,3,1,No
42,25785,743,13,16171,0.284,2,4,No
50,147026,537,5,32463,0.593,0,1,No
57,170344,358,11,30795,0.614,4,3,No
36,35491,630,23,44725,0.321,2,4,No
35,102480,815,0,67039,0.062,0,2,No
25,159181,695,17,76984,0.069,5,1,No
23,168587,602,22,94291,0.415,4,3,No
43,145741,780,6,82650,0.561,1,3,No
30,193844,528,27,35705,0.575,2,1,No
25,178212,439,26,8033,0.591,2,1,No
43,97981,353,24,59615,0.535,4,0,No
35,58052,741,11,55110,0.573,5,0,No
38,69541,442,11,75569,0.555,0,0,No
45,154672,396,5,12192,0.554,1,1,No
28,158485,570,27,39792,0.246,2,3,No
51,174099,429,22,69911,0.286,3,3,No
41,165391,824,19,89221,0.24,5,1,Yes
22,184120,816,1,76548,0.143,1,0,No
42,186444,716,24,89399,0.249,3,2,No
28,96871,843,10,52868,0.594,4,0,No
43,74795,480,15,35615,0.633,2,3,No
52,146999,536,0,24687,0.14,0,1,No
28,89394,811,5,91135,0.447,2,1,No
24,117890,832,9,75305,0.63,3,4,No
50,197057,737,8,49758,0.174,1,3,No
39,133541,524,25,24507,0.554,4,2,No
43,127241,502,9,41433,0.228,0,2,No
38,95343,340,17,43461,0.296,3,2,No
49,171022,435,17,41212,0.6,5,4,No
43,96872,783,27,16447,0.085,0,4,No
53,162596,332,8,24494,0.319,5,0,No
38,63490,328,12,32174,0.353,1,2,No
64,75220,650,25,8000,0.591,5,2,No
53,197970,356,9,76451,0.394,4,1,No
27,192938,627,8,85548,0.617,4,2,No
48,40265,744,3,78715,0.241,4,0,Yes
21,118759,770,14,18145,0.346,2,4,Yes
59,54830,669,23,24674,0.064,5,3,No
54,104138,670,7,20851,0.643,3,3,No
59,166589,671,26,83014,0.19,0,3,Yes
39,164167,789,1,86144,0.607,1,0,Yes
51,72385,552,3,41730,0.29,2,0,No
33,75295,785,5,85428,0.149,5,4,No
44,47277,557,30,79126,0.302,3,4,No
25,114261,738,19,75511,0.244,4,1,No
43,121714,317,6,69810,0.621,0,0,No
39,196637,518,12,9066,0.513,4,1,No
21,126048,811,25,86856,0.174,2,3,Yes
53,78822,477,27,96710,0.374,3,3,No
53,26920,508,4,56911,0.452,0,3,No
52,165948,826,3,61180,0.398,3,1,No
48,178068,534,21,49996,0.6,1,2,No
57,162491,434,5,41518,0.118,4,4,Yes
61,34160,508,4,86271,0.074,5,4,No
32,56706,510,21,81542,0.417,1,1,No
29,195012,572,30,19198,0.497,3,1,No
31,63698,459,30,22250,0.536,2,2,No
53,193578,443,4,87613,0.177,0,3,Yes
39,47879,807,6,85104,0.164,0,1,No
62,176845,633,29,90325,0.553,2,3,No
54,103570,801,4,33562,0.253,3,2,No
27,28884,743,3,52937,0.446,3,4,No
51,124036,385,26,11444,0.14,0,1,No
22,56803,479,8,24853,0.531,3,2,No
39,176135,379,4,82548,0.627,0,1,No
58,45236,453,21,69262,0.633,0,0,No
52,187334,478,1,77706,0.361,1,0,No
30,127003,598,16,14622,0.194,0,4,No
61,95717,625,18,52676,0.135,0,3,Yes
28,147001,308,6,29485,0.197,2,1,No
46,43484,727,16,18819,0.423,4,2,No
50,133388,491,16,25907,0.312,1,3,No
31,38280,389,15,28561,0.336,3,1,No
61,27754,301,7,17190,0.335,5,3,No
40,75258,719,18,16680,0.526,3,1,No
40,68386,302,17,28447,0.549,3,3,No
29,56365,704,23,18068,0.058,1,1,No
28,106353,791,12,18025,0.601,1,3,No
35,185676,564,27,28796,0.283,4,0,No
54,26803,542,25,53189,0.194,2,2,No
44,149907,659,13,75338,0.648,4,3,No
53,164344,494,17,50998,0.124,2,4,No
61,146345,798,12,72102,0.243,5,3,No
61,130210,512,30,88346,0.594,5,2,No
65,52117,453,9,39857,0.335,2,2,No
60,32204,345,13,74898,0.605,4,1,No
47,87519,480,22,81014,0.195,2,4,No
41,187936,525,22,49874,0.294,2,1,No
25,75386,331,9,8536,0.081,2,0,No
55,41486,646,5,17129,0.323,3,0,Yes
41,170846,745,16,87289,0.05,1,0,No
24,128216,474,16,30288,0.24,5,4,No
36,170445,429,26,32046,0.479,2,4,No
51,193748,596,29,93967,0.484,2,4,No
46,28691,551,10,97833,0.307,0,3,No
55,69445,751,18,79665,0.058,1,2,No
26,181895,720,27,85634,0.129,1,0,No
53,126368,783,12,58935,0.195,4,2,No
41,79564,656,11,63654,0.06,5,2,No
36,112071,457,11,91062,0.18,2,2,No
59,162098,844,26,17335,0.364,1,0,Yes
54,199568,300,28,80052,0.125,0,1,No
62,39073,308,3,20650,0.57,5,1,No
35,177908,808,24,39851,0.086,1,3,Yes
26,163256,843,15,78668,0.516,2,3,No
22,26789,394,27,21793,0.318,4,1,No
44,55353,576,22,53857,0.418,4,1,No
48,51340,834,0,23558,0.34,3,0,No
21,72343,416,19,75195,0.307,4,0,No
21,184005,755,21,30879,0.458,0,2,No
48,169758,659,13,8333,0.186,4,1,No
56,185330,329,12,58062,0.342,3,1,No
40,150877,624,21,59579,0.534,1,4,No
28,58027,373,6,9123,0.143,5,3,No
21,174374,718,24,39860,0.106,3,2,Yes
46,146192,562,5,24021,0.412,1,3,No
63,115095,745,0,98652,0.628,3,4,No
45,155563,850,18,87570,0.308,0,4,Yes
30,138570,703,0,55891,0.539,5,4,No
32,51362,403,21,94969,0.332,4,2,No
61,32252,739,30,84096,0.191,0,4,No
27,146918,442,22,45443,0.341,0,4,No
32,40090,506,30,13994,0.315,5,1,No
60,60110,845,14,82254,0.201,4,1,Yes
37,98627,560,11,21512,0.262,0,1,No
25,77385,382,14,52775,0.285,2,4,No
34,30024,562,30,91113,0.566,0,4,No
54,36441,471,27,71673,0.234,3,0,No
37,198383,661,2,58139,0.605,0,2,No
55,183459,341,9,57557,0.058,4,3,No
21,92825,573,24,50764,0.127,2,1,No
56,141053,799,0,97375,0.066,4,2,Yes
35,101890,431,0,8915,0.511,1,3,No
39,167363,752,22,48841,0.125,4,0,Yes
62,152434,724,27,71942,0.394,0,2,Yes
25,187458,352,20,48148,0.517,1,0,No
39,141096,696,15,73318,0.344,4,3,No
63,34702,493,4,84405,0.109,2,2,No
59,123523,698,4,17185,0.552,1,1,No
25,129711,763,10,12200,0.174,3,4,No
32,199200,654,10,63920,0.107,1,4,No
39,136895,472,11,22920,0.511,1,3,No
32,52762,639,20,49296,0.067,0,0,No
56,159311,492,17,59238,0.421,4,2,No
32,37567,729,13,96256,0.302,1,3,No
38,110737,686,0,77618,0.311,1,4,No
63,31857,767,20,27041,0.533,1,3,Yes
54,90603,630,25,11694,0.078,4,0,Yes
53,100399,826,24,47356,0.495,2,4,Yes
38,83086,728,7,50205,0.473,4,4,No
49,114145,515,24,94440,0.584,2,2,No
65,57270,575,2,64104,0.396,1,3,No
25,145071,407,30,51990,0.146,4,3,No
45,27012,555,17,83293,0.078,4,2,No
44,84049,378,20,65770,0.315,4,2,No
49,109989,689,22,9440,0.482,1,4,No
58,114586,829,28,47594,0.075,5,1,No
53,64080,641,19,88565,0.199,1,1,No
30,81879,604,30,22776,0.512,2,0,No
57,90888,508,1,77826,0.188,2,0,No
53,140951,310,8,26940,0.279,4,2,No
43,174282,445,21,67729,0.498,3,3,No
31,62146,334,30,6743,0.308,0,1,No
44,141293,650,30,79129,0.513,1,2,No
44,118948,839,18,82932,0.212,0,4,No
27,61166,408,11,65956,0.625,0,4,No
41,144239,323,10,31512,0.106,0,1,No
40,159078,798,0,28865,0.501,2,4,Yes
30,157076,671,15,56198,0.095,1,3,No
45,162039,464,30,61067,0.557,3,1,No
56,190918,696,0,25547,0.132,5,1,Yes
35,43879,571,29,11068,0.402,3,0,Yes
64,27261,726,23,23510,0.25,3,2,No
60,184412,372,26,67476,0.413,4,1,No
60,57323,349,19,74809,0.079,1,0,No
26,60864,824,8,33485,0.579,2,2,No
57,32927,370,4,49356,0.479,2,0,No
22,191284,791,4,84926,0.257,4,2,No
32,107256,773,7,59213,0.332,5,0,No
24,109903,500,22,36137,0.426,2,3,No
43,197999,323,28,45687,0.421,1,3,No
33,146686,768,23,20139,0.434,4,2,No
37,79150,736,13,50836,0.143,3,1,No
51,132167,513,3,7907,0.526,0,4,No
36,38056,594,11,29710,0.326,3,1,No
61,166934,446,25,15296,0.53,0,2,No
46,35798,681,1,90640,0.607,1,4,No
48,131491,728,5,81569,0.112,5,4,No
21,76747,715,13,35560,0.264,1,0,No
32,60738,304,12,10430,0.369,1,1,No
57,42227,689,22,6892,0.131,2,2,No
40,190465,306,21,69183,0.205,1,1,No
22,108800,789,2,23585,0.08,4,0,No
56,151531,628,18,93496,0.459,2,0,No
35,84461,575,4,48596,0.348,2,1,No
58,82848,539,22,94651,0.069,2,0,Yes
42,49685,303,17,96098,0.232,2,3,No
64,116517,405,11,67913,0.295,3,4,No
52,144180,339,10,62020,0.256,1,4,No
40,28480,846,3,25751,0.061,3,4,No
56,40860,562,28,14202,0.223,4,4,No
53,93578,578,11,53988,0.099,4,3,Yes
35,82230,643,23,78363,0.053,3,1,No
23,82026,843,18,24039,0.262,4,1,No
49,31564,778,30,18270,0.282,3,2,No
47,45012,463,6,75907,0.599,2,4,No
25,79169,701,29,81872,0.127,2,4,Yes
51,51341,784,9,82791,0.47,0,4,No
42,71841,652,18,88587,0.208,2,3,No
55,117584,381,23,11449,0.349,3,1,No
27,68335,564,22,61942,0.308,4,4,No
26,80155,341,0,89617,0.34,3,0,No
46,123314,498,15,66315,0.508,2,0,No
21,54527,682,3,8055,0.061,5,2,No
39,120466,506,22,45138,0.248,0,1,No
27,75653,409,27,78537,0.254,3,0,No
56,180776,729,11,32787,0.107,3,2,Yes
32,126907,371,12,32604,0.056,2,0,No
40,58057,707,20,37503,0.481,1,1,No
43,128992,578,2,67177,0.58,5,0,No
45,32393,406,15,94635,0.237,2,2,No
50,100404,738,1,26937,0.442,2,0,No
49,196445,350,8,26442,0.647,0,2,No
51,116956,422,25,20910,0.149,4,2,No
38,109613,730,5,26893,0.216,1,4,Yes
61,84171,850,9,36208,0.541,1,4,Yes
39,54336,623,16,20334,0.052,4,3,No
24,169057,674,4,12421,0.406,4,1,No
21,37014,847,11,61832,0.337,2,3,No
61,164446,720,22,24539,0.482,4,2,Yes
35,178371,675,7,9259,0.367,1,0,No
28,116513,408,20,24374,0.36,0,2,No
35,183403,790,11,7994,0.476,3,4,Yes
35,161656,522,30,95861,0.38,5,4,No
59,169037,318,11,49717,0.642,5,0,No
42,109769,848,28,96463,0.469,4,1,No
38,176891,516,9,67602,0.534,5,1,No
36,151092,532,27,16703,0.304,4,3,No
22,53782,850,12,72456,0.625,1,4,Yes
56,135463,709,25,15299,0.319,2,1,Yes
40,110847,811,0,61232,0.258,0,3,Yes
36,113434,489,27,12347,0.614,1,2,No
23,85773,605,1,62293,0.276,0,4,No
50,179896,752,19,84981,0.269,4,3,No
22,39110,406,14,26789,0.384,3,2,No
55,113512,524,29,45139,0.56,0,1,No
46,30825,685,9,83091,0.248,3,2,No
25,159560,829,0,37115,0.548,1,3,No
22,92431,359,19,95918,0.148,0,0,No
40,93444,671,30,92254,0.154,1,2,Yes
54,91947,441,28,50945,0.321,4,3,No
54,161529,417,21,67410,0.208,4,3,No
40,63216,491,29,17975,0.341,5,2,No
45,118230,585,21,14484,0.057,5,0,No
40,33847,840,17,7877,0.216,0,4,No
45,197381,318,0,9242,0.619,3,1,No
34,39658,415,11,84002,0.578,1,4,No
64,151878,339,7,26386,0.067,1,1,No
63,173599,564,24,83464,0.533,2,3,Yes
63,54676,420,8,78146,0.316,1,1,No
59,172853,663,22,23069,0.54,0,2,No
32,25645,504,27,19483,0.218,5,2,No
25,122476,785,19,18133,0.38,2,3,No
22,103236,394,1,16917,0.642,1,1,No
36,180062,698,15,16087,0.246,1,0,Yes
50,43618,845,22,19118,0.581,0,2,No
63,86859,629,21,59139,0.576,1,2,No
58,83827,609,28,53732,0.142,0,3,No
65,122389,516,13,16557,0.196,2,1,No
62,150114,467,29,80208,0.127,5,0,No
44,121726,831,22,67769,0.223,5,1,No
50,153077,408,0,88333,0.364,1,2,No
57,158034,498,13,93089,0.607,2,4,No
59,153373,701,19,38456,0.288,4,3,No
31,195313,471,16,38891,0.643,1,0,No
34,151076,483,22,80416,0.29,5,1,No
43,196323,316,5,81398,0.403,2,2,No
36,87397,455,25,18415,0.629,3,4,No
41,94951,320,7,10530,0.411,3,3,No
24,80770,720,17,28754,0.282,0,0,No
53,56545,450,7,95578,0.365,3,1,No
34,33705,410,7,92948,0.376,2,0,No
39,35704,614,1,63244,0.113,5,3,No
25,188191,757,15,9166,0.293,1,1,Yes
56,53671,351,12,39444,0.366,0,2,No
51,46203,572,26,5751,0.518,5,2,No
65,106927,684,26,48607,0.054,0,4,Yes
38,145503,387,13,5083,0.538,5,1,No
64,117115,319,6,75860,0.212,4,0,No
51,37451,730,2,9664,0.479,0,4,No
50,180588,469,20,58563,0.513,4,1,No
41,136372,405,28,87740,0.566,5,1,No
50,145102,626,7,82789,0.621,3,2,No
61,121613,518,0,28396,0.59,3,1,No
24,100856,564,16,69662,0.43,3,1,No
25,83642,621,25,45619,0.485,0,2,No
61,175402,615,28,19269,0.471,2,4,Yes
65,112656,407,7,83924,0.361,4,4,No
30,59612,808,5,13047,0.511,4,1,Yes
47,143299,840,18,25901,0.322,0,3,Yes
36,187862,826,10,74945,0.542,2,2,No
50,154848,537,7,9982,0.496,0,4,No
33,112606,308,7,68340,0.344,4,3,No
56,175521,635,24,82709,0.358,2,2,Yes
41,188328,621,9,53291,0.435,3,1,No
65,123983,300,9,47551,0.25,5,2,No
60,32190,420,21,24844,0.384,3,3,No
65,167633,308,27,15751,0.59,5,2,No
35,176503,612,22,36051,0.237,3,0,No
40,54617,483,12,82584,0.464,1,1,No
40,169643,537,26,75814,0.074,1,2,Yes
65,134319,629,21,74831,0.127,3,3,No
25,121931,770,2,73491,0.581,4,0,No
52,25009,318,24,15119,0.592,2,1,No
26,139291,317,16,39060,0.391,4,0,No
50,105739,579,20,84734,0.408,1,0,No
46,199863,426,21,45196,0.296,2,4,No
57,78368,607,14,5967,0.408,5,4,No
33,100914,513,5,37002,0.575,2,4,No
49,73847,575,16,42502,0.143,0,1,No
25,100755,628,23,73586,0.35,3,1,No
45,120491,315,29,59724,0.576,4,3,No
33,190296,736,0,78711,0.093,2,2,No
44,123347,305,2,52913,0.171,5,2,No
51,65094,580,7,91296,0.358,5,0,No
40,152791,314,28,54759,0.42,2,3,No
28,151489,609,7,26578,0.474,0,4,No
29,166158,765,10,44528,0.161,3,2,Yes
41,118893,726,15,38367,0.409,3,1,No
40,65544,780,26,76805,0.256,1,4,No
35,117398,825,0,83261,0.24,4,2,No
46,175027,845,30,41155,0.088,5,1,No
62,72660,685,10,40196,0.124,4,1,Yes
31,98736,831,28,5045,0.529,0,4,No
57,96168,571,16,8501,0.324,0,4,Yes
61,59630,494,12,38685,0.499,0,1,No
31,29711,537,23,34009,0.541,5,3,No
47,186943,770,1,15704,0.526,5,1,No
50,27457,402,4,49683,0.639,3,1,No
39,101732,542,23,96222,0.206,2,1,No
54,103375,514,20,52879,0.094,2,4,No
58,64467,376,11,70803,0.364,2,4,No
43,169239,683,14,30958,0.628,4,1,No
21,32157,420,6,74012,0.171,2,1,No
23,135357,840,30,49156,0.376,4,0,Yes
23,27714,444,29,33664,0.296,1,3,No
48,52217,392,5,88720,0.424,5,1,No
34,65132,784,4,91646,0.312,1,1,No
50,121653,804,14,95907,0.643,2,0,No
25,105792,621,26,85838,0.518,5,4,No
35,81371,374,2,85890,0.514,1,2,No
58,81788,762,21,33973,0.27,5,0,No
34,34583,450,8,69319,0.509,5,4,No
34,67042,434,29,40222,0.363,0,4,No
28,115405,489,22,59708,0.564,5,0,No
28,102807,333,25,46536,0.519,1,3,No
39,93371,657,16,41662,0.452,0,4,No
52,164085,404,20,23854,0.195,1,2,No
51,103775,668,22,82433,0.394,2,3,No
49,185612,471,13,94810,0.586,2,0,No
61,61973,369,6,10123,0.424,0,4,No
31,92690,738,14,11150,0.549,5,4,No
65,94459,621,28,43300,0.37,1,1,No
33,56558,419,26,30199,0.556,0,3,No
47,133350,410,6,43374,0.4,0,2,No
39,65030,555,12,50660,0.561,3,4,No
46,61636,721,13,69764,0.334,3,2,No
57,134528,455,29,73359,0.45,5,2,No
29,88566,484,21,37044,0.084,0,1,No
48,76159,536,28,58508,0.313,4,2,No
52,81025,744,10,11718,0.134,2,2,No
23,182752,802,17,10449,0.188,2,1,Yes
52,134463,624,12,59442,0.375,5,3,No
25,37434,676,11,67039,0.374,5,3,No
28,71096,802,1,87762,0.53,5,3,No
34,72471,756,9,66985,0.335,2,0,No
23,81004,706,21,55007,0.617,5,0,No
44,196651,387,10,27776,0.251,5,1,No
33,35487,404,15,48415,0.325,2,2,No
63,100925,757,16,38921,0.512,3,0,Yes
49,121925,556,13,63247,0.444,3,3,No
28,138500,433,21,9395,0.15,0,2,No
62,34610,785,20,77610,0.361,4,4,No
51,78551,584,12,49601,0.095,5,3,No
46,38869,686,16,25483,0.14,0,3,No
38,113466,643,4,67155,0.113,4,2,No
38,47979,725,3,16382,0.107,1,3,No
27,36492,436,24,15319,0.138,4,1,No
58,140381,593,10,76701,0.584,4,2,Yes
36,85920,341,16,32608,0.463,5,2,No
53,137784,349,25,41338,0.455,2,0,No
23,119257,472,2,78486,0.588,4,4,No
58,48409,588,1,55462,0.469,5,2,No
24,141443,461,26,12409,0.415,4,3,No
56,180149,639,0,91340,0.497,4,3,No
24,85428,622,30,28261,0.469,2,4,No
62,51455,625,17,78909,0.411,2,0,No
29,183457,466,15,42621,0.115,0,2,No
60,156919,466,10,68885,0.092,5,0,No
37,101699,668,6,85877,0.149,3,0,No
37,78213,384,4,18264,0.423,2,3,No
53,140883,414,17,82789,0.363,3,1,No
40,165776,349,3,58379,0.378,5,0,No
34,56849,757,26,94283,0.281,2,2,Yes
42,96868,671,21,81354,0.544,5,0,No
47,147842,517,30,82062,0.495,0,3,No
63,161720,558,7,81659,0.081,4,0,No
23,56793,669,21,5294,0.17,1,4,No
44,110240,395,5,23146,0.377,5,0,No
50,109377,774,21,31444,0.165,5,3,No
28,28450,524,20,24506,0.135,2,1,No
42,33418,640,20,18603,0.056,0,0,No
45,59575,726,21,64502,0.64,1,1,No
30,155576,783,21,16995,0.189,5,4,Yes
49,122260,583,0,46459,0.303,5,1,No
60,139009,647,6,18599,0.426,1,0,No
21,58186,640,5,40563,0.198,4,0,No
41,51451,673,21,51285,0.538,4,0,No
59,28155,712,0,77099,0.406,5,2,No
44,165182,717,6,94722,0.461,4,3,Yes
29,54448,581,13,39149,0.142,2,0,No
64,151934,542,5,25607,0.484,4,1,No
46,153529,838,9,10422,0.082,0,1,Yes
29,154244,498,17,60236,0.243,4,4,No
40,70231,730,15,46349,0.308,2,1,No
55,60399,784,11,25595,0.107,5,1,No
56,176130,526,28,98546,0.386,2,1,No
62,97404,495,10,18488,0.255,3,2,No
56,73698,527,27,20371,0.131,1,0,No
29,70379,366,23,56783,0.221,5,4,No
42,122275,624,7,68084,0.398,4,3,No
21,159884,637,14,88793,0.185,1,2,Yes
25,173342,826,29,19706,0.332,2,4,Yes
29,48978,413,22,6681,0.464,0,3,No
57,36531,403,11,58065,0.417,4,3,No
58,53783,727,22,12365,0.508,1,4,No
39,38236,802,27,7820,0.465,5,4,No
28,142485,606,30,60404,0.341,3,0,No
62,186165,492,29,48096,0.362,2,3,Yes
63,94683,513,26,49806,0.209,5,0,No
52,174587,444,6,33458,0.609,5,0,No
33,118806,357,15,96436,0.591,0,3,No
40,158831,422,29,67148,0.54,5,3,No
56,181388,848,3,97541,0.139,1,4,Yes
63,38332,534,0,64026,0.513,0,2,No
64,199891,790,24,86451,0.607,5,4,Yes
57,78902,374,0,64505,0.596,2,4,No
50,34198,594,27,95402,0.593,0,3,No
30,128307,799,27,18994,0.454,0,3,Yes
51,171804,417,20,92167,0.2,3,0,No
45,131209,643,14,98768,0.401,1,0,No
49,111023,458,25,18457,0.22,1,3,No
44,157853,346,28,68147,0.53,1,2,No
59,103948,662,13,58064,0.153,1,0,Yes
41,75141,632,24,34876,0.18,1,1,No
61,134660,679,14,72383,0.209,2,1,Yes
29,56485,423,1,50157,0.407,2,3,No
62,79351,463,15,74409,0.403,3,1,No
62,51654,469,4,65064,0.38,5,2,No
22,189217,446,26,34443,0.137,0,0,Yes
24,76529,811,10,18718,0.328,2,2,No
28,129349,457,10,97465,0.607,5,0,No
52,41665,631,0,12897,0.613,3,0,No
34,87475,502,1,95046,0.338,5,4,No
33,72802,419,0,6706,0.207,2,2,No
41,102892,328,30,55112,0.646,3,1,No
44,195824,461,2,84903,0.182,5,3,No
38,61362,813,19,33911,0.555,5,4,No
65,64338,399,0,64506,0.227,5,0,No
60,118004,356,25,61407,0.596,1,2,No
46,121464,782,16,60820,0.121,0,2,Yes
52,177186,444,1,41795,0.24,4,1,No
64,27120,453,13,63720,0.436,2,4,No
53,135289,680,19,52115,0.107,0,2,No
51,25785,338,28,84264,0.285,4,3,No
38,81925,447,1,54788,0.286,3,3,No
55,91473,826,17,34837,0.357,0,1,No
32,133185,531,7,49044,0.052,5,1,No
45,54969,412,26,62007,0.441,2,1,No
65,90236,777,7,39876,0.296,2,3,No
51,126416,705,6,23360,0.195,2,3,No
30,41297,451,10,92716,0.174,1,3,No
54,178888,541,19,61666,0.515,2,1,No
23,130741,771,6,74315,0.222,2,0,No
59,165601,701,29,63599,0.456,2,0,Yes
28,178085,563,21,17472,0.056,2,0,No
52,55089,680,6,59638,0.632,2,1,No
63,31171,377,16,15278,0.098,5,2,No
49,197301,602,14,90863,0.293,3,1,No
42,42874,515,20,27190,0.451,2,4,No
40,194881,528,20,64870,0.425,5,2,No
26,84024,451,6,99425,0.586,5,1,No
63,46153,829,19,52027,0.632,1,1,No
49,129693,782,28,80129,0.482,5,3,No
62,184501,767,16,56575,0.433,5,4,No
37,82753,395,18,98807,0.109,5,2,No
51,162713,784,13,90103,0.314,2,1,No
54,198473,844,19,91969,0.162,3,4,Yes
58,114075,684,4,92745,0.278,1,3,No
57,181439,539,30,78016,0.135,3,0,No
24,177798,572,29,68653,0.521,4,1,No
22,29677,345,11,77650,0.358,0,4,No
32,30139,761,23,40725,0.116,4,0,No
55,82766,650,23,16311,0.362,4,1,No
26,180768,558,11,28080,0.248,1,0,No
28,111049,355,1,88122,0.351,0,4,No
41,101693,837,25,5036,0.204,0,4,Yes
55,82414,357,3,36892,0.504,5,4,No
35,168904,746,29,11535,0.055,4,3,No
27,154807,525,1,66645,0.134,5,4,No
35,98741,563,4,23568,0.393,0,1,No
65,161497,503,19,44307,0.439,4,3,No
26,28900,756,1,18848,0.075,5,4,No
37,102347,837,12,24220,0.45,0,4,Yes
24,151004,721,2,79925,0.171,3,4,No
42,149463,348,14,45161,0.139,3,1,No
52,54134,742,18,39968,0.062,4,0,No
42,27817,510,15,53551,0.345,2,3,No
47,95486,320,13,12229,0.501,4,4,No
35,191679,696,22,60324,0.407,3,2,No
64,163763,654,3,32605,0.569,1,3,No
42,90978,686,16,11241,0.37,2,3,Yes
48,178850,388,20,57242,0.055,5,0,No
62,82154,825,21,97337,0.563,0,3,No
58,117195,778,21,30925,0.601,1,1,No
29,73788,435,30,8023,0.574,1,3,No
54,118039,306,29,97768,0.164,0,1,No
56,34413,398,11,76560,0.644,4,1,No
29,139113,766,25,54493,0.627,3,1,No
35,68400,429,26,44918,0.564,2,4,No
65,54899,624,1,88236,0.399,3,3,No
40,137683,365,20,97227,0.169,2,0,No
28,70463,317,19,86599,0.166,3,1,No
48,25894,443,13,96467,0.361,5,1,No
39,135398,567,26,27112,0.586,3,2,No
36,191093,663,20,44986,0.28,4,0,No
31,154611,615,22,61378,0.346,4,1,No
62,113777,783,2,86864,0.302,0,0,No
28,71442,769,29,22342,0.493,1,4,No
53,144681,609,15,80390,0.109,5,2,No
30,183863,339,7,65279,0.482,4,2,No
38,68520,801,26,76260,0.521,2,1,No
55,128137,303,11,19428,0.479,2,1,No
63,54899,759,27,69172,0.456,5,3,No
23,103107,706,8,7227,0.284,3,4,No
60,156443,469,0,15768,0.34,5,0,No
47,55193,699,0,92085,0.177,1,2,No
48,130302,847,8,45867,0.465,3,3,No
26,39464,572,29,49035,0.175,1,0,No
34,108323,481,14,85700,0.385,3,1,No
27,74025,765,9,49224,0.498,1,0,No
30,119187,646,16,44397,0.161,4,4,No
35,136710,724,1,83618,0.213,4,3,No
51,185944,639,2,23139,0.313,4,4,No
49,101248,551,22,28640,0.438,4,0,No
62,107927,398,9,30559,0.244,5,3,No
37,25667,794,18,82249,0.157,0,4,Yes
49,172397,588,8,86686,0.143,2,3,No
64,40890,837,17,29882,0.208,4,2,No
35,182555,586,2,22745,0.293,4,0,No
46,194157,348,8,94271,0.106,0,0,No
32,126333,493,21,23485,0.621,2,1,No
45,66000,714,26,94231,0.649,3,1,No
61,169097,315,27,55498,0.573,2,4,No
25,145580,408,10,94856,0.546,1,1,No
24,54940,689,8,14708,0.307,3,3,No
64,146878,386,30,24353,0.252,3,1,No
61,144492,666,29,92533,0.31,1,3,Yes
51,49701,308,4,84813,0.061,4,0,No
23,107697,645,19,67763,0.146,2,0,No
23,66795,745,17,95659,0.378,1,1,Yes
46,115990,568,11,73616,0.606,2,2,No
37,38115,787,16,81934,0.606,5,3,No
30,195110,829,26,19878,0.479,3,0,Yes
22,155845,400,20,95421,0.341,3,2,No
44,81433,344,16,14411,0.211,4,4,No
31,71999,707,15,57549,0.298,5,1,No
44,99564,587,21,37458,0.641,4,2,No
55,197556,306,26,65007,0.564,1,1,No
43,132747,575,21,7764,0.341,2,2,No
52,163760,702,13,88272,0.562,5,1,No
43,48255,665,22,74170,0.499,4,2,No
54,104747,313,8,30981,0.292,2,3,No
61,198180,827,21,43545,0.346,0,4,Yes
39,197331,713,12,45406,0.328,1,4,No
22,102049,435,2,37470,0.059,5,3,No
22,91057,634,23,32698,0.243,2,3,No
35,51293,437,4,80965,0.073,4,4,No
41,55607,719,23,92428,0.581,4,4,No
55,168865,786,7,49169,0.402,5,3,Yes
25,115413,323,2,96566,0.292,2,3,No
63,132148,540,22,77743,0.11,3,2,No
47,61069,812,15,66138,0.074,0,4,No
44,111079,629,3,42646,0.204,1,0,No
27,183285,770,8,56602,0.287,2,4,No
26,174735,657,6,84683,0.409,4,4,No
53,67582,757,25,39658,0.261,1,0,No
37,119526,716,17,70700,0.339,2,0,Yes
62,190521,842,16,88791,0.458,4,0,No
50,38116,376,21,28487,0.076,5,1,No
28,123395,361,30,87260,0.365,0,4,No
60,28706,846,5,47323,0.221,5,2,No
27,41147,474,9,23235,0.519,2,0,No
26,176615,746,4,44089,0.244,2,1,No
24,124147,321,14,66063,0.152,1,0,No
21,33895,433,1,20111,0.524,1,4,No
35,87058,823,14,11688,0.511,4,4,No
51,178484,752,8,53090,0.328,3,1,No
45,189086,399,5,50085,0.161,0,1,No
53,38251,500,3,56687,0.334,4,4,No
55,135533,483,22,90746,0.315,5,0,No
25,30109,446,13,88665,0.138,5,3,No
25,49632,578,8,28034,0.268,4,2,No
56,168223,598,23,72705,0.539,1,2,No
37,80276,579,0,87803,0.352,4,3,No
34,31325,686,18,51247,0.128,5,2,No
49,119964,524,9,21356,0.581,0,0,No
28,26912,697,17,9778,0.496,2,4,No
54,193061,716,18,53182,0.376,3,4,Yes
60,32374,454,28,7535,0.21,3,0,No
21,58034,345,20,31034,0.108,2,2,No
49,110402,410,5,51166,0.493,1,1,No
56,116792,527,2,5630,0.426,5,4,No
57,118305,601,17,78720,0.542,4,2,No
49,75683,381,20,42778,0.463,3,4,No
25,166270,443,28,18334,0.143,1,3,No
52,119817,441,19,24261,0.321,4,4,No
44,152776,640,20,38192,0.237,3,1,No
39,193068,726,9,40070,0.569,3,0,Yes
32,163227,774,19,31507,0.214,2,4,No
21,72952,836,3,68203,0.347,1,3,No
27,148899,442,30,60427,0.379,0,4,No
37,36388,713,7,40851,0.425,3,3,No
54,99178,343,15,54165,0.431,4,0,No
63,51457,540,21,57239,0.437,1,0,No
27,174199,381,30,8060,0.263,5,4,No
37,190163,694,1,38884,0.353,5,1,No
23,36752,798,18,99073,0.085,5,0,No
49,76832,365,14,39187,0.366,3,0,No
42,29237,577,7,34467,0.423,5,0,No
58,159123,648,16,12943,0.497,5,2,No
63,68311,347,12,86247,0.138,0,2,No
49,44088,582,21,6624,0.422,0,3,No
62,30675,649,2,19411,0.246,3,4,No
25,195627,708,24,20035,0.292,2,2,Yes
50,27640,611,9,6157,0.335,5,1,No
43,88328,690,12,60292,0.127,3,0,No
41,37317,832,10,14210,0.194,3,4,No
46,131442,532,0,71056,0.088,5,3,No
41,128666,389,13,24763,0.635,4,0,No
40,58462,305,1,7520,0.164,4,0,No
43,100921,309,21,74429,0.43,2,1,No
24,40201,636,11,86619,0.119,4,4,No
41,59536,614,3,56173,0.468,3,1,No
41,180739,411,11,42966,0.575,2,3,No
21,60517,379,25,41661,0.335,4,3,No
35,191942,752,0,43297,0.462,4,0,No
37,140308,347,9,46828,0.446,3,3,No
34,137911,390,3,40824,0.442,2,4,No
39,62982,375,1,11666,0.114,4,0,No
54,57844,384,28,92102,0.54,1,4,No
26,109118,562,24,95522,0.402,3,2,No
65,160309,700,22,27566,0.186,1,1,Yes
26,148110,533,21,46748,0.314,0,4,No
25,186537,515,28,70140,0.485,4,0,No
27,31027,644,29,81677,0.435,1,4,No
53,166439,473,27,69650,0.142,0,3,No
33,183555,336,24,75445,0.41,3,3,No
21,105567,828,12,6438,0.355,1,0,No
33,125848,619,7,84799,0.442,2,4,No
63,118724,612,1,25042,0.521,3,2,No
47,139675,768,2,23028,0.247,3,3,No
27,96810,344,29,62426,0.295,5,1,No
23,150545,372,14,42081,0.407,2,4,No
45,77892,664,6,32373,0.519,5,4,No
53,132457,408,9,52076,0.42,3,4,No
60,190467,646,19,40700,0.059,5,4,No
37,182615,437,10,81334,0.645,0,1,No
65,102059,481,21,32919,0.067,4,4,No
34,26074,603,24,65128,0.571,3,0,No
57,170062,626,22,88106,0.593,1,0,Yes
43,107567,813,13,15467,0.179,3,4,Yes
44,70793,379,18,77022,0.515,2,3,No
49,63071,417,13,54974,0.336,1,3,No
58,44546,561,21,39940,0.301,2,4,No
47,71515,379,22,40119,0.138,3,4,No
58,173358,565,0,63627,0.326,0,4,No
60,154212,692,28,75418,0.433,1,4,Yes
65,165767,587,6,55235,0.349,3,2,No
43,193916,301,29,7514,0.184,3,0,No
51,36054,795,4,17073,0.342,2,3,No
56,27897,648,29,23921,0.574,5,0,No
37,34537,834,6,99639,0.541,3,4,No
57,178018,720,29,89533,0.165,0,3,Yes
23,82325,847,28,81467,0.344,5,0,No
56,164753,825,12,13612,0.412,1,0,No
25,144940,770,30,7925,0.369,3,1,Yes
35,98387,826,6,75609,0.446,2,3,No
26,115537,590,30,35537,0.461,0,2,No
30,105121,833,21,21418,0.292,4,1,No
52,130532,591,28,83845,0.195,0,0,No
43,72038,395,18,79166,0.315,3,3,No
37,79833,792,24,82528,0.115,3,3,No
40,73123,714,12,45088,0.498,1,0,No
64,55117,761,15,40687,0.515,3,2,Yes
61,96131,795,20,50422,0.616,0,2,Yes
35,179846,325,24,53642,0.589,4,0,No
64,68691,329,14,78486,0.126,0,4,No
42,169379,677,18,10140,0.378,3,0,Yes
26,195208,658,29,85441,0.473,3,4,Yes
24,52531,695,6,62312,0.547,4,2,No
43,67174,408,4,18990,0.229,4,1,No
64,192782,557,13,42645,0.642,1,2,No
65,190640,633,29,24747,0.353,4,1,Yes
39,153755,703,22,90037,0.327,2,3,No
65,39414,741,15,96368,0.303,3,3,No
51,187795,530,23,90641,0.157,1,3,No
64,119572,447,10,69151,0.385,5,4,No
23,35261,845,23,69905,0.125,0,2,Yes
48,92913,464,20,51174,0.556,1,4,No
23,26271,494,10,53998,0.079,3,0,No
34,128324,782,29,5494,0.562,3,1,Yes
38,184491,426,11,27339,0.536,4,4,No
47,58202,524,20,57977,0.23,4,0,No
30,176054,522,12,18743,0.071,2,3,No
35,94307,454,7,22639,0.581,2,0,No
39,132030,337,29,12567,0.533,3,2,No
29,197412,721,5,15674,0.431,3,0,No
24,109070,312,21,28881,0.083,2,4,No
35,61892,648,1,69954,0.355,2,3,No
28,161674,704,22,71319,0.61,4,4,No
21,151008,524,9,48686,0.114,5,1,No
27,105957,603,22,56421,0.356,1,0,No
51,122210,345,21,39823,0.532,4,1,No
38,161239,519,29,51172,0.447,2,2,No
32,78201,377,29,9610,0.287,0,0,No
50,74698,577,26,37588,0.585,2,4,No
53,88753,828,1,59706,0.366,0,4,No
27,100479,396,10,75091,0.571,4,1,No
48,89687,780,28,24239,0.417,4,0,No
23,191955,401,4,80506,0.238,4,0,No
63,156290,370,5,24205,0.589,5,0,No
26,57893,457,15,40430,0.578,3,2,No
51,38169,349,27,28694,0.234,3,4,No
58,71458,701,19,8757,0.18,4,1,No
35,99951,365,9,97078,0.637,5,3,No
27,29180,534,13,59650,0.334,1,0,No
63,194000,568,5,74191,0.649,5,0,No
50,34766,556,4,48111,0.202,3,4,No
47,186130,715,26,94907,0.111,1,1,Yes
37,26942,388,9,9055,0.055,3,3,No
38,167604,821,11,74279,0.237,2,1,Yes
42,68374,798,24,90157,0.401,4,4,No
46,91790,682,26,26302,0.199,3,0,No
47,58755,776,21,14090,0.395,2,4,No
60,146925,700,16,40247,0.084,1,3,Yes
44,84192,533,25,13930,0.632,3,2,No
28,105459,605,15,59668,0.258,5,1,No
41,122218,358,9,68994,0.634,1,1,No
49,72592,561,16,63495,0.371,5,0,No
63,145041,749,1,74881,0.33,4,1,No
41,135397,331,1,53537,0.104,3,4,No
23,38118,368,28,34323,0.101,4,4,No
51,138305,382,13,73347,0.358,5,2,No
47,89610,770,26,65120,0.241,0,2,No
47,103699,303,3,90723,0.162,5,0,No
29,189200,473,29,60954,0.131,4,4,No
53,33104,404,28,42320,0.385,1,3,No
53,104722,447,25,83946,0.231,1,4,No
46,33549,421,11,58676,0.534,4,3,No
48,151081,313,1,66731,0.104,3,2,No
64,120614,807,13,36876,0.055,3,2,Yes
63,82240,806,23,64368,0.615,1,4,Yes
51,57831,686,23,42969,0.06,1,1,No
21,122462,832,26,60977,0.566,5,1,No
40,94474,616,17,95487,0.578,2,2,No
32,113233,448,24,35002,0.618,3,0,No
37,168681,804,24,59488,0.347,2,4,Yes
35,166595,794,8,89881,0.424,1,2,No
54,183061,736,24,5454,0.27,1,3,Yes
36,129700,732,27,37983,0.633,2,2,No
24,96772,563,29,72618,0.489,3,0,No
28,65577,400,22,91549,0.482,3,4,No
54,159177,707,24,73506,0.262,1,0,No
45,126856,381,23,55561,0.231,0,1,Yes
35,110395,704,25,5714,0.384,0,1,No
48,157910,423,7,86145,0.099,1,0,No
29,49437,563,30,19972,0.301,5,0,No
22,96449,540,6,19958,0.369,0,0,No
37,143099,390,12,78316,0.5,1,1,No
30,139176,527,1,70874,0.393,3,3,No
29,181632,453,1,15953,0.284,3,2,No
51,182280,671,15,43126,0.067,5,2,No
22,191730,660,15,69478,0.475,0,3,Yes
44,68003,633,23,58056,0.511,5,2,No
39,39646,780,17,73937,0.563,0,4,No
37,75560,514,1,20651,0.169,3,3,No
63,143560,841,28,22296,0.353,4,1,Yes
30,111597,477,6,98099,0.326,4,1,No
48,83679,745,6,81714,0.506,2,1,No
58,196286,469,16,94330,0.352,2,0,No
48,47873,455,26,20665,0.529,5,1,No
21,159530,330,22,48797,0.1,0,2,No
23,62165,666,11,94521,0.082,5,2,No
35,112803,527,12,43468,0.21,2,4,No
30,88994,415,4,43146,0.335,4,0,No
41,170654,758,14,99800,0.501,1,1,No
57,122925,823,20,48504,0.269,1,4,Yes
35,39823,600,27,58557,0.495,4,1,No
43,155803,621,1,94267,0.549,1,1,No
34,65856,495,5,10141,0.352,2,3,No
35,32406,715,3,55138,0.625,0,0,No
30,55619,724,22,79784,0.141,4,1,No
29,163143,482,12,52508,0.227,3,1,No
64,177924,816,1,76808,0.649,3,3,No
59,132871,618,23,79883,0.15,0,3,Yes
25,133029,559,4,37424,0.597,1,0,Yes
45,166216,670,7,86029,0.602,3,3,Yes
62,167255,596,15,81315,0.434,5,4,No
46,46074,653,6,38227,0.079,3,4,No
28,37349,354,2,10996,0.356,4,3,No
42,143160,600,24,42881,0.092,1,2,No
45,52493,614,8,77150,0.249,1,2,No
32,114146,555,12,27539,0.06,0,3,No
29,165429,480,1,18487,0.078,5,4,No
30,29561,680,18,45121,0.468,4,0,No
30,98150,607,10,58872,0.639,0,2,No
29,89685,822,29,94900,0.52,2,0,No
46,27358,651,25,91304,0.288,0,3,No
55,187877,422,9,12316,0.252,2,4,No
47,167502,778,10,28414,0.646,1,4,No
51,41041,767,16,33776,0.189,0,2,No
39,136407,481,16,71808,0.073,5,3,No
63,117262,689,2,32961,0.207,4,1,No
58,35267,605,11,73583,0.255,5,2,No
26,102395,555,2,94690,0.343,5,0,No
35,115170,637,4,79801,0.469,3,3,No
49,178669,803,5,67815,0.444,4,0,No
65,133454,512,19,11144,0.427,3,1,No
25,131680,596,9,19879,0.583,3,1,No
34,180061,519,10,59466,0.398,0,2,No
22,44003,839,22,98568,0.156,4,0,No
43,55169,722,18,89881,0.267,1,0,No
64,72271,498,19,24551,0.453,4,0,No
39,41961,490,10,15667,0.365,3,1,No
44,168218,428,20,70744,0.397,1,0,Yes
40,87676,460,7,48019,0.229,1,3,No
47,66030,332,8,68553,0.223,2,2,No
44,91091,310,2,45339,0.32,2,0,No
37,67178,806,0,12123,0.07,5,1,No
45,28640,743,1,86326,0.31,2,0,No
51,153291,514,1,21694,0.345,3,4,No
48,92448,792,2,56506,0.086,5,2,No
48,109650,489,17,16839,0.07,5,2,No
42,194259,700,26,13543,0.055,5,3,Yes
25,48922,544,16,64481,0.267,5,4,No
64,138746,692,11,74835,0.349,2,0,Yes
62,185572,382,26,68106,0.154,1,3,No
28,170501,413,5,79651,0.587,5,2,No
58,139954,368,6,86096,0.4,0,1,No
48,192756,633,27,90893,0.409,4,4,Yes
32,169759,460,16,39052,0.089,5,1,No
45,114248,406,8,12368,0.098,2,2,No
58,152589,746,22,48958,0.353,4,2,No
64,39837,439,11,53621,0.508,5,2,No
35,168937,659,13,83177,0.553,3,2,No
64,69653,449,10,31618,0.375,5,3,No
61,191166,398,3,64646,0.404,5,1,No
54,60569,466,18,41661,0.419,1,4,No
65,73787,762,5,31722,0.236,3,4,No
33,187033,383,18,86987,0.635,5,2,No
28,76186,601,15,79618,0.635,5,1,No
33,136837,539,15,48980,0.425,0,2,No
56,40297,516,3,14063,0.277,5,2,No
26,81605,480,24,63292,0.56,3,4,No
58,107904,716,4,14748,0.155,2,4,No
52,111019,491,9,60249,0.412,1,1,No
41,31463,393,4,96731,0.523,0,3,No
64,169704,626,8,21003,0.052,2,3,Yes
64,185775,764,17,21479,0.309,4,4,Yes
27,140763,733,22,11810,0.207,4,1,Yes
46,107943,629,22,65760,0.529,2,1,No
35,71221,826,5,95973,0.604,2,1,No
62,143585,418,13,95454,0.154,4,3,No
43,136370,320,19,77732,0.158,0,0,No
58,131775,320,22,59392,0.627,5,1,No
61,50759,615,28,50752,0.357,1,0,No
35,112000,520,15,80232,0.109,4,4,No
60,85943,364,2,43481,0.096,4,4,No
36,110862,448,24,57506,0.629,1,3,No
52,189111,482,0,66133,0.309,5,1,No
57,135475,581,5,17839,0.615,1,0,No
38,101069,630,0,62065,0.396,2,2,No
40,168230,354,5,25092,0.483,3,1,No
22,153979,412,20,5962,0.217,5,4,No
43,176470,512,26,5162,0.091,5,4,No
50,131446,345,4,19181,0.522,1,3,No
23,62711,745,26,5330,0.151,1,4,No
59,107688,369,25,47739,0.48,3,4,No
21,55772,481,11,61426,0.095,3,1,No
61,52307,472,5,48123,0.395,3,0,No
42,161238,803,7,66281,0.502,2,1,Yes
49,148890,609,24,15838,0.061,0,3,No
34,32589,508,18,17996,0.283,4,3,No
48,156536,522,4,14124,0.403,4,4,No
41,27600,642,29,95767,0.529,0,4,No
65,156988,419,14,59541,0.205,0,2,No
52,162198,847,13,41294,0.54,3,4,No
26,163223,333,15,75260,0.439,3,1,No
21,102196,689,5,77800,0.258,5,3,No
41,156137,588,28,47751,0.23,3,1,Yes
24,116837,834,16,48009,0.471,2,3,No
23,103424,399,16,23605,0.484,0,2,No
50,163265,327,15,72588,0.432,0,0,No
51,144259,614,0,62900,0.316,2,4,No
54,184612,539,17,81518,0.063,0,0,No
39,101537,803,3,14212,0.394,5,2,No
40,86434,718,21,29379,0.417,3,1,No
43,165150,704,2,87574,0.194,3,1,No
60,81125,453,24,62723,0.172,5,3,No
45,77960,649,2,62897,0.569,3,4,No
35,86521,513,12,23817,0.158,3,2,No
58,114485,348,19,46431,0.176,5,4,No
43,49245,658,3,74276,0.424,3,0,No
22,57811,797,10,13796,0.241,1,0,No
35,187615,646,30,87644,0.315,3,3,No
64,192682,641,20,87072,0.368,1,3,No
55,160777,722,4,96541,0.609,5,4,No
30,174344,738,1,99546,0.206,2,4,No
34,56834,543,5,48660,0.077,2,2,No
47,106548,824,24,52293,0.12,1,2,No
34,86236,593,4,21293,0.081,5,2,No
55,181367,499,0,14599,0.502,0,1,No
53,73937,617,24,73792,0.639,3,4,No
21,31842,499,22,97448,0.098,4,4,No
54,164373,592,30,6278,0.221,5,0,No
39,127862,579,22,81320,0.562,0,1,Yes
44,187651,391,10,72895,0.588,0,0,No
62,50090,363,5,88339,0.18,4,0,No
24,147408,443,16,58974,0.601,4,0,No
56,33828,534,10,89218,0.397,3,3,No
33,77480,723,6,68402,0.647,5,0,No
52,128616,613,15,8131,0.063,1,1,No
29,123373,422,19,97480,0.522,5,4,No
59,180005,352,4,16415,0.083,3,4,No
36,188663,326,6,94156,0.491,3,3,No
23,170504,673,2,97194,0.616,3,2,No
40,118911,335,1,68660,0.246,5,0,No
30,35042,440,26,35348,0.253,3,2,No
42,176775,487,0,27687,0.194,0,4,No
23,178417,753,7,32497,0.309,0,3,No
31,36070,478,23,97698,0.334,1,4,No
45,102080,313,6,81290,0.393,4,3,No
62,143665,558,9,30918,0.463,2,1,Yes
28,147188,333,13,66100,0.421,1,4,No
29,98595,531,8,40524,0.109,5,1,No
35,195624,492,25,71090,0.429,5,4,No
52,43018,809,10,60252,0.166,3,0,No
23,39093,487,0,6146,0.371,3,2,No
24,134972,796,18,71571,0.403,0,2,No
50,93079,627,20,30563,0.312,1,1,No
33,41118,404,13,56914,0.301,4,4,No
64,97889,590,17,51222,0.305,5,2,No
41,38349,541,22,58372,0.191,2,4,No
61,91304,396,11,42157,0.532,1,4,No
39,39163,791,21,68805,0.341,4,4,No
59,40095,414,27,95402,0.353,3,2,No
42,145452,609,26,17396,0.161,5,2,No
40,91527,850,9,42135,0.335,2,2,No
57,182376,409,17,22380,0.312,2,2,No
51,67988,491,23,10823,0.298,4,1,No
30,83873,411,2,84502,0.318,5,2,No
38,160224,602,3,88167,0.198,5,4,No
63,74663,655,29,55239,0.527,1,4,Yes
59,118431,401,20,81729,0.167,1,1,Yes
40,117263,614,21,19586,0.374,1,3,No
38,183252,493,27,7639,0.243,2,2,No
31,91270,373,8,59112,0.481,4,2,No
42,96214,706,11,54831,0.465,0,4,No
64,192149,591,8,33051,0.469,2,4,No
38,182721,483,8,90222,0.581,5,3,No
54,119317,657,15,86439,0.518,2,4,No
43,38060,398,23,40401,0.248,1,1,No
21,100558,824,4,5399,0.286,0,2,No
30,108779,765,4,49932,0.57,5,1,No
21,196559,503,13,70407,0.544,0,2,No
58,25916,704,19,96923,0.603,3,3,No
59,179720,439,13,58303,0.553,0,0,No
29,134130,617,14,30898,0.128,1,3,Yes
51,193532,675,15,45830,0.248,3,4,No
27,83581,519,6,85315,0.226,0,2,No
37,117272,648,10,78811,0.277,4,1,No
55,26335,722,3,73492,0.225,3,0,No
57,117728,532,30,60698,0.521,3,0,No
38,150823,599,4,45043,0.47,5,3,No
53,87564,431,13,87929,0.169,5,3,No
24,35892,725,8,32598,0.158,1,1,No
43,198985,533,22,85677,0.181,0,0,No
31,50524,389,8,53794,0.238,0,0,No
29,90837,803,23,78065,0.46,2,4,No
50,170975,716,10,34648,0.271,1,0,Yes
28,117700,751,27,26449,0.305,0,0,No
60,126005,769,18,73899,0.075,4,3,Yes
25,198507,347,18,26042,0.338,2,0,No
32,145902,522,11,28409,0.315,5,3,No
21,96180,765,14,92983,0.46,4,0,No
35,30520,359,1,72610,0.171,3,2,No
45,58436,579,11,98754,0.484,5,1,No
38,27128,316,2,14525,0.481,5,4,No
58,107137,620,29,42787,0.423,1,1,No
62,85275,376,25,80203,0.265,5,3,No
46,165012,770,14,50894,0.085,4,3,No
60,127524,842,13,49046,0.192,1,4,Yes
23,180848,400,18,15216,0.608,3,0,No
42,109541,839,2,6308,0.578,3,1,Yes
46,122238,843,14,71278,0.168,2,3,Yes
39,132447,562,10,35920,0.243,4,0,No
64,125185,505,21,56091,0.056,3,1,No
64,141120,779,8,32840,0.236,5,1,No
59,195790,372,27,24974,0.53,4,3,No
56,34968,737,28,69673,0.393,1,2,No
41,105634,841,6,15237,0.571,2,3,No
61,146865,713,6,77296,0.627,3,4,No
46,99426,512,6,18103,0.183,4,3,No
33,150848,366,16,53024,0.383,3,1,No
56,172915,721,3,86704,0.503,4,1,Yes
44,116196,768,24,84206,0.423,2,3,No
61,49875,670,3,39893,0.206,4,1,No
46,84888,663,6,56594,0.636,2,3,No
41,182078,699,1,35475,0.455,1,4,No
38,49525,559,21,36401,0.056,1,1,No
35,128679,344,4,12220,0.36,5,0,No
35,77604,586,9,91738,0.15,1,2,No
26,161997,839,17,33572,0.484,3,2,No
63,187194,628,27,7604,0.089,2,0,Yes
51,195271,614,26,55274,0.254,4,4,No
48,189828,718,13,32670,0.238,5,4,Yes
28,49789,604,30,77635,0.585,0,4,No
49,172987,528,2,14295,0.574,1,0,No
41,27917,485,2,74109,0.544,3,3,No
37,153575,417,18,34412,0.498,1,1,No
44,126923,425,29,73155,0.623,1,1,No
56,84328,431,20,34716,0.165,5,2,No
51,84602,460,25,49602,0.542,3,2,No
54,35410,645,24,17516,0.454,2,0,No
22,38574,383,12,35616,0.471,5,3,No
62,122057,341,6,84869,0.306,5,2,No
23,195404,734,5,92328,0.441,3,0,Yes
50,84453,465,19,13002,0.192,1,0,No
28,186877,726,12,28746,0.368,3,4,No
27,126364,347,4,79282,0.632,4,0,No
32,149488,341,5,37691,0.461,1,1,No
39,170898,484,11,37830,0.455,5,4,No
46,138535,531,7,49568,0.191,4,0,No
48,55779,700,24,10413,0.554,4,2,No
35,191364,436,17,56892,0.604,0,0,No
34,37607,819,23,6759,0.115,0,3,Yes
34,70883,532,14,38372,0.321,1,0,No
23,26100,667,7,84429,0.45,3,2,No
49,33310,692,12,96605,0.58,5,3,No
26,199800,801,6,57168,0.372,5,0,No
43,63069,666,15,27921,0.302,1,4,No
48,72740,410,19,56638,0.074,4,1,No
34,141888,560,27,29461,0.381,1,3,No
34,34233,363,24,59780,0.248,5,2,No
40,156568,799,22,15052,0.646,2,0,Yes
33,120979,359,4,75470,0.409,3,0,No
47,160246,388,19,5359,0.179,5,3,No
55,171170,655,21,66237,0.646,3,0,No
65,81121,850,14,42687,0.405,3,1,No
22,134628,668,21,96597,0.512,4,4,No
61,59421,791,24,90304,0.631,4,1,No
65,196086,704,22,68118,0.5,2,1,No
60,149586,317,14,47365,0.616,5,2,No
44,71567,667,0,52315,0.267,4,4,No
49,107163,556,3,25200,0.081,1,4,Yes
23,174711,520,19,27164,0.628,5,0,No
65,97535,572,20,56018,0.379,0,4,No
24,195583,676,20,98251,0.513,5,2,No
22,31073,546,25,36553,0.381,0,0,No
40,131534,689,3,49762,0.507,2,0,No
35,113541,546,14,99814,0.086,5,0,No
52,108535,472,2,17181,0.09,3,4,No
62,25019,627,5,18674,0.602,2,4,Yes
21,39160,422,26,85580,0.311,2,2,No
58,176227,766,13,58671,0.231,2,4,Yes
55,196161,530,1,45495,0.599,0,0,No
27,196416,611,27,89645,0.649,2,1,No
65,57398,775,24,46496,0.419,3,4,No
33,86651,489,21,30154,0.386,5,2,No
21,153171,800,30,51168,0.601,4,4,No
34,140194,586,26,58241,0.157,4,1,No
49,186395,620,20,10997,0.43,0,3,No
23,115980,360,15,47409,0.534,3,2,No
44,138866,437,2,79319,0.494,4,4,No
21,53566,425,19,46279,0.499,5,4,No
30,193427,491,5,51194,0.533,0,1,No
33,67129,513,2,28260,0.177,2,4,No
56,128661,492,25,43603,0.383,5,4,No
29,74891,322,22,92669,0.116,4,2,No
34,34982,682,14,58677,0.104,4,4,No
56,126359,455,4,79558,0.541,4,3,No
30,144075,392,25,66824,0.537,5,2,No
60,174659,429,0,65414,0.159,2,1,No
43,78074,726,24,46048,0.389,5,3,No
55,150277,524,24,33497,0.073,0,1,Yes
27,57185,311,16,35779,0.272,4,0,No
62,92325,647,19,67762,0.138,2,1,No
55,146089,373,11,83407,0.273,5,2,No
22,25584,410,19,7437,0.398,2,0,No
35,195018,781,9,6961,0.533,5,3,Yes
29,142888,496,23,58675,0.358,0,1,No
37,155747,490,1,85897,0.609,0,4,No
59,193030,363,22,94484,0.111,0,2,No
38,72323,793,7,92580,0.373,5,0,No
35,152276,364,18,16772,0.594,0,0,No
38,138700,559,28,5997,0.191,2,3,Yes
44,134318,468,15,94711,0.513,5,3,No
43,167957,476,25,36185,0.203,1,4,No
32,183095,444,18,70491,0.637,4,4,No
43,177241,354,8,42262,0.504,2,3,No
41,39469,838,7,20803,0.442,3,3,No
46,106340,435,16,85622,0.574,5,1,No
28,128060,671,14,80715,0.403,5,4,No
50,163527,322,1,50768,0.225,1,2,No
54,166569,837,3,47923,0.241,3,3,Yes
22,91598,461,30,97448,0.403,4,2,No
25,185048,459,26,82690,0.367,3,2,No
51,85698,817,5,78902,0.595,2,0,No
53,181173,676,14,50418,0.375,4,0,No
24,144190,614,12,52655,0.356,2,0,No
26,177424,516,2,15100,0.319,3,4,No
43,96602,563,19,38352,0.127,0,1,Yes
65,185733,639,15,10141,0.122,3,2,Yes
39,177856,761,13,93089,0.451,3,4,No
63,128988,460,3,63658,0.325,0,0,No
65,156031,613,9,91537,0.378,5,4,No
28,184754,430,22,82500,0.606,0,4,No
59,35914,378,22,6658,0.52,0,2,No
33,64606,766,22,77594,0.278,5,4,No
21,190827,364,3,42059,0.517,3,1,No
26,155596,718,11,50906,0.634,5,2,No
27,94603,351,4,86030,0.148,1,3,No
47,144756,325,3,6675,0.588,4,2,No
35,168387,326,29,83426,0.263,2,4,No
54,138462,579,8,24871,0.491,5,1,No
43,164949,803,19,62114,0.458,5,4,No
44,147494,636,0,67904,0.474,4,4,No
35,48038,438,15,25420,0.585,3,2,No
55,150429,691,7,44250,0.428,2,1,No
24,37869,533,12,82938,0.164,3,0,No
64,37058,731,21,57211,0.451,1,0,Yes
57,167089,587,17,67836,0.253,2,0,No
37,113724,328,0,57742,0.623,3,3,No
51,28500,405,25,78416,0.238,2,1,No
58,149541,803,29,87980,0.195,4,4,No
30,117162,476,29,39097,0.059,4,0,No
47,154798,683,6,48388,0.567,1,3,No
62,93797,597,13,18192,0.6,1,4,No
26,135633,565,7,26039,0.091,5,0,No
26,77995,453,15,38032,0.299,1,0,No
35,158053,375,13,56891,0.301,5,2,No
24,107567,850,9,79061,0.53,1,2,No
60,78075,470,8,47242,0.256,1,4,No
27,40876,399,26,64059,0.256,1,4,No
65,158054,573,19,85023,0.249,4,1,Yes
46,95791,597,6,47651,0.308,1,4,No
51,101285,511,4,85550,0.436,0,4,No
22,55214,301,13,54994,0.631,3,0,No
48,119244,588,17,63576,0.367,4,4,No
62,27019,508,18,8153,0.284,3,2,No
33,127978,745,7,18810,0.061,4,4,No
38,196911,490,9,79448,0.146,5,1,No
50,97516,321,10,5664,0.619,4,3,No
31,68524,572,4,53488,0.206,3,2,No
33,165284,430,14,85141,0.171,1,3,No
44,138518,588,2,71004,0.153,5,2,No
49,114022,491,23,74898,0.403,4,4,No
25,133518,565,22,43574,0.287,2,1,No
55,45592,542,6,31627,0.4,1,1,No
39,188275,511,6,57146,0.634,3,4,No
33,192515,307,20,48624,0.095,3,3,No
25,190619,739,19,68777,0.131,4,3,Yes
64,116931,377,21,80025,0.394,4,3,No
34,78848,803,5,84355,0.148,5,4,No
58,127841,513,30,87450,0.448,2,0,No
42,69610,478,21,37721,0.539,0,0,No
29,54817,328,26,61462,0.487,2,1,No
60,110348,361,23,43474,0.24,5,3,No
46,112524,434,5,61098,0.553,2,4,No
65,167180,727,9,30123,0.356,1,3,No
25,165291,433,19,71292,0.52,2,4,No
49,143237,782,25,75897,0.627,0,4,No
42,181389,367,25,10263,0.329,4,3,No
23,28881,761,11,99379,0.329,5,0,No
48,67202,753,3,83566,0.2,5,2,No
58,176808,316,4,39091,0.124,3,2,No
34,81623,451,22,63275,0.491,3,0,No
34,84434,760,15,71973,0.499,0,4,No
63,167181,547,26,61335,0.347,4,1,Yes
31,113979,695,12,58071,0.504,1,0,No
29,96185,456,0,54747,0.196,4,0,No
58,84056,617,0,83856,0.052,1,2,No
64,82937,397,15,37892,0.07,5,4,No
26,101567,377,20,33717,0.385,1,3,No
21,188075,838,4,10854,0.081,5,0,No
45,30508,595,26,82227,0.548,1,2,No
36,193857,730,27,18121,0.478,4,2,No
35,86155,699,16,5633,0.575,1,0,No
54,98658,312,22,88441,0.463,5,4,No
37,49509,737,6,96577,0.087,4,1,No
23,50497,698,3,90314,0.242,2,3,No
23,170490,699,1,39651,0.264,3,4,No
57,84383,343,1,93906,0.398,5,2,No
37,155053,671,3,21969,0.628,4,2,No
58,68159,673,1,59355,0.512,3,0,No
21,71814,784,0,46566,0.201,4,1,No
27,131246,716,16,84796,0.108,1,1,No
46,32945,383,7,70964,0.588,3,1,No
59,142926,782,17,40247,0.397,1,3,Yes
39,157565,595,8,35451,0.137,2,4,No
50,141265,405,1,87550,0.552,3,4,No
63,191268,508,26,6105,0.429,2,2,Yes
34,36187,469,26,46995,0.584,1,3,No
33,41696,809,3,98110,0.507,0,3,No
40,64454,649,22,31977,0.363,2,2,No
46,143763,765,6,54196,0.388,2,3,No
47,197917,380,25,73187,0.364,2,1,No
45,168452,748,10,96582,0.083,2,4,No
29,46602,400,7,38451,0.611,1,0,No
61,42619,668,2,20739,0.643,0,2,No
32,98298,829,16,85610,0.233,4,0,No
30,183926,564,27,80152,0.542,5,3,No
26,167297,501,3,29138,0.649,5,1,No
54,156027,417,15,24772,0.062,4,4,No
61,70628,422,2,60708,0.243,4,0,No
39,60171,324,26,30331,0.392,5,0,No
26,63789,668,19,63456,0.287,1,1,No
22,81572,684,21,59825,0.631,1,1,No
35,103019,573,15,83037,0.165,0,2,No
37,115373,346,0,37919,0.286,4,4,No
36,92905,634,12,45948,0.49,4,1,No
48,158539,716,16,64410,0.528,4,4,No
41,57241,833,28,83318,0.111,3,1,No
28,198966,643,27,25840,0.182,4,2,No
30,144115,620,11,97300,0.129,3,0,No
30,104143,438,15,90982,0.35,5,0,No
30,190099,406,27,72649,0.37,3,3,No
29,59822,645,1,31458,0.492,1,2,No
48,172989,746,25,39879,0.574,0,1,Yes
44,42907,761,9,77135,0.132,4,1,No
39,199218,515,27,86035,0.368,3,2,No
53,191429,681,2,68004,0.338,1,2,No
24,193259,348,11,63780,0.587,4,2,No
23,64512,356,20,78941,0.367,3,4,No
62,110656,825,24,99792,0.188,2,2,Yes
32,30357,638,5,56908,0.606,0,2,No
38,151292,307,4,11013,0.609,5,2,No
43,166050,322,23,21995,0.125,2,0,No
40,38616,343,30,82836,0.562,1,2,No
26,99759,736,0,82678,0.552,2,3,No
54,123273,368,22,79881,0.404,0,3,No
62,141694,812,15,77224,0.334,4,0,No
22,34422,576,7,85643,0.161,2,2,No
50,164674,791,12,28113,0.176,3,4,No
29,35497,382,24,81216,0.208,4,4,No
47,146482,611,13,63208,0.098,1,3,No
62,72229,401,10,97417,0.477,4,3,No
54,93628,525,24,27206,0.08,1,0,No
60,93127,685,11,40595,0.108,5,2,Yes
44,125806,767,12,18455,0.149,4,0,Yes
37,44476,440,7,31683,0.463,2,3,No
49,97597,825,9,45162,0.12,0,1,No
56,106697,631,30,40255,0.157,5,3,No
32,92209,568,2,97891,0.612,3,4,No
51,116200,643,5,10299,0.22,4,0,No
29,88575,393,20,30103,0.466,4,0,No
39,32308,369,18,43375,0.61,3,0,No
37,134941,425,17,79450,0.075,2,4,No
22,58267,682,17,96594,0.33,1,1,No
60,123629,487,25,46246,0.371,2,0,No
25,54224,805,25,23432,0.506,5,1,No
59,145721,611,25,26942,0.628,2,1,No
36,91423,434,19,38309,0.074,4,2,No
37,132491,448,24,81750,0.278,1,3,No
47,101768,401,30,88471,0.309,0,0,No
27,58696,657,17,98251,0.63,1,2,No
28,85312,441,15,98271,0.506,3,1,No
28,94939,470,20,74799,0.611,5,4,No
43,39992,664,12,40609,0.131,1,1,No
52,164062,311,23,5462,0.065,3,0,No
63,69215,354,25,64802,0.633,4,4,No
38,107544,801,10,49276,0.249,3,3,No
58,29344,624,17,21014,0.444,5,2,No
32,76523,796,15,8527,0.144,4,4,No
35,177155,615,13,49018,0.382,5,1,No
48,180706,471,6,48456,0.615,0,2,No
58,161188,689,27,5482,0.472,1,4,Yes
51,84660,577,5,53263,0.321,0,0,No
29,132773,620,16,16664,0.603,0,4,No
28,66646,383,28,19363,0.126,2,2,No
39,29610,387,22,19277,0.332,1,3,No
28,85519,447,14,63235,0.394,2,4,No
54,62265,835,9,50930,0.058,3,2,Yes
24,159924,627,24,74125,0.061,4,2,No
51,122222,397,16,72382,0.421,3,0,No
58,44788,513,1,31690,0.443,2,1,No
23,32724,610,22,64571,0.639,3,3,No
55,74725,671,16,20310,0.236,4,2,Yes
39,71026,777,12,44975,0.256,4,1,No
63,166069,482,17,84443,0.407,3,2,No
49,74588,497,18,66071,0.495,1,3,No
30,35695,632,1,14289,0.362,0,4,No
32,68422,709,28,36821,0.421,4,4,No
50,88442,656,1,98071,0.174,1,3,No
50,157470,390,17,84886,0.48,3,1,No
38,133050,474,6,71216,0.292,0,0,No
44,98227,697,9,52625,0.396,4,3,No
52,101479,563,3,86895,0.446,5,3,No
29,104462,790,3,58051,0.054,5,1,No
44,85273,826,23,19628,0.396,5,3,Yes
46,70817,472,20,82567,0.616,0,0,No
23,86171,472,0,57493,0.11,1,1,No
43,168185,558,30,95520,0.115,1,3,No
31,186206,664,1,56933,0.17,1,2,Yes
30,159338,694,30,12604,0.11,2,0,No
56,162480,308,9,39973,0.562,4,2,No
33,39842,559,14,74562,0.579,3,0,No
49,167208,412,29,25414,0.334,3,3,No
58,159569,774,11,70378,0.525,4,1,No
33,86415,778,2,20310,0.232,5,3,No
46,46340,477,29,54374,0.352,1,1,No
40,190814,803,3,18179,0.373,1,0,Yes
25,132362,781,8,67962,0.234,2,4,No
40,120330,727,13,93721,0.402,1,2,No
34,93070,816,9,82181,0.556,0,4,No
65,81725,484,9,44362,0.617,2,0,No
34,72018,675,30,99212,0.233,1,1,No
28,147907,745,4,18400,0.605,4,2,No
33,60985,311,10,58007,0.426,3,0,No
44,85341,496,28,63574,0.41,3,2,Yes
35,114249,784,26,7899,0.124,1,4,Yes
21,104712,635,13,87984,0.476,1,0,No
42,44075,628,5,69187,0.234,3,4,No
54,146229,716,10,25565,0.306,5,1,No
60,175798,812,29,64810,0.135,2,3,Yes
23,26555,436,10,19618,0.188,3,0,No
46,172731,573,2,75923,0.423,0,4,No
34,151562,657,12,54568,0.418,2,4,No
61,187038,761,17,23583,0.325,3,3,No
28,181995,530,17,44065,0.428,4,1,No
36,93625,530,5,20835,0.57,2,0,No
62,98114,414,30,75931,0.069,1,1,No
41,147656,814,12,70223,0.173,4,2,No
30,184039,411,5,32825,0.228,2,3,No
45,141292,445,11,36861,0.396,5,1,No
58,48185,648,6,59991,0.45,5,4,No
42,196564,335,13,14823,0.382,2,3,No
24,153877,507,8,27813,0.469,2,0,No
24,199099,303,2,56682,0.318,2,0,No
50,59594,419,14,5655,0.528,1,1,No
22,148126,408,6,26167,0.093,0,4,No
49,42754,377,6,28944,0.422,1,4,No
63,69507,828,23,60989,0.076,4,1,No
56,46512,348,20,56602,0.189,0,2,No
41,161883,408,18,77865,0.087,4,2,No
41,59459,779,26,99927,0.407,0,1,No
41,195514,671,26,5599,0.176,0,4,Yes
24,182798,821,28,84027,0.105,5,0,Yes
21,89757,675,1,75455,0.514,0,0,No
46,126694,422,19,77491,0.05,2,4,No
22,34862,389,27,5449,0.379,3,3,No
29,123340,448,23,32366,0.602,0,3,No
65,134912,300,13,93691,0.523,2,3,No
38,60107,719,4,54112,0.412,5,1,No
62,113080,817,0,99012,0.112,2,2,No
61,170497,666,11,26757,0.524,0,1,Yes
31,59139,445,11,25875,0.251,3,3,No
45,58444,531,18,44027,0.142,2,3,No
46,153443,768,20,8698,0.643,3,4,No
56,156324,511,29,64681,0.105,4,0,No
62,126168,405,21,23669,0.481,0,4,No
55,141304,564,1,87750,0.262,5,1,No
58,35208,557,28,49369,0.555,3,1,No
23,109151,645,23,17322,0.378,4,1,No
61,80585,510,12,91078,0.584,5,3,No
55,107680,382,11,20023,0.383,5,2,No
60,110206,382,22,45108,0.244,0,0,No
42,64069,648,22,54878,0.626,2,2,No
28,81218,594,30,58168,0.324,0,3,No
35,179290,487,26,59552,0.56,4,2,No
65,189232,717,6,64653,0.554,1,4,No
27,50006,583,20,16246,0.388,5,4,No
39,151610,630,1,98588,0.351,1,4,No
60,64916,775,7,10382,0.227,0,2,No
62,50667,779,18,92386,0.387,2,4,Yes
37,101427,340,18,22557,0.395,5,2,No
21,72688,371,17,64890,0.194,1,1,No
65,39414,794,1,67764,0.533,4,2,No
49,149668,608,29,44903,0.252,2,1,No
33,43564,678,1,19434,0.502,5,2,No
49,30316,566,12,91728,0.643,2,1,No
61,69056,538,5,91107,0.647,4,2,No
62,184262,304,7,31101,0.568,3,1,No
26,113353,411,18,90641,0.564,5,4,No
25,67239,617,5,15609,0.534,2,1,No
54,192848,346,18,16927,0.468,1,0,Yes
31,97909,592,8,39287,0.16,2,0,No
29,87938,666,14,37387,0.115,0,0,Yes
58,61054,325,16,37943,0.393,4,1,No
60,127821,514,22,52319,0.456,2,3,No
61,154581,598,7,37128,0.29,1,3,Yes
29,44012,360,8,52460,0.619,4,2,No
28,107458,721,29,86089,0.201,4,4,No
64,43164,683,4,89148,0.201,3,3,No
60,31605,715,5,20245,0.571,2,3,No
23,102254,699,20,41598,0.355,1,2,No
33,191188,476,25,76741,0.072,1,2,No
39,172217,392,20,14251,0.168,3,3,No
54,177863,807,26,78492,0.389,5,1,No
52,41120,826,10,68128,0.246,5,3,No
36,179625,575,6,39247,0.344,2,2,No
56,141648,833,29,62971,0.526,4,2,No
38,172434,482,30,57301,0.347,2,4,No
34,139140,711,27,27147,0.329,3,4,No
50,64865,330,19,96098,0.156,0,4,No
22,110482,514,14,51546,0.138,2,2,No
33,193921,651,12,19301,0.309,0,3,No
47,95437,511,14,64355,0.176,0,3,No
37,133996,484,13,79970,0.29,0,1,No
51,158557,470,5,49988,0.389,2,0,No
35,84789,531,3,84652,0.118,2,3,No
40,147863,373,28,68403,0.168,1,1,No
25,123952,552,17,9738,0.564,5,3,No
27,35461,597,17,39587,0.43,1,3,No
38,82042,373,27,34138,0.497,5,3,No
31,104548,733,28,60909,0.343,4,0,No
52,186203,498,3,93693,0.463,0,0,No
47,77967,383,26,81502,0.31,1,4,No
46,129583,516,20,58560,0.128,3,4,No
57,165815,760,0,75905,0.312,1,3,No
65,185519,536,2,88933,0.426,4,3,No
48,149182,760,4,37424,0.202,5,4,No
22,27632,810,23,37365,0.472,5,4,No
40,180359,557,19,9010,0.13,5,4,No
24,52108,528,5,86201,0.189,3,2,No
33,124572,597,27,95926,0.485,5,3,No
44,69049,804,3,56255,0.191,4,2,No
58,97556,739,4,13336,0.427,3,0,No
60,61395,472,11,85924,0.474,3,4,No
65,174596,461,6,39023,0.177,3,0,No
49,63270,752,30,84791,0.353,4,2,No
56,64190,319,12,74493,0.615,1,0,No
22,30846,371,30,19849,0.405,1,2,No
61,110440,701,7,85620,0.072,1,0,No
38,135150,743,12,65070,0.167,0,1,No
28,164884,672,11,25022,0.542,5,2,No
35,95943,607,9,56186,0.337,5,0,No
61,142211,836,9,90538,0.092,4,2,No
37,160839,583,30,15014,0.265,2,1,Yes
43,178100,789,7,34721,0.479,5,3,No
22,174875,644,26,5747,0.496,3,1,No
26,35971,575,28,97895,0.403,1,0,No
49,124242,625,27,6339,0.501,2,0,No
47,111850,848,13,29816,0.305,5,4,No
57,89481,315,22,14009,0.336,1,4,No
54,88486,482,3,46081,0.308,5,2,No
38,89840,492,19,12867,0.226,4,3,No
62,104208,313,1,82186,0.44,2,0,No
30,67991,323,8,33307,0.448,2,2,No
58,180067,535,5,65343,0.569,2,2,Yes
64,180520,802,28,39676,0.241,3,0,Yes
37,56088,554,26,50057,0.435,5,2,No
33,28177,676,18,30830,0.256,1,4,No
62,183419,614,30,26495,0.593,1,1,No
47,171756,606,2,71110,0.245,0,3,No
22,46735,408,28,26868,0.523,1,3,No
54,30100,574,12,71764,0.55,3,2,No
51,175340,617,26,77668,0.266,5,3,No
43,67691,544,10,23878,0.178,5,1,No
27,104164,721,27,70842,0.094,5,0,No
58,162479,430,13,97229,0.596,2,0,No
53,49054,724,16,26767,0.442,4,4,No
32,196270,444,17,10045,0.542,5,3,No
65,182604,642,4,15313,0.421,4,3,No
32,120120,518,24,66349,0.146,0,4,No
39,108611,496,2,41023,0.232,0,4,No
29,184813,377,6,92037,0.253,2,0,No
30,165521,670,5,94963,0.308,3,4,No
37,148311,394,26,57288,0.081,2,0,No
60,177629,688,2,61490,0.452,3,4,No
59,182731,814,26,91463,0.212,0,3,Yes
61,159977,346,19,64938,0.338,3,3,No
30,194886,457,12,92744,0.086,2,0,No
32,194920,570,10,32843,0.468,2,4,No
35,146502,721,26,73994,0.379,1,2,No
51,97220,327,20,46047,0.593,3,3,No
35,190944,476,1,95879,0.168,0,1,No
48,165448,386,7,58584,0.625,4,3,No
24,72881,567,11,80674,0.594,1,3,No
56,111245,353,11,41154,0.227,0,4,No
21,169190,382,22,23899,0.589,5,4,No
64,54888,843,14,32174,0.225,0,0,No
54,119827,684,24,76531,0.252,5,3,No
37,72460,822,7,91965,0.595,5,3,No
59,136873,522,11,89274,0.523,0,3,No
58,184361,585,22,20901,0.315,3,1,No
64,66594,743,30,84046,0.118,0,1,Yes
53,52588,388,24,28834,0.328,4,2,No
41,80013,828,9,63009,0.557,4,2,No
46,191180,460,20,6955,0.405,2,2,No
56,192656,457,2,54034,0.079,1,4,No
25,83172,568,5,35453,0.295,4,3,No
53,191121,679,24,9969,0.47,3,2,Yes
21,81615,331,30,99614,0.579,1,0,No
26,96358,386,30,65290,0.636,3,0,No
57,50112,392,21,19833,0.552,4,4,No
22,116514,809,29,30806,0.573,1,3,Yes
25,41037,815,27,82753,0.179,4,2,No
46,33996,388,14,6579,0.566,0,0,No
61,48066,453,13,17888,0.606,5,0,No
33,115963,457,2,15575,0.431,1,0,No
32,150105,717,17,36226,0.342,5,4,No
25,65865,552,20,7143,0.537,4,1,No
22,151023,588,23,12236,0.42,5,3,No
24,164139,458,23,73682,0.547,5,1,No
47,155555,611,16,28904,0.321,3,1,No
30,161413,734,27,30563,0.157,5,3,No
33,177499,653,13,91351,0.601,5,2,No
64,51440,564,13,93491,0.631,1,3,No
22,106163,307,15,93065,0.634,1,3,No
46,113738,406,18,99827,0.623,1,0,No
35,104877,368,26,71433,0.346,2,0,No
30,44314,739,10,69085,0.427,0,4,No
42,199659,437,4,85458,0.578,1,0,No
60,115365,657,0,71399,0.064,5,0,No
45,159592,819,28,65388,0.147,4,0,No
35,188208,367,21,81654,0.149,3,1,No
33,175063,445,19,5959,0.182,4,3,No
28,30110,549,24,14348,0.293,2,3,No
41,197296,683,17,13154,0.328,5,0,No
41,125011,767,25,97363,0.285,5,3,No
42,109213,810,13,24335,0.577,1,4,No
53,60252,793,4,48132,0.205,0,4,Yes
65,76887,814,4,84490,0.493,5,1,No
47,188655,663,21,71783,0.635,3,1,No
60,101251,698,4,9885,0.444,2,3,No
42,110375,419,9,98467,0.077,5,1,No
50,140625,354,9,26721,0.118,1,3,No
29,58645,369,8,77394,0.553,0,2,No
65,68664,793,13,88206,0.266,3,0,No
55,99274,655,0,80493,0.292,3,4,No
38,191302,767,28,59634,0.581,3,2,No
62,151083,587,23,32464,0.473,3,0,No
25,62261,536,5,61442,0.477,0,4,No
47,122432,517,26,80617,0.454,1,2,No
26,49365,827,24,41218,0.43,1,3,No
52,135127,569,25,31922,0.503,0,2,No
28,73817,617,6,31649,0.47,3,0,No
59,178403,563,11,59603,0.107,4,4,Yes
41,180877,643,14,54017,0.182,3,2,No
38,185446,776,15,41604,0.115,5,2,No
34,173883,820,2,93313,0.535,1,4,No
35,129591,341,15,25388,0.407,0,0,No
62,174155,317,7,53760,0.629,5,3,No
46,71610,509,13,74681,0.481,5,1,No
64,168233,731,25,94387,0.347,3,1,Yes
52,170475,629,2,98310,0.61,5,4,No
59,141833,575,11,31486,0.629,0,4,No
48,97494,721,13,46250,0.426,3,2,No
59,50805,447,28,32057,0.426,4,4,No
63,119506,349,18,88655,0.398,0,3,No
52,35468,432,3,27027,0.101,4,3,No
33,36135,404,30,38906,0.509,0,3,No
35,152056,591,11,17487,0.576,3,0,No
38,88135,531,2,34946,0.385,0,1,No
59,89699,400,30,82992,0.166,4,1,No
26,176227,558,21,58662,0.537,1,1,No
31,91036,591,26,49628,0.587,4,4,No
52,154729,411,22,27238,0.534,3,3,No
60,46990,344,15,55463,0.177,1,3,No
40,178063,782,2,90139,0.18,1,3,No
53,44134,456,2,53878,0.325,4,0,No
60,75464,524,28,19418,0.144,1,3,Yes
28,109073,372,6,12342,0.462,3,1,No
55,193576,471,9,80997,0.475,0,3,No
25,156680,719,24,37840,0.642,4,2,No
55,174119,713,15,95299,0.277,3,0,No
34,159366,535,12,70309,0.485,5,2,No
41,141685,538,18,33142,0.348,3,4,No
44,117541,679,27,64164,0.147,5,3,Yes
37,105709,756,5,89147,0.597,0,0,No
38,178478,815,20,49782,0.086,5,0,Yes
54,110105,503,23,92876,0.075,4,3,No
32,190371,718,8,89547,0.209,0,3,Yes
36,72043,383,23,43577,0.65,0,0,No
24,185822,513,13,98754,0.062,4,4,No
45,193056,690,16,39334,0.304,2,3,No
54,81536,658,6,40488,0.361,1,0,No
48,28706,672,7,12920,0.239,2,0,No
31,167338,357,4,80584,0.473,4,4,No
33,111422,736,19,14234,0.274,2,0,No
51,148555,817,22,45334,0.447,4,4,No
45,100382,385,11,61066,0.256,2,4,No
59,103255,447,21,86851,0.14,2,1,No
30,111924,774,27,17458,0.387,3,4,No
44,70116,434,1,76220,0.382,1,2,No
21,110464,417,15,31437,0.208,5,3,No
45,94354,835,27,94598,0.267,5,3,Yes
48,33087,678,24,25374,0.311,0,1,No
56,146770,563,29,88176,0.387,3,3,No
38,126747,622,26,99640,0.435,4,2,No
26,112629,310,2,90262,0.125,4,4,No
22,91583,562,14,51700,0.137,0,4,No
23,68413,323,16,39734,0.27,3,2,No
28,109580,440,15,30608,0.3,3,3,No
51,106530,753,27,77385,0.249,1,2,Yes
39,182910,530,2,91833,0.438,5,0,No
26,155393,415,14,53564,0.628,3,4,No
34,64034,579,29,64496,0.413,3,4,No
23,115875,849,0,10468,0.154,4,4,No
21,166631,498,11,65841,0.247,1,3,No
64,159480,582,9,63285,0.377,1,4,No
50,48878,585,22,57190,0.238,3,4,No
39,174140,427,26,5759,0.327,5,3,Yes
39,183381,506,5,87176,0.397,3,4,No
29,188463,557,27,6629,0.474,0,3,Yes
27,116025,810,7,56035,0.191,3,2,No
57,118243,363,29,32388,0.332,5,2,No
61,113647,440,19,12385,0.295,2,2,No
27,107462,406,5,39551,0.108,5,4,No
29,191043,512,18,83248,0.411,4,1,No
24,109855,315,3,93435,0.518,2,0,No
45,148300,687,21,98487,0.56,5,4,No
32,150250,557,15,27994,0.094,1,2,No
26,97812,413,4,76522,0.389,4,1,No
38,79851,837,15,68264,0.642,2,2,No
60,74698,337,28,27087,0.503,3,0,No
41,46345,324,17,72571,0.404,2,3,No
35,195424,351,24,10104,0.068,2,3,No
23,82797,390,12,33516,0.088,3,1,No
22,76843,437,12,46129,0.082,5,1,No
61,34949,508,17,57921,0.526,5,0,No
60,62542,360,7,92147,0.376,4,3,No
24,188899,410,28,83959,0.234,0,3,No
52,116529,557,20,5223,0.575,5,4,No
22,150040,434,6,15962,0.537,3,3,No
49,155268,359,21,68645,0.517,3,3,No
22,108258,488,26,95595,0.514,4,0,No
54,115578,635,14,80529,0.165,1,2,No
47,163073,326,1,31559,0.575,5,0,No
59,32948,300,3,13099,0.168,3,2,No
64,122410,385,15,89226,0.568,0,0,Yes
58,109391,379,11,99194,0.585,0,1,No
38,181367,847,15,54236,0.477,3,2,Yes
56,181883,763,24,87909,0.475,3,2,No
39,66522,707,22,50722,0.206,3,1,No
47,198014,700,16,83401,0.238,3,0,Yes
65,85310,766,28,73551,0.394,1,1,Yes
40,185297,474,28,78130,0.393,3,1,No
41,136350,358,19,30750,0.254,4,1,No
43,131405,705,9,82350,0.588,4,0,No
50,75882,786,14,86256,0.129,1,2,No
45,176795,582,18,78123,0.284,2,3,No
51,98415,755,13,85525,0.205,1,4,No
47,100085,521,0,32486,0.607,3,1,No
54,144913,826,20,92992,0.136,2,1,Yes
28,155985,484,24,24630,0.332,2,0,No
39,190802,340,3,98746,0.075,0,0,No
61,40136,728,1,75941,0.517,4,0,No
46,130550,549,22,68247,0.447,5,0,No
48,67148,784,27,10195,0.556,1,2,Yes
24,96501,529,7,52931,0.226,5,2,No
51,136672,303,26,54879,0.382,5,4,No
36,68967,748,1,79793,0.625,1,3,No
30,194147,810,10,9517,0.202,1,1,Yes
58,44507,816,26,41063,0.592,3,0,No
30,126447,345,9,54575,0.619,3,1,No
65,126104,630,10,85445,0.277,0,1,No
29,188153,425,8,78540,0.249,5,1,No
59,141890,436,28,62005,0.22,1,3,No
56,113122,488,25,42934,0.556,2,3,No
56,158414,442,23,29961,0.46,4,3,No
39,151273,725,3,60474,0.176,3,2,No
39,69360,477,27,28167,0.563,2,1,No
32,35167,649,28,41570,0.165,0,0,No
33,87853,776,3,22409,0.344,5,0,No
45,73303,734,20,77484,0.119,1,2,No
56,137988,525,0,99372,0.439,0,2,No
45,91991,577,30,7488,0.446,5,4,No
48,182365,393,22,50205,0.267,2,4,No
62,158611,629,27,80617,0.112,0,3,No
59,126922,749,3,6087,0.378,3,2,No
50,115986,777,0,21982,0.602,2,2,No
25,151550,449,3,48593,0.525,2,4,No
37,174661,809,3,47766,0.395,4,3,Yes
38,168791,646,0,94532,0.095,4,1,Yes
63,28591,576,13,18243,0.443,3,0,No
41,177170,330,15,28996,0.256,3,1,No
42,95250,676,8,35141,0.493,3,2,No
59,152410,337,23,18351,0.074,0,1,No
26,117955,850,29,12843,0.339,4,4,Yes
36,185675,655,24,41202,0.264,2,4,No
22,29667,566,6,18990,0.059,1,1,No
21,98993,589,13,78231,0.332,1,1,No
50,98829,528,27,29694,0.141,0,4,No
63,49238,319,4,46762,0.063,1,3,No
57,150636,362,13,31615,0.419,0,3,No
43,182182,791,12,71463,0.642,3,2,Yes
21,125573,469,22,88758,0.456,5,0,No
39,150842,312,1,18527,0.579,4,4,No
23,109403,688,25,54598,0.126,3,1,No
22,36184,647,22,43804,0.228,0,0,No
57,111349,656,19,93808,0.511,2,2,No
37,50482,470,11,10970,0.157,2,2,No
48,198636,497,20,87079,0.407,3,0,No
38,40660,468,26,56949,0.333,1,4,No
53,49479,456,6,55977,0.412,5,2,No
35,62230,623,1,83259,0.63,2,3,No
42,28340,509,20,25817,0.51,0,1,No
61,130251,495,27,78994,0.643,1,0,No
47,56829,569,17,58578,0.123,0,0,No
57,163111,361,9,64387,0.328,3,3,No
52,163227,797,5,57049,0.198,1,2,Yes
65,150045,416,25,73519,0.45,2,2,No
39,151086,712,23,34126,0.059,5,2,Yes
48,195510,600,6,9469,0.586,2,0,No
48,128213,626,11,88248,0.411,4,1,No
30,98933,839,20,99859,0.452,3,0,No
40,139753,614,15,93768,0.527,1,0,No
45,168309,821,18,19446,0.497,4,3,Yes
41,125355,576,19,86757,0.462,0,3,No
34,156074,303,17,67443,0.619,3,3,No
42,147114,480,21,35736,0.192,5,1,No
46,90860,384,13,6157,0.107,2,4,No
64,194974,785,14,6335,0.429,0,3,Yes
31,46275,836,7,70163,0.089,0,2,No
27,76734,831,23,32156,0.383,0,0,Yes
37,88261,498,14,98002,0.47,0,4,No
38,188133,395,24,54345,0.454,3,3,No
27,150526,395,20,67099,0.253,4,4,No
40,191962,388,11,35527,0.457,3,3,No
58,114896,817,25,59547,0.251,5,0,Yes
31,44498,809,30,31718,0.533,5,0,No
64,102003,823,26,61855,0.573,2,2,Yes
36,169441,327,21,93021,0.45,5,1,No
47,85071,574,17,26689,0.426,1,2,No
31,38997,764,9,72632,0.223,2,1,No
36,68518,398,19,98392,0.329,1,3,No
43,134885,752,13,81001,0.188,2,1,Yes
32,155480,591,18,25234,0.473,4,0,No
60,49686,600,29,88333,0.44,5,1,No
23,110736,841,24,75586,0.116,5,1,No
22,100691,473,15,76602,0.589,2,2,No
58,38074,485,21,54647,0.643,1,3,No
44,43091,329,21,17400,0.135,3,1,No
49,31715,550,19,96894,0.215,1,3,No
54,63821,739,5,74420,0.543,5,3,No
40,45199,512,12,77752,0.287,4,1,No
38,159111,643,10,49199,0.085,1,3,No
34,30861,336,0,24207,0.597,0,4,No
38,77008,645,8,62523,0.365,1,0,No
22,82668,793,18,17781,0.069,1,2,Yes
21,195176,396,4,86689,0.311,2,0,No
40,192202,835,6,71291,0.551,2,2,Yes
54,147494,624,1,6419,0.287,3,1,No
61,192330,643,19,79336,0.128,0,3,No
61,55691,385,14,31092,0.075,5,2,No
31,48815,460,28,69831,0.518,3,1,No
47,116674,316,5,64078,0.356,0,1,No
43,108464,543,0,39166,0.242,1,2,No
58,112771,517,21,50903,0.546,0,1,No
64,181173,305,4,17376,0.118,4,2,No
23,111553,680,1,10666,0.148,1,3,Yes
32,152602,534,21,83172,0.283,0,3,No
50,181488,683,20,29809,0.073,0,0,Yes
51,109185,423,28,89827,0.562,5,4,No
43,136184,359,13,76250,0.325,5,4,No
21,66026,800,16,87599,0.406,2,1,No
61,181408,309,28,78306,0.078,0,2,No
40,145975,827,29,29545,0.57,3,0,Yes
26,30260,725,11,91815,0.632,4,1,No
31,169729,446,26,89642,0.583,2,3,No
55,148344,756,5,87015,0.461,1,4,Yes
24,127495,850,6,78614,0.525,3,3,No
49,185151,304,15,74540,0.559,1,1,No
30,177355,798,24,61728,0.18,3,1,Yes
49,26467,804,26,74581,0.136,2,1,Yes
58,162173,586,12,46366,0.173,1,0,No
21,158832,506,1,56254,0.583,3,0,No
60,129725,849,21,96396,0.252,5,2,No
28,168720,555,21,56149,0.142,1,2,No
58,59161,318,16,91726,0.65,3,4,No
37,135803,462,28,96079,0.151,4,1,No
39,112298,474,23,20939,0.12,5,3,No
53,43083,542,4,61325,0.55,5,1,No
35,173576,816,1,47875,0.557,2,0,No
65,194169,402,20,21265,0.38,4,1,No
51,75723,545,19,20153,0.215,5,1,No
41,137660,447,22,80259,0.235,4,1,No
23,167768,832,25,42744,0.232,0,1,Yes
22,130071,475,23,30851,0.569,1,2,No
55,112258,718,0,81173,0.06,4,2,No
61,120735,412,0,55700,0.476,3,4,No
36,87071,467,7,90615,0.623,2,4,No
65,119968,832,10,97009,0.501,0,2,No
41,79094,379,11,57479,0.345,2,0,No
32,67415,527,29,87805,0.099,0,4,No
48,113251,336,3,12238,0.068,3,0,No
32,52124,626,23,91420,0.175,4,1,No
53,48403,451,6,45672,0.417,4,1,No
40,27422,477,24,74002,0.323,0,2,No
60,154457,481,12,87339,0.411,4,1,No
41,130894,767,6,20946,0.101,3,2,No
59,169527,408,29,54718,0.547,4,4,No
61,184259,455,3,49065,0.457,1,1,No
62,100068,559,11,48485,0.433,4,3,No
56,169613,695,20,40654,0.154,0,4,Yes
42,171553,559,22,25397,0.378,0,0,No
46,67478,570,17,68268,0.203,4,3,No
27,63593,711,12,33603,0.61,4,3,No
27,97296,336,18,23321,0.33,3,2,No
28,198991,692,2,79844,0.234,1,2,No
46,66670,523,13,49815,0.62,5,0,No
44,45954,494,15,26657,0.173,4,0,No
44,58341,666,24,97276,0.346,1,4,No
60,52419,377,1,79746,0.153,0,2,No
32,74659,836,19,16570,0.107,3,2,No
28,158294,837,29,58834,0.081,4,1,Yes
29,81840,607,23,9447,0.059,2,4,Yes
23,182345,671,0,16097,0.476,2,2,No
41,91323,684,24,65320,0.283,5,2,No
51,118901,413,13,33731,0.603,0,0,No
44,127971,576,21,45612,0.426,0,4,No
24,141921,761,27,28434,0.534,2,3,No
40,50162,371,3,43604,0.22,2,0,No
36,101893,708,4,22825,0.178,1,4,No
30,70569,829,6,18507,0.317,0,1,No
63,142937,314,10,10685,0.546,2,3,No
46,52277,341,11,77135,0.338,2,0,No
49,129375,319,7,55169,0.38,3,2,No
25,110956,315,20,82937,0.265,5,4,No
31,82899,392,6,87363,0.405,2,2,No
49,37167,380,2,72338,0.353,2,0,No
65,70350,377,1,59293,0.327,2,0,No
35,171662,797,17,58803,0.379,4,0,Yes
26,52883,794,9,55033,0.301,2,4,No
35,39374,325,27,45846,0.522,5,4,No
63,49551,755,18,31187,0.091,0,2,Yes
40,119188,376,21,22248,0.262,4,0,No
54,145766,613,14,74023,0.502,4,4,No
22,173917,651,26,88013,0.269,3,3,No
64,112834,500,25,80882,0.332,4,4,No
36,31352,602,16,27784,0.285,5,3,No
39,125475,626,18,11629,0.26,2,1,Yes
54,136566,422,2,74139,0.38,3,3,No
34,82080,477,12,83961,0.148,3,1,No
44,33594,601,1,94636,0.312,1,0,No
48,33475,307,14,70895,0.503,4,2,No
52,154599,301,16,27529,0.056,3,0,No
57,113035,445,28,51669,0.412,1,4,Yes
30,120983,847,0,61881,0.639,3,1,No
65,193496,781,13,45657,0.292,4,1,No
29,100923,341,0,45080,0.373,4,1,No
44,27670,657,23,73199,0.134,5,2,No
56,84263,520,21,69567,0.474,0,1,No
49,60316,348,24,37617,0.301,2,0,No
49,43710,659,27,38566,0.511,2,0,Yes
43,195886,753,10,18628,0.126,2,1,No
47,125510,327,2,10456,0.095,0,2,No
51,30179,392,12,17631,0.219,0,1,No
63,50063,516,22,56436,0.155,1,4,No
27,83009,783,21,44555,0.54,2,1,No
65,96011,838,8,54651,0.505,1,2,No
24,165753,397,14,93948,0.63,1,3,No
34,97501,607,8,64182,0.09,3,0,No
62,58566,717,26,23942,0.222,2,4,Yes
62,142488,599,29,92674,0.632,0,0,No
30,183946,653,24,82299,0.114,1,2,Yes
64,192195,409,6,16304,0.344,2,2,No
54,110849,826,24,42248,0.444,5,4,Yes
46,86217,803,6,56801,0.187,5,3,No
43,49939,401,24,76081,0.516,5,3,No
29,104854,483,1,83358,0.561,4,4,No
57,196528,518,1,86164,0.289,2,3,No
28,166409,428,22,82525,0.472,1,3,No
34,167095,619,25,31334,0.368,5,2,No
27,103406,781,21,66613,0.458,4,0,No
27,128326,547,21,35667,0.32,2,1,No
29,130888,367,20,61618,0.07,4,3,No
23,85916,569,0,91030,0.245,1,3,No
34,39274,391,22,33091,0.227,5,3,No
37,110285,794,17,62456,0.605,5,3,No
64,49398,828,15,99846,0.313,3,2,No
42,106506,691,23,71584,0.592,5,1,No
46,55135,813,9,59068,0.053,2,2,No
48,137096,739,30,29505,0.429,3,2,No
65,152843,738,22,22921,0.324,4,2,Yes
34,36412,496,15,71624,0.077,2,3,No
29,171365,654,27,17115,0.331,0,3,No
46,169266,513,12,42017,0.28,3,1,No
22,138283,406,1,41946,0.178,3,2,No
31,116182,507,1,61654,0.097,4,1,No
37,119301,308,9,98801,0.524,1,1,No
54,62219,441,23,60091,0.415,0,1,No
39,60507,833,27,67209,0.404,1,3,No
59,81591,711,11,31561,0.593,2,2,No
38,112468,393,4,65977,0.057,1,3,No
33,195631,641,7,60673,0.375,3,2,No
25,114836,587,16,60008,0.622,0,2,No
43,113765,566,8,7441,0.32,2,2,No
44,162939,831,23,79991,0.333,2,0,Yes
49,99644,524,21,70581,0.092,3,0,No
28,28943,468,14,60380,0.472,1,1,No
46,171595,622,12,22620,0.507,2,3,No
35,126764,394,13,58482,0.133,2,3,No
21,92028,661,7,56468,0.433,2,1,Yes
48,192461,763,16,6458,0.274,5,1,Yes
34,164990,810,10,34007,0.389,0,1,Yes
62,51185,566,7,19521,0.455,3,3,No
54,46402,625,13,99269,0.11,2,4,No
51,119860,432,0,12165,0.231,0,1,No
26,185648,661,11,97551,0.555,5,2,No
25,48134,648,19,60017,0.152,0,1,No
51,55505,846,9,41760,0.44,4,3,Yes
57,140250,567,11,31421,0.552,2,2,No
35,26268,343,18,83892,0.425,4,4,No
35,96097,577,26,67550,0.521,5,4,No
63,80197,438,14,25411,0.343,4,3,No
25,167343,610,2,72708,0.58,5,1,No
48,127958,536,25,66167,0.456,0,2,No
53,142859,565,8,77383,0.255,2,2,No
31,32512,469,7,56630,0.362,5,2,No
63,88968,515,30,99691,0.438,0,2,No
26,146534,416,9,29650,0.523,1,3,No
43,85757,537,27,40568,0.151,2,2,No
60,177494,555,7,86569,0.644,1,4,Yes
22,132753,733,15,68495,0.14,5,0,No
35,155282,715,10,39867,0.376,1,2,No
43,121381,387,22,83928,0.06,5,2,No
42,168836,533,23,69981,0.314,3,1,No
29,177236,829,23,85391,0.052,1,0,Yes
60,133915,410,25,28181,0.092,1,2,No
50,91679,537,21,45004,0.379,4,2,No
36,185285,663,7,9442,0.324,2,4,No
50,97239,708,17,96055,0.088,1,3,No
65,119386,586,6,66424,0.609,4,3,No
29,166878,517,2,81886,0.26,5,4,No
21,163166,702,7,92691,0.496,0,2,No
58,41158,521,4,9927,0.628,0,3,No
28,139523,644,26,13179,0.595,2,4,No
38,52209,783,4,83971,0.46,1,1,No
47,38763,412,18,90127,0.061,3,1,No
38,192328,317,16,16132,0.435,3,0,No
52,67105,751,28,88431,0.1,1,1,Yes
52,125408,518,28,88265,0.306,0,0,No
65,110776,460,13,67660,0.598,0,3,No
56,128423,369,17,6744,0.122,4,2,No
56,169582,306,28,94166,0.473,5,3,No
41,143747,300,27,96019,0.22,4,0,No
52,92344,398,1,33642,0.147,3,4,No
51,177936,614,22,18417,0.194,4,0,Yes
57,90945,333,17,15863,0.294,5,3,No
36,156717,525,29,11770,0.533,1,2,Yes
34,86264,778,30,19914,0.359,5,1,No
44,108471,790,6,39177,0.26,4,1,No
45,169998,522,16,50710,0.156,5,0,No
55,145050,819,17,61694,0.202,2,2,Yes
37,157185,542,15,76814,0.617,3,3,No
62,74213,387,22,52291,0.183,0,1,No
65,181883,779,6,74895,0.246,4,2,No
24,160664,608,17,93153,0.343,5,2,No
31,137695,839,11,9743,0.321,2,1,No
35,49552,767,25,9893,0.234,0,4,No
50,86898,441,28,36852,0.06,4,4,No
44,77118,389,15,50907,0.544,1,3,No
22,44744,612,13,31677,0.096,3,2,No
63,47046,479,6,13885,0.524,0,2,No
54,106365,848,29,98918,0.234,0,2,Yes
43,132908,301,24,35975,0.597,2,0,No
51,89932,333,7,83203,0.348,3,3,No
57,151464,613,13,20028,0.057,3,3,Yes
33,133229,525,21,5733,0.361,2,2,No
53,48084,663,19,93094,0.596,4,2,No
27,61398,806,13,18724,0.074,2,0,No
52,122219,415,26,66739,0.325,0,0,Yes
27,188549,413,2,92133,0.47,0,4,No
62,161272,841,7,68870,0.09,1,1,Yes
58,133987,778,18,38528,0.19,3,2,No
64,27039,406,11,55709,0.071,5,0,No
33,114374,614,10,17790,0.384,0,1,No
44,124611,451,20,47621,0.539,0,3,No
48,162706,459,10,26387,0.264,3,0,No
52,89899,374,2,61861,0.117,4,2,No
63,26724,648,8,30604,0.365,3,4,No
38,112590,486,10,51273,0.57,0,4,No
54,158527,638,22,71426,0.403,3,1,No
54,137966,688,18,76877,0.181,4,2,No
58,97628,793,9,40434,0.18,5,4,No
21,182684,468,28,7466,0.255,0,2,No
63,65456,352,22,33233,0.1,4,2,No
62,67773,556,15,20695,0.375,1,3,No
51,159133,521,3,59194,0.633,4,4,No
21,188073,345,0,31255,0.532,0,2,No
36,35586,559,3,51127,0.378,3,1,No
59,119479,314,26,20270,0.602,4,0,No
35,100012,311,25,67592,0.396,3,1,No
53,115507,300,26,84228,0.529,0,3,No
43,159835,376,26,11671,0.161,3,4,No
61,70209,841,7,55707,0.166,0,4,No
54,180150,349,15,7433,0.57,0,0,No
37,83434,305,29,93826,0.189,4,4,No
45,60656,374,5,14685,0.383,5,1,No
62,160078,645,0,56460,0.178,1,3,No
26,42470,632,15,81016,0.414,2,4,No
51,97035,573,0,24622,0.324,4,0,No
25,124608,809,19,72627,0.541,1,0,No
60,101840,567,30,29744,0.512,4,2,No
60,120771,779,15,63207,0.192,4,0,No
50,178966,607,26,76754,0.357,0,3,Yes
25,173470,521,21,38561,0.638,1,1,No
32,70332,577,3,86502,0.364,2,2,No
27,145536,657,26,15635,0.313,3,4,No
65,102533,617,24,50813,0.076,0,4,Yes
33,186852,341,1,99937,0.397,4,1,No
24,198158,366,13,13110,0.617,5,2,No
62,182578,491,5,52408,0.594,3,3,No
23,155194,442,22,24786,0.476,4,3,No
32,133618,453,19,91384,0.254,0,3,No
21,128424,393,11,19037,0.493,4,1,No
47,120596,496,4,12093,0.382,0,1,No
63,76020,677,13,85713,0.382,4,3,No
33,170057,682,4,28845,0.542,3,4,No
37,127416,833,17,42400,0.192,5,1,No
28,147610,788,29,65301,0.398,5,4,No
52,157534,461,15,64119,0.411,0,2,No
40,49082,765,20,87466,0.605,1,3,No
37,157937,697,15,27088,0.064,3,3,Yes
54,61777,577,9,30765,0.337,0,1,No
55,167394,771,10,73029,0.208,0,1,Yes
55,183834,440,20,57836,0.552,1,1,No
58,39538,546,4,40529,0.231,4,3,No
62,82125,469,3,82600,0.218,5,2,No
44,115583,518,25,20494,0.456,2,4,No
38,159249,333,19,64124,0.22,0,4,Yes
59,52502,584,28,45528,0.292,3,1,No
53,154988,709,6,41297,0.07,4,3,No
43,44249,706,5,18504,0.264,5,3,No
45,28197,335,14,77041,0.472,3,2,No
57,60229,673,26,62683,0.381,0,3,Yes
47,49166,564,14,9550,0.135,1,0,No
21,164764,597,23,14992,0.542,1,3,No
41,131298,306,16,45479,0.251,1,0,No
30,26775,322,9,23715,0.577,5,0,No
51,57656,715,17,52323,0.555,5,4,No
64,25606,834,10,24517,0.138,4,1,No
45,82281,571,26,40841,0.596,1,0,No
40,32375,368,17,50691,0.096,4,3,No
22,155708,312,1,17163,0.298,0,2,No
35,152325,565,2,85124,0.151,5,3,No
48,25819,557,5,56525,0.121,5,4,No
33,101992,574,2,60815,0.118,0,4,No
34,187445,396,6,66357,0.05,2,2,No
22,156855,327,2,24595,0.525,3,4,No
54,32560,713,14,84486,0.207,0,0,No
55,54168,403,12,14106,0.056,4,1,No
57,180336,341,5,40706,0.183,4,0,No
45,151625,590,1,16484,0.084,4,2,No
35,124436,820,1,28722,0.077,1,1,Yes
32,103598,338,18,25848,0.527,3,1,No
29,100924,739,27,95123,0.058,5,3,No
51,184108,337,7,91852,0.569,2,2,No
34,30318,408,8,97084,0.171,3,4,No
49,79714,729,1,82854,0.622,5,2,No
63,55544,720,6,85536,0.505,3,2,No
58,45823,645,30,64782,0.197,0,3,No
62,129555,680,28,85870,0.226,1,2,Yes
28,41978,803,16,66596,0.214,0,0,No
23,184532,809,14,98386,0.182,1,0,No
22,159396,842,3,47260,0.198,2,2,No
36,147418,329,21,6079,0.41,0,3,No
39,159006,457,22,27038,0.443,1,2,No
50,30033,460,12,43661,0.177,1,2,No
61,130067,667,2,51821,0.559,4,0,No
36,162158,658,11,69585,0.511,0,3,No
51,193173,849,2,49667,0.344,1,1,Yes
48,43894,702,28,23338,0.139,4,1,No
24,29687,433,20,24844,0.289,4,3,No
30,158959,551,18,99459,0.281,4,3,No
65,159115,505,8,35013,0.591,0,1,No
38,174087,447,15,89561,0.568,5,2,No
52,42789,807,17,50902,0.072,5,0,No
50,81784,829,25,98899,0.053,2,0,Yes
56,31115,490,29,94639,0.514,3,1,No
29,53821,484,28,10372,0.117,4,4,No
56,47879,705,15,66053,0.17,0,4,No
49,142177,516,11,56398,0.618,1,2,No
36,74157,387,6,44387,0.267,1,1,No
48,188789,732,22,48654,0.554,3,1,Yes
41,85262,573,18,6425,0.149,0,4,No
22,65971,360,23,78427,0.458,1,2,No
55,126146,381,11,7278,0.426,3,4,No
48,146535,377,10,54380,0.491,5,4,No
56,117384,620,11,64085,0.225,4,4,No
51,180814,835,29,35030,0.132,5,0,No
53,137453,565,30,48087,0.096,3,1,No
43,125277,338,18,20638,0.459,2,2,No
61,51520,407,20,8937,0.448,4,2,No
37,39833,562,16,27290,0.061,1,1,No
21,86475,695,14,58385,0.41,5,0,No
62,33143,578,9,44089,0.137,3,1,No
43,114472,828,3,6825,0.074,0,2,Yes
47,127132,633,29,82927,0.361,0,2,No
45,112005,526,17,68717,0.186,1,0,No
52,73538,491,27,56634,0.373,4,1,No
39,88795,620,12,24271,0.48,5,0,No
44,128041,641,29,14522,0.606,3,4,No
23,107159,327,4,52060,0.255,2,1,No
32,148796,613,19,53576,0.304,5,3,No
55,102166,514,19,97972,0.148,4,0,No
35,173311,317,3,49656,0.483,2,3,No
37,183312,409,29,52739,0.544,3,0,No
52,126542,792,15,45762,0.472,0,2,No
27,25553,848,20,97566,0.316,0,3,No
39,180590,814,24,64902,0.386,0,2,Yes
27,133381,569,24,23734,0.182,0,2,No
25,38612,434,19,32817,0.491,1,2,No
60,101673,811,26,41760,0.447,4,2,Yes
41,89459,700,8,82380,0.605,3,1,No
27,50804,794,23,83122,0.391,4,1,No
57,66154,382,28,34317,0.5,1,4,No
43,196178,378,20,61814,0.35,0,2,Yes
31,135183,607,23,58389,0.551,4,4,No
30,165689,325,29,59251,0.406,5,4,No
41,171470,466,28,80482,0.329,1,3,No
61,27693,842,6,36478,0.137,3,0,Yes
53,55971,760,17,70165,0.532,4,2,No
40,151633,450,9,93375,0.535,5,1,No
53,105078,339,14,5977,0.239,2,3,No
60,99227,639,28,56409,0.316,4,1,No
55,103990,473,23,60501,0.298,1,4,No
54,111034,396,8,65543,0.253,2,0,Yes
56,110567,466,17,19008,0.347,0,4,No
47,65677,497,10,16509,0.353,2,4,No
39,93402,739,11,60110,0.097,0,0,No
63,123104,829,1,36579,0.206,0,2,Yes
25,47291,813,25,9356,0.083,0,4,No
49,53497,401,8,80824,0.486,5,2,No
30,140135,481,16,55279,0.481,1,3,Yes
60,56969,713,2,12167,0.224,4,2,No
33,198156,790,13,32824,0.398,0,3,Yes
49,172749,515,2,20310,0.308,1,0,No
25,55245,818,5,70840,0.142,4,4,No
32,78312,841,10,78825,0.453,0,4,No
33,191386,550,22,93131,0.514,0,4,No
42,33267,544,2,66584,0.251,0,3,No
60,64812,504,14,44177,0.357,5,0,No
35,159847,787,7,98089,0.159,5,4,No
33,150562,335,1,87620,0.086,5,0,No
21,101924,398,10,34105,0.208,2,4,No
58,50875,668,13,81320,0.542,1,1,No
63,120803,557,2,34097,0.512,5,0,No
65,72589,800,28,22623,0.191,0,3,Yes
21,28534,403,9,51263,0.088,3,4,No
31,195952,778,17,35324,0.547,4,0,Yes
63,174155,539,17,78066,0.423,0,1,No
60,86807,667,11,5091,0.104,3,4,No
42,76670,590,26,72777,0.477,4,0,No
55,100465,448,21,76098,0.362,5,1,No
64,79720,700,18,6196,0.133,0,2,No
26,198962,797,18,7840,0.063,5,3,Yes
48,195672,587,8,13450,0.554,0,3,No
51,197401,433,0,92128,0.221,4,4,No
28,122619,753,24,50646,0.378,0,4,No
25,28739,524,11,61947,0.139,5,0,No
62,176829,710,26,26048,0.457,3,4,No
64,58107,673,1,71689,0.083,4,4,No
37,158934,384,1,58368,0.552,1,4,No
58,107533,383,4,12906,0.39,0,1,No
29,42487,781,21,97449,0.11,3,0,No
30,53353,642,23,98012,0.384,5,3,No
40,33984,571,0,51204,0.301,4,4,No
34,48130,305,11,38142,0.214,1,3,No
34,98794,763,4,59842,0.454,3,2,No
46,193351,818,27,51515,0.536,3,3,No
49,65080,313,25,84068,0.12,2,3,No
47,37839,302,13,28053,0.214,1,2,No
45,123874,786,7,26485,0.146,4,1,No
36,66499,687,10,11057,0.322,5,2,No
56,155094,786,17,37240,0.052,4,4,No
54,161428,467,9,43726,0.467,5,2,No
36,107036,705,8,30284,0.075,0,4,No
53,100926,762,14,34838,0.162,0,0,No
23,54778,431,9,36437,0.56,4,4,No
43,130528,805,3,53612,0.541,4,3,No
31,88192,535,10,55978,0.421,1,2,No
38,110376,322,22,21188,0.479,4,1,No
61,153219,431,16,39168,0.384,3,0,No
64,54980,751,28,29923,0.285,5,0,Yes
49,191891,573,17,18253,0.194,3,0,Yes
25,39065,300,16,49334,0.595,3,0,No
44,150361,843,30,70735,0.589,5,3,No
49,35559,465,23,43857,0.587,5,2,No
49,149514,709,0,8373,0.597,2,1,No
46,98969,596,24,59985,0.509,1,1,No
60,164728,392,11,47066,0.588,4,1,No
23,68210,395,22,91303,0.573,0,2,No
22,56477,440,14,5502,0.21,5,2,No
45,131111,616,20,63138,0.557,2,1,No
39,54529,604,16,29337,0.387,1,4,No
60,43262,476,19,28933,0.362,0,4,No
22,90087,720,28,8484,0.124,3,4,No
39,193721,329,2,97830,0.561,2,0,No
21,76686,441,6,75786,0.241,5,1,No
47,198937,522,27,8152,0.176,1,0,No
65,192649,804,0,66634,0.547,3,1,Yes
55,99299,810,25,38606,0.066,1,3,No
61,138044,302,19,65318,0.169,5,3,No
25,61409,753,10,8580,0.345,5,4,No
58,184152,850,4,34914,0.583,5,3,No
24,184267,574,2,84485,0.31,0,0,No
37,171681,660,20,85357,0.153,3,4,No
41,44535,397,19,75092,0.344,4,3,No
51,148828,759,20,44697,0.427,5,1,No
42,160182,427,8,77789,0.574,4,3,No
31,134518,466,29,23059,0.534,4,4,No
54,163279,565,27,40878,0.517,3,3,No
35,73637,683,23,9797,0.345,5,3,No
30,189146,450,7,90686,0.595,1,1,No
58,197736,547,1,95898,0.577,4,1,No
52,99405,517,18,26933,0.507,4,3,No
51,68872,401,15,56293,0.526,2,0,No
57,37185,599,15,95741,0.593,3,3,No
64,131706,347,26,28092,0.256,2,0,No
48,176950,630,3,55539,0.623,0,3,No
51,26396,534,9,92931,0.129,2,4,No
26,28460,812,27,51046,0.577,3,3,No
34,127657,396,16,97112,0.186,5,0,No
43,32676,650,29,66659,0.384,2,1,No
36,62312,389,29,98444,0.395,4,0,No
45,159220,498,24,81450,0.612,5,3,No
59,168344,399,14,96782,0.213,2,1,No
22,27655,729,17,42263,0.303,4,3,No
58,199177,451,27,22497,0.136,0,2,No
61,80863,407,30,6171,0.377,5,3,No
59,86045,463,1,9227,0.285,2,2,No
54,70517,750,7,38666,0.317,3,0,No
60,99227,547,9,35396,0.092,2,0,No
63,199710,784,30,50684,0.55,0,3,Yes
45,99789,741,30,23802,0.262,2,1,No
56,79322,799,24,95220,0.432,4,0,Yes
36,126800,578,0,5372,0.429,1,2,No
38,145782,823,17,79369,0.432,3,1,No
33,160294,485,15,32867,0.19,0,3,No
57,76141,787,9,71756,0.113,3,2,No
47,35716,523,4,88469,0.092,2,3,No
54,85644,799,8,40627,0.391,4,1,No
31,150650,845,9,85799,0.107,1,4,Yes
21,113499,400,4,60781,0.289,1,1,No
33,157454,573,6,28214,0.576,4,1,No
50,160239,731,5,77539,0.096,2,0,Yes
25,142323,848,13,92296,0.44,4,0,No
38,128849,811,21,86147,0.307,3,1,No
34,106117,689,17,81989,0.566,3,3,No
33,116730,510,30,51722,0.496,2,2,No
52,184895,385,12,74912,0.121,4,2,No
27,85972,804,9,58623,0.225,4,2,No
28,99963,779,13,68075,0.432,5,0,No
27,79534,507,7,80749,0.153,0,3,No
36,192823,594,21,42433,0.531,1,2,No
63,141093,574,13,40038,0.196,0,0,No
51,49121,676,3,11826,0.548,2,0,No
47,96736,472,22,77316,0.211,1,4,No
53,178198,429,8,69278,0.18,2,0,No
49,86581,303,22,87157,0.615,4,4,No
28,51123,795,5,52167,0.432,0,4,No
53,76036,678,1,52290,0.374,2,3,No
61,155062,655,2,65977,0.079,5,0,No
39,103855,767,29,34840,0.219,5,2,Yes
41,171662,695,22,29144,0.124,0,2,No
61,47701,737,10,21211,0.146,5,3,No
41,66178,840,28,83977,0.208,4,0,No
45,130734,345,16,51198,0.132,2,2,No
62,62118,348,28,18731,0.59,5,3,No
43,50387,419,0,8350,0.101,4,0,No
31,82613,373,2,46307,0.566,5,4,No
53,71666,707,13,57697,0.338,2,4,Yes
40,195207,794,10,50162,0.144,4,3,No
45,54554,572,29,25465,0.366,5,1,No
46,144387,406,20,81716,0.567,1,4,No
60,67146,483,15,23994,0.584,5,1,No
32,125037,644,13,23763,0.263,1,0,No
52,169060,831,29,23344,0.452,5,1,Yes
53,41456,638,27,44387,0.09,5,0,No
30,144681,758,18,55570,0.35,2,2,No
24,147573,524,8,44909,0.186,2,0,No
35,185286,674,22,5906,0.229,1,0,No
26,86405,824,1,39766,0.328,2,0,No
47,167106,355,25,82212,0.598,0,4,No
25,25877,539,9,75041,0.544,5,3,No
25,87718,574,2,45906,0.279,5,2,No
38,83100,705,14,43787,0.337,3,3,No
48,34642,413,11,63057,0.574,3,0,No
55,125844,844,18,39300,0.099,1,4,Yes
42,75483,413,8,50500,0.516,0,1,No
54,90293,731,13,67695,0.152,3,2,No
24,100450,801,14,26114,0.217,4,4,No
38,121629,670,22,90699,0.181,0,3,No
61,138140,837,10,92779,0.381,0,4,Yes
46,74508,386,30,12175,0.188,1,2,No
62,132815,745,10,79197,0.324,3,2,No
42,156651,499,2,78848,0.066,4,0,No
53,37587,661,10,34357,0.24,2,3,Yes
63,91181,786,0,84425,0.477,2,0,No
34,172000,383,26,35742,0.311,5,0,No
51,117345,546,3,49833,0.544,1,4,No
30,68591,816,20,99399,0.326,0,1,No
44,56901,567,24,79717,0.576,4,0,No
41,118411,764,19,19143,0.287,2,4,Yes
28,164571,313,9,21004,0.267,2,4,No
52,156305,517,17,7466,0.204,1,4,No
51,173490,533,0,13328,0.327,5,0,No
54,84566,344,20,68221,0.549,0,2,No
43,40246,459,2,95661,0.478,2,1,No
45,194857,457,24,19061,0.154,4,3,No
27,128425,399,2,82906,0.605,2,2,No
39,138400,382,18,31280,0.318,1,2,No
27,59503,452,17,69628,0.183,3,1,No
28,160349,320,12,48545,0.613,2,2,No
34,91477,549,2,43989,0.314,5,0,No
21,156421,488,24,75111,0.154,5,3,No
33,117798,621,22,74414,0.544,1,4,No
23,98000,832,17,26065,0.35,5,1,No
48,169580,518,18,12973,0.168,2,1,No
58,122565,316,29,52045,0.458,0,4,No
35,135123,815,7,28546,0.639,1,1,No
56,92081,338,13,49572,0.101,3,3,No
23,141434,441,29,5043,0.311,2,0,No
24,53957,645,25,25983,0.358,2,0,No
25,163968,602,23,34534,0.447,0,0,Yes
46,130634,429,25,82918,0.187,5,2,No
45,160360,767,0,47018,0.161,1,3,No
30,181816,645,0,6945,0.495,1,2,Yes
28,46150,475,7,77264,0.452,2,0,No
32,112877,747,11,72252,0.197,5,1,No
23,135540,493,7,61815,0.084,5,1,No
47,130139,636,10,96142,0.53,2,3,No
43,46091,478,13,9876,0.459,3,1,No
60,156972,380,17,96890,0.578,2,2,No
53,71702,460,11,74308,0.091,1,3,No
34,44725,706,7,86371,0.343,1,1,No
43,53722,480,0,80250,0.146,3,1,No
51,180150,568,20,29794,0.455,2,3,No
33,43059,788,9,82744,0.2,4,0,No
32,43161,793,4,94309,0.208,5,1,No
55,115345,490,28,38448,0.479,5,1,No
38,35687,620,13,72869,0.545,0,0,No
41,107503,659,7,21768,0.596,5,4,No
65,124770,394,23,7327,0.097,4,1,No
62,33694,655,25,67227,0.534,1,0,No
21,195590,669,11,24381,0.633,2,1,No
58,152260,595,3,86663,0.081,5,2,No
61,124459,401,17,94735,0.597,3,0,No
62,186713,320,14,13400,0.622,2,2,No
29,196800,382,5,94795,0.165,3,3,No
43,75087,666,10,22249,0.235,5,3,No
34,199623,848,12,36264,0.229,3,2,Yes
31,132941,684,19,69220,0.62,3,3,No
27,81561,632,1,37883,0.06,5,3,No
51,30364,338,8,69571,0.384,1,1,No
44,102008,346,8,57306,0.398,2,2,No
46,160046,611,22,77536,0.441,3,4,No
50,49053,409,1,55560,0.185,1,3,No
54,196144,485,2,76405,0.334,5,2,No
58,157282,484,24,50955,0.298,2,3,No
25,197661,626,23,21994,0.295,2,2,Yes
25,130128,409,26,85561,0.25,5,2,No
39,63966,499,9,8315,0.616,1,1,No
58,51070,472,17,53230,0.441,0,0,No
48,134573,620,20,39528,0.506,1,1,No
46,131327,815,17,18548,0.243,1,0,Yes
62,167318,360,26,30122,0.05,4,2,No
43,175271,470,30,62035,0.621,3,1,No
50,64829,446,27,15595,0.576,3,1,No
23,86125,641,0,81146,0.325,1,3,No
48,130111,428,24,33973,0.281,3,1,No
53,130277,350,14,16189,0.317,1,2,No
62,25169,584,12,63438,0.211,5,1,No
23,118943,555,14,40459,0.419,1,3,No
25,117408,322,22,47059,0.634,2,3,No
39,169021,360,3,62158,0.09,0,2,No
62,72313,506,18,90165,0.524,2,3,No
21,103735,431,2,78550,0.085,5,2,No
58,85131,300,12,63181,0.565,0,4,No
29,151195,576,6,50968,0.137,1,1,No
25,132127,437,25,43352,0.347,1,1,No
62,197836,621,27,46862,0.355,3,2,No
54,186971,828,24,42731,0.428,3,4,Yes
57,72740,545,11,61646,0.413,2,4,No
53,179353,795,22,89003,0.471,1,2,No
45,137339,775,28,90431,0.559,2,3,No
62,93570,412,1,71582,0.072,5,1,No
49,169400,425,15,46179,0.493,0,4,No
45,69047,565,21,15267,0.081,1,4,No
29,144168,540,7,52829,0.526,3,1,No
23,175868,437,22,44445,0.526,4,1,No
35,97666,545,11,26955,0.165,1,2,No
24,127173,537,1,32479,0.176,2,0,No
65,80251,602,15,26178,0.097,5,2,No
58,25791,820,22,52607,0.194,3,2,No
40,37333,345,14,25687,0.35,0,2,No
43,192681,672,27,66037,0.283,0,0,Yes
57,93892,423,8,12228,0.184,0,0,No
28,196362,367,26,62996,0.423,3,4,No
57,160997,737,27,23656,0.364,5,1,No
65,166836,801,14,44389,0.125,2,3,Yes
53,79226,623,2,40767,0.242,5,3,No
53,102632,660,10,54878,0.615,1,0,No
27,64468,684,18,17218,0.454,3,4,No
42,27094,754,30,68684,0.621,4,1,No
25,70583,709,14,81966,0.323,1,1,No
35,74021,348,20,39984,0.062,3,1,No
41,40362,820,24,92416,0.525,5,1,No
45,197647,693,26,73804,0.107,1,2,Yes
37,37185,694,0,26180,0.616,2,2,No
27,195843,395,6,19513,0.234,5,1,No
39,106678,384,22,13374,0.445,4,4,No
27,143984,335,3,99595,0.558,5,1,No
60,191141,715,21,94871,0.325,1,0,Yes
65,68190,520,0,75130,0.308,4,4,No
44,165836,618,25,17182,0.162,2,2,Yes
31,183185,778,26,60776,0.487,1,1,No
61,41888,691,19,95636,0.254,4,2,No
21,39748,418,10,44545,0.427,5,1,No
52,76013,368,18,31436,0.198,0,3,No
60,186275,744,11,87399,0.493,1,4,No
64,140091,393,27,43454,0.468,4,3,No
22,45715,618,20,24943,0.055,5,0,No
35,198651,616,7,98390,0.111,2,0,No
41,27906,592,12,23745,0.099,0,0,No
44,118125,815,4,83143,0.071,2,2,Yes
37,36808,355,0,61309,0.086,3,3,No
29,177184,576,17,81876,0.245,5,0,No
55,89945,443,1,69580,0.51,3,3,No
40,92105,608,8,86803,0.37,2,2,No
39,135212,317,12,17001,0.114,4,1,No
38,51419,650,25,24123,0.081,3,0,No
40,151258,465,12,14991,0.112,2,1,No
50,36156,843,22,56667,0.274,1,2,No
60,30062,411,14,38551,0.233,0,2,No
21,183817,524,19,97631,0.476,3,1,No
44,59940,373,8,37915,0.425,1,4,No
44,47463,453,28,54436,0.576,3,1,No
39,61188,409,14,41626,0.619,0,1,No
50,96813,637,24,50993,0.051,5,3,No
46,59017,806,6,34912,0.187,1,3,No
62,139375,472,10,75180,0.097,3,4,No
64,186316,445,24,93642,0.234,0,3,No
58,27697,698,24,78854,0.408,2,1,No
49,170975,401,22,67003,0.21,5,4,No
33,135930,826,4,88518,0.164,4,3,Yes
24,79086,548,8,83390,0.282,5,0,No
65,113385,784,13,62863,0.061,5,1,No
37,61652,660,29,76890,0.634,5,4,No
53,163326,473,18,70991,0.63,4,0,No
25,86631,657,14,59318,0.131,2,3,No
48,105527,738,15,97439,0.164,3,1,No
44,129084,329,19,66761,0.389,5,4,No
37,144771,776,14,94116,0.235,4,1,Yes
59,138645,366,21,43283,0.057,3,0,No
60,84019,787,22,90040,0.082,2,4,No
64,176539,837,14,90615,0.454,5,4,No
31,145807,417,25,10440,0.176,3,0,No
32,129528,656,23,17364,0.373,2,4,No
33,90233,547,30,47086,0.216,1,1,No
28,25372,394,3,72194,0.365,4,4,No
21,96564,613,24,92826,0.649,4,4,No
29,148297,758,29,40739,0.464,4,3,Yes
48,153058,401,18,49553,0.258,1,4,No
22,88615,430,18,85560,0.629,0,0,No
34,54445,675,27,5817,0.071,5,1,No
33,110532,711,4,92905,0.153,4,0,No
22,134435,779,1,74193,0.349,3,4,No
24,180203,401,0,9052,0.225,4,2,No
32,178806,356,8,9673,0.482,2,2,Yes
30,190172,492,30,80784,0.071,1,2,No
23,170810,730,7,47622,0.214,5,1,No
24,101974,763,11,80503,0.563,0,2,No
26,146049,461,2,82349,0.291,4,4,No
43,156827,331,26,66062,0.172,1,3,No
25,87716,471,20,45706,0.361,5,1,No
23,94061,396,7,31265,0.27,4,0,No
30,54884,438,17,19726,0.219,3,1,No
63,26796,591,22,82939,0.559,5,0,No
39,169826,440,8,90677,0.561,4,0,No
34,168233,612,3,88941,0.301,4,0,No
41,142747,497,30,36458,0.412,1,2,No
63,92713,720,28,29646,0.481,3,4,No
48,118668,431,15,82526,0.472,2,4,No
41,92586,664,17,30052,0.25,2,1,Yes
56,147206,837,24,99645,0.447,4,2,No
44,115666,765,9,46108,0.601,5,1,No
58,138796,568,16,72817,0.083,5,2,No
37,63577,371,21,48175,0.094,5,4,No
42,79765,602,7,63804,0.562,1,4,No
39,49841,680,1,7287,0.411,5,4,No
65,50498,716,9,40562,0.066,1,4,No
30,133567,507,29,52669,0.51,1,4,No
31,137642,469,11,83880,0.114,4,0,No
58,92229,586,6,45640,0.554,3,2,No
22,152855,467,6,13035,0.34,3,3,No
53,88914,514,12,6871,0.225,5,2,No
63,136399,415,18,98394,0.421,4,0,No
51,39838,443,9,27166,0.154,1,1,No
55,126224,611,19,15293,0.373,2,1,No
57,111765,629,30,14986,0.344,3,2,No
56,94703,847,23,32565,0.194,5,2,Yes
43,178687,522,5,83641,0.451,4,3,No
56,66845,535,26,24729,0.26,3,0,No
60,63907,768,12,85233,0.56,1,3,Yes
59,187230,541,28,40954,0.1,4,3,No
46,80421,603,17,23690,0.512,0,2,No
45,58330,792,15,45071,0.313,2,4,No
37,80244,448,21,47783,0.237,2,3,No
35,146696,768,6,36581,0.613,2,4,No
57,65564,434,7,24474,0.17,4,0,No
65,128963,318,7,33488,0.304,0,1,No
24,146299,849,15,41061,0.328,0,4,Yes
42,145972,440,7,23757,0.229,1,4,No
37,87469,599,14,77879,0.103,0,3,No
42,27716,705,7,43057,0.593,0,2,No
37,188433,799,5,73596,0.586,0,3,No
34,52254,334,0,33884,0.427,1,0,No
34,67632,666,15,88495,0.245,4,2,No
37,128964,728,12,51414,0.427,5,2,No
28,134623,657,3,6770,0.629,4,2,No
54,46277,323,17,75954,0.58,4,2,No
46,151833,733,28,23893,0.149,3,4,Yes
65,42503,514,25,11457,0.54,1,0,No
50,125566,663,6,52269,0.529,4,4,No
42,111921,766,0,43859,0.6,5,1,No
36,188307,535,4,19972,0.079,4,4,No
50,101180,422,25,78230,0.51,4,1,No
36,177759,764,7,73284,0.378,0,0,No
58,134264,377,3,20396,0.373,2,3,No
44,196170,632,6,17381,0.26,2,2,Yes
56,189622,547,15,65280,0.521,2,0,No
55,57864,636,4,75261,0.304,4,2,No
26,164850,372,16,13290,0.265,0,2,No
24,185855,825,10,77361,0.626,1,3,No
38,121923,533,26,21425,0.328,1,0,No
26,70596,487,17,41915,0.526,2,4,No
46,177367,576,4,76268,0.134,4,4,No
57,174694,718,28,46192,0.494,5,4,Yes
47,181564,841,22,36113,0.453,1,0,Yes
61,154739,722,22,36946,0.357,3,4,No
31,44733,324,24,39817,0.132,5,0,No
58,134082,727,2,40201,0.122,1,4,Yes
36,37372,486,29,55669,0.456,5,1,No
39,136950,654,19,25560,0.563,4,4,Yes
63,60256,433,29,29039,0.39,1,2,No
35,98353,430,2,16888,0.327,4,2,No
46,109757,411,28,87380,0.362,0,3,No
61,139687,717,11,13101,0.144,1,3,Yes
51,130700,325,23,16315,0.081,1,4,No
39,174297,829,14,80737,0.547,5,1,No
44,83546,329,27,70946,0.558,2,3,No
29,33064,586,8,90748,0.502,5,0,No
43,128073,741,13,30201,0.513,5,2,No
24,170058,738,7,45756,0.178,4,2,No
30,66689,463,17,12078,0.115,0,0,No
29,188915,634,9,7468,0.146,0,4,Yes
39,69006,713,16,88896,0.433,2,0,No
35,57195,642,14,77657,0.288,4,3,No
54,25203,582,28,32203,0.059,2,4,No
62,196735,663,20,17655,0.62,2,2,No
39,70248,553,1,29029,0.188,4,3,No
41,32460,746,2,47405,0.053,2,1,No
54,143463,697,8,12760,0.28,5,1,No
37,82230,470,18,57655,0.178,1,2,No
38,147268,502,16,82543,0.271,4,2,No
37,160427,785,24,13312,0.613,3,0,No
22,56935,579,1,71316,0.423,4,3,No
21,142739,703,25,57408,0.437,0,0,No
63,27663,755,5,79500,0.58,1,1,No
30,197463,307,10,49021,0.118,5,0,No
57,119903,681,28,10590,0.11,5,2,Yes
25,175618,317,27,21650,0.563,1,2,No
32,156110,801,29,93610,0.146,3,3,No
56,35318,421,10,44377,0.49,1,3,No
51,164992,793,22,69875,0.175,1,0,No
58,86243,425,8,14524,0.335,1,0,No
29,135723,696,27,18162,0.281,3,4,No
64,109044,788,27,27926,0.112,3,4,Yes
46,179855,731,15,29837,0.453,3,1,No
35,61902,487,23,43108,0.563,5,3,No
36,122845,453,21,49890,0.11,1,2,No
33,192611,423,19,97123,0.265,4,2,No
45,96074,608,29,54026,0.067,4,3,No
50,73949,421,19,49182,0.192,0,1,No
27,129765,370,29,52961,0.206,4,3,No
24,71543,403,13,59905,0.54,2,1,No
63,36398,670,19,7693,0.501,4,0,No
60,170844,460,10,30421,0.549,3,1,No
58,98436,687,9,74620,0.098,5,1,No
50,185083,711,1,95995,0.13,2,0,No
30,134809,353,6,82314,0.232,1,2,No
50,75396,751,0,86810,0.497,3,2,No
59,135583,432,4,38170,0.065,4,4,No
27,91193,445,14,70946,0.139,5,4,No
56,134461,430,10,23353,0.349,1,2,Yes
55,45840,653,19,89900,0.064,0,4,No
44,183691,813,17,83265,0.112,3,0,No
59,123119,364,8,31098,0.241,2,4,No
56,105061,734,27,78641,0.194,3,0,No
65,88900,334,0,97975,0.267,2,4,No
40,70384,627,19,86714,0.503,2,4,No
52,149679,727,5,23023,0.18,0,2,Yes
59,54917,633,19,34032,0.425,2,0,No
46,137301,597,25,39753,0.579,1,2,No
46,113155,412,9,54421,0.233,2,1,No
56,95071,393,3,32824,0.08,5,3,No
63,81425,818,17,79807,0.429,2,3,No
55,105116,696,30,37569,0.48,5,2,Yes
63,86321,833,26,75793,0.336,2,3,Yes
55,92512,356,11,27693,0.307,3,1,No
32,126973,472,25,6179,0.498,2,3,No
53,143880,301,24,32148,0.3,3,0,No
56,72055,755,8,53632,0.053,5,0,No
34,25937,768,16,62580,0.584,3,4,No
53,42673,417,28,83736,0.202,4,4,No
65,127974,795,16,96006,0.415,0,1,Yes
65,97957,631,13,9782,0.383,0,4,No
44,185572,811,23,45210,0.358,5,1,Yes
35,37953,462,8,29801,0.198,5,1,No
51,92052,550,26,62064,0.494,0,0,No
37,68042,836,18,98802,0.198,2,1,No
32,144180,628,12,5934,0.613,4,0,Yes
42,96706,417,2,54534,0.386,5,4,No
43,182579,668,17,66631,0.512,4,3,No
46,149765,414,8,89786,0.497,0,1,No
34,158425,494,15,62536,0.631,0,2,No
32,36999,437,17,38393,0.369,0,3,No
24,101474,595,6,17501,0.083,3,2,No
33,88134,374,28,78125,0.103,5,1,No
38,156652,314,17,64631,0.265,3,4,No
63,95086,671,13,85476,0.266,2,1,No
48,70248,455,9,95049,0.18,1,2,No
58,142651,334,9,92401,0.605,3,3,No
61,87249,818,5,94821,0.334,4,0,No
64,192956,481,2,47147,0.592,3,0,No
39,172500,469,16,72251,0.083,4,3,No
63,32647,796,21,6805,0.259,4,1,No
58,93079,593,1,55960,0.266,3,4,No
23,105094,356,6,80892,0.073,5,4,No
39,78546,663,11,94226,0.439,3,3,No
40,105919,636,24,11983,0.135,0,3,No
45,55033,301,0,32694,0.258,4,2,No
31,110075,722,19,31565,0.639,2,1,No
37,110625,773,4,55644,0.608,1,2,No
55,123820,445,12,89688,0.207,3,1,Yes
34,56000,625,24,20270,0.239,0,0,No
59,97113,529,18,21842,0.374,1,2,No
39,168701,568,5,88972,0.222,2,2,No
23,192498,821,4,50662,0.485,3,4,No
54,162994,564,4,72663,0.39,0,1,No
61,118435,517,17,33317,0.334,0,3,No
42,151956,523,9,55072,0.624,3,2,No
58,124294,660,20,90195,0.18,4,3,No
47,86049,590,18,72138,0.565,3,4,No
41,121155,453,1,27352,0.486,0,0,No
61,32721,664,29,84028,0.171,5,0,No
51,141539,405,10,51915,0.161,2,2,No
47,197029,584,21,73677,0.397,2,2,No
57,126013,825,29,97783,0.098,2,4,Yes
22,136870,479,0,36502,0.338,0,2,No
29,92714,338,5,86311,0.252,3,2,No
39,120166,576,13,11071,0.56,3,0,No
62,136992,811,23,72451,0.408,3,1,No
56,34747,305,2,85621,0.434,4,0,No
30,156050,482,25,25591,0.246,4,1,No
60,149102,687,6,39498,0.18,3,4,No
65,177390,772,14,41760,0.372,4,1,Yes
59,154244,765,30,42530,0.617,4,1,No
27,182691,388,29,81250,0.407,3,1,No
24,98640,833,27,55262,0.062,3,3,Yes
35,72746,611,18,6288,0.628,0,1,No
32,163410,601,28,20114,0.55,3,1,Yes
26,91704,419,29,92846,0.58,5,0,No
29,154511,758,21,36622,0.322,3,1,No
55,81500,389,6,13460,0.588,3,2,No
28,167395,415,26,45902,0.205,5,0,No
27,93163,699,2,32950,0.531,3,1,No
24,153191,799,10,72148,0.418,5,4,No
33,43919,409,4,78844,0.622,1,3,No
39,174728,499,13,64267,0.228,1,4,No
27,78956,524,2,19122,0.124,2,3,No
30,41544,519,3,31648,0.48,3,1,No
45,75936,372,4,46171,0.642,4,0,No
64,44566,734,27,74960,0.137,5,2,No
55,151854,414,22,43628,0.111,5,2,No
45,39880,324,3,41136,0.308,1,3,No
49,168008,476,3,89587,0.482,5,4,No
32,121284,578,28,41690,0.408,1,4,No
60,37198,592,1,61203,0.614,0,2,No
32,33376,519,4,18308,0.536,4,0,No
26,92432,302,2,47819,0.394,5,0,No
30,134791,614,13,5055,0.267,4,1,No
22,191244,706,3,34138,0.551,1,0,No
65,173188,844,26,8889,0.343,5,3,Yes
45,88295,850,27,86963,0.575,0,2,No
27,165885,452,15,61685,0.41,2,0,No
60,76313,362,23,72077,0.474,3,2,No
43,131873,388,3,46458,0.078,4,4,No
31,45232,402,5,35047,0.644,3,2,No
56,58609,802,18,48128,0.503,3,4,No
43,141859,458,16,43447,0.399,3,1,No
63,64021,658,3,28897,0.369,2,2,No
27,70108,789,21,37773,0.41,3,2,No
47,155221,491,24,17324,0.078,2,4,Yes
33,110305,543,20,37234,0.269,1,0,Yes
37,29821,376,11,42089,0.104,1,0,No
52,145501,390,6,11514,0.155,0,4,Yes
46,173869,687,15,58396,0.25,5,1,No
42,90580,586,27,71793,0.454,4,4,No
33,174142,735,13,42722,0.608,0,2,Yes
32,30236,346,12,37307,0.642,4,3,No
27,51745,606,10,43866,0.501,4,1,No
21,162697,413,10,21474,0.211,1,2,No
53,118353,357,0,80480,0.243,0,2,No
34,175181,343,7,93242,0.234,2,1,No
63,182071,653,12,58396,0.553,2,2,Yes
61,196849,530,3,50695,0.515,5,2,No
37,29014,311,23,97058,0.088,4,3,No
24,63548,693,24,80779,0.347,2,3,No
59,66033,845,18,12019,0.435,1,2,No
21,64060,713,19,66743,0.059,5,4,No
61,92096,801,5,11105,0.406,0,4,Yes
65,83235,529,2,36683,0.615,2,3,No
44,101860,655,8,44140,0.078,4,3,No
54,117001,723,18,76728,0.153,0,3,No
54,120285,799,29,37874,0.112,5,3,No
44,50822,577,6,91211,0.272,5,3,No
35,107392,779,22,98489,0.272,2,1,No
37,145123,319,10,24350,0.623,2,4,No
33,59985,514,14,49215,0.53,5,0,No
27,50276,793,14,94751,0.432,3,0,No
29,199111,417,20,65444,0.435,0,0,No
64,159059,735,21,89369,0.45,4,1,No
55,33330,749,16,22179,0.153,0,4,No
43,182045,697,14,68144,0.263,4,0,Yes
59,174593,562,11,35526,0.438,5,0,No
43,100811,635,18,99892,0.07,4,0,No
46,73119,821,2,31384,0.344,4,4,No
21,139619,432,1,55175,0.552,1,1,No
34,183624,503,0,61926,0.377,5,2,No
52,62603,803,24,66840,0.569,2,4,No
30,53940,835,3,48862,0.498,2,3,No
21,33377,515,23,28433,0.373,2,3,No
25,87308,533,6,16717,0.276,1,1,No
23,60961,653,28,68898,0.443,2,1,No
47,29928,701,11,81618,0.348,5,4,No
42,34604,784,21,92443,0.647,3,2,No
38,73029,689,16,72885,0.416,1,4,No
36,118300,472,2,26060,0.201,1,1,No
22,169849,806,20,96807,0.628,2,3,No
33,196436,443,28,48076,0.222,3,3,No
65,77068,546,16,68421,0.584,4,4,No
36,181663,739,16,42589,0.345,4,0,No
28,187977,840,27,15688,0.473,2,3,Yes
63,137236,619,9,24325,0.171,0,4,No
28,128949,684,14,37147,0.386,2,0,No
30,160333,533,8,70870,0.171,2,4,No
53,190775,664,16,32978,0.193,2,0,Yes
51,62306,837,3,36263,0.147,5,3,No
32,94962,797,23,33598,0.32,4,4,No
29,87432,718,8,91747,0.359,2,0,No
57,157430,840,5,46104,0.208,3,4,No
29,103959,434,14,14889,0.418,0,2,No
38,59537,361,11,24387,0.213,5,1,No
50,52337,370,23,40515,0.363,2,0,No
52,150762,416,21,55903,0.461,0,3,No
60,154162,809,7,15433,0.086,5,0,Yes
43,88247,819,22,29507,0.566,1,4,Yes
31,116301,499,8,52194,0.265,0,1,No
40,42576,849,26,85767,0.36,4,4,No
39,60584,636,30,74896,0.317,4,0,No
56,64035,483,30,94651,0.62,4,3,No
46,118733,795,8,44250,0.164,0,1,Yes
30,179481,729,17,39979,0.426,5,2,Yes
44,160928,579,20,85246,0.547,2,2,No
33,120980,341,27,81252,0.307,2,2,No
54,112163,599,1,11666,0.251,3,1,No
49,197257,815,21,99938,0.117,2,3,Yes
56,192817,663,19,35387,0.482,4,0,Yes
27,185784,418,23,61444,0.522,5,0,No
50,37023,376,9,33454,0.238,2,3,No
37,150524,422,3,66911,0.516,1,3,No
33,125187,733,5,73442,0.11,1,2,No
44,87919,701,11,46023,0.308,3,2,No
51,25540,649,29,17199,0.216,1,1,No
47,33837,712,12,33011,0.215,1,0,Yes
41,177257,628,16,59101,0.608,4,3,No
64,128030,402,19,35842,0.516,3,0,No
21,89889,640,19,11064,0.51,3,1,No
35,179478,344,5,83569,0.346,0,4,No
23,74054,644,14,41986,0.423,0,1,No
26,34046,709,7,69687,0.522,3,3,No
34,77495,799,28,13053,0.21,0,4,No
58,65579,348,29,82504,0.225,2,0,No
53,84821,418,29,44028,0.58,5,3,No
58,120877,701,3,10409,0.187,2,0,Yes
28,101668,767,3,42632,0.458,5,4,No
46,190247,829,2,38321,0.601,1,4,No
35,34012,346,26,12995,0.621,2,4,No
34,32030,300,29,9066,0.232,4,4,No
40,147047,460,26,10468,0.62,5,3,No
39,168099,594,28,70681,0.133,0,3,No
53,118399,322,15,74850,0.196,4,3,No
56,43565,569,7,92206,0.291,4,0,No
44,185362,775,5,30460,0.506,3,2,No
30,126536,592,19,28186,0.104,1,3,No
54,138921,798,12,32301,0.183,1,3,No
56,181072,786,29,29962,0.336,4,4,Yes
56,189197,711,15,12028,0.095,1,2,Yes
36,167710,678,20,67066,0.262,2,0,No
35,116122,811,17,39405,0.419,4,3,Yes
38,82540,464,8,17563,0.514,0,4,No
27,34225,313,23,51200,0.351,1,0,No
42,181509,790,30,31392,0.319,0,3,Yes
52,121774,543,1,23665,0.249,2,3,No
63,107268,734,23,5052,0.271,1,0,Yes
39,53353,303,5,11348,0.374,3,0,No
60,73531,513,29,27411,0.288,2,3,No
21,157730,348,13,12748,0.24,2,2,No
55,50150,380,16,73491,0.424,5,4,No
25,169387,846,25,70489,0.648,3,0,Yes
32,174275,480,14,12234,0.226,0,2,No
32,146159,676,19,89277,0.122,0,3,Yes
41,63649,778,4,35595,0.138,5,4,No
39,195495,516,1,89202,0.414,2,4,No
29,45392,565,25,75674,0.384,2,2,No
63,162115,489,11,26332,0.114,1,1,No
56,41867,301,4,82784,0.296,1,1,No
62,127216,774,0,89870,0.563,2,0,Yes
52,156429,759,1,34832,0.337,1,4,Yes
55,180901,699,0,99979,0.519,3,3,No
51,151874,430,10,52286,0.078,1,2,No
52,197866,516,29,43138,0.345,2,0,No
57,190030,829,1,84894,0.544,0,2,No
52,55408,530,28,8843,0.411,5,4,No
63,51279,531,26,80817,0.119,0,0,No
57,185539,715,10,83745,0.581,3,1,No
59,127868,423,1,15260,0.161,0,1,No
58,80131,476,6,80130,0.477,0,3,No
50,66452,814,6,45585,0.093,2,4,Yes
52,101855,371,6,39313,0.373,2,4,No
65,182768,671,1,36933,0.23,2,3,No
22,88612,424,29,92744,0.636,2,3,No
31,52578,682,15,82154,0.59,2,0,No
40,26908,304,2,15732,0.314,5,1,No
57,123059,484,30,7962,0.562,5,4,No
29,104368,383,1,79697,0.194,5,3,No
58,167658,322,29,80818,0.362,5,0,No
39,176792,460,4,79631,0.547,1,4,No
60,95940,372,28,8763,0.461,5,2,No
27,112878,396,2,63086,0.319,3,4,No
25,157697,838,25,34003,0.371,2,2,No
62,122543,462,5,95677,0.224,1,1,No
44,194258,361,21,33535,0.388,4,0,No
61,193226,701,26,86630,0.132,5,1,No
27,190229,562,4,74788,0.504,2,1,No
31,42871,498,17,43983,0.647,3,4,No
29,154742,513,29,39841,0.081,3,4,No
50,137961,807,7,32055,0.526,5,1,Yes
61,80653,326,12,42475,0.554,3,0,No
23,165180,494,21,36811,0.07,2,4,No
42,140398,738,1,73209,0.401,5,2,No
60,59984,622,27,52243,0.586,0,1,No
40,88478,644,12,85305,0.391,5,4,No
52,49290,501,16,5202,0.403,0,0,No
27,170505,750,5,74597,0.647,4,4,No
27,193671,647,29,37820,0.589,4,4,No
40,166890,310,1,19169,0.431,4,3,No
45,31984,734,19,38969,0.359,2,0,No
65,197432,331,11,68005,0.165,1,4,No
55,91286,447,15,95871,0.556,4,3,No
64,30594,568,3,8552,0.221,5,1,No
44,163243,397,15,63348,0.054,4,4,No
60,121624,535,12,89382,0.084,1,0,No
33,141575,551,13,48777,0.168,4,2,No
59,75570,501,8,85462,0.538,4,1,No
24,142291,548,11,98393,0.635,1,3,No
32,120350,672,13,99023,0.48,3,0,No
37,153742,475,10,5962,0.15,2,4,No
21,144788,404,25,28906,0.569,2,3,No
37,87405,544,9,66600,0.536,1,0,No
22,136606,524,29,33950,0.559,5,1,No
26,87653,738,6,21484,0.159,4,2,No
64,166282,610,24,57990,0.36,3,1,Yes
31,84380,808,5,76852,0.426,1,2,Yes
63,198677,353,16,94196,0.457,0,2,No
38,126791,680,12,72362,0.461,4,4,No
60,145598,620,26,20719,0.058,0,0,Yes
45,186897,518,14,39164,0.626,3,4,No
59,145996,768,25,41544,0.398,3,0,Yes
48,144421,703,27,41738,0.167,0,4,No
36,189863,646,23,51089,0.51,4,0,No
32,100237,788,3,83045,0.082,0,4,No
61,117150,658,25,96769,0.149,1,0,No
49,105202,356,23,84993,0.288,4,0,No
43,95775,840,2,48291,0.388,5,4,No
41,109266,386,10,65495,0.301,2,1,No
36,91391,677,21,12683,0.232,5,4,No
61,99894,378,19,21500,0.492,0,0,No
65,75817,662,25,26359,0.054,2,0,Yes
46,94574,607,19,68340,0.457,0,1,No
57,67932,388,28,81995,0.62,5,1,No
42,88404,586,1,71070,0.14,0,0,No
30,45071,522,10,56559,0.563,4,0,No
27,78694,463,3,17539,0.161,2,0,No
29,25733,594,16,24350,0.303,1,2,No
45,86127,611,16,83257,0.635,5,1,No
35,191761,773,20,38358,0.522,3,4,Yes
33,103345,469,16,24200,0.266,1,1,No
62,169758,346,12,62879,0.26,2,2,No
46,94034,305,12,77107,0.243,3,1,No
41,132620,846,18,38265,0.268,2,0,Yes
43,160789,370,2,7412,0.636,5,4,No
64,29854,592,9,74324,0.254,3,0,No
48,125162,477,15,51584,0.317,2,3,No
58,133787,422,19,46893,0.177,5,4,No
32,39358,820,30,25663,0.433,2,4,No
44,177929,626,30,68666,0.55,3,3,No
33,29960,832,29,7333,0.222,2,1,Yes
60,192355,304,0,15067,0.178,3,3,No
22,51576,305,27,19185,0.321,2,1,No
59,116909,342,22,22384,0.461,2,0,No
32,43700,581,19,10956,0.294,2,3,No
59,199612,430,22,8957,0.139,4,2,Yes
34,76166,514,4,34933,0.158,4,4,No
50,72417,324,0,92798,0.223,3,3,No
61,44412,559,15,99204,0.551,0,1,No
63,122760,735,10,99628,0.355,0,1,No
39,84291,682,3,40535,0.403,4,3,No
51,116255,717,4,32796,0.171,0,4,No
63,160303,774,15,35945,0.443,4,2,No
63,32521,408,26,19061,0.553,1,3,No
45,148815,827,28,95949,0.17,3,2,No
24,36349,417,11,67185,0.085,3,4,No
33,57768,485,29,60877,0.448,5,0,No
56,120168,440,11,39526,0.54,4,1,No
62,87985,600,3,24077,0.461,2,0,No
57,32611,525,22,52938,0.307,4,2,No
23,44012,524,16,59008,0.442,2,4,No
36,74725,482,8,34739,0.648,3,3,No
46,26548,460,5,9834,0.424,4,2,No
60,115297,361,27,50504,0.367,3,0,Yes
59,170060,696,7,19259,0.374,5,4,No
39,119729,696,7,31014,0.331,2,4,No
35,39497,315,24,87893,0.463,4,1,No
52,155337,528,20,64458,0.557,1,1,No
41,175948,737,7,81539,0.482,3,2,No
21,182891,713,7,41175,0.185,1,1,No
26,163911,659,28,34133,0.27,3,4,No
47,63457,429,14,96714,0.405,4,2,No
43,141584,462,13,18957,0.646,4,0,No
51,142143,650,5,86416,0.091,2,1,No
32,133296,777,9,95600,0.163,1,4,No
41,153919,337,26,26259,0.515,1,1,No
22,86976,597,7,91847,0.165,0,3,No
25,35275,531,20,72882,0.454,2,3,No
29,63151,818,26,34115,0.647,4,4,No
40,59173,467,9,65446,0.434,0,2,No
38,118800,364,7,86864,0.337,1,4,No
42,68612,493,25,52271,0.55,5,2,No
28,40960,751,29,76784,0.513,4,3,No
54,29538,469,2,52943,0.477,4,0,No
29,75338,530,3,48029,0.12,3,2,No
27,53709,580,10,26240,0.429,5,4,No
50,158211,305,12,32772,0.058,5,2,No
38,191518,563,2,38487,0.084,2,4,No
47,192634,352,20,25579,0.073,0,1,No
36,175175,318,20,44616,0.115,2,4,No
41,72204,564,4,87683,0.309,1,1,Yes
25,49432,460,11,8398,0.618,3,1,No
49,193442,459,11,33081,0.095,5,0,No
57,150211,322,17,97199,0.483,3,3,No
63,176413,461,24,9073,0.354,3,2,No
42,31069,642,27,88311,0.216,0,3,No
34,169365,715,30,22226,0.24,2,4,No
39,123582,684,22,85844,0.064,1,3,No
55,125895,306,11,61360,0.47,3,3,No
44,148529,835,23,15243,0.11,0,3,Yes
62,155640,429,17,33120,0.071,1,2,No
26,183626,555,9,14218,0.331,4,4,No
23,123658,549,25,34047,0.336,4,0,No
54,138982,638,6,26321,0.443,5,1,No
65,109162,655,2,20556,0.474,3,4,No
22,62667,611,4,89811,0.355,5,0,No
35,76632,782,22,85459,0.475,0,0,No
57,123861,331,11,29116,0.2,1,0,No
35,71106,392,13,95405,0.136,5,2,No
52,94022,821,12,18774,0.609,2,0,No
41,107081,333,8,65756,0.274,2,0,No
37,155891,588,9,92798,0.104,1,4,No
54,113164,643,0,10123,0.546,4,0,No
52,140386,807,5,82514,0.418,3,1,No
43,133469,612,29,57601,0.405,2,4,No
55,94080,503,5,98126,0.13,0,3,No
57,110697,521,30,76441,0.504,0,1,No
63,191045,331,1,92342,0.172,5,0,No
61,43376,728,25,40946,0.075,0,0,Yes
57,154942,301,15,90275,0.147,0,4,No
53,75184,806,24,25152,0.47,1,3,No
45,85854,761,4,15207,0.525,1,0,Yes
57,112936,482,13,75217,0.198,1,3,No
60,95455,358,15,54889,0.239,1,2,No
41,141521,588,8,24190,0.148,2,1,No
58,102934,395,10,58636,0.322,3,1,No
60,113904,804,15,62437,0.182,2,1,Yes
54,178802,510,19,56391,0.64,3,4,No
39,43167,757,11,31258,0.51,0,1,No
47,88178,328,14,35417,0.408,5,0,No
29,42568,502,20,35541,0.483,2,3,No
25,97369,411,4,98241,0.15,2,2,No
25,84657,664,20,9753,0.496,4,0,No
45,25571,422,24,93748,0.258,5,2,No
46,193140,602,16,49274,0.332,3,0,No
39,45122,554,7,7710,0.581,0,4,No
50,156655,528,22,75961,0.617,1,2,No
56,147011,640,29,72203,0.511,5,3,No
36,178035,641,0,15849,0.511,0,4,Yes
27,127874,637,1,43923,0.497,5,1,No
38,53364,557,0,30884,0.426,3,4,No
41,96227,359,19,83085,0.167,2,3,No
51,100861,528,27,29471,0.403,0,2,No
21,114950,639,25,50653,0.084,0,4,Yes
23,30126,731,8,50818,0.068,1,1,No
51,117144,417,0,90392,0.553,4,3,No
45,28762,325,30,31655,0.374,0,1,No
28,27786,639,2,44000,0.06,2,3,No
21,92078,470,15,61700,0.214,1,0,No
27,141363,552,10,88892,0.46,5,0,No
27,103349,831,6,69281,0.614,4,2,No
28,172489,648,19,15970,0.556,1,0,No
39,41294,603,12,42574,0.317,3,1,No
37,93335,676,30,30114,0.221,0,0,Yes
31,147184,650,5,19215,0.236,3,3,No
61,97459,450,22,41002,0.49,1,4,No
31,75209,529,11,99225,0.533,3,4,No
58,31938,635,5,35614,0.269,0,0,No
61,147285,574,23,17637,0.424,4,3,Yes
22,129875,503,1,56727,0.497,1,1,No
24,199993,527,0,41156,0.557,3,3,No
48,160460,568,6,81005,0.435,3,2,No
53,93163,478,18,25861,0.569,3,1,Yes
31,32247,556,13,5753,0.219,4,1,No
23,47575,814,3,57001,0.469,1,1,No
60,45146,307,15,6152,0.291,1,1,No
25,47371,635,13,72051,0.607,3,1,No
41,117243,339,22,82507,0.181,1,3,No
42,132102,730,17,78132,0.522,5,4,No
57,76507,629,28,9735,0.609,5,2,No
31,51875,542,6,8385,0.459,1,3,No
64,38792,464,3,52824,0.523,4,3,No
42,108253,779,24,13363,0.582,4,2,No
61,110928,582,0,17589,0.236,5,1,No
33,109393,394,18,83844,0.125,5,2,No
23,96679,430,23,53509,0.612,5,0,No
33,174542,508,22,41199,0.073,0,1,Yes
48,44734,821,17,90496,0.341,4,0,No
31,169175,840,20,32320,0.243,4,4,Yes
31,72728,780,6,75309,0.383,1,1,No
41,115487,823,30,49395,0.644,0,2,Yes
41,192550,824,20,13463,0.077,4,0,Yes
27,55766,663,25,48430,0.512,3,3,No
37,70240,722,15,65768,0.065,3,0,No
34,187360,512,26,5666,0.207,5,3,No
53,92310,468,16,29292,0.473,1,0,No
31,140261,507,20,50951,0.215,3,2,No
33,62432,726,25,38647,0.416,4,3,No
21,145050,820,18,18007,0.63,1,4,No
54,129775,318,0,21206,0.575,0,1,No
29,47497,785,25,61911,0.552,4,0,No
33,53283,386,26,64932,0.166,5,4,No
57,137597,829,15,36655,0.213,0,2,Yes
50,197184,536,19,50968,0.523,2,2,No
61,197760,473,6,13300,0.488,2,0,Yes
65,137039,403,30,26814,0.225,1,0,No
57,100280,536,6,52715,0.307,1,0,No
27,94199,401,14,13985,0.439,0,3,No
34,37463,470,1,27553,0.365,4,0,No
26,113614,437,12,97554,0.324,0,2,No
54,194981,337,1,59517,0.11,3,3,No
36,162232,690,16,34976,0.311,5,3,No
57,135840,716,1,26347,0.645,4,4,No
56,52682,323,14,31793,0.255,5,0,No
26,152776,731,13,41015,0.466,0,0,No
28,130446,586,24,72073,0.353,1,1,No
44,121401,381,15,85488,0.527,3,0,No
23,177477,554,10,17891,0.499,4,3,No
24,195148,834,11,6280,0.617,5,4,Yes
52,165398,626,8,95245,0.44,4,3,No
21,193582,797,6,39294,0.619,4,1,Yes
54,110065,698,10,5291,0.075,2,3,No
65,49527,849,18,68984,0.294,0,0,Yes
29,126019,455,23,6216,0.455,0,0,Yes
32,66313,426,3,44762,0.338,3,4,No
30,46777,576,28,81824,0.609,4,3,No
30,87382,326,4,64981,0.134,5,1,No
64,198334,320,25,56029,0.338,2,0,No
43,61499,825,20,5342,0.564,0,3,Yes
26,40390,540,1,52549,0.504,3,2,No
44,82853,406,15,72654,0.525,4,4,No
44,42921,839,8,56466,0.327,4,0,No
41,196932,520,14,72919,0.253,1,4,No
62,57945,366,29,41133,0.354,4,2,No
51,174832,541,21,37136,0.171,3,4,No
61,196578,823,13,66443,0.435,5,1,Yes
50,28243,695,15,98100,0.522,3,3,No
54,159738,502,5,44714,0.093,3,3,Yes
38,44411,519,0,19486,0.409,3,1,No
32,108940,718,17,18079,0.395,0,1,Yes
55,48586,525,14,19709,0.208,3,2,No
27,105168,513,19,90981,0.647,4,4,No
61,92510,658,11,66863,0.35,2,3,No
60,83862,800,28,59013,0.583,2,2,Yes
45,26258,770,30,9090,0.164,4,2,No
26,130356,318,23,71739,0.499,1,1,No
21,44494,650,7,96365,0.098,3,0,No
36,67202,614,8,78057,0.091,1,1,No
24,169600,513,0,44483,0.165,5,2,No
49,109673,791,15,43561,0.492,0,3,No
58,142363,521,13,35622,0.648,3,0,No
48,153839,568,11,96422,0.537,0,0,No
42,105544,383,14,83239,0.305,1,4,No
28,102400,343,26,85931,0.436,2,2,No
52,156028,460,27,11741,0.335,1,1,No
53,123723,676,7,55066,0.198,3,4,No
33,132148,607,3,71082,0.42,2,3,No
47,85589,416,26,67373,0.368,2,3,No
38,187504,638,4,30257,0.373,3,2,Yes
38,171274,624,25,28054,0.088,2,0,No
33,103637,304,20,77421,0.123,4,4,No
42,152088,720,13,34627,0.35,2,3,Yes
34,41238,370,26,14863,0.265,3,1,No
31,36179,403,6,75371,0.305,5,2,No
59,55793,355,14,65772,0.284,2,1,No
42,33004,606,18,19045,0.477,0,0,No
56,139462,795,20,69754,0.157,5,1,No
37,46116,469,13,56183,0.615,0,4,No
52,149439,440,6,53362,0.332,1,2,No
34,111047,333,5,87246,0.254,2,3,No
62,138917,655,1,16811,0.063,1,4,No
49,56856,717,23,8238,0.263,2,2,No
26,27488,352,28,62291,0.425,1,3,No
24,108432,302,24,66477,0.528,5,1,No
31,96152,629,8,60083,0.489,2,3,No
65,141331,448,24,53276,0.394,3,0,No
60,57791,805,17,34973,0.312,4,3,No
30,125641,600,14,87173,0.365,1,3,No
48,56027,432,14,52366,0.627,4,2,No
31,168663,558,9,72092,0.63,2,2,No
55,29726,575,2,40661,0.532,1,4,No
35,29133,360,3,27372,0.15,1,4,No
28,91280,446,1,38938,0.611,4,2,No
40,88044,795,21,46560,0.439,3,4,No
41,111097,715,27,33680,0.337,4,2,Yes
21,185885,430,6,19720,0.387,2,3,No
49,115105,527,24,45499,0.336,3,0,Yes
44,162012,393,0,30258,0.337,4,1,No
50,48196,397,11,52964,0.309,0,4,No
60,31217,486,22,50290,0.588,0,0,No
55,44433,724,4,67802,0.324,0,3,No
53,35934,838,15,38379,0.182,2,3,No
40,79377,473,2,83417,0.187,2,4,No
36,51198,826,10,90397,0.129,4,1,No
29,69357,784,14,50845,0.383,1,0,No
51,72787,468,4,36709,0.245,3,2,No
37,182435,729,5,36430,0.396,4,4,No
51,180091,431,3,59255,0.609,5,4,No
43,110275,423,11,24645,0.623,0,1,No
26,181661,473,9,78477,0.233,2,3,No
50,66113,686,8,57748,0.182,0,0,Yes
27,167165,440,0,78399,0.083,2,4,No
60,150182,739,27,7547,0.214,1,0,Yes
62,48792,671,9,65877,0.354,5,4,No
31,132112,586,5,94025,0.412,4,4,No
54,177099,390,13,68721,0.109,4,0,No
32,97381,508,25,95063,0.197,2,0,No
65,162882,846,26,36526,0.075,0,2,Yes
47,171300,451,10,40232,0.516,3,2,No
32,60225,520,27,26888,0.212,0,0,No
33,51187,599,13,45797,0.391,2,0,No
28,160313,654,10,23957,0.326,4,3,No
36,175565,491,1,40748,0.336,3,3,No
49,35729,709,28,95612,0.449,5,0,No
55,37549,656,30,65527,0.296,4,3,No
49,63013,543,22,19485,0.2,4,4,No
51,49347,357,24,67750,0.296,2,2,No
33,193280,325,27,51673,0.544,2,1,No
32,89772,785,21,74961,0.387,2,4,No
22,65378,416,26,68255,0.636,0,1,No
53,26998,541,14,53799,0.521,5,2,No
28,190832,529,26,59628,0.545,2,4,No
61,137172,392,9,19005,0.52,1,0,No
60,139100,520,26,59305,0.315,0,2,No
61,181161,526,24,88572,0.532,5,4,No
52,140400,425,27,66815,0.428,4,0,No
58,52737,589,10,93905,0.185,3,2,No
48,63514,798,7,39765,0.107,0,2,Yes
35,192609,771,20,49502,0.349,2,0,Yes
43,148549,821,7,82599,0.4,5,4,No
44,75232,321,4,98822,0.26,5,0,No
33,119766,456,23,89683,0.428,1,0,No
41,35461,561,13,51632,0.14,0,0,No
32,107394,409,29,13535,0.534,3,3,No
33,34323,800,15,21417,0.29,0,1,No
59,62040,665,22,39862,0.486,4,4,No
43,164750,312,27,66971,0.562,5,1,No
63,170821,362,20,63204,0.193,2,3,No
48,110028,323,23,69487,0.377,0,2,No
34,117734,652,12,22841,0.125,1,3,No
37,115896,639,21,16656,0.076,2,3,No
44,110793,318,6,13883,0.074,3,0,No
54,101699,387,26,41352,0.62,5,1,No
42,129835,449,4,67902,0.077,2,0,No
30,109321,391,14,74854,0.412,0,4,No
28,183989,444,23,38273,0.084,4,1,No
41,142004,474,10,54679,0.479,2,4,No
57,147297,690,23,52365,0.344,0,2,No
27,42585,444,16,46076,0.175,0,1,No
46,172732,759,7,11144,0.412,4,1,Yes
33,120781,434,9,29577,0.251,0,3,No
36,140318,840,23,44972,0.141,3,4,No
50,142273,536,22,84561,0.494,4,1,No
51,31968,641,5,66072,0.279,3,3,No
25,92249,340,26,30984,0.332,5,0,No
52,165312,545,9,88155,0.073,3,1,No
36,198615,758,18,28313,0.388,0,3,No
29,61119,503,6,8720,0.358,2,0,No
42,131397,772,26,30119,0.499,3,2,No
64,186110,357,30,85274,0.337,3,3,No
60,38100,488,19,50104,0.556,2,4,No
65,67794,347,23,91156,0.259,1,0,No
57,129519,389,26,41352,0.498,1,0,No
34,73121,822,4,57773,0.195,5,3,No
36,34143,787,30,20083,0.568,5,3,No
63,84376,844,12,70573,0.261,4,4,No
40,108144,479,2,23979,0.492,5,0,No
64,131528,415,21,69713,0.533,5,2,No
35,107016,327,15,95722,0.148,4,1,No
64,155604,414,5,13495,0.531,3,4,No
46,103737,519,21,48872,0.224,5,0,No
29,93677,478,7,46127,0.407,2,4,No
21,154940,693,15,14398,0.363,2,3,Yes
55,117889,365,16,35721,0.401,1,1,No
64,102006,321,28,99719,0.523,5,1,No
40,172627,635,9,17198,0.549,5,4,No
65,120133,400,16,21359,0.2,0,2,No
26,55090,651,9,89443,0.164,0,2,No
62,50476,475,6,29052,0.1,1,4,No
30,89004,571,10,45920,0.474,1,1,Yes
53,99469,348,2,22497,0.336,5,3,No
36,145119,653,7,82767,0.14,5,3,No
56,196377,611,2,17381,0.34,4,3,No
26,150494,653,12,53444,0.641,0,3,No
39,100650,336,5,26945,0.385,4,0,No
51,68657,648,16,74696,0.573,1,0,No
22,148270,653,1,6435,0.103,1,1,Yes
38,124262,843,6,68069,0.591,1,0,No
62,187930,663,27,47728,0.385,2,3,No
48,144358,576,5,65336,0.374,1,0,No
24,197375,502,0,81436,0.133,0,1,No
21,159553,808,9,28100,0.324,0,1,Yes
62,87841,474,22,90460,0.341,1,1,No
36,32931,510,19,57618,0.134,4,0,No
65,131951,552,0,86092,0.251,5,2,No
22,79694,653,24,22319,0.577,4,4,No
56,33635,617,13,98277,0.07,2,1,No
21,70252,665,2,42314,0.364,1,2,No
59,94017,453,29,66918,0.519,3,4,No
43,178149,595,8,5645,0.631,0,4,No
46,91953,830,29,71890,0.445,4,0,No
31,112776,840,29,27820,0.074,4,1,Yes
62,98212,664,6,78510,0.481,5,2,No
21,97547,640,29,68150,0.487,0,4,No
31,173126,565,7,77940,0.372,5,1,No
44,79565,474,6,82732,0.277,4,0,No
30,80153,807,9,26926,0.314,3,2,No
34,174740,663,26,29441,0.617,0,0,Yes
34,197131,550,24,52474,0.582,3,3,No
27,140095,818,14,71181,0.22,0,0,No
43,187970,785,18,22041,0.094,1,2,Yes
63,124281,496,23,63577,0.497,4,3,No
42,73561,574,27,53563,0.37,0,3,No
56,112473,665,1,39314,0.434,5,4,No
47,148022,844,19,45169,0.616,2,2,No
22,154552,834,9,23628,0.616,0,0,No
59,48836,554,28,76703,0.548,1,2,No
39,85420,385,3,12919,0.209,0,1,No
27,33911,480,14,54954,0.531,5,0,No
32,182107,448,28,39017,0.558,5,2,No
23,181065,637,5,95473,0.051,0,3,No
25,116216,390,2,48521,0.295,3,0,No
28,98080,848,11,32891,0.238,4,1,No
34,47289,348,0,15018,0.556,3,3,No
56,56346,338,29,49892,0.115,4,4,No
27,50644,841,25,70376,0.423,2,0,No
27,53279,505,23,77452,0.356,2,1,No
52,120446,525,8,23794,0.605,3,1,No
28,73638,737,22,33787,0.335,4,1,No
32,138917,331,8,68594,0.096,1,2,No
30,59341,394,5,50626,0.584,3,1,No
34,144660,732,2,66600,0.411,0,1,No
29,143481,301,26,42478,0.451,3,0,No
58,179975,810,8,53844,0.482,0,3,Yes
50,125957,602,13,62315,0.547,3,0,No
25,59979,786,16,42144,0.493,4,4,No
21,150576,834,16,88562,0.204,1,2,Yes
21,131626,689,17,79430,0.625,1,3,No
40,90109,596,10,50620,0.137,0,4,No
31,134239,811,19,43436,0.299,1,3,Yes
46,177999,524,18,16818,0.369,0,1,No
64,94356,509,16,15798,0.082,4,2,No
23,181473,411,22,14449,0.125,1,0,No
26,187773,802,27,88927,0.163,5,4,No
63,98226,630,13,54282,0.572,1,0,Yes
65,128658,691,30,36302,0.411,1,1,Yes
31,160298,812,15,68800,0.11,4,1,No
28,115808,750,29,88991,0.49,0,3,No
49,132533,582,19,81389,0.324,4,2,No
30,143525,664,15,56350,0.145,3,3,No
54,183075,488,27,19184,0.387,5,2,No
44,122571,424,10,36915,0.281,1,1,No
37,113601,786,0,33570,0.439,5,0,No
52,93160,610,15,13314,0.638,0,0,No
31,30505,707,21,99481,0.487,0,0,No
54,169453,617,29,86150,0.357,1,4,No
44,32549,446,5,25647,0.418,3,3,No
25,76149,800,14,69595,0.514,0,1,Yes
49,166275,651,0,93389,0.188,5,0,No
54,168000,657,6,52837,0.131,3,1,Yes
36,38457,572,7,59513,0.396,3,3,No
45,150293,809,20,29945,0.497,5,4,No
57,147465,311,9,42136,0.303,2,1,No
28,193183,442,26,16242,0.166,5,1,No
49,49587,466,29,65084,0.433,2,2,No
45,84354,568,6,68395,0.456,2,3,No
62,126911,393,7,31047,0.523,0,4,Yes
43,50312,405,28,89090,0.402,4,4,No
54,91045,612,12,72836,0.27,0,4,No
23,132764,535,13,90811,0.181,3,1,No
50,162166,359,28,65240,0.075,4,4,No
54,102994,708,22,25011,0.29,0,4,Yes
52,63513,659,2,6501,0.512,2,3,No
49,95446,532,25,62895,0.502,2,2,No
29,31572,400,11,7559,0.615,0,3,No
22,193140,386,25,58968,0.061,4,3,No
59,165153,407,1,65356,0.156,3,3,No
27,109872,753,29,29442,0.447,1,4,No
25,183985,676,30,95155,0.375,4,0,No
28,65378,686,29,14647,0.481,3,1,Yes
52,87189,362,24,24896,0.283,3,3,No
38,51084,529,28,18936,0.262,5,0,No
58,122240,674,4,40113,0.469,5,0,No
38,85681,537,11,30577,0.295,2,0,No
61,47418,546,24,25130,0.205,0,0,No
65,198799,685,3,6162,0.231,5,1,Yes
36,99860,337,29,56483,0.182,0,4,No
41,188304,543,26,24627,0.057,5,4,No
30,107168,818,0,92571,0.465,4,2,Yes
62,164075,659,7,6151,0.491,1,0,No
24,182543,693,20,57609,0.525,5,0,No
64,87468,376,19,7664,0.158,0,4,No
28,180877,742,24,26155,0.598,0,4,No
39,93211,336,24,65809,0.249,5,3,No
60,100012,708,1,64323,0.587,2,3,No
60,44259,649,16,31284,0.213,1,4,No
29,196134,560,23,59354,0.075,0,0,Yes
50,74179,762,8,26305,0.361,1,2,No
37,199930,747,28,12576,0.368,3,4,No
60,105099,348,26,81668,0.591,3,0,No
64,173096,370,19,79274,0.452,5,1,No
35,86980,545,10,18910,0.546,0,1,No
24,110170,301,16,50601,0.562,1,4,No
26,94283,361,22,19471,0.343,1,0,No
36,76871,838,20,81481,0.595,0,4,No
46,45287,641,28,89921,0.484,0,4,No
57,50887,366,4,35808,0.116,5,1,No
43,153493,677,20,59152,0.2,2,3,No
33,149370,356,25,62560,0.112,4,2,No
37,42802,585,8,9652,0.4,0,3,No
47,98135,755,6,64228,0.184,1,0,Yes
42,34650,754,17,61085,0.615,1,0,No
57,175915,492,14,21630,0.586,3,4,No
39,186304,804,25,95619,0.527,0,3,Yes
59,196152,421,24,42005,0.577,2,0,No
55,130646,778,15,60919,0.556,2,1,Yes
33,68527,402,15,30834,0.155,4,2,No
34,67297,653,28,42423,0.105,2,2,Yes
51,184340,474,19,18553,0.469,4,3,No
65,54185,313,12,96378,0.255,5,1,No
22,142769,769,4,59962,0.426,0,2,Yes
59,156418,325,1,77332,0.43,5,0,No
57,68418,343,18,96936,0.565,5,0,No
34,34612,337,4,88182,0.147,1,3,No
29,198886,823,0,26795,0.581,0,1,No
30,110002,404,0,85946,0.245,4,4,No
27,157703,663,15,83511,0.584,5,2,No
48,82211,789,16,14897,0.172,1,1,No
45,171524,572,6,75115,0.146,0,2,No
48,103105,387,9,33074,0.419,0,4,No
22,196972,638,27,11882,0.592,3,2,No
37,178554,625,3,27532,0.342,5,2,No
24,60472,666,3,50451,0.099,4,0,No
33,112460,421,12,79194,0.572,1,4,No
38,143123,619,12,47748,0.349,2,2,Yes
23,197242,664,26,20522,0.353,3,3,No
57,105379,602,2,84730,0.18,3,0,No
53,191987,374,10,60287,0.169,0,3,No
61,120554,750,17,27043,0.416,1,1,Yes
44,33057,680,19,40168,0.308,1,3,No
28,43883,597,28,24374,0.139,3,0,No
55,85014,604,10,67890,0.636,2,4,No
22,177522,329,17,52907,0.078,3,3,No
53,181577,307,13,29432,0.076,0,0,No
32,181962,720,10,47186,0.637,2,1,No
42,133269,307,12,6187,0.183,4,3,No
33,60013,490,10,62892,0.058,1,2,No
30,190025,427,30,60441,0.289,5,3,No
37,158536,822,6,42531,0.181,1,4,No
63,99111,555,9,82888,0.533,4,0,No
25,137839,532,5,80934,0.202,4,3,No
29,71825,676,5,8111,0.54,5,2,No
33,185638,651,17,84499,0.368,2,4,No
43,119035,729,10,31906,0.533,1,2,No
50,26521,321,20,96836,0.418,5,1,No
63,42363,568,25,94970,0.503,0,2,No
24,105938,381,14,76277,0.325,1,0,No
41,147159,810,23,75480,0.303,2,4,Yes
63,167534,312,27,54651,0.323,3,1,No
29,98109,496,17,39456,0.496,2,0,No
27,79698,566,7,82405,0.315,5,0,No
36,183175,350,8,21009,0.225,4,0,No
43,144511,487,2,31489,0.536,2,1,No
43,172579,602,27,91162,0.299,3,4,No
51,121783,303,28,58390,0.318,2,1,No
25,123829,642,14,65410,0.099,5,3,No
26,141774,330,19,88726,0.27,5,0,No
21,166419,501,13,8574,0.544,5,0,No
48,31099,841,29,87528,0.451,5,0,No
38,100104,456,23,76692,0.129,0,0,Yes
44,29406,342,1,60250,0.331,5,3,No
33,184109,384,17,86978,0.605,4,4,No
53,127439,705,0,29005,0.189,3,4,No
30,160948,659,30,88512,0.545,2,0,No
27,115692,731,29,75325,0.389,0,3,No
57,186943,449,27,86245,0.264,1,1,No
52,121442,618,1,16363,0.633,2,0,No
65,127829,559,12,66788,0.483,2,0,No
42,137631,786,12,38264,0.24,5,3,No
36,69895,302,13,42943,0.167,1,2,No
44,68760,636,27,50357,0.577,5,3,No
34,71306,638,11,71305,0.405,1,4,No
31,100179,606,24,71127,0.072,0,4,No
39,172659,590,27,56699,0.307,5,0,No
43,101554,681,20,28323,0.316,5,3,No
54,160285,473,19,69351,0.515,3,1,No
60,166116,323,1,55537,0.193,2,3,No
33,156015,301,1,50203,0.325,4,1,No
59,69425,463,13,24928,0.098,2,4,No
64,177448,799,21,42457,0.124,3,3,Yes
48,47590,650,6,22813,0.526,5,2,No
60,68403,393,3,43708,0.364,1,1,No
36,51628,503,10,59087,0.282,0,3,No
48,114421,422,27,22326,0.21,2,3,No
24,130763,336,6,98180,0.628,1,3,No
48,158264,439,0,87377,0.331,3,1,No
32,177505,528,12,26037,0.388,4,4,No
36,109629,718,7,35137,0.641,4,0,No
56,149062,792,28,65627,0.502,4,1,No
40,55617,627,27,83853,0.277,1,3,No
46,132454,454,15,79899,0.384,2,3,No
46,187754,655,18,39634,0.287,1,4,No
42,35250,306,15,86553,0.382,3,4,No
29,57836,814,12,57245,0.438,3,3,No
25,137319,303,30,95546,0.635,2,4,No
37,92173,344,6,44913,0.489,4,4,No
54,152939,504,22,13568,0.468,3,2,No
22,131761,500,18,91533,0.108,5,2,No
27,31251,549,4,49308,0.242,4,1,No
56,126429,511,1,50887,0.218,5,2,No
33,81246,432,8,12943,0.11,0,2,No
40,189078,368,15,93849,0.573,4,1,No
50,111966,590,20,34077,0.538,1,4,No
50,196857,828,3,8781,0.524,1,0,No
31,162536,631,9,44542,0.156,0,1,Yes
51,92344,729,2,57405,0.41,5,3,No
23,166353,744,0,31274,0.366,5,2,No
22,75106,470,6,67132,0.418,2,2,No
23,146720,677,2,78013,0.522,0,1,Yes
35,119840,505,10,97344,0.106,1,4,No
37,130293,321,12,6103,0.165,5,4,No
27,33998,436,25,16466,0.219,1,2,No
25,170589,602,16,48055,0.332,1,4,No
54,131083,302,25,95580,0.401,5,0,No
53,67866,735,9,56497,0.233,2,0,No
65,138384,312,7,37022,0.116,2,1,No
36,47969,813,29,26685,0.354,4,0,No
57,125980,666,7,28101,0.086,3,2,No
23,171855,431,28,82497,0.268,3,1,No
63,143259,682,18,87643,0.076,1,3,Yes
41,56107,563,25,87768,0.181,3,4,No
61,159831,444,18,47462,0.116,3,3,No
28,39789,692,17,73595,0.318,5,1,No
42,38214,793,23,61092,0.191,0,1,Yes
25,95657,744,8,19767,0.083,2,3,Yes
37,54482,624,19,81447,0.229,3,0,No
57,188544,759,19,53519,0.586,0,4,No
34,99536,522,11,42937,0.555,4,0,No
59,73187,399,12,12560,0.58,4,1,No
61,56087,507,4,16897,0.285,4,0,No
48,25941,571,18,63157,0.577,4,2,No
51,144340,460,4,40244,0.621,5,1,No
37,157393,388,3,35412,0.625,3,2,No
55,70972,639,23,25632,0.125,2,0,No
60,111658,346,20,93414,0.544,5,3,No
42,64361,417,22,79704,0.252,1,4,No
65,66354,470,19,11297,0.32,5,3,No
49,91327,716,1,55801,0.443,5,1,No
30,72191,816,14,26509,0.505,1,1,No
38,80828,735,7,97767,0.59,1,1,No
55,35136,499,13,16744,0.625,0,0,No
64,171819,758,3,48475,0.512,0,4,Yes
36,91279,733,11,94098,0.194,4,0,No
27,97060,710,24,74166,0.355,0,3,No
50,64342,678,5,90930,0.257,3,4,No
39,106851,447,7,14894,0.569,5,1,No
43,57961,518,8,63834,0.347,5,2,No
28,131198,476,8,78114,0.564,2,0,No
37,94810,765,15,7529,0.635,2,2,No
41,54838,462,8,58027,0.223,0,3,No
46,39332,583,22,33717,0.068,4,2,No
48,88001,781,30,54220,0.179,2,3,No
59,115329,709,30,76241,0.434,1,3,No
53,192422,305,27,5062,0.535,5,3,No
60,144771,349,18,67623,0.499,3,0,No
39,105954,741,7,33839,0.532,0,1,No
49,73473,345,6,79407,0.605,5,3,No
40,196969,516,24,54140,0.185,5,0,No
40,36682,508,12,99108,0.08,0,2,No
30,177799,645,4,59255,0.247,0,0,No
32,68775,704,28,28829,0.562,3,3,Yes
53,81941,324,19,91984,0.487,3,1,No
45,37115,651,17,29602,0.07,0,2,No
45,75937,424,6,80198,0.143,3,4,No
24,70132,801,5,66468,0.608,1,0,No
24,37025,362,21,63530,0.348,5,4,No
29,120439,638,9,32634,0.434,2,2,No
35,83526,621,14,42529,0.107,4,0,No
46,172979,462,23,97051,0.396,3,0,No
35,93832,635,16,57923,0.558,1,0,No
46,81108,763,12,38309,0.591,1,2,No
48,176935,588,29,88530,0.32,0,4,No
27,161757,542,0,30990,0.402,4,1,No
52,31647,605,19,41981,0.488,2,2,No
32,55145,451,30,91934,0.289,3,4,No
55,196634,394,23,86920,0.225,3,0,No
52,128894,706,20,33972,0.103,0,3,No
29,176839,636,8,11918,0.167,1,4,No
34,123702,396,18,87216,0.64,4,4,No
33,141839,655,27,15563,0.573,2,3,No
64,30430,362,5,90505,0.258,1,0,No
53,159952,739,21,14488,0.548,2,4,Yes
52,90662,618,3,52591,0.509,2,3,No
39,141775,850,27,22800,0.631,4,4,Yes
50,85487,382,26,10770,0.074,5,1,No
36,64793,709,29,30899,0.397,5,4,No
32,138584,404,17,85466,0.47,1,1,No
30,135549,478,5,31039,0.548,4,3,No
22,82590,637,9,86998,0.532,0,4,No
38,96461,505,2,53558,0.216,0,1,No
33,77470,509,13,68675,0.472,5,0,No
49,88616,652,23,86440,0.536,0,4,No
44,125361,689,1,61247,0.36,2,1,No
58,194743,744,18,40457,0.351,1,4,Yes
32,161407,401,8,6083,0.315,3,3,Yes
49,93525,460,26,98587,0.175,3,4,No
42,130879,656,1,61214,0.55,0,0,No
56,118709,442,14,20441,0.351,0,4,Yes
21,96257,848,26,67755,0.131,3,0,No
63,27728,712,26,31768,0.599,5,2,Yes
60,108511,558,30,47981,0.557,0,2,No
54,47167,420,12,89931,0.304,5,2,No
54,192001,398,26,38952,0.519,0,0,No
53,98711,515,25,59328,0.15,5,1,No
24,193469,737,11,71785,0.633,5,1,No
58,151218,771,16,52916,0.101,0,4,Yes
50,97437,702,15,87101,0.579,5,4,No
40,101426,312,2,94503,0.649,0,2,No
46,101851,612,25,80066,0.224,2,3,Yes
35,105962,534,5,21903,0.537,0,1,No
27,187388,382,23,45718,0.598,3,2,No
27,60065,542,29,77318,0.622,1,3,No
49,145138,640,9,72230,0.482,4,4,No
43,105286,523,4,42439,0.422,3,1,No
54,48674,484,13,82828,0.113,1,0,No
40,144632,712,17,38961,0.332,3,0,No
35,51085,396,27,90353,0.287,0,2,No
53,63086,620,7,30372,0.063,3,1,No
37,139700,426,15,47893,0.221,0,2,No
40,88493,514,1,30779,0.496,4,1,No
33,73248,839,19,25660,0.233,3,4,Yes
64,51156,790,29,42900,0.07,5,1,No
44,125355,349,8,14007,0.512,3,2,No
57,159948,567,22,57121,0.535,4,0,No
27,96963,382,30,55387,0.066,2,2,No
28,73119,543,18,69626,0.552,1,2,No
43,126044,524,0,52139,0.528,4,4,No
34,125092,829,26,31138,0.423,3,1,No
24,141640,662,21,7276,0.077,0,3,No
41,171713,410,8,19974,0.616,1,0,No
30,101432,666,19,92136,0.11,4,3,No
42,103451,689,26,7652,0.482,3,4,Yes
50,110340,623,6,79842,0.508,2,1,No
50,44411,322,2,38482,0.618,1,4,No
36,159173,455,0,20576,0.619,1,1,No
31,53536,502,12,15359,0.217,5,1,No
42,28588,397,13,82956,0.189,3,1,No
49,170781,603,20,86970,0.297,4,2,No
45,112657,461,0,30153,0.611,1,2,No
34,157489,741,17,40879,0.484,5,1,No
34,45293,356,6,6996,0.597,4,4,No
22,78897,840,14,46591,0.181,3,2,No
33,69649,735,0,40322,0.091,1,0,No
23,60540,653,21,50264,0.065,1,1,No
50,87251,766,6,22374,0.093,1,2,No
38,144863,819,19,90369,0.555,0,3,No
56,60017,406,19,99410,0.573,2,1,No
41,139383,642,1,97680,0.6,3,4,No
39,45242,383,13,19602,0.295,3,4,No
36,141313,709,20,40718,0.33,0,4,No
48,122544,338,27,84588,0.164,1,4,No
24,125151,332,6,58317,0.315,4,0,No
35,137457,477,13,35300,0.144,5,2,No
21,33770,683,19,5470,0.421,0,2,No
36,157208,514,30,27860,0.06,1,2,Yes
40,36602,500,23,36861,0.307,5,0,No
53,126437,696,14,65836,0.641,0,2,No
37,35466,506,23,40275,0.647,2,0,No
25,166485,587,26,82740,0.514,0,1,No
25,157229,535,6,61651,0.229,0,3,No
59,163524,728,29,53378,0.169,1,4,Yes
33,51225,381,2,65354,0.072,1,2,No
64,65043,461,9,43371,0.301,3,3,No
56,170550,412,11,20732,0.326,2,2,No
50,112333,823,8,55384,0.098,2,1,No
24,193212,792,28,36497,0.571,3,1,No
43,161683,698,7,65556,0.44,5,1,No
41,186238,771,9,82371,0.278,3,1,No
41,174779,564,16,49151,0.563,3,0,No
26,156305,388,8,61124,0.297,1,0,No
44,196756,666,22,36894,0.559,2,1,Yes
51,90567,515,9,18252,0.347,0,1,No
39,184086,569,25,69816,0.431,1,2,Yes
58,116483,755,14,5413,0.115,0,1,Yes
32,33951,636,3,83024,0.205,4,2,No
34,92330,598,20,35063,0.441,1,4,No
32,87831,513,6,5379,0.296,4,1,No
35,53936,363,15,30505,0.13,0,2,No
39,40574,788,7,20617,0.142,2,1,No
48,123585,627,13,22199,0.475,1,0,No
60,160143,835,19,81357,0.461,5,0,No
61,177081,685,6,33151,0.483,2,2,No
25,184703,614,13,9552,0.483,4,2,No
25,47362,717,5,22303,0.627,3,0,No
26,186772,611,8,61717,0.632,2,2,No
43,72105,759,13,87764,0.31,1,4,No
23,187304,669,15,20690,0.516,3,2,No
57,66775,304,3,41455,0.492,5,2,No
53,42854,408,19,26975,0.154,2,1,No
63,153362,482,28,48937,0.519,1,4,No
41,93823,591,2,60360,0.556,5,0,No
40,71782,384,12,7809,0.073,3,0,No
21,47090,473,30,65776,0.365,4,0,No
59,52161,483,23,48383,0.199,4,3,No
37,172966,566,30,10037,0.61,2,1,No
49,131265,769,23,75461,0.1,0,3,Yes
28,71300,404,15,90557,0.445,1,0,No
46,115666,477,3,46313,0.439,2,0,No
48,69665,681,2,85618,0.122,2,1,No
54,195624,412,21,58952,0.509,0,2,No
46,118254,585,24,34497,0.213,2,4,No
33,79645,422,23,90909,0.465,3,0,No
64,139946,387,6,77449,0.2,3,4,No
57,195428,836,22,10424,0.285,4,2,Yes
33,67184,841,20,23316,0.248,0,2,No
58,75817,719,14,49450,0.412,5,1,No
45,59633,816,1,72092,0.423,4,2,No
43,73720,555,8,87503,0.363,3,4,No
42,91301,831,2,22564,0.139,3,1,Yes
41,180712,399,24,94325,0.437,5,3,No
50,76857,580,9,19152,0.193,4,0,No
31,30765,468,17,94652,0.307,2,3,No
24,105872,665,14,66059,0.641,4,2,No
53,55761,682,28,74314,0.557,1,1,No
32,62742,624,29,25850,0.215,4,3,No
29,157455,532,15,79602,0.181,3,3,No
52,40458,390,12,67756,0.391,3,1,No
31,158507,327,11,63477,0.102,3,1,No
57,184808,343,11,35685,0.338,1,1,No
44,54992,610,0,77079,0.323,0,2,No
27,82566,672,14,52963,0.646,2,3,No
28,196764,596,25,39486,0.069,4,1,No
53,139358,343,22,22435,0.576,2,3,No
45,179514,310,0,51714,0.611,1,3,No
21,48700,680,7,39803,0.439,4,1,No
23,128932,804,15,19580,0.374,0,3,Yes
60,52763,498,15,15093,0.136,5,1,No
48,160937,768,2,52747,0.46,3,0,No
63,197914,420,18,12590,0.497,3,3,No
53,195999,313,27,15820,0.464,5,4,No
21,74602,776,13,36985,0.098,1,4,No
58,146727,707,8,52132,0.522,4,1,No
47,187148,394,26,98944,0.187,1,0,Yes
58,44734,567,11,61848,0.207,3,4,No
55,27829,492,15,94758,0.285,0,4,No
30,26915,743,0,81555,0.447,4,1,No
32,64980,357,6,21483,0.389,2,2,No
30,34440,393,17,18150,0.472,0,3,No
54,160891,597,10,84882,0.445,0,3,No
44,98415,812,29,83765,0.471,1,0,Yes
48,115352,705,2,21029,0.229,1,3,Yes
42,57225,661,30,61223,0.461,2,0,No
65,166406,627,9,22351,0.528,4,3,No
36,131860,505,30,59729,0.083,3,3,No
33,120367,492,11,32914,0.615,3,2,No
56,94656,523,7,60706,0.079,1,4,No
56,129780,337,2,78832,0.503,3,3,No
63,27961,747,1,24973,0.437,0,4,No
43,103385,792,6,54766,0.241,0,1,Yes
34,57545,410,11,54565,0.337,4,0,No
52,76569,551,12,14233,0.601,4,2,Yes
23,157688,771,27,34542,0.562,0,2,Yes
47,148915,791,18,71854,0.269,4,0,No
39,99447,790,23,9429,0.283,3,4,Yes
42,50549,663,19,46614,0.179,2,3,No
21,97361,459,21,76860,0.303,0,2,No
25,43230,811,10,55774,0.443,1,3,No
53,75618,397,27,52651,0.321,5,3,No
39,139676,558,12,93072,0.485,4,3,No
56,33882,380,7,12268,0.534,0,0,No
26,106844,761,19,25119,0.242,2,4,Yes
35,142200,658,4,68442,0.445,1,1,No
56,140933,767,18,20203,0.376,5,2,No
53,47500,665,30,72425,0.112,5,1,No
44,106410,394,19,72786,0.224,3,0,No
47,165405,788,25,25095,0.123,3,3,Yes
31,78383,586,7,69943,0.532,5,3,No
43,91513,342,6,30378,0.47,5,3,No
53,182882,457,21,74979,0.532,3,1,No
61,181189,534,4,92411,0.435,3,3,No
49,97258,774,8,15856,0.361,1,0,No
51,38217,711,28,10662,0.335,2,2,No
21,197842,693,11,91627,0.252,4,2,No
54,111427,443,28,85096,0.575,5,2,No
38,70272,309,3,45078,0.33,2,3,No
38,108053,810,2,56393,0.179,1,0,No
26,86724,629,10,79086,0.498,1,0,No
60,171290,567,21,10105,0.252,3,3,No
21,62633,780,17,61174,0.184,3,4,No
62,66528,455,24,68631,0.525,4,2,No
50,34513,829,21,91594,0.318,2,1,No
24,196506,583,18,80290,0.172,4,2,No
52,199776,790,1,29479,0.453,4,3,No
30,97901,569,8,20033,0.54,0,0,No
63,85922,563,9,98335,0.29,0,1,No
25,129936,777,18,38648,0.19,5,1,No
29,125071,655,5,38767,0.065,0,0,No
25,125378,558,8,39982,0.571,5,2,No
31,75293,501,18,96954,0.319,2,3,No
55,124381,436,27,15751,0.583,3,0,No
47,80272,346,29,84448,0.473,2,3,No
24,33670,362,24,65181,0.347,0,1,No
30,52809,376,17,10185,0.469,1,2,No
59,43069,754,19,63535,0.237,3,3,No
53,120447,312,25,31157,0.168,2,1,No
58,143179,689,18,59793,0.14,0,3,No
28,124675,757,22,33497,0.6,0,0,No
44,161531,827,26,38240,0.497,1,3,No
59,184548,767,3,59897,0.612,5,4,No
53,87289,640,3,50519,0.508,3,0,No
61,52177,354,16,46678,0.282,0,1,No
63,28423,712,25,19278,0.613,5,1,No
39,86001,633,12,97875,0.403,1,3,No
22,176432,610,2,16615,0.611,1,3,No
31,186304,487,20,45642,0.177,3,1,No
55,69940,820,20,46856,0.274,0,1,No
37,161433,305,3,90815,0.275,0,2,No
62,26401,712,6,8882,0.053,3,1,No
23,91948,579,9,94852,0.465,3,3,No
42,47814,350,12,15402,0.589,5,3,No
55,28230,527,25,17608,0.601,4,1,No
41,130825,576,3,44851,0.528,5,1,No
45,129153,617,6,95105,0.203,1,4,No
59,133998,646,21,13399,0.281,5,2,No
22,63824,416,29,90476,0.249,3,2,No
21,144410,374,29,34218,0.32,3,2,No
27,75416,773,21,6600,0.324,3,0,No
40,125563,672,20,82473,0.584,1,0,No
63,96812,609,28,78748,0.113,3,0,No
26,83876,470,10,27297,0.504,1,1,No
56,80572,539,30,80789,0.395,5,1,No
41,112304,451,30,97305,0.463,1,4,No
55,113668,375,15,91871,0.586,2,4,No
56,139266,550,28,47530,0.615,4,2,No
28,100111,559,23,35144,0.056,4,2,No
24,98367,616,24,44157,0.562,4,0,No
63,93348,425,11,85110,0.159,3,0,No
36,191315,847,24,35223,0.143,4,1,Yes
23,48357,658,5,21956,0.595,2,1,No
27,138234,465,4,58613,0.615,1,1,No
22,110321,637,12,7551,0.288,5,3,Yes
21,62783,652,0,14062,0.087,3,0,No
21,150985,713,14,91373,0.538,3,0,No
58,76703,324,18,28060,0.558,2,2,No
27,141839,829,7,71519,0.176,1,0,No
44,113557,801,10,10145,0.64,4,0,No
25,90923,652,0,24630,0.521,1,3,No
41,178320,789,0,55989,0.318,1,4,Yes
48,89748,748,11,81134,0.322,0,0,Yes
38,187526,781,15,90416,0.254,4,3,No
44,103728,628,7,13427,0.496,3,3,No
52,142849,666,26,42723,0.421,2,3,No
65,27380,838,13,40091,0.518,1,2,Yes
53,148256,387,6,27396,0.372,0,1,No
30,193175,708,17,38382,0.081,3,0,Yes
29,119389,535,21,64860,0.575,2,3,No
53,25743,349,12,8313,0.321,5,2,No
53,65124,482,12,21273,0.487,5,0,No
27,169200,693,8,63256,0.201,4,3,No
24,143174,485,23,60594,0.204,3,0,No
48,70653,388,21,9677,0.269,4,3,No
43,71072,385,17,37162,0.256,4,0,No
52,147214,419,26,26735,0.218,0,0,No
64,66302,387,30,8511,0.242,1,1,No
36,102011,355,2,85484,0.134,4,0,No
30,131452,454,2,66765,0.058,0,4,No
34,56898,389,13,75627,0.636,0,0,No
59,128620,593,8,87767,0.095,2,1,No
56,42889,660,15,29359,0.262,0,1,No
54,167024,834,24,67104,0.551,3,4,Yes
44,70985,387,4,5910,0.052,4,1,No
38,99106,352,29,51055,0.518,5,0,No
36,85139,702,12,43729,0.302,0,1,No
61,33897,815,26,45446,0.178,4,2,Yes
57,43798,832,30,32866,0.14,4,3,No
61,30656,543,20,42008,0.551,1,3,No
45,181418,351,7,94685,0.222,3,4,No
28,37193,542,28,23445,0.335,0,4,No
44,161219,701,18,13816,0.265,5,0,No
40,151474,412,8,11890,0.571,4,2,No
50,127748,522,20,9507,0.136,3,0,No
40,169501,730,8,10880,0.64,5,2,No
38,198263,473,9,34685,0.061,1,0,No
24,108366,646,8,84943,0.17,5,3,No
56,184836,646,11,99087,0.334,2,3,No
26,88628,484,11,92836,0.155,1,1,No
23,158474,695,10,53424,0.199,0,2,Yes
38,30642,584,19,94280,0.642,0,1,No
60,108746,612,17,78580,0.417,4,0,No
38,32918,497,30,44989,0.077,3,0,No
43,143535,370,6,12368,0.336,1,2,No
55,139438,766,0,96911,0.399,3,2,No
26,173548,825,6,46347,0.248,4,3,Yes
46,46061,797,0,10844,0.583,2,0,No
41,141408,832,13,34560,0.536,0,4,No
44,186501,761,12,37616,0.292,3,2,Yes
35,194637,825,20,15943,0.504,0,3,Yes
47,45215,414,12,99448,0.367,4,4,No
52,145148,682,16,23472,0.538,5,0,Yes
32,138613,494,7,16816,0.343,2,3,No
25,197336,506,16,65901,0.117,1,3,No
27,81098,731,29,91230,0.236,3,0,Yes
42,93764,804,12,96763,0.424,0,4,No
47,118271,761,21,36930,0.625,2,4,No
35,165515,410,30,91401,0.579,0,2,No
59,148816,739,16,54346,0.554,0,2,No
65,64276,468,14,82578,0.378,4,1,No
55,56711,731,1,26755,0.162,2,4,No
46,192129,557,12,65531,0.061,4,1,No
43,64764,754,19,33872,0.261,4,1,No
33,29844,651,28,32871,0.511,3,4,No
46,132181,422,27,45009,0.2,5,2,No
23,127539,591,7,70008,0.225,5,1,No
49,49630,636,2,91013,0.122,1,3,No
22,110132,578,30,93235,0.475,1,3,No
48,176625,530,23,57221,0.222,4,4,Yes
43,126510,408,6,11583,0.427,4,0,No
56,199987,844,27,43076,0.364,0,3,Yes
26,171236,425,21,49683,0.646,0,4,No
31,42025,626,25,5520,0.618,2,0,No
58,29839,566,16,35666,0.287,3,4,No
54,63937,787,30,21620,0.531,4,0,Yes
37,138074,575,5,9972,0.294,0,2,No
23,71660,361,5,8212,0.212,5,2,No
64,140911,470,25,39443,0.059,1,3,No
54,58260,391,23,34608,0.481,4,4,No
42,121200,374,10,97442,0.218,3,0,No
49,48206,420,5,95843,0.338,3,3,No
49,80763,783,1,5063,0.149,4,3,No
25,108059,562,30,25791,0.089,5,4,No
30,177946,437,25,58003,0.498,0,4,No
30,31794,467,30,99483,0.226,1,2,No
29,173711,815,2,15147,0.203,0,3,No
41,191335,500,1,73546,0.206,4,1,No
33,142973,401,2,98276,0.113,0,3,No
30,66961,318,0,15352,0.069,2,4,No
58,110801,665,6,31692,0.162,2,4,No
31,36736,780,20,16838,0.53,0,1,No
24,189986,721,15,68146,0.639,2,3,No
51,84395,833,24,15594,0.359,0,2,No
54,105338,658,15,8894,0.533,2,3,No
62,139946,448,22,69357,0.203,3,2,No
55,104757,796,16,71094,0.46,1,4,Yes
59,94385,690,0,42215,0.585,2,3,No
59,90285,306,17,97787,0.42,1,1,No
53,178886,632,6,5706,0.471,3,2,No
28,145862,322,22,63813,0.11,1,2,No
52,160688,389,8,62718,0.264,5,3,No
53,115100,829,2,59518,0.069,0,4,Yes
28,90659,365,15,69062,0.15,3,4,No
34,92713,352,2,56712,0.229,3,3,No
54,173959,702,29,65288,0.622,4,1,Yes
28,71811,441,23,28105,0.074,5,2,No
62,171181,324,5,94331,0.321,0,0,No
27,88387,332,18,41969,0.513,5,1,No
33,158196,850,23,65521,0.354,0,0,No
41,126558,677,13,93556,0.402,2,4,No
52,92949,667,2,15946,0.61,1,1,No
31,176843,511,5,58837,0.441,1,0,No
34,31089,432,16,43942,0.505,5,1,No
31,30833,448,3,97808,0.074,2,4,No
22,171820,675,21,60872,0.527,1,4,Yes
54,74308,376,20,18413,0.303,2,2,No
64,67083,825,3,99902,0.062,3,0,No
37,177459,797,9,64608,0.56,3,2,No
34,140605,391,30,6062,0.624,2,4,No
45,104674,682,14,89875,0.412,4,1,No
47,26702,807,16,59305,0.583,0,3,No
28,190505,429,19,53277,0.167,3,1,No
37,46773,371,16,54899,0.412,5,0,No
25,168497,702,10,10051,0.32,0,1,Yes
32,63575,810,25,71523,0.072,4,1,No
58,45098,425,3,34758,0.426,3,4,No
38,97519,804,12,81986,0.396,0,0,Yes
46,177566,813,18,82894,0.077,5,3,Yes
51,153699,778,13,5125,0.175,2,4,No
57,27397,309,22,53133,0.224,2,4,No
26,51770,752,10,56747,0.167,5,1,No
61,63222,770,21,22183,0.44,3,1,No
35,118737,673,5,17524,0.369,1,4,No
62,74033,364,15,25282,0.27,4,2,No
46,90879,408,25,27006,0.31,4,0,No
32,103475,599,29,25185,0.63,3,3,No
61,40950,341,10,21417,0.117,5,4,No
34,121081,558,30,25138,0.162,1,3,No
21,73787,713,18,19897,0.373,4,2,No
37,113768,327,5,75812,0.637,5,2,No
53,115150,670,11,35981,0.493,5,1,Yes
49,120551,512,18,77768,0.542,1,3,No
65,131350,453,22,26831,0.49,1,4,No
51,152943,457,17,49697,0.097,5,2,No
28,87926,593,13,42013,0.226,3,3,No
50,29986,660,8,7156,0.374,0,4,No
33,103485,665,9,20887,0.087,5,4,No
36,156307,752,14,40785,0.289,4,4,No
22,164065,533,17,22040,0.176,1,3,No
65,170908,476,16,81268,0.441,2,4,No
38,95760,351,19,22735,0.109,4,3,No
55,189078,747,12,71387,0.522,3,4,Yes
65,177380,629,23,84344,0.392,4,3,Yes
39,90587,595,15,53052,0.274,3,2,No
33,182803,645,6,62451,0.134,4,3,No
24,100108,453,5,35779,0.453,2,2,No
39,33498,531,29,47365,0.553,0,4,No
45,70066,631,12,58141,0.559,5,2,No
58,114529,445,25,75506,0.128,3,4,No
51,175065,781,11,88992,0.638,4,2,No
56,37485,678,22,58916,0.242,3,1,No
24,94136,675,14,90313,0.195,5,0,No
59,71264,329,3,83349,0.272,2,4,No
27,70606,728,23,75961,0.306,1,3,No
36,61346,797,11,34783,0.401,4,0,No
25,128865,793,19,84896,0.38,1,2,No
43,191383,495,9,88054,0.151,3,4,No
56,140192,437,7,17823,0.218,0,0,No
52,148016,490,13,12938,0.495,0,3,No
44,198334,779,26,93654,0.179,0,2,Yes
45,78166,477,13,88756,0.466,3,0,No
65,64075,711,20,10415,0.504,4,0,Yes
48,192454,662,28,78257,0.502,2,2,Yes
39,103675,848,29,82245,0.494,0,4,Yes
27,128446,548,24,37261,0.206,4,0,Yes
64,29806,744,6,33837,0.303,2,3,No
61,54357,640,9,70949,0.331,5,2,No
37,83877,525,28,54544,0.619,2,1,No
22,135137,307,30,61608,0.247,5,2,No
36,78155,834,9,39710,0.613,1,1,No
59,83051,648,21,48253,0.574,2,4,No
38,149503,465,17,70300,0.509,4,2,No
59,98147,574,21,8698,0.462,2,0,No
21,152117,847,27,52847,0.348,3,0,Yes
23,182976,611,16,69075,0.121,1,0,Yes
41,101742,526,17,67102,0.342,2,2,No
50,122486,358,13,87805,0.064,5,0,No
31,157779,396,4,79337,0.343,5,1,No
42,47290,548,28,78825,0.429,2,3,No
45,109875,560,6,26599,0.291,5,0,No
23,44311,702,16,27737,0.125,0,4,No
50,73175,357,1,72324,0.468,1,3,No
44,27720,356,3,32133,0.555,2,1,No
65,60790,372,8,69199,0.435,0,0,No
56,106285,689,7,10346,0.398,1,3,No
43,140066,833,25,48439,0.304,3,0,Yes
28,115328,352,24,39531,0.453,2,4,No
24,183544,402,3,56045,0.238,0,2,No
59,47442,411,10,17282,0.398,4,0,No
63,48802,806,6,46013,0.25,5,1,No
51,37721,669,10,27251,0.42,3,0,No
49,60757,484,2,18299,0.33,2,1,No
56,192670,325,11,90734,0.187,1,0,No
33,184304,324,7,93615,0.212,5,2,No
61,194243,563,27,83513,0.486,1,4,No
29,182154,820,6,30848,0.152,5,4,No
41,116402,519,23,40588,0.224,0,2,No
23,26939,751,24,85560,0.484,1,2,No
45,144382,471,21,51414,0.067,2,2,No
45,56989,469,12,13643,0.052,0,3,No
32,155404,694,3,68798,0.287,5,3,No
49,98251,411,27,84517,0.62,4,2,No
31,39454,589,18,41673,0.078,0,0,No
31,157449,438,2,81358,0.588,2,0,No
46,60523,518,29,20741,0.388,2,1,No
34,55807,702,26,85696,0.109,1,4,No
36,43467,797,28,98725,0.548,5,1,No
30,62177,324,26,44122,0.078,3,4,No
51,168359,705,10,95389,0.358,0,0,Yes
51,73667,551,5,7979,0.421,0,0,No
56,168910,745,15,36156,0.457,3,3,Yes
30,188137,376,30,50496,0.191,5,2,No
46,80259,623,23,98314,0.211,3,2,No
40,61872,779,28,96704,0.559,1,1,Yes
64,35522,583,7,83365,0.263,2,3,No
29,139108,457,10,7916,0.366,4,2,No
35,185204,467,23,9111,0.317,4,3,No
29,65425,448,8,82298,0.158,4,3,No
27,30478,442,30,67254,0.294,5,4,No
46,118873,636,0,37428,0.076,5,1,No
44,76793,762,6,77773,0.14,5,2,No
32,30025,396,9,60653,0.55,2,0,No
40,32764,752,8,27206,0.605,3,0,No
34,94036,563,30,31129,0.063,2,0,No
42,120062,692,12,81839,0.243,3,4,No
36,56521,645,26,52241,0.611,5,0,No
49,196464,685,17,9181,0.482,5,3,No
52,53807,464,15,10864,0.057,4,1,No
39,43013,809,3,69056,0.115,0,4,No
55,36311,783,29,65896,0.492,5,0,No
63,186699,695,5,13331,0.458,0,2,Yes
52,105483,830,19,88664,0.575,0,4,No
40,34041,749,8,82371,0.504,0,2,No
60,96796,827,25,38121,0.617,0,2,Yes
40,48306,813,11,43072,0.376,2,3,No
28,199899,704,27,89627,0.208,1,3,Yes
55,114086,821,11,20540,0.129,3,1,No
62,117151,316,0,51606,0.053,4,4,No
33,167499,503,8,68688,0.125,0,0,No
61,190150,306,9,94999,0.41,5,4,No
26,103359,810,16,22479,0.293,5,1,No
36,187285,309,0,5957,0.525,4,2,No
25,154428,312,20,51806,0.247,5,3,No
65,87960,488,0,68110,0.264,5,1,No
54,88741,731,9,90311,0.42,0,1,Yes
26,84000,443,8,82019,0.612,5,1,No
53,52207,724,21,92134,0.405,3,4,No
35,28936,585,29,66385,0.188,5,4,No
35,76775,627,8,84545,0.285,1,3,No
34,43674,822,4,42382,0.604,0,0,No
59,39374,735,21,72817,0.532,3,4,No
25,121128,790,1,92765,0.07,1,3,No
46,140040,630,13,96384,0.202,3,4,No
37,152401,347,11,29725,0.412,3,4,No
63,134644,556,28,7406,0.493,4,1,No
36,171389,386,15,85980,0.122,0,0,No
55,54181,331,15,56604,0.359,2,2,No
58,167852,617,8,54497,0.387,2,4,Yes
43,77994,442,18,14545,0.123,5,2,No
33,45402,391,20,74976,0.314,0,2,No
53,179348,488,23,18757,0.052,3,1,Yes
49,97778,377,20,97055,0.47,0,3,No
54,149889,739,25,80315,0.096,0,0,No
54,118057,333,19,92631,0.138,1,3,No
47,26052,417,19,99948,0.525,5,0,No
35,40400,323,27,42059,0.298,5,4,No
29,86980,839,20,50051,0.466,1,1,No
46,110483,713,18,21913,0.443,0,4,No
23,50699,849,9,85488,0.14,4,4,No
56,59111,513,10,37804,0.151,4,2,No
25,86065,428,19,26066,0.445,1,1,No
40,147378,511,4,28500,0.193,5,3,No
40,106798,752,19,41896,0.315,5,0,No
25,191763,460,15,99755,0.543,3,4,No
30,133732,408,18,70428,0.214,1,0,Yes
36,77404,727,11,88550,0.256,5,0,No
45,85736,363,16,94489,0.238,4,1,No
64,150210,308,1,88344,0.498,2,0,No
45,48942,331,26,17419,0.243,4,0,No
50,175073,424,8,59487,0.28,5,2,No
34,53696,581,27,29010,0.383,0,2,No
42,47319,469,25,26719,0.357,5,4,No
63,62123,475,17,75027,0.215,0,3,No
48,174383,544,1,83525,0.416,3,0,No
50,183192,555,20,60966,0.263,2,3,No
39,47642,450,9,69707,0.325,0,2,No
58,95083,402,8,6835,0.276,4,0,No
62,185443,836,2,43163,0.521,2,3,No
40,130219,440,8,56717,0.374,5,0,No
55,110639,572,3,15540,0.643,0,1,No
42,100279,326,28,88652,0.346,2,1,No
35,190522,433,12,74178,0.584,1,1,No
31,137033,592,27,21464,0.394,5,2,No
54,48407,523,18,86230,0.586,2,4,No
44,29445,667,20,25586,0.448,2,3,No
26,138443,405,11,94717,0.122,4,0,No
37,187168,776,11,54593,0.106,4,1,Yes
48,142606,501,22,99110,0.509,5,0,No
51,141801,614,14,78068,0.46,0,3,No
56,157214,309,27,91056,0.32,1,1,No
29,74897,556,30,80187,0.308,5,1,No
30,113071,445,22,88123,0.446,1,2,No
41,92266,657,11,86699,0.383,2,3,No
54,86466,672,1,5945,0.172,2,0,No
51,160195,789,26,63210,0.575,1,0,Yes
49,43898,402,29,58196,0.472,0,1,No
63,141457,347,11,55350,0.441,2,0,No
63,197139,484,6,76443,0.336,3,3,No
31,70946,402,6,83963,0.617,4,2,No
53,142174,523,17,61991,0.057,4,4,No
21,99504,676,25,99326,0.469,1,1,No
41,164064,410,24,78349,0.64,4,2,No
43,146132,621,29,13781,0.404,0,2,No
29,80173,452,23,62505,0.406,4,3,No
21,35125,655,11,92971,0.526,0,1,No
41,178502,642,17,95827,0.064,1,2,No
42,99165,716,5,91031,0.119,0,3,No
24,34226,583,7,12595,0.557,1,2,No
21,173292,456,24,19266,0.444,0,3,No
30,29702,698,16,7794,0.64,3,0,No
35,156713,826,14,71873,0.294,1,1,Yes
56,60942,662,11,82772,0.318,1,2,No
49,147341,742,6,26274,0.448,5,1,Yes
25,28875,734,28,36656,0.158,2,3,No
49,197674,640,25,62373,0.223,0,4,Yes
47,155140,547,20,71976,0.566,1,1,No
45,172149,773,24,77419,0.532,0,1,No
36,150797,417,12,23783,0.393,1,3,No
36,159684,391,28,13653,0.265,5,4,No
56,97598,847,11,24503,0.432,0,3,Yes
45,113240,736,15,31471,0.154,1,1,No
61,91998,823,24,45748,0.31,3,0,Yes
21,195651,839,18,14726,0.352,5,2,No
25,184477,374,9,43709,0.327,2,4,No
61,102510,378,22,60258,0.301,2,3,No
40,123814,378,15,75398,0.275,4,3,No
25,59924,504,11,74472,0.397,3,2,No
56,158991,840,27,75121,0.265,0,1,Yes
49,97168,581,2,98660,0.404,3,2,No
54,99460,322,3,70059,0.362,0,1,No
38,68910,828,23,81678,0.262,1,1,No
22,59005,432,0,76637,0.521,2,0,No
36,108400,358,3,17056,0.076,4,0,No
49,155634,801,3,51730,0.212,3,3,No
53,35657,741,2,57994,0.347,2,2,No
36,43394,581,17,10828,0.598,5,3,No
55,97433,470,23,11070,0.093,3,2,No
63,63397,425,21,74035,0.4,2,3,No
62,144445,385,17,33394,0.152,2,4,No
37,48874,813,7,31592,0.057,2,4,No
24,185945,405,28,31923,0.57,3,0,No
24,48670,518,7,91856,0.576,0,4,No
45,167023,604,6,51255,0.215,4,3,No
53,171840,390,7,56786,0.566,5,2,No
34,180535,795,24,65280,0.276,2,1,No
44,103905,380,15,12938,0.078,3,3,No
31,55836,433,2,51663,0.185,0,1,No
45,167760,706,14,24441,0.44,2,1,No
48,42202,637,17,63952,0.174,0,2,No
27,32188,796,10,71147,0.396,0,1,No
56,78326,365,29,21864,0.16,1,3,No
30,170207,600,28,45150,0.175,1,4,No
56,59657,830,22,81994,0.455,5,1,Yes
51,156630,542,30,61362,0.572,5,4,No
39,51195,547,1,76295,0.499,4,4,No
38,39443,815,18,96321,0.085,3,0,No
26,48215,396,15,84288,0.604,0,2,No
48,30949,653,5,18809,0.146,0,3,No
27,65411,395,8,69527,0.486,3,2,No
58,140877,535,14,52158,0.487,5,1,No
32,93438,436,8,49103,0.321,2,3,No
61,87521,656,28,78002,0.388,3,3,No
54,176796,347,9,92127,0.108,5,2,No
45,96431,463,1,26980,0.634,5,4,No
37,130854,799,14,79892,0.089,4,1,No
53,47081,494,0,24436,0.596,4,2,No
43,69732,573,5,15425,0.199,4,1,No
29,154808,801,22,12369,0.285,3,3,No
26,115182,772,23,89462,0.505,3,2,No
22,112904,620,12,81239,0.577,1,2,No
58,116374,480,19,45096,0.467,2,0,No
29,158227,725,6,51702,0.123,1,0,No
23,185975,425,24,9236,0.261,4,1,No
36,185465,484,16,56076,0.416,3,2,No
45,152277,439,18,51343,0.642,4,2,No
44,147606,348,20,57138,0.293,3,4,No
49,186173,770,27,22855,0.232,1,0,Yes
64,170285,796,29,98511,0.218,2,4,Yes
60,152927,449,22,69862,0.562,2,0,No
46,160423,623,28,52864,0.152,2,3,Yes
58,65236,626,20,85724,0.437,1,2,No
55,38241,650,16,65919,0.559,1,3,No
43,113987,577,0,44188,0.562,3,1,No
24,178251,446,16,94398,0.128,4,0,No
62,116659,585,23,35188,0.526,1,1,No
34,72665,453,6,37714,0.602,4,3,No
59,86242,724,2,82886,0.52,4,1,No
27,29455,449,3,69343,0.471,4,3,No
28,65459,372,13,43747,0.36,5,4,No
62,85899,601,23,22483,0.511,4,2,No
39,42597,357,29,62644,0.396,0,4,No
22,80591,840,11,81439,0.295,0,3,No
21,71209,587,6,72134,0.346,0,3,No
62,34052,308,22,52020,0.443,4,1,No
58,60691,777,28,86233,0.385,2,1,No
33,42816,848,13,58792,0.451,5,0,No
62,90876,779,29,39459,0.639,0,2,No
64,81533,707,21,11074,0.207,5,2,No
44,133873,367,24,94371,0.647,2,4,No
52,39206,607,21,79791,0.082,0,1,No
50,187590,601,12,53104,0.415,0,2,No
26,157270,572,16,42195,0.61,4,4,No
58,193136,832,4,84702,0.111,5,1,Yes
53,103566,752,28,30501,0.644,0,3,No
64,147874,816,7,10463,0.601,3,1,No
43,176649,777,10,99057,0.562,2,4,No
30,186320,817,29,57748,0.366,2,3,Yes
35,132787,345,26,25563,0.178,5,4,No
43,29934,756,21,25754,0.104,3,0,Yes
56,180999,746,14,18187,0.089,5,3,Yes
21,146298,678,20,13217,0.403,4,2,No
28,50877,315,14,88122,0.471,3,0,No
23,44471,807,24,44185,0.182,2,2,No
34,194913,677,22,78683,0.344,3,4,No
37,30853,654,12,44082,0.367,0,1,No
54,61018,778,6,19119,0.588,1,1,No
26,83501,691,16,18334,0.126,0,1,No
25,25257,483,17,8402,0.529,5,3,No
61,140169,763,11,81602,0.513,4,2,Yes
60,185743,684,28,32620,0.459,4,3,No
49,160802,830,14,92498,0.199,3,1,No
55,36305,386,25,67563,0.081,0,2,No
38,188188,491,4,69263,0.52,3,1,No
60,145761,503,18,24799,0.386,1,4,No
50,113979,322,7,43378,0.427,0,2,No
35,178911,800,3,77969,0.561,0,2,Yes
35,35818,779,22,15218,0.129,4,4,No
36,31202,458,4,25114,0.174,1,2,No
53,63946,613,21,35871,0.303,1,4,No
30,42031,567,22,20207,0.262,4,2,No
39,169370,303,7,88670,0.62,5,1,No
57,151705,529,18,57612,0.241,0,3,No
23,137212,784,18,27116,0.59,1,0,No
56,186914,629,1,76151,0.369,2,1,Yes
24,177438,505,5,78902,0.108,1,0,No
31,126890,304,26,40901,0.454,4,0,No
61,118496,452,30,49876,0.498,1,2,No
53,180129,724,29,59281,0.148,1,2,Yes
48,162152,316,17,39983,0.302,4,1,No
52,140446,511,16,42901,0.139,4,4,Yes
36,56942,588,16,71236,0.156,5,3,No
29,42016,477,24,26194,0.463,2,3,No
31,49232,473,16,9863,0.347,0,0,No
26,85928,330,14,39825,0.069,2,0,No
47,156401,303,6,67830,0.611,2,2,No
32,85363,317,4,59317,0.464,0,1,No
42,186667,637,30,32368,0.082,0,4,No
60,161518,531,21,23781,0.482,4,1,No
57,102781,347,25,12915,0.553,3,4,No
41,133670,362,24,74199,0.293,1,0,No
53,140672,569,18,86764,0.503,2,1,No
37,150158,389,21,77314,0.224,4,0,No
49,71094,588,6,73749,0.123,1,1,No
60,39822,380,1,6539,0.632,3,1,No
30,41825,469,14,60078,0.053,3,4,No
38,160092,398,21,7946,0.364,3,1,No
33,178133,777,13,48831,0.109,0,0,No
47,49849,442,5,63132,0.408,4,4,No
30,50602,605,20,22045,0.053,1,0,No
52,119460,671,6,10187,0.087,0,3,Yes
61,191966,692,8,67230,0.473,5,3,No
65,60701,403,22,14464,0.536,5,2,No
23,148327,445,1,33035,0.526,5,1,No
42,44752,300,19,64390,0.154,2,0,No
47,184341,424,0,12237,0.053,5,3,No
23,185212,669,17,23853,0.5,5,4,Yes
53,177711,335,24,85880,0.16,2,1,No
22,164138,541,11,100000,0.241,3,4,No
31,102045,789,6,15809,0.215,0,2,No
30,164333,464,26,6760,0.609,0,1,No
59,117689,421,23,25900,0.576,2,4,No
53,160657,375,23,24425,0.322,3,2,No
27,78750,632,10,54113,0.525,5,3,No
35,52632,385,11,76246,0.497,3,4,No
46,63585,771,17,27804,0.332,1,2,Yes
31,25116,669,4,43608,0.108,4,2,No
58,40616,636,0,85766,0.514,4,3,No
47,108733,364,28,63359,0.457,1,2,No
59,138246,838,24,36227,0.144,2,0,Yes
27,54590,691,20,53495,0.342,5,4,No
21,140591,305,0,12239,0.527,3,4,No
30,33685,688,26,17358,0.511,2,2,No
41,94394,737,22,35912,0.633,2,0,No
35,170210,416,8,79242,0.328,5,4,No
50,121752,445,0,14765,0.546,0,4,No
50,44067,396,27,58093,0.054,3,4,No
28,127034,609,11,74345,0.436,3,3,No
44,195468,461,16,40102,0.217,5,4,No
39,136186,587,15,39119,0.144,3,2,No
23,63211,640,16,21408,0.493,0,4,No
35,121516,824,6,44707,0.273,2,2,No
56,65727,819,25,34174,0.418,1,4,No
26,39464,727,2,5472,0.548,0,1,No
62,135875,713,24,50308,0.373,2,1,Yes
38,171478,563,8,78984,0.314,4,4,No
58,104035,646,22,90327,0.423,5,1,Yes
39,89086,658,2,61441,0.648,0,1,No
50,162869,435,15,58634,0.126,1,2,No
33,29858,616,15,14263,0.213,4,1,No
59,85796,762,9,93943,0.611,0,2,Yes
32,90509,498,7,23061,0.647,4,2,No
54,73393,375,15,46129,0.385,2,2,No
32,163306,719,15,91256,0.06,5,0,Yes
64,184526,662,5,79358,0.548,2,3,No
44,197061,745,3,70191,0.428,2,2,No
24,53547,702,23,81566,0.365,2,3,No
56,78804,317,30,74372,0.629,2,4,No
34,80941,668,14,36934,0.13,1,0,No
37,48567,813,27,58478,0.257,1,0,Yes
23,27325,329,2,9042,0.426,3,2,No
58,96386,734,16,17949,0.053,0,0,Yes
43,80516,471,14,20693,0.569,1,2,No
33,153192,549,29,90430,0.507,4,2,No
29,46149,790,19,16574,0.191,1,2,Yes
41,27879,346,8,82624,0.235,4,1,No
61,125492,598,22,39231,0.233,2,4,No
28,109701,822,12,92974,0.567,0,1,Yes
37,107195,769,0,98499,0.243,0,4,No
36,39908,725,11,9253,0.218,2,0,No
36,42650,574,16,14500,0.494,3,1,No
48,151853,686,13,15854,0.397,3,4,Yes
36,97112,815,0,7938,0.266,4,4,Yes
34,61872,782,21,88953,0.396,0,1,No
64,138508,755,9,60807,0.602,1,1,Yes
58,121003,461,25,16603,0.32,3,2,No
40,106951,606,13,54759,0.053,1,3,No
65,140539,714,24,75548,0.49,3,3,No
61,118311,638,14,64845,0.649,4,2,No
54,80020,336,10,67930,0.081,0,0,No
49,196560,523,18,38615,0.417,5,1,No
23,102272,358,10,96916,0.289,5,4,No
30,117460,519,18,82833,0.389,1,0,No
40,69819,660,27,32020,0.235,4,3,No
22,80347,324,26,21735,0.502,1,4,No
47,146019,752,27,29797,0.106,0,3,No
52,147099,506,22,99405,0.104,5,1,No
30,86216,324,10,50516,0.374,4,1,No
60,90228,383,21,5190,0.243,0,4,No
37,168703,547,24,94041,0.604,0,3,No
53,179190,547,29,34521,0.165,2,3,No
26,85513,350,18,56926,0.515,0,4,No
59,122347,821,6,81187,0.635,3,4,No
38,81141,476,6,18488,0.246,3,4,No
29,94659,424,24,80397,0.601,1,1,No
28,36292,465,5,35104,0.24,0,3,No
45,86265,647,8,64131,0.382,4,1,No
51,70689,425,21,28721,0.05,5,2,No
62,184955,668,17,33469,0.209,1,0,No
24,177239,546,30,14562,0.082,2,2,No
40,25071,369,5,18260,0.068,0,0,No
48,57234,822,29,60759,0.647,1,3,No
60,161588,382,28,92827,0.509,5,1,No
21,70037,699,13,90280,0.252,1,1,No
60,33234,685,20,62030,0.459,0,2,No
64,160432,357,21,31091,0.366,0,0,No
43,125135,773,8,68880,0.601,4,3,No
33,106965,378,30,5115,0.199,3,4,No
36,115094,484,21,95506,0.357,2,2,No
46,118753,376,20,44256,0.054,0,1,Yes
51,65160,370,20,36008,0.486,0,3,No
21,108595,415,2,32177,0.397,3,0,No
37,130572,484,30,19190,0.424,0,1,No
36,36544,622,28,48233,0.485,3,4,No
57,31381,314,20,23421,0.279,3,4,No
30,179200,741,20,64928,0.144,3,2,No
58,162906,814,29,74489,0.161,0,2,Yes
64,85514,357,25,68083,0.489,4,2,No
51,54398,582,28,83798,0.646,5,2,No
30,178799,698,2,54562,0.32,5,4,No
54,124316,711,22,68985,0.153,5,3,Yes
26,111509,736,7,93544,0.092,4,3,Yes
48,32530,310,11,51734,0.339,0,4,No
48,100733,490,22,27604,0.48,3,0,No
33,187581,815,17,95152,0.411,3,2,No
61,185481,359,26,98405,0.225,5,2,No
32,109095,455,22,20312,0.407,4,1,No
60,70598,437,0,84252,0.376,1,4,No
22,123132,768,18,14567,0.18,5,1,Yes
28,84130,614,11,72019,0.296,2,1,No
62,76524,478,25,96766,0.575,3,2,No
29,63996,345,19,83904,0.502,0,1,No
28,177577,696,21,60040,0.608,4,3,No
23,186204,648,15,72271,0.585,1,3,No
29,188630,431,8,33715,0.198,2,3,No
33,82202,710,24,69488,0.567,0,3,No
29,49116,435,5,35969,0.419,1,3,No
51,132960,325,24,20181,0.627,3,3,No
45,101769,812,5,82903,0.168,5,1,No
64,112064,790,6,91577,0.256,0,3,No
65,34250,767,13,31386,0.29,4,2,No
28,50547,338,15,16454,0.064,0,0,No
51,84734,326,21,63590,0.338,0,3,No
65,161527,497,2,88906,0.616,1,4,No
65,50474,827,26,44396,0.539,5,1,Yes
51,67773,622,30,55321,0.17,1,3,Yes
37,157574,321,28,77343,0.219,3,0,No
39,187189,372,0,61637,0.636,5,0,No
23,32042,740,19,38345,0.086,4,3,No
50,55501,691,16,87967,0.322,4,2,No
30,115454,631,25,95061,0.582,4,2,No
49,176316,300,26,48703,0.468,2,3,No
60,49242,737,0,8328,0.639,5,4,No
38,134847,507,4,91061,0.635,4,1,No
32,81235,313,23,54780,0.501,0,3,No
43,55766,521,16,89554,0.342,0,2,No
31,161082,543,4,65942,0.424,0,2,No
29,178218,574,10,75520,0.526,2,4,No
44,190979,407,23,19727,0.226,5,2,No
45,147023,629,2,26404,0.325,0,1,No
45,136873,424,28,52610,0.45,1,4,No
29,134293,392,21,48753,0.213,2,0,No
32,80270,711,22,57034,0.444,1,4,No
31,119516,536,9,66425,0.138,2,2,No
58,38960,508,29,24418,0.302,0,0,No
48,124456,618,30,66079,0.111,3,2,No
28,192584,322,23,61087,0.556,4,3,No
30,176077,726,13,33775,0.232,4,2,No
45,38472,309,18,41288,0.606,5,4,No
56,145578,476,28,79296,0.523,4,1,No
63,151239,589,10,63694,0.239,5,2,No
29,83316,379,0,37533,0.412,4,4,No
61,139068,705,11,9726,0.314,1,3,No
28,143416,399,25,17661,0.534,4,3,No
23,36603,718,23,89234,0.462,4,1,No
38,142754,322,19,43339,0.442,3,1,No
55,198323,689,1,6418,0.486,1,1,Yes
37,119425,546,0,67176,0.303,4,2,No
56,25163,785,14,9202,0.298,2,3,No
48,125018,817,12,6640,0.261,5,4,No
35,93998,318,21,11721,0.146,1,1,No
39,35287,790,12,71997,0.267,5,0,No
42,31227,409,12,72575,0.429,2,4,No
26,109580,695,16,98910,0.239,1,0,No
27,75842,312,5,95072,0.166,4,3,No
64,187862,641,11,47504,0.624,5,1,No
29,58001,458,14,34293,0.399,0,0,No
40,190716,632,23,78454,0.069,1,4,Yes
57,197993,322,2,89744,0.519,5,3,No
31,72951,539,21,65092,0.455,5,3,No
22,96875,494,5,55062,0.283,4,3,No
42,136497,437,20,71108,0.468,1,4,No
56,75197,809,2,48771,0.599,1,3,No
25,194931,522,11,93041,0.179,2,3,No
27,188009,727,10,46889,0.367,2,0,No
26,29481,754,26,39431,0.513,5,3,No
42,62227,307,5,79080,0.1,5,1,No
30,42791,515,10,51741,0.501,3,0,No
60,156279,583,16,18491,0.508,2,1,No
40,193210,792,3,37588,0.382,5,3,No
48,114070,738,30,20869,0.521,1,0,Yes
43,166016,622,10,12337,0.452,0,1,No
55,123205,712,12,38293,0.245,2,4,No
21,99223,516,23,6641,0.138,2,4,No
49,173357,444,15,59286,0.627,0,0,No
29,51782,473,28,45992,0.395,3,1,No
29,108669,569,5,88445,0.477,3,0,No
42,29489,328,19,22794,0.375,5,0,No
22,165180,519,5,68750,0.496,5,3,No
36,89430,800,16,97461,0.142,4,0,No
60,97118,348,2,81720,0.183,2,3,No
26,106274,301,6,74031,0.562,3,3,No
33,164102,369,0,47024,0.083,4,2,No
53,86603,345,11,42940,0.324,3,0,No
39,46118,362,17,38335,0.165,0,4,No
35,36593,791,12,38860,0.392,1,2,No
53,92730,796,26,96507,0.329,0,4,Yes
30,185511,326,2,39276,0.493,0,2,No
21,133653,490,19,85129,0.235,0,3,No
32,69592,527,27,71553,0.303,0,4,No
63,71652,523,5,24761,0.191,1,1,No
49,160610,594,13,21508,0.112,1,2,Yes
37,176514,357,13,59016,0.186,5,3,No
24,160914,828,8,81699,0.589,4,3,No
49,138393,795,29,14591,0.34,5,0,Yes
27,116978,337,12,60161,0.373,5,3,No
64,196410,397,0,41921,0.494,3,1,No
33,66464,357,3,99265,0.569,2,0,No
25,107639,646,12,30742,0.064,1,4,No
26,30773,828,19,90694,0.125,3,3,No
54,138680,834,5,89107,0.306,4,2,No
27,60646,781,0,43087,0.17,5,4,No
48,40586,512,13,25349,0.335,3,0,No
30,120651,447,24,95793,0.419,2,2,No
24,199365,395,0,30152,0.344,0,4,No
23,69180,759,9,83498,0.458,2,0,No
45,140091,559,16,66765,0.062,2,3,No
43,151633,372,18,87678,0.375,1,0,No
47,101918,630,16,44981,0.482,1,2,Yes
34,83039,348,29,40983,0.648,2,2,No
58,148787,521,19,84764,0.113,0,0,No
52,69807,664,6,79294,0.057,0,2,No
43,52740,804,29,56077,0.224,1,2,No
60,31772,331,8,82158,0.247,5,1,No
57,64358,839,11,8187,0.535,0,2,Yes
23,170719,336,19,28964,0.201,2,3,No
55,41504,478,21,10249,0.198,2,0,No
33,162532,356,12,90367,0.572,4,3,No
54,162353,635,30,24267,0.307,4,1,Yes
44,178318,795,1,50907,0.445,2,0,No
21,142553,494,22,58296,0.175,2,0,No
32,61499,302,11,68623,0.411,1,4,No
28,71733,501,27,19517,0.587,3,1,No
39,184563,490,23,94089,0.489,4,3,No
29,69536,506,18,15115,0.134,0,2,No
48,181488,410,16,67070,0.129,5,3,No
34,162707,646,1,49520,0.111,2,0,No
47,44189,805,1,21230,0.601,3,3,No
38,167570,433,5,79925,0.416,3,4,No
62,85777,580,6,87464,0.06,4,4,No
61,128665,525,4,35524,0.553,1,0,No
26,84200,837,11,82905,0.246,2,2,No
53,35427,515,27,74586,0.456,2,2,Yes
57,74555,591,10,59238,0.561,3,1,No
62,121057,320,9,89686,0.502,1,2,No
45,31570,521,16,11323,0.543,3,0,No
33,49988,639,28,82432,0.533,5,0,No
43,83881,673,20,31982,0.139,0,4,No
56,195186,745,28,43963,0.283,0,3,Yes
53,33408,678,28,10203,0.599,2,4,No
41,106210,830,29,25511,0.106,4,4,Yes
54,148904,694,7,79365,0.636,3,1,Yes
56,189645,655,9,10503,0.186,2,3,No
37,183457,740,11,74043,0.421,0,3,Yes
30,181919,513,1,59553,0.246,3,0,No
43,154443,427,7,41262,0.64,2,3,No
64,163492,811,5,75629,0.365,4,3,No
22,67147,752,30,17349,0.14,2,2,No
55,38806,617,0,6921,0.558,0,3,No
34,29257,344,12,18730,0.291,1,2,No
65,43696,356,13,62952,0.561,5,4,No
61,59763,685,9,52215,0.316,5,3,No
22,137467,482,8,57237,0.61,2,3,No
39,95531,616,10,65552,0.083,1,0,No
36,174198,707,15,25486,0.64,5,1,No
63,58923,816,7,93376,0.328,1,0,No
64,197425,775,14,31054,0.271,5,1,Yes
45,113867,318,20,6216,0.075,5,0,No
21,32202,330,13,78875,0.187,2,4,No
22,135138,790,3,17085,0.238,0,4,No
47,128121,767,11,20277,0.487,1,3,No
22,129133,695,27,34026,0.468,1,2,No
50,128519,718,16,31149,0.581,2,0,No
30,38341,672,17,29366,0.614,0,4,No
39,146625,627,20,91259,0.486,5,1,No
62,90410,836,4,48015,0.464,3,1,No
36,45640,452,7,38732,0.59,5,1,No
33,181977,597,29,54068,0.129,3,3,Yes
28,165910,442,20,97705,0.096,4,4,No
51,49275,834,4,74291,0.475,2,2,No
65,162411,411,2,58247,0.236,1,2,No
45,84999,568,22,58711,0.305,0,4,No
59,125689,395,21,77966,0.415,1,4,No
41,169521,630,15,39836,0.62,3,3,No
58,101565,471,20,29619,0.574,0,0,No
61,177885,761,26,58038,0.49,0,1,Yes
49,47659,590,1,15220,0.308,5,3,No
26,168140,534,3,16393,0.526,2,4,No
38,144602,718,2,31729,0.158,2,4,No
64,182952,605,27,50668,0.535,4,3,No
55,50847,787,11,24282,0.335,5,2,No
47,190127,386,22,98876,0.207,2,0,No
25,39802,632,8,31420,0.328,1,3,No
27,29944,597,18,86344,0.523,5,4,No
30,25360,442,22,16163,0.444,0,3,No
30,88475,359,12,85333,0.132,1,4,No
48,108894,301,13,91678,0.465,4,0,No
56,150807,716,8,68879,0.55,0,2,Yes
30,159536,452,4,34730,0.14,4,4,No
55,174682,553,7,43366,0.087,0,1,No
55,55607,667,29,53641,0.084,2,4,Yes
57,161116,324,23,11235,0.063,2,1,No
40,194772,432,27,66989,0.061,5,0,No
33,166988,542,22,9131,0.533,3,4,No
31,110825,361,0,96571,0.493,5,4,No
65,94311,726,20,84328,0.615,3,3,No
39,70347,751,15,6404,0.263,3,2,No
48,156889,377,12,47679,0.475,3,2,No
58,158218,404,9,15769,0.297,2,1,No
65,115292,679,8,15661,0.386,4,4,Yes
24,179552,693,15,70673,0.313,1,1,No
57,57146,414,8,38561,0.299,3,1,No
39,144157,839,11,16903,0.197,4,2,Yes
57,188683,347,21,58454,0.399,3,1,No
34,49234,487,30,53991,0.207,3,3,No
51,161030,813,23,43656,0.134,2,4,Yes
48,80417,350,3,83734,0.5,5,0,No
56,172897,525,8,37345,0.437,4,3,No
64,82036,667,30,45929,0.226,3,1,No
58,133788,379,17,62461,0.428,2,1,No
39,84006,505,30,81099,0.066,0,3,Yes
62,147346,698,15,44130,0.643,3,1,Yes
21,83214,826,1,76591,0.154,0,4,No
43,52450,516,13,50318,0.615,1,0,No
48,101227,342,22,71723,0.091,2,1,No
24,88211,755,3,64116,0.475,0,4,No
61,44596,593,10,46587,0.183,4,2,No
38,84000,798,28,45156,0.629,4,0,No
59,155568,537,3,91319,0.239,5,2,No
45,58857,606,1,59164,0.074,2,1,No
38,156380,453,14,15043,0.07,1,2,No
26,181240,396,24,97398,0.563,3,2,No
39,184491,473,17,18787,0.092,0,4,No
32,95029,392,8,95812,0.547,4,3,No
45,37756,328,11,69008,0.14,0,4,No
55,185360,360,20,42556,0.216,4,4,No
21,154415,340,29,39034,0.639,4,2,No
25,168456,793,4,25191,0.485,0,1,Yes
21,195924,594,6,74324,0.138,5,3,No
28,171267,595,11,20533,0.212,2,2,No
59,111210,478,4,20297,0.335,2,0,No
63,146789,557,28,16347,0.581,0,1,No
38,59125,748,21,86004,0.477,3,3,No
29,25082,606,18,88746,0.467,1,2,No
25,98978,419,2,77498,0.266,5,0,No
24,128715,563,14,71580,0.443,2,2,No
64,76539,586,18,10660,0.154,4,1,No
49,108328,850,16,65146,0.392,4,1,No
21,83825,487,2,71816,0.386,3,1,No
50,106036,541,19,76828,0.463,0,4,No
65,85555,504,14,39926,0.196,3,1,No
21,152075,578,5,65138,0.12,0,3,No
23,192568,694,10,33249,0.63,4,2,No
42,30294,771,13,46131,0.142,5,1,No
28,69852,676,3,48490,0.252,3,2,No
38,90858,624,2,49460,0.573,5,4,No
45,40836,311,7,65372,0.407,2,4,No
40,191900,591,20,77765,0.179,0,3,No
51,155093,356,2,12574,0.338,0,1,No
50,110620,453,3,14089,0.555,2,3,No
36,194475,763,3,15030,0.644,4,2,No
22,93920,815,13,21706,0.436,1,2,Yes
37,165525,321,11,8127,0.202,4,4,No
30,181453,406,2,44464,0.538,2,4,No
27,133537,625,24,8413,0.535,2,4,No
62,28664,725,19,73627,0.584,0,2,No
29,191936,538,7,37827,0.132,3,3,No
37,169943,640,29,24235,0.269,4,3,No
29,98101,338,24,9419,0.19,0,2,No
29,95195,329,22,31529,0.18,1,1,No
57,182001,713,18,80470,0.269,2,3,Yes
44,139836,460,13,99350,0.079,0,3,No
59,161802,608,0,30535,0.559,5,1,No
31,114083,713,24,90456,0.561,5,4,No
28,182431,433,19,88241,0.616,4,2,No
45,80414,634,13,40741,0.092,3,2,No
22,145241,335,18,16276,0.393,2,4,No
30,101003,379,27,79309,0.054,3,0,No
44,116936,736,6,38566,0.404,5,3,No
36,120385,419,12,25371,0.108,4,3,No
39,107078,433,25,49431,0.282,5,3,No
51,54234,704,24,61595,0.244,2,3,Yes
31,25547,564,22,43721,0.249,3,2,No
26,76417,532,26,84650,0.165,5,0,No
26,165018,746,8,22597,0.113,5,1,No
52,77943,726,22,87386,0.06,2,2,No
59,36020,327,15,63620,0.501,5,2,No
33,160389,600,15,28718,0.6,1,2,No
23,156595,328,26,50666,0.587,2,4,No
61,116622,676,7,52860,0.43,5,1,No
55,80076,612,7,86667,0.123,5,4,No
58,105195,332,27,62120,0.391,2,0,No
37,164881,753,23,39501,0.109,2,4,No
23,171607,800,17,69372,0.358,2,3,No
54,106834,571,1,76670,0.565,5,1,No
32,75012,800,1,99583,0.17,1,2,No
44,145872,381,22,97063,0.61,1,1,No
26,73951,445,23,25162,0.282,2,1,No
62,114412,583,9,15291,0.181,2,1,No
31,178336,435,16,69276,0.351,4,4,No
47,104114,471,7,65263,0.572,4,0,No
44,114821,309,26,63137,0.212,4,1,No
38,86832,596,7,10678,0.153,2,1,No
47,52476,629,4,88334,0.434,4,2,No
61,76973,732,2,87847,0.465,0,2,No
41,78017,747,0,67564,0.093,5,1,No
54,40503,314,29,48898,0.202,1,3,No
53,167578,515,19,68310,0.122,3,4,No
38,65994,552,6,90251,0.476,2,3,No
23,172241,629,6,14936,0.367,1,2,No
44,174556,729,12,31360,0.587,1,1,Yes
21,83723,358,30,65396,0.456,3,2,No
26,144050,475,20,23769,0.214,3,1,No
39,102707,673,5,33009,0.253,5,4,No
42,38920,594,12,47868,0.302,0,0,No
63,121341,606,24,45819,0.109,0,3,No
28,139996,647,22,31256,0.603,0,3,No
25,135856,660,1,38439,0.469,5,3,No
29,172947,365,29,92335,0.485,3,4,No
41,120814,815,1,94456,0.446,4,2,No
48,128612,534,1,62332,0.316,5,0,No
24,92450,732,14,18993,0.278,2,4,No
44,27925,686,14,78886,0.38,1,2,No
28,149248,331,26,5410,0.493,0,4,No
37,93826,525,17,65596,0.264,4,3,No
54,68101,443,4,28416,0.346,4,2,No
40,175685,751,25,30936,0.441,5,4,No
36,86473,317,29,42341,0.216,3,3,No
30,88903,689,13,8814,0.55,5,4,No
54,176033,661,4,50701,0.178,1,4,Yes
63,128913,620,7,82240,0.568,4,1,No
30,93107,592,20,40717,0.053,2,0,No
50,172688,372,10,40037,0.436,5,1,No
50,154017,399,7,5081,0.334,0,2,No
45,145938,781,5,38576,0.198,0,4,No
63,58984,555,25,9483,0.619,3,3,No
61,28539,614,3,55655,0.178,5,3,No
27,189361,461,25,83344,0.345,4,3,No
40,109986,592,19,13237,0.385,2,1,No
37,122558,461,29,42338,0.623,4,2,No
23,36391,608,2,74300,0.433,3,0,No
60,107260,442,24,14400,0.093,3,4,No
56,134240,522,26,97131,0.3,0,2,No
46,69906,606,26,58117,0.569,3,2,No
30,102666,313,11,62967,0.507,0,0,No
54,164322,479,10,97173,0.081,1,1,No
34,153991,812,4,78689,0.4,0,2,No
28,177137,526,7,5356,0.119,3,1,No
47,79785,758,10,87232,0.109,5,2,No
30,162775,444,29,75172,0.627,3,1,No
35,136109,782,10,48479,0.47,3,4,No
57,76754,732,19,61206,0.115,4,3,Yes
42,120376,541,29,49388,0.253,5,0,No
65,94966,576,2,12015,0.458,0,2,No
51,62621,487,10,21862,0.593,2,1,No
22,139595,399,5,29330,0.09,1,2,No
65,59936,821,5,43268,0.1,2,2,No
51,186511,383,21,93345,0.117,2,1,No
34,119071,352,17,96328,0.377,4,1,No
30,126052,426,21,11205,0.328,2,4,No
50,75460,585,28,13852,0.149,1,4,No
56,138089,354,4,64489,0.371,1,4,No
60,119191,320,4,75000,0.255,4,0,No
35,117142,599,18,94525,0.151,2,1,No
34,134748,658,4,17550,0.07,0,4,Yes
51,40941,442,25,85394,0.11,0,3,No
49,180339,301,0,65894,0.282,3,1,No
47,80590,656,0,51870,0.358,3,2,No
41,64876,751,22,81751,0.185,5,2,No
29,154913,346,25,77633,0.518,2,0,No
40,119631,726,6,89087,0.392,1,3,Yes
55,140770,838,8,62965,0.511,3,3,Yes
35,186579,847,15,7581,0.289,3,2,No
44,182129,787,8,70494,0.584,5,2,No
36,123314,641,11,15342,0.53,0,3,No
56,121602,828,10,66452,0.382,3,2,Yes
31,108926,578,27,58580,0.46,0,4,No
28,154875,471,22,49316,0.139,0,2,Yes
23,87468,601,11,71476,0.513,0,0,No
39,88180,695,9,51075,0.414,2,2,No
61,170656,824,8,69645,0.17,5,4,No
23,151371,626,25,17832,0.214,0,0,No
56,178704,749,12,38052,0.6,5,4,No
45,43673,361,11,60122,0.167,0,1,No
56,159415,500,8,64284,0.311,2,0,Yes
31,43950,369,18,74304,0.554,3,2,No
36,105600,796,3,46232,0.239,0,2,No
37,46547,507,0,57833,0.148,5,3,No
62,122305,764,12,45402,0.346,0,4,No
44,78027,777,1,62148,0.164,5,0,No
37,125532,755,7,25298,0.64,0,0,Yes
40,197299,430,24,42947,0.441,2,3,No
42,166462,772,24,34347,0.353,5,1,No
26,167951,576,11,55549,0.313,0,3,No
27,171007,353,24,64030,0.42,4,4,No
34,145605,689,12,92806,0.264,0,4,No
31,57574,514,26,85214,0.18,0,0,No
32,108663,310,12,97130,0.205,3,1,No
25,99657,753,0,82200,0.115,3,0,No
25,184579,710,26,35988,0.587,3,2,No
40,147544,408,7,33383,0.619,1,4,No
35,124752,326,4,10381,0.196,5,1,No
46,172654,715,18,19526,0.637,3,3,No
53,51631,648,21,79153,0.381,3,1,No
50,153902,588,19,57719,0.195,3,2,No
44,174236,816,16,84530,0.353,3,3,No
43,111820,785,18,9760,0.096,3,0,Yes
29,55646,564,1,57146,0.134,3,2,No
23,176878,524,11,21951,0.184,1,0,No
56,112633,649,0,62022,0.598,0,0,No
27,167356,388,27,87958,0.619,1,4,No
42,169929,402,25,62790,0.296,1,3,No
34,154278,629,24,82101,0.195,5,4,No
49,110424,424,27,90756,0.244,4,2,No
36,196512,603,30,15761,0.249,4,2,Yes
54,43951,382,11,22028,0.382,2,3,No
30,46009,566,30,9517,0.152,0,2,No
27,39835,700,26,96700,0.396,3,3,No
45,67290,685,18,59826,0.272,5,0,No
47,175013,660,11,25636,0.425,3,4,No
35,131174,356,26,46385,0.389,2,2,No
52,123727,676,0,8041,0.326,3,3,No
48,188989,486,2,25078,0.122,2,0,No
29,53039,778,0,95554,0.144,0,3,No
27,182161,636,0,16445,0.258,3,1,No
36,85059,393,8,85555,0.494,1,2,No
46,150873,786,0,19645,0.251,2,1,No
55,120278,697,11,37694,0.218,3,0,Yes
37,137951,820,20,33434,0.526,0,1,Yes
43,82247,820,4,72043,0.573,1,0,Yes
28,139826,412,14,80516,0.485,2,3,No
22,64833,421,14,70023,0.319,4,2,No
51,102453,685,14,93252,0.177,4,2,No
52,43254,641,16,48733,0.647,4,3,No
49,108981,762,28,6664,0.253,1,1,Yes
23,57611,681,8,99487,0.31,5,4,No
28,134314,455,20,90836,0.363,3,4,No
22,71827,427,13,64120,0.389,3,3,No
51,38830,342,17,36024,0.062,3,1,No
57,131485,680,26,10721,0.588,0,4,No
40,137749,574,15,71832,0.578,2,2,No
49,30696,688,22,77984,0.125,0,4,No
37,91278,322,28,55238,0.559,1,0,No
30,187334,683,8,25481,0.144,0,2,No
61,193021,428,26,27005,0.196,2,1,No
42,168497,710,26,26866,0.361,3,1,Yes
26,82420,580,27,10325,0.636,1,0,No
63,177712,481,14,18900,0.339,1,1,No
54,124320,527,19,69676,0.281,4,0,No
51,149434,380,20,91772,0.361,1,1,No
32,148912,580,27,21458,0.19,0,4,No
32,131578,473,14,62914,0.609,1,2,No
36,72150,658,8,84532,0.611,1,2,No
45,182183,674,27,89040,0.456,2,2,Yes
42,193365,354,1,82027,0.143,3,0,No
47,128513,630,20,73629,0.341,1,1,Yes
44,43306,686,10,8907,0.279,1,4,No
32,120896,447,21,53357,0.648,0,4,No
38,117672,642,2,97531,0.081,0,0,No
65,174370,496,9,98672,0.205,5,1,No
36,29753,423,8,53310,0.345,4,0,No
24,102704,632,15,92698,0.545,0,2,No
32,99374,783,30,32199,0.487,1,2,No
53,189637,753,30,68496,0.624,0,4,Yes
42,180724,648,26,66643,0.176,5,4,No
38,113144,752,9,53038,0.112,5,0,No
53,113617,378,7,43570,0.404,3,1,No
47,35875,307,3,45254,0.31,2,0,No
62,115853,672,20,26423,0.249,2,1,No
39,73996,848,7,91928,0.515,4,4,No
34,190065,756,14,91735,0.379,4,0,No
45,122101,569,9,25330,0.243,4,0,No
54,161638,731,25,59055,0.373,2,4,Yes
44,135698,525,11,78063,0.61,3,2,Yes
58,104139,622,14,92254,0.207,1,2,Yes
43,63690,719,0,38074,0.321,3,0,No
25,128340,634,7,20058,0.223,1,3,No
64,27646,421,21,34489,0.395,0,0,No
56,147372,775,29,86375,0.591,2,1,No
44,66592,536,22,38472,0.442,5,1,No
56,54339,681,19,17719,0.167,2,0,No
25,128849,703,14,97695,0.128,4,0,No
59,192521,688,14,15940,0.071,2,3,No
26,123718,746,27,66493,0.554,0,4,No
65,134702,492,10,78780,0.333,3,3,No
56,115883,760,21,87224,0.304,0,3,No
65,64967,409,25,63228,0.208,3,4,No
24,199619,513,15,34529,0.308,4,1,No
30,90463,762,9,17455,0.261,3,4,No
21,71851,814,3,97030,0.496,3,4,No
41,50062,301,27,95057,0.474,3,3,No
60,84123,695,9,85837,0.318,4,4,No
59,114229,643,25,12036,0.442,5,3,No
57,164293,509,30,67353,0.404,2,0,No
23,40234,357,17,95455,0.435,2,0,No
51,164393,783,16,57683,0.506,5,3,No
47,32945,412,15,7711,0.105,2,0,No
37,30189,784,19,55860,0.549,5,1,No
43,127518,370,27,99217,0.22,1,3,No
33,158446,782,6,96235,0.279,1,4,No
47,167405,344,23,25998,0.216,1,3,No
40,152066,841,18,40634,0.546,0,0,Yes
33,135711,503,18,84452,0.572,2,2,No
64,196979,775,4,34465,0.134,3,3,No
44,34173,539,9,24945,0.363,4,3,No
61,160374,742,25,61034,0.279,4,3,Yes
23,135997,546,22,42023,0.159,1,1,No
63,195751,753,28,38457,0.384,0,2,Yes
30,80842,453,3,70654,0.269,1,4,No
21,182819,849,6,40623,0.479,1,3,Yes
33,156183,765,17,37863,0.552,3,4,No
34,146841,524,10,53928,0.058,5,2,No
53,106102,541,0,7550,0.379,5,4,No
22,128013,756,21,24281,0.399,2,2,Yes
22,177496,791,3,56285,0.241,1,4,No
59,164969,752,15,32918,0.532,5,1,No
61,63640,834,22,39024,0.596,4,3,No
51,39482,798,0,5918,0.509,2,4,No
24,115052,492,0,8176,0.366,0,1,No
54,145963,453,20,16748,0.057,2,1,No
39,183427,765,16,29716,0.303,0,1,Yes
57,81145,314,1,69533,0.466,1,0,No
29,176655,749,28,23412,0.146,5,2,Yes
44,142288,378,2,97508,0.515,1,1,No
33,106718,310,16,32266,0.418,2,0,No
64,29857,538,23,58266,0.249,0,4,No
50,36166,496,1,26739,0.559,5,4,No
39,147494,460,1,99307,0.436,1,1,No
61,32498,798,30,33326,0.232,2,0,Yes
30,193879,471,7,5269,0.168,0,2,Yes
62,181495,434,30,5667,0.144,3,4,No
64,131371,525,6,38182,0.642,5,4,No
34,69180,568,18,67136,0.571,5,3,No
60,66128,331,28,72244,0.463,1,2,No
40,113620,594,28,12282,0.332,4,4,No
24,124411,618,20,92032,0.559,4,1,No
58,84911,831,18,61617,0.472,1,2,Yes
64,82450,827,10,16778,0.384,2,4,No
59,70940,457,10,26896,0.518,2,2,No
25,81584,404,20,76760,0.122,5,1,No
62,166342,656,24,33954,0.575,3,1,No
52,29342,633,18,20922,0.127,3,3,No
26,68933,661,10,30956,0.593,4,2,No
34,92089,348,12,81263,0.182,2,4,No
26,180560,675,2,55926,0.283,4,2,No
34,121279,789,0,39480,0.506,5,0,No
32,140185,432,4,65591,0.118,5,4,No
47,79101,598,2,90191,0.635,4,4,No
46,157493,496,2,13586,0.499,2,3,No
32,145668,318,30,26820,0.206,4,0,No
28,78525,672,11,65501,0.583,2,1,Yes
30,50117,453,3,64250,0.075,5,0,No
36,81462,493,17,54184,0.057,1,4,Yes
46,139073,697,17,46321,0.244,0,0,No
28,145331,735,23,5171,0.111,5,4,No
61,99954,687,18,75431,0.542,2,4,No
65,82593,634,3,32351,0.281,1,1,No
49,168462,705,1,90854,0.422,5,2,No
40,47562,667,4,90638,0.544,1,3,No
37,119081,789,11,83258,0.142,5,3,No
39,189371,747,24,68293,0.634,1,3,No
37,173747,808,8,97133,0.441,5,0,No
59,110044,827,23,77459,0.089,5,4,Yes
21,144568,399,24,86218,0.374,3,3,No
49,61881,796,24,50295,0.573,4,2,No
34,34319,792,11,70103,0.589,5,4,No
37,28911,738,12,68765,0.499,1,2,No
33,64927,577,24,77138,0.633,5,2,No
49,136464,677,12,16405,0.349,5,4,No
54,104261,587,25,21617,0.292,3,0,No
47,124411,727,17,21972,0.183,3,1,Yes
53,63195,628,18,39575,0.325,5,1,No
49,79422,332,19,46819,0.564,4,2,No
57,136140,419,0,19918,0.083,1,2,No
59,72561,396,28,15513,0.184,0,2,No
39,129800,685,28,98518,0.633,5,1,No
44,157759,313,21,31833,0.524,2,2,No
34,194827,616,11,45494,0.217,0,4,No
57,45855,620,30,90450,0.553,1,0,No
25,53879,385,1,48570,0.137,5,4,No
44,178137,841,3,36270,0.45,2,0,No
54,41091,582,4,32280,0.17,2,0,No
51,168819,363,19,74223,0.369,5,2,No
50,192315,379,21,97219,0.429,2,1,No
29,45601,693,25,89741,0.49,3,0,No
47,190869,649,9,18869,0.594,3,2,No
48,119458,510,21,74920,0.526,5,4,No
62,145646,702,24,63708,0.229,0,4,No
46,128722,670,24,25596,0.556,4,4,No
38,31190,398,29,72254,0.088,4,0,No
56,180220,566,0,35328,0.492,3,3,No
28,138962,351,9,52816,0.34,0,3,No
38,152871,421,14,73768,0.314,2,1,No
40,102471,331,7,61083,0.47,1,1,No
52,69550,635,30,50718,0.086,1,2,No
49,161991,767,20,87383,0.574,4,0,No
38,180865,591,16,64647,0.205,5,1,No
27,61183,730,11,43682,0.539,5,0,No
21,112872,470,4,33942,0.244,2,1,No
48,26716,667,5,51931,0.49,5,4,No
53,156361,607,15,99009,0.602,4,2,No
24,29697,367,6,55098,0.465,0,4,No
40,151148,432,18,13426,0.191,4,2,No
56,117855,382,8,97731,0.47,1,3,No
51,88041,475,18,97903,0.47,0,1,No
58,91145,411,16,15145,0.605,0,2,No
48,158425,654,28,44373,0.204,1,3,Yes
23,41919,490,18,10313,0.632,5,1,No
26,45141,561,22,91532,0.461,4,0,No
65,155946,638,9,92553,0.241,0,3,No
43,99484,719,16,39529,0.356,5,2,No
27,139289,347,13,66589,0.507,4,1,No
56,97693,419,13,24517,0.078,2,3,No
21,159921,683,19,72440,0.252,0,4,No
26,196909,628,22,46263,0.582,1,2,No
44,131849,843,14,13153,0.114,1,4,Yes
57,193170,384,26,60427,0.367,4,4,No
65,148185,316,29,59756,0.395,3,4,No
56,187105,835,27,50856,0.222,2,2,Yes
44,191835,683,18,36824,0.293,3,2,No
58,36900,381,6,65465,0.596,4,3,No
65,179426,817,15,23546,0.086,3,2,Yes
49,158286,405,28,91791,0.147,4,0,No
57,168412,446,19,87316,0.591,5,1,No
65,172731,307,22,90273,0.158,2,2,No
52,170759,573,8,49466,0.155,4,0,No
45,31553,810,25,26794,0.401,4,0,No
30,98874,337,20,86582,0.641,4,0,No
55,143236,813,18,86131,0.318,2,4,No
45,152605,523,16,83062,0.363,3,3,No
47,149833,432,18,50032,0.546,4,1,No
65,173307,661,19,22343,0.468,3,2,Yes
52,69143,520,11,82416,0.648,1,4,No
32,113719,381,1,74421,0.418,5,1,No
24,54287,695,3,18601,0.302,1,3,No
62,132006,484,20,45638,0.25,1,2,No
46,180212,548,7,36479,0.642,2,1,No
23,119233,582,10,91109,0.535,5,3,No
37,55657,736,10,23138,0.542,4,2,No
29,39746,551,28,27442,0.167,4,0,No
49,115067,671,27,90212,0.326,4,1,No
21,163817,600,11,75774,0.064,0,0,No
38,157495,633,4,19487,0.371,1,3,No
61,72305,623,17,82051,0.094,2,3,No
40,168131,335,30,46771,0.168,3,2,No
61,49721,758,14,39497,0.219,5,1,No
54,190751,529,16,22212,0.54,5,1,No
48,122895,582,8,75055,0.111,4,4,No
55,53277,464,3,30807,0.594,3,4,No
36,91875,838,13,52362,0.39,4,2,No
41,141934,631,8,52382,0.115,1,1,No
33,170836,474,8,56543,0.642,1,1,No
55,172953,375,29,10821,0.051,0,2,No
62,101676,739,16,46428,0.148,0,1,Yes
52,33201,427,11,83072,0.16,4,4,No
58,49568,811,6,72965,0.571,3,1,No
26,187402,697,26,54450,0.259,0,0,Yes
58,27816,577,11,48339,0.551,2,1,No
58,58094,630,11,18528,0.075,1,3,No
33,107802,659,5,14525,0.625,3,3,No
59,43055,739,15,65147,0.562,4,3,No
33,128306,401,1,92390,0.336,4,0,No
32,174630,676,9,88113,0.142,1,1,No
53,30235,555,3,5029,0.184,3,2,No
48,124227,703,4,6584,0.187,2,4,No
23,172233,301,4,42480,0.472,4,1,No
38,170619,427,6,33302,0.275,1,2,No
46,154947,431,25,64222,0.052,0,1,No
60,186980,754,29,85225,0.28,5,3,No
22,122188,643,1,66994,0.393,1,3,No
24,79259,651,18,80170,0.082,1,1,No
48,145408,702,17,39899,0.381,0,3,No
48,99881,341,6,22906,0.516,5,2,No
45,27070,654,13,15793,0.389,2,1,No
46,114266,558,14,14819,0.249,1,1,No
65,127904,509,22,31015,0.267,1,1,No
22,58688,336,24,14799,0.308,5,4,No
62,143170,321,19,30647,0.559,1,4,No
54,47856,460,14,96596,0.069,3,2,No
50,173899,658,19,88809,0.263,4,1,No
41,168771,653,21,42102,0.626,3,2,No
64,126105,732,27,8736,0.549,5,4,Yes
57,108695,737,13,21586,0.131,5,0,No
64,174748,846,2,10375,0.263,1,2,Yes
43,28703,584,2,39327,0.061,1,4,No
53,122193,605,24,15691,0.488,5,1,No
22,189665,313,22,8874,0.112,0,4,No
47,137501,347,11,96555,0.282,0,0,No
42,131015,599,24,85065,0.592,3,1,No
54,106547,541,1,67119,0.132,1,4,No
36,143429,711,3,22605,0.245,0,2,Yes
40,180786,803,7,60017,0.539,0,0,No
46,111372,397,8,96187,0.429,2,2,No
36,141947,425,2,22228,0.505,5,1,No
26,108082,459,29,43698,0.625,2,3,No
65,126743,564,23,39515,0.598,5,1,No
64,191373,546,23,14978,0.222,1,4,Yes
43,194452,484,2,71967,0.229,0,0,No
62,165623,766,10,58289,0.102,3,2,No
57,131234,601,23,81321,0.275,4,4,No
28,43609,744,5,36190,0.515,3,0,No
26,117672,538,24,97488,0.205,1,2,No
57,94208,528,0,77190,0.547,4,3,No
42,158232,626,8,67455,0.394,3,1,No
26,154567,590,28,38105,0.266,3,0,No
52,157869,365,23,75563,0.301,4,0,No
37,119248,612,11,99480,0.513,5,4,No
58,167243,589,12,82811,0.24,2,1,Yes
37,116302,526,28,68742,0.48,3,2,No
57,179525,823,13,35213,0.3,1,1,Yes
43,98429,474,30,49340,0.539,5,1,No
33,45792,520,25,89574,0.177,3,0,No
52,158002,364,7,7707,0.235,0,3,No
42,171777,569,23,13695,0.348,5,2,No
27,87594,481,14,53630,0.499,3,3,No
42,25047,639,9,67667,0.145,3,3,No
41,25133,605,22,16450,0.592,5,4,No
26,36238,415,18,36370,0.061,3,1,No
34,60132,310,5,47589,0.066,1,2,No
36,126813,466,28,56313,0.319,3,4,No
23,184154,309,30,68015,0.547,1,2,No
29,136663,627,15,28245,0.129,1,2,Yes
41,81305,346,9,52892,0.341,5,3,No
50,78246,824,30,35934,0.307,3,0,No
50,76689,677,23,99819,0.497,3,3,No
62,196836,698,12,11852,0.178,3,1,Yes
62,178440,736,7,9589,0.406,3,2,No
52,60239,420,30,68277,0.602,1,1,No
43,92970,346,3,40138,0.083,1,2,No
23,106559,825,28,38183,0.581,5,1,Yes
21,152019,788,7,50059,0.175,3,1,No
23,116922,804,7,61179,0.1,1,3,No
57,112601,378,10,75118,0.242,0,2,No
27,145632,666,0,42497,0.356,2,2,Yes
23,69014,614,10,29350,0.264,4,1,No
56,40665,409,4,24785,0.13,5,0,No
23,65542,708,22,57412,0.336,2,1,No
24,111769,390,29,93208,0.051,2,1,No
51,193040,538,14,96126,0.056,4,0,No
22,48481,599,28,81852,0.549,3,0,No
34,95558,616,23,89909,0.391,2,3,Yes
57,71954,542,8,40335,0.268,3,1,No
51,145156,378,10,35666,0.292,3,2,No
22,131243,774,10,33487,0.324,0,4,No
51,34145,629,14,51237,0.191,1,0,Yes
63,85835,809,28,50557,0.486,4,3,No
42,150622,465,11,9497,0.234,4,1,No
30,90506,367,13,79552,0.396,4,1,No
50,68064,536,5,61839,0.131,1,3,No
53,47954,527,15,15703,0.067,4,3,Yes
39,121872,770,25,72609,0.14,2,1,Yes
45,134120,361,12,13340,0.262,4,1,No
21,195123,434,4,76727,0.133,5,2,No
52,117221,459,23,85745,0.446,0,0,No
45,31574,400,21,32186,0.148,3,2,No
61,57381,524,17,31045,0.538,3,2,No
37,182111,581,8,25294,0.528,0,4,Yes
34,30331,664,28,19378,0.22,1,1,No
65,55412,617,11,21001,0.329,1,3,No
33,108857,714,8,42437,0.46,4,2,No
58,136132,777,16,9099,0.305,4,1,No
59,42458,322,24,67164,0.097,2,4,No
22,39058,482,20,70290,0.216,3,2,No
52,191413,850,13,79800,0.358,4,0,No
52,60165,599,24,66434,0.54,0,4,No
60,83425,596,26,51330,0.092,1,3,No
26,25418,568,12,50131,0.156,4,0,No
45,107559,579,4,93105,0.609,1,3,No
23,76236,347,9,29907,0.241,3,0,No
38,62357,504,21,65315,0.277,2,3,No
58,107278,721,8,21382,0.45,5,0,No
63,108723,619,12,96441,0.271,1,3,No
23,194044,443,6,54640,0.188,1,1,No
25,196729,389,13,56579,0.631,4,0,No
44,138290,849,27,90075,0.363,4,0,Yes
54,74690,464,3,61092,0.273,3,3,No
59,94975,558,21,12463,0.507,2,0,No
44,81040,410,7,31738,0.111,5,1,No
56,182866,838,4,17084,0.591,5,0,Yes
48,165977,849,12,42914,0.537,4,3,Yes
54,117179,307,19,13928,0.276,2,4,No
36,51926,322,22,34155,0.162,2,0,No
56,69228,708,27,70744,0.566,4,3,No
27,56046,740,18,60231,0.624,1,0,No
38,160743,357,19,55282,0.079,0,4,No
26,139419,634,14,73091,0.642,5,0,No
48,75187,395,6,97217,0.282,5,0,No
59,131856,723,26,66294,0.534,3,1,No
54,142507,446,20,60917,0.325,2,0,No
61,49871,761,16,9421,0.363,1,0,No
49,91962,727,5,39491,0.372,2,4,No
24,137362,654,13,80001,0.628,4,2,No
34,89140,607,13,78343,0.428,3,0,No
25,189532,720,24,75705,0.228,3,2,No
45,54171,602,9,82791,0.426,1,3,No
59,81745,825,13,65741,0.104,2,1,No
28,106772,453,18,94051,0.249,1,1,No
35,58835,346,19,67673,0.154,4,3,No
39,91668,798,10,98989,0.414,0,2,No
31,153738,405,9,61581,0.369,4,3,No
40,163684,457,14,47441,0.485,2,1,No
56,122360,670,1,50798,0.253,0,1,No
38,34433,544,18,43605,0.641,0,3,No
34,157018,834,11,14119,0.242,5,3,Yes
58,26615,416,20,57816,0.081,0,4,No
45,103387,369,28,9944,0.212,4,3,No
36,98790,374,28,57260,0.424,2,1,No
38,112635,434,21,83592,0.506,0,4,No
21,58161,437,17,16904,0.195,1,0,No
60,188670,713,13,48062,0.518,5,2,No
21,100229,731,26,81439,0.252,0,4,Yes
21,156460,539,1,67291,0.148,4,1,No
41,126801,836,11,64112,0.134,1,3,No
45,104437,516,21,78446,0.541,2,3,No
47,185379,311,0,41106,0.192,2,4,No
30,98205,498,17,53856,0.182,4,3,No
32,125875,806,11,47907,0.58,0,3,No
48,85816,717,30,51132,0.269,2,0,No
52,117096,686,11,79415,0.644,3,4,No
53,70241,433,3,6049,0.212,0,1,No
28,148684,614,16,77062,0.446,5,4,No
62,140397,335,20,58816,0.167,1,1,No
46,153167,765,15,87513,0.166,4,1,No
62,177086,492,18,83420,0.535,4,1,No
61,59198,688,25,99399,0.605,1,1,No
22,170381,441,0,53424,0.587,0,2,No
55,185997,547,19,8880,0.55,5,0,No
54,172248,620,16,39937,0.4,1,0,No
26,137932,823,1,35072,0.118,1,4,No
51,122679,685,10,73944,0.253,3,0,No
43,174494,622,25,22480,0.219,1,2,No
32,45517,760,6,19890,0.2,4,0,No
48,79503,622,29,90654,0.634,2,2,No
35,53514,569,0,40288,0.14,0,0,No
39,158287,436,5,7036,0.332,2,1,No
32,41486,693,19,57501,0.606,1,0,No
22,115256,360,5,73080,0.086,1,2,No
31,99482,627,27,95558,0.497,5,2,No
64,37249,467,4,79304,0.416,3,1,No
57,179259,657,28,72814,0.266,5,1,No
58,64064,834,26,93589,0.613,4,4,No
45,146253,358,10,27108,0.251,0,3,No
63,198862,733,29,82618,0.163,1,3,Yes
41,102437,383,21,11958,0.485,4,3,No
62,71783,547,4,77462,0.25,2,0,No
56,67271,795,28,15896,0.222,0,0,Yes
29,180419,695,1,84322,0.609,0,1,No
32,80142,780,9,94915,0.235,3,2,No
30,85683,587,13,99814,0.395,4,2,No
25,118806,492,19,71148,0.443,0,4,No
53,129526,737,22,94836,0.341,2,3,No
25,85791,799,29,45591,0.237,2,4,No
36,28668,451,19,89800,0.375,5,0,No
57,75767,819,20,93695,0.29,5,1,No
57,190902,568,17,46870,0.071,1,4,Yes
49,66739,836,12,81580,0.235,1,0,No
38,147243,456,28,9997,0.402,2,2,No
49,60166,486,2,34439,0.058,4,3,No
26,167268,616,20,81407,0.44,4,0,No
38,174786,542,3,75763,0.069,2,1,No
52,78028,837,18,38802,0.388,2,2,No
62,183138,383,17,69024,0.087,1,2,No
51,154649,495,11,41298,0.559,2,3,No
31,89631,577,24,70216,0.596,1,4,No
46,125420,434,17,93453,0.419,5,1,No
48,68281,677,13,55462,0.126,1,1,No
47,74711,417,24,43927,0.592,1,4,No
39,95977,325,3,6034,0.487,3,2,No
65,116497,538,9,67468,0.577,5,0,No
47,35146,408,8,73747,0.328,4,4,No
40,189429,389,24,33877,0.303,2,4,No
23,123802,681,25,13585,0.406,3,1,No
36,80499,317,20,50058,0.323,5,2,No
59,41313,801,22,5339,0.152,1,3,Yes
64,52398,516,19,91157,0.545,3,0,No
49,149518,323,27,19169,0.164,3,1,No
35,165396,793,15,90810,0.498,4,4,No
50,163504,672,10,32416,0.584,0,3,No
60,45867,768,25,71301,0.368,1,4,No
21,190431,801,19,66714,0.202,3,2,No
49,55971,837,0,44278,0.063,2,0,No
50,137627,629,9,92739,0.443,5,1,No
60,75759,453,29,47420,0.382,0,0,No
52,192564,716,24,64061,0.465,0,4,Yes
30,147243,740,9,11903,0.621,3,2,No
47,116827,722,23,89073,0.321,0,0,No
28,135455,336,8,55757,0.454,0,1,No
56,197141,573,0,23165,0.135,5,3,No
62,55291,457,1,37672,0.134,3,4,No
55,173224,732,26,33873,0.346,5,3,No
56,154216,412,14,85666,0.402,4,1,No
56,90674,841,7,73437,0.641,2,1,Yes
45,74372,832,23,51224,0.391,1,1,Yes
40,76539,737,14,51556,0.6,4,1,No
65,27525,699,16,44233,0.523,1,4,No
37,144742,317,9,47135,0.59,3,4,No
43,34637,461,4,50345,0.564,5,0,No
45,73324,704,21,85027,0.375,5,4,No
51,81108,759,4,28950,0.05,1,0,No
26,59377,458,21,72954,0.323,5,0,No
55,105069,309,30,27837,0.182,4,2,No
24,136875,815,22,91360,0.479,2,0,No
60,139886,314,30,29390,0.169,4,0,No
40,85207,354,10,39792,0.334,5,1,No
61,47368,745,9,67342,0.065,0,1,No
21,50736,455,21,42551,0.104,5,1,Yes
65,42753,690,2,34429,0.285,5,4,No
46,159643,438,21,81027,0.488,0,0,No
54,51798,712,8,49201,0.454,4,2,No
30,189328,424,21,64188,0.307,0,1,No
43,126844,518,21,12532,0.164,4,2,No
44,101595,580,4,31901,0.234,4,2,No
33,117539,739,26,43603,0.346,2,1,No
49,186696,401,0,63332,0.619,2,4,No
47,165128,339,30,92253,0.434,2,2,No
51,88279,770,4,48185,0.127,0,4,No
63,43564,675,10,20650,0.533,0,3,Yes
30,167292,490,0,60961,0.483,1,4,No
51,36290,733,15,22544,0.583,4,3,No
59,45018,310,7,70351,0.417,4,0,No
30,80138,545,29,43119,0.236,2,1,No
44,107155,431,27,64256,0.559,5,4,No
53,106567,783,28,35253,0.396,0,1,No
34,34006,714,15,97954,0.472,2,4,No
55,199998,629,0,46550,0.332,0,0,Yes
65,182337,654,30,30269,0.533,5,0,Yes
54,40908,560,7,85525,0.425,0,3,No
37,96165,303,3,42932,0.584,4,1,No
41,109406,640,18,23472,0.26,0,2,Yes
52,174121,394,3,40530,0.558,0,3,No
23,166899,315,29,67465,0.523,4,3,No
35,94522,410,28,42765,0.272,5,0,No
28,65954,625,17,16994,0.575,5,0,No
52,92359,521,18,85903,0.406,1,2,No
58,79980,570,3,80495,0.273,4,3,No
46,112256,735,8,95321,0.215,0,1,No
50,111008,393,25,76992,0.103,0,3,No
29,156682,635,1,88441,0.105,0,0,No
52,192708,800,2,10327,0.521,0,0,Yes
31,167956,463,27,83631,0.281,0,4,No
42,151446,685,12,86066,0.364,4,1,No
54,128249,711,27,9872,0.551,1,3,Yes
61,177628,667,19,65706,0.443,4,3,No
38,36018,595,18,68998,0.615,4,2,No
39,61599,618,18,44933,0.364,5,1,No
38,178561,554,8,56715,0.117,2,0,No
57,143557,788,4,12500,0.258,0,1,Yes
38,136694,849,14,67117,0.133,5,1,No
32,73071,719,26,87221,0.499,0,2,No
24,37394,486,8,79254,0.33,3,2,No
63,39417,324,5,46506,0.084,0,4,Yes
47,52849,441,9,38113,0.06,1,0,No
25,60207,727,23,29630,0.083,4,2,No
26,180362,423,0,73207,0.453,1,0,No
33,149947,324,12,83887,0.171,3,2,No
43,171187,776,23,6348,0.517,0,4,No
62,188824,762,16,26380,0.358,3,3,Yes
45,180313,730,13,62874,0.398,2,4,No
24,74021,531,24,46075,0.152,2,1,No
52,152627,644,2,10730,0.577,3,2,No
64,194269,322,12,16068,0.333,3,1,No
35,140159,421,24,75027,0.297,0,1,No
46,89079,522,7,27962,0.527,1,4,No
62,114979,529,22,30633,0.07,0,3,Yes
31,61533,316,27,96429,0.361,3,4,No
29,147514,584,0,11359,0.482,4,2,No
31,114832,301,22,82355,0.527,3,3,No
22,104283,566,1,40022,0.143,2,1,No
65,108093,827,1,85489,0.284,2,1,No
47,155798,832,24,28831,0.243,4,0,Yes
46,71963,550,29,14183,0.645,5,0,No
28,56034,576,8,90055,0.491,0,1,No
41,39143,305,27,78573,0.305,5,1,No
41,144057,536,0,32051,0.179,2,3,No
28,118415,834,10,90261,0.154,2,0,No
21,94662,523,6,12326,0.647,1,4,No
58,175249,850,20,8045,0.4,4,1,Yes
33,96721,785,5,79805,0.485,2,4,No
29,139938,712,27,41996,0.144,2,3,Yes
48,155557,330,16,45035,0.499,5,2,No
26,120203,772,5,73337,0.194,2,1,Yes
43,98993,813,26,37029,0.507,0,3,No
56,172014,641,15,80962,0.599,4,1,No
37,137022,464,29,56405,0.283,1,3,Yes
29,92659,599,0,41478,0.592,5,2,No
32,42894,753,27,12924,0.329,2,1,No
42,127156,780,3,12411,0.535,5,1,No
32,61190,374,17,37320,0.323,1,2,No
26,33431,608,1,71473,0.136,1,3,No
64,126311,375,0,70290,0.451,1,1,No
29,188410,686,6,22030,0.245,4,3,Yes
57,187655,649,15,85148,0.095,4,2,No
23,169985,574,12,11056,0.441,4,2,No
54,39860,600,26,63980,0.397,5,3,No
28,57924,354,17,25960,0.608,3,3,No
30,129646,759,6,57788,0.102,1,3,No
61,120231,840,17,82469,0.308,3,2,No
62,98134,612,6,36546,0.189,0,2,Yes
63,193601,568,28,85030,0.341,1,3,No
29,188525,796,29,39526,0.556,2,3,Yes
34,141707,454,3,89027,0.615,1,3,No
57,79389,495,24,51690,0.278,4,1,No
47,133182,779,16,38949,0.421,1,2,No
61,131227,747,18,62540,0.191,5,1,Yes
52,111090,404,4,68868,0.507,0,2,No
24,79199,373,6,51743,0.594,4,4,No
22,56444,374,22,75552,0.336,4,1,No
53,43798,396,5,96038,0.573,4,3,No
41,85147,540,4,88913,0.64,5,2,No
21,167513,690,12,37051,0.415,2,4,No
64,87942,408,11,58467,0.386,5,3,No
31,57860,327,4,85598,0.279,0,2,No
21,138605,401,3,60792,0.522,5,0,No
31,145931,418,24,33498,0.539,3,0,No
27,37468,326,30,53411,0.056,2,4,No
22,83014,449,7,19054,0.201,5,1,No
35,190983,441,14,15387,0.069,3,4,No
28,115343,453,27,67380,0.516,5,3,No
46,42986,791,24,93718,0.156,4,1,Yes
60,60719,482,22,63553,0.115,4,4,No
62,84116,502,10,34635,0.528,3,4,No
55,100794,370,28,56872,0.395,1,0,No
61,157382,482,26,85119,0.142,0,3,No
61,121462,472,4,7339,0.557,1,1,No
41,88798,841,29,30947,0.294,4,0,No
58,107078,654,10,51776,0.274,3,0,No
28,45162,453,9,20083,0.441,2,2,No
63,141274,684,1,78620,0.072,4,3,No
52,41761,610,19,50749,0.252,4,0,No
28,44679,324,21,39936,0.097,2,2,No
64,99441,397,7,92682,0.491,1,3,No
30,168451,599,26,60973,0.215,1,3,No
43,72770,368,20,82999,0.552,5,1,No
24,84567,660,24,84724,0.301,5,3,No
58,169493,362,19,96812,0.581,1,4,No
50,119183,794,21,7742,0.183,4,3,Yes
61,73938,723,3,28354,0.442,0,0,Yes
43,35974,679,21,95538,0.617,3,4,No
25,148617,554,25,33600,0.286,5,0,No
41,27500,560,15,40019,0.145,3,0,No
26,85490,428,13,87044,0.382,0,0,No
37,98649,822,2,23876,0.309,1,2,No
45,118116,721,26,25405,0.354,3,1,No
44,137742,828,7,77505,0.336,1,2,Yes
42,121296,715,29,16386,0.21,4,0,No
33,147189,304,3,63461,0.359,0,3,No
37,167877,505,6,86174,0.139,3,3,No
34,133025,768,25,13958,0.4,4,0,Yes
54,147098,381,23,81065,0.312,0,3,No
46,32731,366,8,16940,0.634,4,2,No
39,132197,566,1,54749,0.107,5,3,No
46,120310,774,2,68102,0.501,4,1,Yes
23,125788,785,8,64438,0.26,2,0,No
22,130932,452,22,69002,0.468,1,4,No
48,36460,786,6,18139,0.625,3,1,Yes
22,36294,347,19,78517,0.589,4,3,No
42,35059,323,14,64937,0.118,4,0,No
27,135621,674,16,31989,0.576,4,4,No
24,187928,656,11,11433,0.285,0,1,Yes
58,32817,332,23,66652,0.092,5,3,No
59,118917,771,25,15913,0.175,2,3,Yes
40,159105,474,24,12981,0.067,5,0,Yes
26,37971,797,28,31824,0.134,3,3,No
29,187067,612,26,74905,0.33,5,0,No
51,44731,497,3,99675,0.617,1,4,No
46,156083,302,16,95113,0.536,2,2,No
56,100244,348,8,21751,0.369,5,0,No
46,174076,313,30,23553,0.244,0,1,No
48,47537,703,29,35744,0.067,2,2,No
25,49836,493,20,63669,0.084,0,2,No
30,164583,559,30,34011,0.489,0,1,No
38,168545,546,29,12738,0.377,2,2,Yes
35,35468,731,29,7496,0.123,3,2,Yes
53,125231,780,5,38751,0.567,0,1,No
25,80965,557,17,51167,0.361,1,1,No
57,113898,834,20,98087,0.552,3,0,No
60,111036,407,16,68053,0.517,4,0,No
42,156087,475,2,97393,0.25,3,0,No
42,40986,768,16,60305,0.472,4,2,No
42,27345,826,16,46652,0.645,3,0,No
35,33450,451,24,88677,0.499,3,2,No
37,171421,575,21,92615,0.209,2,2,No
65,91599,337,12,38952,0.405,3,2,No
48,41659,580,23,27225,0.31,3,1,No
42,68751,730,14,63717,0.23,2,4,No
41,177378,619,20,46683,0.221,4,4,No
62,105476,470,27,55157,0.326,1,3,No
37,94118,370,11,42026,0.236,3,2,No
25,33066,387,13,54915,0.139,4,2,No
38,182204,356,14,30160,0.504,4,0,No
37,103772,466,13,63334,0.226,4,2,No
24,91015,535,27,29951,0.274,2,0,No
27,176965,697,24,66350,0.592,1,0,No
45,118706,619,27,24213,0.447,1,4,No
57,169792,831,30,20415,0.607,4,2,Yes
60,138713,306,3,21547,0.411,1,0,No
60,52400,757,15,37710,0.263,1,2,Yes
63,109012,537,25,72167,0.184,5,0,Yes
29,140517,750,7,91682,0.545,3,1,No
39,185018,413,29,74363,0.319,2,3,No
29,51510,791,21,37719,0.441,3,4,No
43,186271,608,28,45315,0.495,2,1,No
51,180111,748,27,41884,0.198,4,4,Yes
52,142388,457,28,55759,0.636,0,4,No
51,131639,698,10,27403,0.191,5,4,No
37,144618,502,29,31334,0.505,3,4,No
59,44188,753,25,38084,0.141,1,4,No
42,133382,419,26,39659,0.635,5,1,No
55,32990,834,29,13848,0.201,3,4,No
50,146024,479,20,72461,0.359,0,0,No
60,165047,811,4,81970,0.271,5,1,No
57,145704,792,2,28617,0.592,5,4,No
46,29273,626,19,57794,0.363,0,3,No
26,96997,696,9,97375,0.453,2,2,No
54,65326,811,4,58846,0.182,5,1,No
52,76350,482,8,58286,0.618,1,0,No
45,118630,405,25,70121,0.263,5,0,No
33,164804,797,2,45540,0.11,1,3,No
58,97911,633,4,84860,0.181,5,2,No
58,38660,673,15,17448,0.166,1,2,Yes
22,150189,300,12,30137,0.115,5,4,No
25,180345,774,29,84705,0.345,0,2,Yes
31,80020,751,10,87064,0.237,2,1,No
31,182431,483,24,94253,0.347,4,2,No
44,133223,387,29,10884,0.098,2,4,No
34,171979,784,16,60480,0.403,4,0,No
65,124731,639,20,87391,0.429,0,2,Yes
50,110430,471,3,52510,0.203,3,4,No
60,154060,677,16,89530,0.391,4,4,No
64,124941,476,0,6097,0.233,3,3,No
55,144264,335,22,16495,0.144,3,2,No
41,175852,752,27,55084,0.458,2,0,Yes
25,29677,524,30,29982,0.551,2,4,No
58,145213,592,5,29931,0.142,4,2,No
22,71548,772,0,53735,0.583,3,1,No
60,32122,552,19,77814,0.409,0,1,No
57,75794,350,6,34348,0.514,5,0,No
54,157366,592,10,79126,0.466,2,1,No
31,137993,452,21,43228,0.58,1,4,No
56,73070,560,9,98389,0.086,0,3,No
31,196627,404,17,9395,0.642,0,4,No
29,164627,666,26,10125,0.578,4,1,Yes
26,27116,582,24,73630,0.076,5,3,No
54,166619,616,9,66350,0.201,1,2,No
57,168782,782,18,29440,0.371,1,4,No
52,154242,383,1,12550,0.564,5,0,No
32,63807,344,0,78900,0.237,1,0,No
65,130704,686,13,87962,0.08,2,3,No
52,196708,488,11,32709,0.518,1,1,No
37,56086,789,14,6822,0.31,0,3,Yes
24,121091,349,18,93414,0.507,5,1,No
62,60310,500,21,32967,0.245,4,0,No
53,64488,474,25,13210,0.541,2,1,No
63,78172,441,16,67670,0.267,3,1,No
63,26172,574,29,46978,0.336,1,1,No
29,149664,489,17,62941,0.612,2,3,No
54,64806,433,8,51576,0.139,4,2,No
59,112515,844,0,59445,0.399,3,4,No
50,78826,396,0,98912,0.538,0,4,No
40,105221,340,8,22412,0.465,1,4,No
59,184616,628,18,57757,0.306,1,4,No
43,147426,800,5,20734,0.532,4,1,No
61,51738,840,27,59816,0.338,2,4,Yes
64,199707,672,18,66106,0.436,5,1,No
55,152212,810,17,92821,0.251,2,2,No
43,182742,394,26,64560,0.084,3,2,No
59,139284,781,2,99580,0.173,1,3,Yes
43,84665,310,25,86105,0.33,4,4,No
57,49688,766,3,16234,0.586,2,2,Yes
43,141003,770,10,89437,0.129,1,4,No
59,183011,730,16,51395,0.24,5,2,Yes
48,77385,813,2,47527,0.248,2,2,No
39,139738,342,22,73242,0.517,5,0,No
50,106301,303,1,83828,0.376,0,0,No
41,156215,636,22,50024,0.3,5,2,No
44,77839,674,3,80012,0.088,0,1,No
41,96337,394,22,73138,0.632,1,4,No
46,183223,746,10,35138,0.534,1,0,No
56,112172,329,2,6418,0.084,1,2,No
46,180607,387,22,55383,0.078,5,0,No
53,122821,519,25,76156,0.202,3,0,No
56,67980,427,28,63608,0.081,5,2,No
24,33116,470,28,40294,0.495,4,4,No
29,72515,524,29,41177,0.173,3,2,No
28,38998,573,6,86115,0.579,0,4,No
22,55279,707,18,93361,0.416,0,3,No
49,132370,457,5,35083,0.341,0,1,No
43,90150,706,24,17403,0.117,2,3,No
26,78955,329,15,77080,0.128,0,4,No
63,123517,495,26,38217,0.123,5,4,No
56,170977,468,29,36005,0.177,0,0,Yes
41,37300,643,22,70265,0.112,2,1,No
42,146254,698,20,69202,0.243,1,0,No
29,43202,483,10,22568,0.537,4,4,No
54,91021,811,0,71100,0.138,2,2,No
46,130848,501,7,87735,0.23,3,1,No
21,109935,517,3,68636,0.32,0,1,No
56,135219,375,26,13996,0.418,4,3,No
64,192319,620,17,90851,0.192,2,3,Yes
25,163001,301,24,64205,0.418,2,3,No
61,70174,822,2,18866,0.16,4,0,No
42,184675,391,12,89953,0.426,4,1,No
24,70967,469,5,92302,0.523,4,4,No
22,144904,604,2,77520,0.064,3,0,Yes
36,29937,381,13,9069,0.612,0,3,No
36,123967,592,28,65230,0.478,5,0,No
42,103610,647,6,21056,0.62,2,1,No
63,154960,522,17,76529,0.209,2,1,Yes
21,48070,337,3,6402,0.613,5,3,No
35,167548,741,12,15779,0.322,4,0,No
44,110263,432,10,60524,0.141,5,1,No
24,129854,504,9,77961,0.492,4,2,No
38,141813,327,15,17729,0.467,4,4,No
37,137168,484,24,85598,0.603,0,0,No
27,174411,429,10,56369,0.232,1,1,No
65,47539,369,23,20301,0.428,5,3,No
30,25228,848,13,58694,0.626,3,2,No
21,79090,516,7,30463,0.573,5,4,No
22,111980,548,30,69206,0.543,5,0,No
42,90202,771,7,39906,0.577,3,2,No
52,48199,637,22,49690,0.557,2,4,No
49,126190,684,29,80009,0.277,1,0,No
55,37451,302,30,30735,0.059,0,4,No
37,104527,396,5,34093,0.643,3,0,No
32,37669,806,23,94493,0.515,4,2,No
44,180061,739,22,65724,0.186,4,4,No
50,109739,545,0,77506,0.499,2,0,No
64,132582,652,5,32284,0.269,3,1,No
50,190833,568,23,5614,0.198,3,1,Yes
40,191885,480,13,14717,0.39,3,2,No
62,41157,776,20,28570,0.056,5,3,No
27,142993,702,5,69141,0.636,2,2,No
62,110519,480,14,41735,0.616,2,4,No
58,77739,356,17,24187,0.524,2,3,No
27,89156,721,14,67449,0.082,0,1,No
50,113283,345,11,76047,0.095,2,1,No
32,56626,385,10,24973,0.439,3,2,No
51,160531,687,1,95157,0.53,3,2,No
38,95623,477,1,67111,0.082,0,1,No
63,39898,392,11,19166,0.388,4,2,No
22,66001,461,21,76492,0.469,3,0,No
53,39758,525,20,99630,0.148,4,2,No
31,171193,492,5,39611,0.155,2,3,No
54,73993,445,5,24001,0.609,4,1,No
36,59888,553,11,13259,0.291,5,4,No
55,38893,821,3,23236,0.215,5,1,No
53,111416,786,6,99666,0.077,3,3,No
41,142838,766,11,89161,0.072,0,2,No
40,187784,744,29,33221,0.205,5,4,No
28,54943,705,8,68431,0.422,1,1,No
46,30306,614,6,87822,0.413,4,0,No
53,90461,390,15,31163,0.185,4,0,No
46,141521,695,14,9658,0.496,1,1,No
57,180179,362,21,6488,0.327,4,2,No
50,166781,314,26,75370,0.53,4,0,No
51,123017,721,27,35154,0.605,4,0,No
53,170986,515,2,87047,0.192,2,4,No
31,121711,433,5,82017,0.319,2,0,No
61,155323,593,23,99957,0.082,4,2,Yes
25,53412,826,13,45299,0.508,1,1,Yes
22,90326,627,7,67760,0.244,4,0,No
33,41151,840,3,80149,0.441,4,0,No
38,89690,557,12,40977,0.279,1,2,No
46,161081,741,4,40940,0.136,3,3,Yes
45,110782,461,19,31830,0.054,5,0,No
64,74280,726,17,38905,0.434,2,2,No
34,86818,323,10,83127,0.611,1,3,No
25,157417,540,4,78076,0.592,0,4,No
62,152439,401,16,72195,0.614,4,0,No
22,147057,580,1,44570,0.463,4,4,No
24,64900,724,22,65635,0.307,0,2,Yes
32,111562,844,4,92386,0.366,3,1,No
31,54289,598,25,24369,0.486,1,4,Yes
24,185504,316,7,70186,0.229,5,0,No
63,110143,306,5,87863,0.165,3,3,No
29,89140,838,7,58712,0.091,5,0,Yes
30,175932,847,26,78987,0.336,0,4,Yes
47,30097,702,29,43024,0.105,4,0,No
26,183186,570,29,67180,0.326,4,1,No
35,169545,369,1,14571,0.538,0,3,No
62,88634,484,7,25803,0.142,0,4,No
51,132931,527,24,29054,0.122,5,0,No
42,49831,368,23,53299,0.197,5,4,No
26,178178,536,6,32006,0.1,0,3,No
53,101145,496,7,11477,0.269,5,1,No
49,95282,813,17,69840,0.415,3,1,No
41,186456,406,21,97258,0.333,4,2,No
50,87754,445,6,17410,0.482,5,1,No
41,77563,459,28,60370,0.122,2,3,No
56,41459,538,14,11271,0.254,1,4,No
42,56288,668,8,79022,0.3,4,1,No
40,192451,425,13,53956,0.326,2,1,No
42,148384,456,26,81298,0.091,0,1,No
60,100720,767,12,74490,0.089,1,0,No
31,169021,766,2,32153,0.101,4,2,No
51,128415,615,5,5057,0.134,1,1,No
60,96655,641,23,42014,0.05,5,1,No
33,60162,454,3,56672,0.231,3,2,No
38,59184,435,20,36982,0.297,1,1,No
42,87662,755,17,90330,0.379,4,4,No
37,98379,331,10,8514,0.066,0,3,No
58,51805,314,25,58274,0.317,0,0,No
45,33431,427,6,86595,0.613,1,1,No
52,145741,678,14,87383,0.501,5,4,No
35,154089,723,23,70222,0.243,4,1,Yes
33,129618,395,21,45041,0.366,0,1,No
46,53836,612,24,77118,0.469,1,4,No
31,127462,417,10,84538,0.143,4,4,No
33,29146,821,18,11218,0.093,0,4,Yes
53,55762,416,24,87299,0.421,3,1,No
57,135402,647,8,9037,0.492,2,3,No
58,95976,479,24,29763,0.359,5,4,No
21,73343,523,5,49052,0.467,1,4,No
59,102804,523,24,8239,0.481,4,4,No
47,181862,547,6,73923,0.436,4,3,No
56,176017,553,7,48615,0.612,0,0,No
52,145921,618,23,77779,0.372,3,0,No
61,177997,324,11,79405,0.084,5,0,No
35,163730,437,23,93842,0.389,1,4,No
51,50191,308,18,9321,0.434,2,3,No
26,62426,601,21,19945,0.254,0,0,No
45,34322,470,13,68742,0.334,1,1,No
38,47014,811,22,79239,0.512,1,2,No
42,95891,668,19,50241,0.481,1,2,No
51,131316,810,30,63790,0.157,4,2,Yes
56,45835,674,19,16371,0.193,3,1,No
29,125968,503,6,44442,0.392,5,3,No
23,128166,356,1,49465,0.284,4,1,No
53,115415,324,10,83467,0.5,5,3,No
47,155579,690,10,22102,0.111,0,3,No
63,35086,354,7,36780,0.245,2,2,No
21,190355,446,5,96976,0.271,1,1,No
64,91119,843,10,23159,0.308,0,4,Yes
29,56860,386,10,44344,0.51,5,3,No
25,148246,371,24,35271,0.061,3,4,No
35,182694,833,30,22640,0.137,4,4,No
29,74271,435,4,52693,0.381,3,2,No
65,77436,345,25,51190,0.342,3,2,No
48,65676,816,9,20063,0.621,0,3,No
33,77406,311,0,64704,0.084,0,1,No
44,88109,326,6,27842,0.228,0,1,No
65,155386,383,3,77578,0.517,3,4,No
30,186245,847,12,94336,0.627,5,1,No
62,135061,351,25,7248,0.647,1,2,No
42,160531,373,19,76218,0.225,0,3,No
59,112485,789,14,19775,0.407,4,3,Yes
42,191371,754,15,61342,0.625,0,4,No
57,141631,547,2,66617,0.636,4,2,No
59,142984,311,29,83137,0.121,0,4,No
40,79428,635,28,92064,0.263,5,0,No
30,79877,553,20,63961,0.49,5,0,No
30,184459,403,21,58533,0.385,0,0,No
46,56084,614,2,75472,0.396,2,2,No
45,156973,367,7,55819,0.308,1,4,No
48,186977,800,15,42002,0.557,3,3,Yes
33,63733,471,1,34148,0.089,4,0,No
35,126560,442,6,14694,0.188,1,0,No
26,128810,496,28,91394,0.472,2,1,No
32,187071,472,0,22172,0.542,5,4,No
39,135482,821,8,71947,0.632,2,0,No
52,143241,489,8,93178,0.228,0,4,No
31,157765,311,29,29131,0.182,4,1,No
58,154612,328,20,93291,0.205,1,1,No
53,190969,387,17,79294,0.2,4,0,No
22,61779,772,21,77152,0.336,5,4,No
35,142940,410,11,68993,0.22,4,3,No
56,26365,720,25,82565,0.134,5,1,No
25,164459,368,11,37149,0.082,3,3,No
35,57918,418,30,17277,0.203,0,0,No
63,161252,723,4,11061,0.541,5,3,No
30,55342,546,30,65430,0.557,2,2,No
37,144211,321,10,99740,0.405,3,0,No
54,123634,698,3,83347,0.287,2,4,No
44,77476,797,15,32149,0.21,1,0,Yes
30,148769,625,11,61467,0.074,3,0,No
50,69649,491,1,17069,0.644,2,0,No
23,144137,651,4,80894,0.279,4,0,No
57,68908,703,7,22303,0.274,4,4,No
23,183889,726,15,44105,0.288,0,4,Yes
60,101123,622,17,62462,0.516,5,3,No
25,59812,526,28,25427,0.445,2,4,No
48,63413,479,22,70359,0.616,3,0,No
64,176055,777,27,15454,0.095,1,3,Yes
34,179497,714,2,43716,0.627,4,3,No
59,161082,612,5,25047,0.404,3,3,No
31,78142,453,28,62906,0.608,5,3,No
28,112565,335,3,10729,0.508,0,3,No
57,69974,421,21,42853,0.642,0,4,No
28,106726,481,29,10674,0.178,1,1,No
32,134166,725,10,27889,0.362,4,0,Yes
35,174031,403,1,91452,0.613,5,3,No
39,27213,381,25,77966,0.133,2,1,No
48,165927,835,20,71799,0.518,5,3,Yes
27,99091,637,12,95438,0.598,2,0,No
60,30544,402,12,49564,0.275,4,3,No
27,46137,563,17,76274,0.316,1,0,No
50,96124,530,23,30511,0.549,1,0,No
38,151361,481,12,43753,0.39,0,4,No
44,64426,526,11,37559,0.337,2,0,No
26,89588,799,29,87404,0.214,0,0,Yes
24,160899,810,8,38031,0.372,2,3,No
23,118069,302,23,52233,0.276,3,4,No
26,194978,775,0,69439,0.333,3,0,No
46,102184,629,4,49179,0.56,1,2,No
64,194819,620,27,81364,0.557,5,0,No
58,40738,847,3,90195,0.063,2,3,No
31,104075,483,3,90570,0.378,1,2,No
49,35357,479,13,46346,0.62,0,4,No
40,194127,424,10,27330,0.318,5,2,No
30,68779,739,22,56309,0.116,5,3,No
46,84072,694,13,33045,0.057,0,1,Yes
47,132191,684,11,46922,0.295,0,1,No
34,29617,411,15,67652,0.576,0,3,No
56,153326,501,25,56611,0.586,3,2,No
32,67342,627,14,77007,0.447,1,3,No
43,35687,707,9,58789,0.622,2,4,No
41,162868,564,3,72210,0.093,5,4,No
28,84191,742,0,15830,0.272,2,4,No
59,64801,553,18,36120,0.526,5,0,No
29,31747,369,7,91263,0.554,1,0,No
44,32936,834,29,16118,0.105,1,3,Yes
51,188365,641,9,42833,0.402,1,1,Yes
45,107678,512,6,14231,0.45,1,3,No
37,140129,422,1,19353,0.183,5,3,No
62,168768,836,22,94646,0.07,0,4,Yes
49,38097,849,1,92206,0.062,4,1,No
23,162300,494,21,15284,0.265,2,4,No
41,85832,569,23,85640,0.126,5,1,No
28,81868,789,18,36779,0.393,5,4,No
34,39141,365,11,6954,0.2,2,1,No
59,136133,498,18,85372,0.253,2,4,No
36,189030,441,23,60742,0.257,2,1,No
38,92409,540,11,93280,0.609,3,1,No
51,164030,508,12,42739,0.567,5,3,No
31,32489,425,15,96121,0.439,3,2,No
58,180905,565,7,58307,0.144,1,4,No
40,164418,654,9,55968,0.096,1,0,Yes
65,150871,475,5,98210,0.263,5,4,No
24,194446,686,14,75843,0.393,3,4,No
40,68235,346,16,24511,0.485,0,2,No
51,64428,466,10,19673,0.064,1,0,No
40,154664,516,29,10386,0.167,0,2,Yes
31,135665,598,18,34461,0.313,3,0,Yes
21,43796,638,29,49700,0.266,0,2,No
64,80776,402,9,35808,0.325,0,0,No
38,141429,385,22,68062,0.246,0,1,No
59,93696,525,17,11839,0.403,1,1,No
64,184253,800,29,36177,0.57,0,4,Yes
53,159443,667,8,30574,0.099,1,4,Yes
56,84435,302,8,19765,0.226,4,3,No
38,67020,619,17,59999,0.21,0,4,No
51,61119,323,5,7328,0.376,4,0,No
55,123764,773,15,10615,0.585,0,2,Yes
59,92653,824,11,92557,0.542,4,2,No
58,190446,517,1,53428,0.592,3,1,No
35,153718,795,16,93665,0.178,4,1,No
26,57839,401,25,89246,0.256,4,4,No
28,96887,329,8,74969,0.215,2,1,No
60,168536,766,4,41598,0.378,5,0,Yes
42,156778,502,27,60840,0.453,5,1,No
21,40660,452,29,53202,0.299,5,2,No
33,87323,342,16,47169,0.235,4,1,No
44,158870,713,29,76427,0.429,4,2,No
41,181825,742,14,68261,0.349,5,3,No
65,66113,450,6,51619,0.547,1,0,No
63,185794,343,26,20746,0.082,0,3,No
24,111991,556,18,97157,0.492,5,3,No
27,93847,789,5,39067,0.466,2,3,No
32,185434,402,3,6115,0.57,1,2,No
33,76026,507,11,80183,0.557,2,1,No
64,154349,693,18,54737,0.14,0,3,Yes
36,73974,407,29,45958,0.435,4,3,No
26,168989,628,5,9975,0.412,0,0,No
34,197649,633,23,63030,0.467,4,2,No
51,42955,807,21,23707,0.639,2,1,Yes
56,120847,725,13,86635,0.116,5,3,No
57,109357,532,15,87700,0.428,4,3,No
61,179987,750,21,8409,0.408,5,1,No
55,86799,566,4,75128,0.054,0,0,No
30,140269,815,30,63711,0.445,4,3,Yes
37,141942,678,4,19621,0.348,0,3,No
62,123904,783,16,6679,0.514,0,1,No
50,164778,378,3,20242,0.503,1,4,No
64,88409,541,10,57092,0.076,5,4,No
27,42193,705,23,80878,0.518,0,4,No
38,155413,575,5,98723,0.588,5,4,No
39,153973,477,29,49481,0.429,1,0,No
35,125789,842,22,19834,0.572,3,4,No
59,108366,630,11,85206,0.175,5,2,No
64,172924,783,10,15528,0.591,1,4,Yes
42,42013,815,26,18205,0.612,4,3,No
59,162610,569,8,22437,0.221,3,1,No
62,123417,473,23,9179,0.257,1,3,No
50,75377,776,19,75487,0.477,5,4,No
40,154486,391,12,8634,0.252,1,3,No
52,72645,809,22,38017,0.644,2,4,No
62,177939,844,27,9645,0.223,1,1,Yes
45,103070,713,14,67054,0.067,3,4,No
43,108536,436,30,5941,0.541,5,2,No
25,61085,388,2,43231,0.076,4,0,No
61,114271,342,4,43976,0.635,1,4,No
50,114500,643,18,51542,0.41,5,0,No
59,146104,595,14,96535,0.314,4,1,No
47,78792,640,27,97932,0.49,0,0,No
62,30733,617,6,97548,0.48,5,2,No
57,153276,334,2,77760,0.283,1,2,No
27,145306,470,7,41466,0.178,4,1,No
25,111733,822,29,44840,0.557,0,3,No
35,103601,685,25,22230,0.603,5,1,No
62,150948,634,30,97306,0.647,5,3,No
28,191377,378,12,58822,0.268,3,1,No
29,72318,432,15,94063,0.396,0,4,No
31,110094,671,7,90225,0.639,0,1,No
42,109142,467,21,22582,0.297,1,3,No
54,131325,535,8,46178,0.524,1,2,No
55,90587,832,1,8090,0.614,4,0,No
33,104835,792,21,38142,0.161,0,0,No
31,117334,626,26,46000,0.485,5,0,No
52,111984,454,19,93775,0.472,0,3,No
62,144383,365,22,92514,0.283,0,4,No
35,36300,837,26,65708,0.639,2,2,No
58,144871,664,0,99572,0.57,4,3,No
21,184205,499,19,73234,0.647,1,4,No
44,41059,811,12,99154,0.38,5,1,No
63,87166,811,12,89269,0.183,3,3,No
60,38720,797,10,78536,0.218,5,4,No
42,83230,339,9,95604,0.525,0,2,No
23,150077,571,19,85242,0.267,5,0,No
34,176466,523,5,97675,0.179,5,1,No
22,25635,459,15,52552,0.603,3,1,No
52,101742,334,25,65855,0.255,3,0,No
58,89197,698,26,95607,0.099,1,2,No
53,153547,725,5,52075,0.39,4,0,No
62,69845,420,21,34510,0.38,2,4,No
26,47805,733,19,83377,0.303,4,3,No
61,139288,715,20,40297,0.318,3,2,No
59,139862,585,12,68973,0.182,4,4,Yes
45,50632,707,26,98512,0.227,5,0,No
54,149628,704,11,62596,0.342,2,2,No
31,150642,469,7,39566,0.633,2,2,No
57,167732,807,29,82990,0.638,2,0,Yes
61,51877,635,2,62151,0.102,3,4,No
27,135914,787,12,20270,0.594,4,3,Yes
42,194996,530,21,42115,0.314,1,1,No
59,73360,399,29,80535,0.325,2,1,No
30,49091,301,0,51776,0.266,1,3,No
41,187407,808,9,5255,0.578,1,3,No
26,64767,827,26,63438,0.324,3,1,No
21,155967,562,21,89861,0.053,2,1,No
54,68518,698,24,61094,0.611,3,1,No
34,144932,322,28,12663,0.634,3,3,No
56,114168,546,14,37598,0.309,4,4,No
47,90865,556,10,20088,0.312,3,0,No
29,37370,368,15,50910,0.061,4,4,No
26,169919,696,23,39027,0.171,4,0,No
51,194072,584,20,39977,0.122,2,1,No
37,146271,445,22,75536,0.527,5,3,No
63,92216,685,20,70810,0.359,1,1,No
56,137658,582,2,14719,0.224,2,4,No
41,72112,597,8,88680,0.605,5,0,No
47,194791,800,26,75815,0.438,5,2,Yes
61,183904,521,6,8083,0.612,4,0,No
48,148941,437,23,49237,0.203,0,0,No
36,97402,820,15,21716,0.57,1,3,No
55,50479,814,22,86662,0.563,1,0,No
56,145752,641,6,73169,0.588,0,4,No
55,133460,337,7,34920,0.54,2,2,No
65,29188,758,23,65278,0.534,0,2,No
39,60617,369,21,17699,0.559,0,0,No
41,159438,301,28,82652,0.588,2,1,No
53,77063,435,19,10268,0.304,0,4,No
43,103597,512,4,81508,0.181,0,4,No
26,40952,382,5,50992,0.093,4,1,No
52,175047,654,30,62119,0.215,3,3,No
42,29283,440,26,70903,0.568,2,3,No
23,45645,695,8,28381,0.648,5,3,No
55,36740,540,4,33632,0.304,4,1,No
36,123548,600,8,56115,0.331,2,3,No
62,30128,440,29,60715,0.286,5,3,No
45,80983,451,24,18646,0.381,0,0,No
37,75930,513,23,6935,0.337,4,1,No
59,117647,773,9,22804,0.46,5,3,No
33,33628,488,5,96506,0.215,5,4,No
48,194746,432,0,61793,0.292,5,3,No
31,121831,379,12,47795,0.292,5,0,No
30,66753,400,4,90001,0.241,1,1,No
59,119380,657,26,49489,0.529,5,3,No
44,182386,363,18,65313,0.374,1,0,No
58,163740,823,15,27736,0.386,0,3,Yes
44,104948,664,14,31244,0.195,5,2,No
53,147081,408,24,6589,0.304,1,3,Yes
37,174087,486,13,16747,0.257,0,3,No
64,46420,704,13,38388,0.595,3,2,No
56,102899,651,3,11765,0.073,4,1,No
55,31874,505,6,83150,0.155,5,3,No
26,89959,346,21,89399,0.446,2,1,No
36,121617,398,14,53122,0.413,5,0,No
65,198425,804,21,58668,0.479,5,4,Yes
48,167734,533,4,23502,0.077,3,1,Yes
61,170197,722,0,87069,0.58,0,3,Yes
52,77343,516,29,82321,0.609,5,0,No
46,44503,473,18,67546,0.519,1,0,No
31,40271,740,20,72177,0.155,2,4,No
45,156448,405,17,37975,0.523,4,2,No
51,120616,710,30,39998,0.24,0,0,No
41,133819,712,29,56519,0.141,4,3,Yes
65,150695,412,26,52939,0.099,2,4,No
23,43325,445,13,81933,0.078,4,3,No
32,156276,383,1,81805,0.555,5,2,No
60,163126,812,28,40762,0.556,1,3,No
61,80100,835,3,34713,0.07,2,2,No
45,182197,597,6,81066,0.479,2,4,No
37,43809,487,0,87471,0.202,0,3,No
58,183512,410,24,90104,0.184,3,1,No
56,173126,835,11,92450,0.387,1,3,No
56,89115,355,0,48036,0.325,0,1,No
39,77569,773,13,77428,0.163,2,1,No
64,159137,829,23,56382,0.053,1,3,Yes
22,59495,748,5,59971,0.244,2,1,No
37,30976,693,0,35267,0.293,2,0,No
50,121690,807,22,97243,0.335,0,0,Yes
30,45410,462,1,40215,0.295,1,3,No
55,147550,518,16,43807,0.278,4,0,No
56,150812,630,7,90196,0.628,2,1,No
53,106273,750,17,56871,0.602,2,4,No
21,63832,583,24,99122,0.285,5,3,No
38,61582,438,21,21967,0.615,0,2,No
24,85430,814,16,72827,0.102,4,0,Yes
47,151144,803,15,83602,0.058,1,0,Yes
45,38544,655,26,7420,0.249,4,1,No
48,144229,580,14,64890,0.161,1,0,Yes
42,74843,311,14,44452,0.473,1,3,No
62,102827,739,23,88868,0.426,4,4,No
45,124137,395,22,49216,0.635,0,0,No
37,138903,531,11,43049,0.502,4,3,No
64,199561,411,26,60186,0.287,0,4,No
32,96330,346,16,10455,0.211,0,0,No
36,188821,553,23,65073,0.083,4,2,No
57,187252,818,17,88486,0.209,2,3,Yes
36,34353,722,7,35698,0.159,3,1,No
37,71403,587,8,84514,0.553,0,1,No
51,47244,605,14,54530,0.246,0,4,No
35,108946,673,12,85690,0.46,1,3,No
33,100365,494,28,95800,0.439,2,4,No
60,150120,324,4,87006,0.086,1,3,No
47,38046,305,20,82422,0.064,4,0,No
41,178820,780,22,96611,0.317,2,0,Yes
22,72275,442,0,77805,0.605,4,3,No
28,166483,470,20,28881,0.434,4,4,No
62,69604,789,11,14814,0.564,2,3,No
27,189928,395,0,91118,0.076,4,0,No
30,58960,494,26,51673,0.277,4,1,No
24,141816,559,23,45436,0.085,5,0,No
63,122014,535,23,63808,0.255,5,2,No
61,161459,817,16,70290,0.221,3,4,No
56,77603,358,1,21167,0.603,2,4,No
55,86185,351,6,64276,0.541,3,4,No
63,137712,421,22,14112,0.534,4,2,No
23,58099,837,27,51079,0.065,2,4,No
38,132707,516,24,88562,0.355,3,2,No
63,75200,388,2,84877,0.108,5,1,No
44,168352,742,17,58800,0.569,0,0,No
52,158347,337,13,72295,0.321,5,0,No
54,63005,383,9,42844,0.108,5,0,No
22,136723,407,23,99108,0.64,2,2,No
22,31385,302,26,54010,0.223,4,0,No
30,123806,591,6,89498,0.17,4,1,No
43,28569,329,13,13507,0.389,5,3,No
35,132575,466,2,64612,0.341,2,1,No
32,130620,392,10,43753,0.215,2,0,No
63,50910,517,14,25356,0.492,5,4,No
37,78170,388,18,94669,0.224,0,3,No
38,155709,487,22,9837,0.257,5,3,No
34,152899,581,28,72682,0.47,3,3,No
37,94752,688,11,85814,0.393,4,4,No
35,56600,436,26,21040,0.223,5,3,No
32,41315,587,4,75784,0.604,3,2,No
36,115134,632,8,59351,0.481,0,4,No
52,180304,711,25,25568,0.231,4,2,No
43,51425,706,6,79791,0.568,5,4,No
58,147119,424,14,47243,0.238,2,0,No
54,100891,496,0,17195,0.635,4,3,No
54,109274,806,0,36412,0.595,4,4,No
36,199571,347,5,6930,0.291,1,2,No
54,79016,621,20,65217,0.448,5,1,No
60,125637,489,4,73369,0.371,5,3,No
27,180030,796,10,96254,0.54,1,2,No
53,87821,368,10,58489,0.567,0,1,No
24,72993,629,28,38046,0.428,1,4,No
63,177727,794,27,57587,0.383,2,3,Yes
27,177900,591,13,19916,0.254,0,1,Yes
38,138496,818,29,93294,0.59,3,2,No
24,129371,715,7,95222,0.414,5,1,No
31,81565,518,26,43992,0.091,3,4,No
63,197031,801,23,92976,0.451,5,4,No
40,184034,575,13,65940,0.178,4,4,No
31,158281,717,8,70091,0.135,4,4,No
35,167520,719,10,41537,0.642,3,4,No
37,144736,460,10,72050,0.588,2,0,No
54,25275,300,19,30309,0.487,1,1,No
32,46008,366,20,15157,0.402,4,2,No
62,85675,846,15,80662,0.281,5,3,No
48,83302,462,11,95695,0.24,0,1,No
55,155292,614,6,13517,0.252,3,0,No
28,125145,632,2,43105,0.322,1,1,No
47,45529,824,11,81535,0.255,4,3,No
42,40631,577,5,63200,0.185,2,3,No
44,104082,355,18,43345,0.597,1,1,No
22,121060,688,3,17727,0.505,2,2,No
51,96211,550,9,49115,0.435,0,2,No
42,167641,826,7,88027,0.316,2,3,No
21,134020,597,9,97504,0.533,5,3,No
34,74639,692,15,12558,0.147,3,1,No
45,194245,423,10,95374,0.134,3,4,No
56,80856,370,3,23990,0.622,4,3,No
56,65033,693,26,84837,0.615,5,1,No
61,194437,724,27,39459,0.451,1,0,No
23,190780,627,12,81240,0.329,4,0,No
25,184662,359,27,28834,0.584,5,2,No
21,89024,842,19,49497,0.494,0,2,Yes
39,36989,754,22,73691,0.511,5,3,No
53,131039,431,2,23817,0.44,4,1,No
62,189799,401,27,95348,0.603,2,0,No
50,195470,530,2,65053,0.237,1,1,No
32,63560,517,26,58777,0.21,3,0,No
30,122473,582,16,30927,0.403,3,3,Yes
54,191403,667,6,99090,0.26,4,1,No
36,189303,390,10,77478,0.084,1,2,No
60,35128,668,3,57606,0.627,5,1,No
49,49055,438,15,33090,0.592,3,2,No
35,53646,642,6,66931,0.056,3,0,No
31,129391,413,15,59103,0.571,0,1,No
64,99550,321,17,12523,0.361,3,2,No
54,158192,322,20,52987,0.353,5,1,No
56,28391,364,11,43435,0.15,2,3,No
50,166230,759,29,94168,0.168,4,2,No
55,66699,413,30,13121,0.219,5,4,No
29,179818,796,22,25591,0.384,1,0,Yes
38,38045,781,27,99605,0.34,2,1,No
39,134562,839,27,5176,0.216,0,1,Yes
59,196096,538,8,90108,0.534,0,0,No
24,83141,556,9,7968,0.261,0,2,No
26,31129,584,3,7247,0.168,5,0,No
53,116698,703,5,24015,0.298,2,1,No
52,63284,345,18,76341,0.474,1,4,No
36,73056,755,17,91483,0.244,1,1,No
31,125835,691,25,81073,0.241,2,3,Yes
42,166698,765,11,34052,0.119,5,2,No
56,79639,512,30,16345,0.111,0,4,No
43,119029,711,26,8007,0.226,1,0,No
46,177009,458,17,38312,0.482,2,2,No
51,43663,850,30,77230,0.373,3,1,Yes
49,121794,770,20,81677,0.545,5,4,No
25,199799,771,2,48398,0.481,1,0,Yes
58,32305,409,17,97462,0.433,4,0,No
45,46940,742,1,36849,0.136,0,1,No
54,69146,764,18,52021,0.599,5,0,No
32,38657,634,16,24010,0.068,3,3,No
42,146415,843,10,35114,0.625,0,3,No
29,25699,534,12,19142,0.532,3,4,No
40,98101,322,23,14126,0.201,1,2,Yes
49,32109,443,8,67093,0.641,3,3,No
64,99323,605,27,95899,0.319,4,2,Yes
49,75165,791,16,71449,0.533,1,4,No
65,181187,694,12,74467,0.609,0,0,No
47,90547,524,20,78381,0.349,1,3,No
37,35135,347,23,14366,0.422,0,3,No
25,45843,845,12,39492,0.443,3,1,Yes
65,25661,704,1,82087,0.4,5,4,No
33,144321,401,16,66518,0.161,4,2,No
62,178030,828,4,67835,0.225,2,2,No
35,34614,540,13,36452,0.114,3,3,No
35,91115,589,16,38253,0.311,5,1,No
38,138262,555,5,8978,0.161,1,1,Yes
22,127529,660,8,98807,0.155,5,3,No
43,104006,366,23,30295,0.119,5,1,No
63,103615,579,11,68355,0.304,3,2,No
33,40650,705,21,12723,0.106,1,0,No
63,38854,304,19,14445,0.488,3,4,No
24,95599,842,22,62714,0.59,3,0,No
45,114217,451,11,31078,0.238,4,3,No
31,172662,566,21,8652,0.554,1,0,No
62,69391,347,6,27900,0.403,4,4,No
32,191970,633,17,63883,0.294,3,2,No
33,105991,435,22,60801,0.537,3,4,No
29,43238,818,30,21857,0.523,1,1,No
65,194104,782,25,22261,0.614,5,3,Yes
58,43044,418,19,10243,0.614,4,4,No
26,130852,587,4,64337,0.468,2,1,No
63,171784,641,10,23138,0.598,4,1,No
63,161051,577,13,23694,0.083,3,1,No
30,124022,793,6,69196,0.164,0,4,No
43,86332,463,25,10474,0.234,5,0,No
35,41641,584,10,30139,0.526,4,4,No
65,186783,522,1,22569,0.076,2,1,No
43,144593,676,16,16547,0.505,5,0,No
60,137691,352,14,8554,0.452,0,3,No
57,67882,627,20,39308,0.577,4,1,No
54,89152,640,25,16406,0.078,0,2,Yes
36,65780,826,0,80803,0.423,3,4,No
65,83583,417,12,39643,0.11,5,1,No
61,73573,481,5,32675,0.084,5,3,No
52,52870,789,1,98556,0.619,3,4,No
58,113718,805,28,54876,0.183,2,1,Yes
60,191853,624,1,64767,0.163,1,3,Yes
25,177073,493,19,25799,0.575,0,0,No
37,144752,477,9,66891,0.238,2,1,No
42,104601,308,17,74658,0.558,4,1,No
59,156959,711,24,30516,0.452,3,0,No
61,134950,823,11,36753,0.164,4,0,Yes
38,91280,312,18,35989,0.362,1,0,No
48,114156,576,12,54838,0.447,0,0,No
33,175892,738,7,52692,0.484,2,4,No
62,46547,337,22,73276,0.339,1,0,No
21,92240,734,26,67273,0.263,0,0,No
39,82554,543,15,77113,0.619,3,2,No
54,94600,848,10,30512,0.3,1,3,No
24,76108,472,22,18096,0.465,4,3,No
63,35718,550,19,55478,0.552,2,4,No
23,29214,641,3,41908,0.151,5,4,No
61,115597,313,27,42873,0.34,2,2,No
30,142189,573,16,71652,0.381,2,0,No
48,102038,652,7,97224,0.392,1,0,No
54,128431,434,0,33843,0.139,1,2,No
59,198098,741,28,36800,0.066,3,0,Yes
39,137424,678,19,74117,0.449,1,1,No
62,152107,426,2,13155,0.423,5,3,No
56,153899,600,12,30332,0.47,4,1,No
63,35007,458,0,44122,0.184,5,2,No
23,64305,834,22,81576,0.253,4,4,No
43,184277,499,22,44162,0.392,4,2,Yes
37,143744,364,1,18810,0.085,3,3,No
27,74349,378,25,59452,0.174,5,2,No
46,196471,391,4,71457,0.578,0,1,No
63,52947,439,7,36063,0.143,2,0,No
38,70275,300,16,13518,0.149,0,1,No
26,161035,566,28,75570,0.483,4,3,No
51,147656,350,24,69180,0.58,1,4,No
49,72197,528,22,83937,0.633,2,2,No
29,178752,668,22,38487,0.552,3,3,No
55,121974,749,27,51093,0.477,1,2,No
37,177318,398,1,23354,0.582,0,3,No
32,87885,792,7,28932,0.351,0,2,No
56,149061,371,10,96044,0.225,4,1,No
44,159413,480,27,85250,0.482,3,0,No
30,138457,455,18,38674,0.294,4,1,No
50,32747,691,12,67784,0.276,3,1,No
49,125866,659,25,85290,0.305,3,2,No
59,106132,641,6,81191,0.425,2,4,No
30,88409,319,18,44601,0.591,5,3,No
59,186699,632,5,11688,0.621,3,1,No
48,108587,491,12,49356,0.443,5,4,No
38,96949,645,16,5833,0.072,5,1,No
61,109568,594,19,84648,0.294,0,1,No
37,96270,434,24,41601,0.128,0,1,No
31,66596,502,22,69919,0.385,0,4,No
21,55786,387,22,52847,0.287,0,1,No
37,147887,644,3,71700,0.493,1,4,No
56,108499,549,25,42638,0.411,2,1,No
56,48999,618,10,45994,0.16,4,1,No
29,172590,796,16,23706,0.142,4,0,Yes
65,184479,588,0,91625,0.11,1,0,No
48,89303,600,10,77601,0.496,4,2,No
53,54501,305,18,68028,0.249,1,1,No
23,127424,848,12,19517,0.314,4,0,No
28,60280,557,27,76266,0.307,4,4,No
26,54045,521,30,99102,0.445,2,4,No
26,49432,612,22,95302,0.078,3,0,No
49,51745,647,13,19042,0.263,3,0,No
57,185515,390,15,47249,0.108,1,2,No
32,145720,470,13,47787,0.079,0,2,No
29,190072,593,6,73573,0.099,2,0,No
61,120832,491,4,11625,0.303,5,1,No
39,133034,848,8,31611,0.466,0,2,Yes
37,139650,399,10,16168,0.328,2,4,No
64,84024,330,30,87376,0.197,0,1,No
52,161725,803,17,69832,0.441,1,3,No
55,94625,397,8,54790,0.171,1,0,No
34,50194,351,8,23080,0.277,2,1,No
36,147467,774,5,89854,0.621,4,2,No
41,68748,642,19,70606,0.548,2,3,No
32,146778,649,20,47952,0.598,1,1,No
44,76996,818,5,50244,0.145,3,2,No
54,127605,317,3,24343,0.422,4,3,No
28,156070,529,24,77413,0.236,0,3,Yes
64,70638,780,10,11353,0.54,4,4,Yes
41,105283,459,1,74823,0.323,2,3,No
28,52980,711,11,87107,0.492,3,3,No
48,183083,687,29,28666,0.237,2,1,Yes
36,182158,301,7,24981,0.091,5,1,No
30,95498,450,24,99637,0.501,4,3,No
35,199350,834,29,72548,0.411,3,0,Yes
24,91393,646,29,83309,0.57,0,2,No
46,90158,717,12,41050,0.119,2,0,No
35,118841,467,30,7949,0.632,0,4,No
56,142080,309,3,57804,0.598,4,0,No
52,151948,637,8,81042,0.442,5,3,No
63,88636,410,28,50254,0.365,2,4,No
58,130075,479,28,49169,0.289,2,0,No
24,172475,710,15,74479,0.107,2,3,Yes
61,27420,480,1,83837,0.607,3,3,No
29,167290,666,18,97128,0.167,2,1,Yes
55,196763,824,25,87554,0.264,5,1,Yes
48,186206,473,4,31826,0.161,3,4,No
57,28133,385,19,91609,0.207,1,2,No
29,85901,847,13,12900,0.286,2,3,No
22,124089,362,10,97034,0.468,1,3,No
23,90370,730,28,22714,0.537,0,3,Yes
64,65503,673,2,60692,0.085,4,4,No
25,149309,563,19,31002,0.539,5,0,No
30,106671,468,24,98962,0.526,2,0,No
48,75570,616,8,46540,0.131,0,3,No
35,124851,703,4,79264,0.215,1,2,No
34,70231,512,22,59876,0.1,3,2,No
43,107278,660,23,18589,0.341,3,1,Yes
33,72934,422,28,92256,0.631,1,0,No
36,26562,321,17,86311,0.576,0,3,No
50,43561,517,28,27178,0.574,2,2,No
60,189318,693,8,19136,0.126,0,0,Yes
28,156335,560,8,11835,0.591,3,1,No
37,147691,823,1,32702,0.062,2,3,No
50,31646,532,5,54343,0.507,1,4,No
37,122439,587,3,34648,0.23,1,3,No
55,101684,797,26,48609,0.351,4,3,No
21,139517,675,0,6666,0.49,1,0,No
44,116673,386,30,29611,0.438,4,0,No
45,182084,469,26,59843,0.251,1,0,No
22,174461,528,12,13311,0.541,3,2,No
45,104889,510,4,81256,0.441,5,1,No
34,77292,792,13,27790,0.556,3,0,No
59,50483,839,27,26741,0.27,4,1,Yes
53,188969,321,13,69874,0.12,2,0,No
37,197969,601,18,85172,0.273,4,2,No
51,176174,331,0,90031,0.347,0,1,No
30,119074,610,30,63692,0.136,0,2,Yes
26,96385,644,17,12029,0.387,4,4,No
59,118493,436,6,99961,0.447,5,4,No
45,145294,783,16,91966,0.052,4,2,Yes
58,38807,811,2,45956,0.383,2,1,Yes
57,100765,727,26,94733,0.127,1,4,Yes
50,71062,615,0,59846,0.136,5,3,No
54,50282,362,0,25523,0.276,3,4,No
38,124006,581,11,82296,0.106,1,1,No
44,144529,334,12,50251,0.393,4,1,No
47,138729,674,23,36995,0.492,3,1,No
47,39272,562,21,81577,0.246,3,0,No
59,78283,352,3,98169,0.611,4,3,No
41,78994,815,14,9312,0.476,3,0,No
39,113080,813,23,54367,0.643,1,4,No
59,104904,590,22,45641,0.414,3,4,No
43,195332,784,24,79054,0.326,1,0,Yes
59,161571,733,16,78034,0.508,5,1,Yes
64,109475,414,25,27109,0.287,1,4,No
35,185389,414,20,12890,0.05,0,2,No
63,36178,423,5,16451,0.178,5,4,No
22,28939,594,21,14896,0.173,3,3,No
55,144639,686,25,41943,0.343,4,4,No
40,143026,572,12,28961,0.477,2,1,No
48,140485,681,6,74625,0.384,0,2,No
35,121137,521,4,8105,0.112,1,0,No
36,106242,441,10,40569,0.206,5,1,No
53,183359,520,4,88396,0.132,0,3,No
32,131938,498,29,58075,0.098,0,2,No
59,124957,382,30,31597,0.144,5,4,No
59,165226,512,0,44027,0.362,2,0,No
63,82916,802,12,52883,0.503,4,3,No
40,136212,606,11,76622,0.288,2,2,No
49,37034,677,26,98685,0.17,1,2,No
63,120013,572,25,85609,0.308,4,1,No
23,185809,360,13,30736,0.248,4,1,No
25,156887,646,30,95745,0.077,5,1,No
22,154036,330,20,89004,0.604,0,2,No
43,64735,826,25,69127,0.056,0,4,Yes
46,75362,659,0,22288,0.075,3,2,No
46,77286,620,25,51580,0.23,4,2,No
27,107474,575,12,97006,0.516,2,0,No
30,130212,717,17,74579,0.343,2,4,No
25,185568,539,16,32711,0.357,5,4,No
32,103996,449,7,56851,0.42,0,3,No
52,102790,361,7,37548,0.074,3,2,No
62,36957,728,7,58775,0.625,4,1,No
51,32852,550,28,41456,0.38,0,4,No
42,91800,310,25,48394,0.544,4,2,No
37,48203,716,25,40463,0.307,0,3,No
40,197925,849,16,52498,0.311,5,1,No
40,35364,490,19,28008,0.151,3,4,No
63,183811,849,11,20246,0.266,4,3,Yes
28,87176,756,10,36254,0.161,0,2,No
54,63304,568,16,70257,0.598,5,1,No
43,50814,800,19,85907,0.247,3,4,No
58,41057,543,6,52604,0.29,1,1,No
48,105509,579,9,59006,0.131,2,4,No
33,43201,447,22,91770,0.645,3,4,No
49,74724,408,16,18954,0.393,3,0,No
28,194160,740,25,77226,0.395,4,4,No
31,68292,748,17,45803,0.137,5,4,No
65,149990,398,26,64613,0.458,4,0,No
38,119853,403,21,17665,0.459,1,4,No
45,74902,492,26,60924,0.593,2,0,No
42,144144,345,28,67062,0.22,2,3,No
65,179810,497,21,27270,0.572,3,4,No
55,144724,404,16,32888,0.316,2,1,No
49,60618,328,19,58975,0.185,1,4,No
41,55765,468,30,73947,0.446,5,0,No
27,50322,826,10,44507,0.07,5,3,No
32,167351,830,8,48808,0.565,0,3,No
56,178088,756,7,89599,0.089,0,2,No
44,105615,788,10,34556,0.289,4,3,No
52,49725,742,3,36922,0.136,0,1,No
47,98519,636,18,97484,0.332,1,0,No
52,146837,698,7,74135,0.624,3,0,No
52,47137,485,28,91824,0.136,4,3,No
52,37057,597,8,89333,0.115,5,3,No
46,46281,830,13,76496,0.169,1,1,No
31,136473,754,13,17301,0.613,0,3,No
38,130273,772,0,21412,0.219,1,1,No
59,177788,376,25,11797,0.414,4,1,No
25,162606,544,14,58382,0.223,3,0,No
36,84672,723,29,86896,0.482,3,2,No
31,131424,435,29,30003,0.429,3,4,No
55,133171,436,7,27280,0.626,2,1,No
31,194630,504,30,35029,0.247,1,2,No
62,139670,359,4,40380,0.238,1,3,No
43,150466,548,18,48337,0.518,2,2,No
54,51965,714,15,56758,0.145,4,0,No
37,61469,696,9,24855,0.487,4,2,No
30,108280,344,10,26247,0.513,0,4,No
38,167330,301,4,13612,0.565,4,3,No
64,134642,461,9,63134,0.464,5,4,No
28,88580,496,15,33663,0.15,4,3,No
46,28067,525,3,83335,0.252,3,3,No
23,117274,301,0,92353,0.084,5,4,No
44,59212,511,28,47942,0.502,5,2,No
23,168289,592,23,81673,0.465,1,0,No
58,177943,379,14,7025,0.359,3,4,No
22,30179,418,28,76036,0.637,1,0,No
55,48165,307,6,27517,0.242,1,3,No
37,161991,534,26,54923,0.584,1,2,No
29,80012,726,19,99304,0.159,0,2,No
56,106092,578,3,98181,0.623,3,2,No
42,178366,659,13,98333,0.223,2,3,No
51,103272,479,28,38464,0.534,5,0,No
54,198734,511,4,43942,0.117,2,2,No
44,104532,848,16,31315,0.296,0,2,Yes
29,115686,517,3,86504,0.63,3,3,No
63,154333,750,4,11965,0.237,0,2,No
22,47298,445,23,70147,0.518,0,2,No
41,186628,358,16,97051,0.341,5,3,No
54,193483,702,10,23600,0.413,3,2,No
47,38746,790,3,12176,0.409,5,1,No
57,189500,332,25,85047,0.392,5,0,No
27,46999,833,25,74398,0.34,4,2,No
42,126136,710,28,22874,0.164,2,0,Yes
24,55361,733,14,98630,0.057,2,1,No
34,136125,670,6,29054,0.456,1,2,No
54,164560,480,4,71868,0.474,1,1,No
43,63381,349,13,5831,0.514,2,0,No
64,179426,621,0,98471,0.609,5,3,No
62,172786,798,6,90183,0.148,3,0,Yes
45,31777,382,12,57648,0.584,0,4,No
21,168113,835,12,50522,0.192,0,3,No
35,38142,368,0,12213,0.375,0,2,No
52,116396,307,14,86681,0.206,3,4,No
34,165342,398,1,40992,0.133,3,1,No
61,148754,507,7,68183,0.081,3,1,No
41,28866,491,24,13025,0.256,3,4,No
27,169101,671,7,80852,0.633,5,2,No
56,194953,325,23,56295,0.334,3,2,No
41,134181,806,13,20478,0.073,3,4,Yes
60,150369,447,21,56441,0.455,1,0,No
32,124889,677,22,36460,0.171,3,4,No
35,27940,815,3,81818,0.085,2,3,No
35,170177,364,27,84949,0.526,1,3,No
37,119580,578,12,97895,0.318,1,4,No
54,89556,665,4,65476,0.636,5,0,No
64,137012,798,13,39127,0.479,1,3,No
55,47789,468,17,79084,0.223,3,2,No
59,169290,761,9,37839,0.639,0,3,Yes
58,42886,719,26,70339,0.572,4,2,No
34,42129,837,3,44260,0.24,3,3,No
25,191452,339,6,71993,0.224,4,4,No
50,157580,807,3,57280,0.351,2,3,No
24,102507,662,21,61516,0.375,3,3,No
35,190801,786,10,34581,0.397,5,0,No
59,154539,383,10,44447,0.181,3,4,No
55,165859,537,11,83601,0.083,4,0,No
65,152660,643,23,22092,0.375,2,1,Yes
30,65519,757,14,15796,0.414,1,4,No
22,159730,808,4,50237,0.625,1,3,Yes
64,48361,637,7,51827,0.376,2,1,No
44,113529,481,19,71826,0.144,1,2,No
48,142131,306,10,41673,0.234,4,4,No
42,181880,707,17,42612,0.081,4,4,No
64,169946,598,24,31934,0.059,2,3,No
52,179019,561,17,33660,0.337,5,4,No
51,65284,698,22,32095,0.447,1,3,No
39,44432,774,5,63937,0.621,1,3,No
41,94578,488,17,33070,0.43,3,4,No
23,111059,576,18,48220,0.159,1,4,No
26,160274,809,27,52497,0.594,0,2,Yes
52,194964,395,13,87506,0.578,3,3,No
22,70205,331,10,85699,0.295,5,0,No
44,32773,567,26,99708,0.363,0,2,No
65,42671,692,6,70613,0.35,5,2,Yes
47,33301,831,13,18892,0.314,0,0,No
29,153017,698,15,21895,0.248,0,4,No
33,188701,537,29,84921,0.642,5,4,No
34,78971,832,21,40951,0.595,2,3,No
31,76942,649,12,65184,0.25,1,4,No
34,185071,650,5,55713,0.419,3,0,No
36,99188,310,22,48557,0.101,4,2,No
30,107663,363,14,88499,0.497,2,2,No
40,43794,421,4,34484,0.556,5,1,No
36,118904,486,16,42729,0.33,3,4,No
54,71536,691,4,69477,0.096,5,0,No
36,99170,499,24,85400,0.399,0,4,No
34,26833,354,17,39163,0.083,2,4,No
48,58653,681,9,57276,0.54,5,3,No
38,171391,594,18,45611,0.401,3,1,No
46,28604,354,1,71272,0.573,5,4,No
58,161429,726,20,39398,0.277,1,1,Yes
27,172329,379,15,18329,0.2,1,0,No
65,53932,788,20,54419,0.613,2,0,No
54,86719,571,12,63821,0.59,1,2,No
65,90415,560,27,23826,0.09,1,0,No
27,89413,550,20,9350,0.568,0,2,No
53,110141,595,21,80545,0.607,2,4,No
55,153826,472,18,46128,0.322,4,0,No
59,131647,552,23,10590,0.586,2,0,No
41,146625,835,2,59902,0.318,0,0,Yes
48,26596,788,17,5368,0.084,2,3,Yes
52,138675,425,24,48140,0.378,3,0,No
64,55733,738,13,80741,0.612,2,1,No
36,133030,588,21,19531,0.37,2,2,No
30,34757,478,6,61484,0.133,0,4,No
43,165214,379,29,6413,0.314,2,3,No
35,109412,396,11,81821,0.114,3,0,No
63,50917,329,16,77220,0.401,5,2,No
26,122054,743,11,75596,0.425,2,3,No
53,189378,562,29,25204,0.448,5,4,No
59,147851,689,2,95258,0.082,1,0,Yes
32,184373,365,22,89519,0.559,3,3,No
56,63321,830,7,41045,0.6,2,2,No
51,106193,569,26,40886,0.222,4,0,No
30,100462,348,27,8967,0.52,5,4,No
54,185039,333,17,96495,0.34,2,3,No
61,90549,539,20,64260,0.369,1,2,No
30,115302,613,20,43587,0.196,1,2,No
31,162065,448,24,98607,0.587,1,3,No
34,188209,754,30,68212,0.625,3,2,Yes
23,147293,456,14,25310,0.443,4,4,No
53,94638,531,18,8482,0.141,3,3,No
27,26104,506,12,55660,0.371,2,1,No
24,60580,471,15,10823,0.231,4,4,No
59,63899,711,26,97651,0.321,0,2,No
30,129932,465,14,80349,0.455,5,4,No
35,182028,826,29,69765,0.092,5,1,No
36,87774,804,10,25981,0.172,2,0,No
58,138145,843,26,62098,0.5,5,3,Yes
24,131135,375,12,60502,0.073,3,3,No
24,107721,511,20,5334,0.411,0,1,No
56,139301,321,13,29856,0.21,2,1,No
47,78696,453,12,10204,0.591,2,0,No
42,31428,723,27,31026,0.55,4,2,No
42,106177,591,7,13776,0.602,3,2,No
37,166385,709,28,14688,0.106,1,1,Yes
65,29140,420,10,22648,0.647,5,2,No
54,27792,810,13,65443,0.136,5,4,No
52,93259,811,18,83678,0.572,0,3,No
26,112496,684,14,39204,0.276,3,4,No
53,127492,533,21,92645,0.623,1,2,No
28,187113,517,24,43232,0.051,5,2,No
56,52089,715,9,42282,0.464,5,2,No
25,25603,761,3,47368,0.647,0,2,No
25,32150,638,6,79584,0.466,2,0,No
30,138193,545,23,54554,0.474,0,4,No
60,81048,448,5,42536,0.45,3,1,No
27,47346,703,0,35772,0.638,4,3,No
32,106478,802,21,41967,0.481,4,4,No
50,93311,683,27,56542,0.348,0,1,No
45,159711,332,19,41915,0.199,4,3,No
48,115702,701,10,98926,0.516,3,2,No
63,151450,724,18,99818,0.147,1,1,No
33,91386,568,2,30819,0.087,4,4,No
42,74591,598,2,38391,0.508,3,3,No
38,98336,412,0,36144,0.271,0,0,No
47,146545,803,9,99786,0.177,0,1,No
28,97111,620,25,32051,0.51,3,1,No
26,68955,339,13,30867,0.571,3,2,No
31,119535,847,16,20994,0.113,4,3,No
49,153256,664,1,41090,0.299,1,1,No
61,55249,505,13,31401,0.064,0,0,No
25,46577,534,4,25469,0.547,3,3,No
27,140945,406,6,65357,0.055,1,4,No
42,174000,391,14,30006,0.284,0,4,No
24,186310,713,20,69705,0.592,3,0,No
52,69639,339,28,36764,0.4,1,3,No
39,57001,695,18,93138,0.532,4,2,No
65,43199,773,20,89000,0.131,0,0,No
53,125580,765,5,84372,0.119,2,0,No
21,91986,605,19,57010,0.263,3,3,No
61,122989,342,3,76505,0.454,2,1,No
64,128210,432,13,8819,0.148,5,0,No
61,96384,650,0,75141,0.089,0,4,No
28,180821,448,22,99168,0.635,4,2,No
52,155171,370,7,69220,0.224,0,4,No
50,69738,620,19,67576,0.425,4,4,No
48,112272,743,5,61117,0.446,0,0,No
61,174632,461,14,93530,0.073,1,2,No
52,106470,659,5,17389,0.39,2,4,No
45,184979,757,14,88171,0.17,1,1,Yes
54,104691,495,0,96085,0.104,0,2,No
53,64101,459,9,35625,0.288,1,3,No
33,118884,805,3,92849,0.526,5,0,No
45,84036,391,13,84581,0.631,0,4,No
62,41674,560,21,9660,0.347,0,1,No
60,48892,444,11,56977,0.582,0,2,No
59,141106,538,24,69367,0.617,4,0,No
64,144998,370,19,98931,0.316,4,0,No
64,112558,774,15,55631,0.137,3,1,No
30,188366,846,24,8581,0.236,4,1,Yes
51,85487,607,19,69490,0.283,2,1,No
64,43580,698,6,84317,0.323,0,3,No
31,156533,402,6,34463,0.437,0,0,No
45,139048,579,23,6093,0.437,5,3,Yes
65,147647,432,6,92940,0.376,5,4,No
54,160804,385,5,59914,0.187,4,3,No
40,107565,480,18,79359,0.268,4,4,No
27,86957,334,14,41427,0.298,2,3,No
53,178470,805,25,61601,0.448,5,3,No
55,57639,333,22,21033,0.135,0,1,No
49,70134,777,27,10319,0.195,1,0,No
32,100298,765,21,52022,0.22,4,2,No
25,74967,684,9,45122,0.361,1,1,No
32,33040,421,11,72784,0.504,2,2,No
49,149970,608,7,16365,0.557,4,3,No
55,62666,507,3,78559,0.495,2,1,No
40,159276,425,6,91219,0.499,2,0,No
57,58897,804,22,34259,0.195,4,2,Yes
21,71750,361,2,7093,0.581,1,2,No
36,68015,354,7,87102,0.082,0,3,No
50,43181,647,12,29721,0.374,0,1,No
29,143102,673,30,50328,0.103,0,3,No
62,43868,822,12,48943,0.411,1,2,No
30,113143,539,25,9772,0.078,3,2,No
33,49107,523,15,15782,0.435,1,1,No
40,42072,837,15,44688,0.07,1,3,Yes
49,70955,347,1,78318,0.149,0,0,No
24,178887,786,2,32620,0.502,2,4,No
48,153112,820,30,94106,0.232,0,1,Yes
57,118122,633,14,30908,0.58,1,1,No
33,53478,546,16,87403,0.109,1,4,No
23,112921,404,1,41610,0.368,3,1,No
57,146787,813,28,61867,0.605,3,0,No
39,184969,808,26,38113,0.298,2,0,Yes
48,55028,758,16,52034,0.247,3,0,Yes
39,55112,671,5,81639,0.63,3,1,No
37,80573,334,10,96015,0.305,2,0,No
38,142527,543,4,25916,0.469,4,0,No
38,77226,708,5,8108,0.602,4,4,No
43,61146,820,2,20357,0.056,1,4,Yes
60,150981,504,22,42092,0.392,4,2,No
29,69568,844,30,18386,0.478,1,1,Yes
49,119816,792,3,24013,0.301,1,3,No
62,183087,568,14,78380,0.454,3,0,No
49,105224,451,28,33063,0.534,3,4,No
22,39350,361,16,10536,0.239,4,0,No
37,129752,467,30,49461,0.244,5,1,No
65,59045,683,2,74968,0.103,2,2,No
51,145758,611,15,6852,0.623,2,0,No
48,146684,359,20,73533,0.07,1,0,No
63,154663,578,28,85293,0.332,2,2,No
59,32353,616,22,57117,0.37,3,0,No
50,33578,599,15,45171,0.135,1,1,No
55,98203,342,30,64365,0.344,2,3,No
40,25013,617,24,64073,0.227,1,3,No
36,81549,411,20,62273,0.532,0,3,No
54,176642,806,0,71188,0.544,0,3,No
34,143163,772,20,52870,0.31,1,2,Yes
46,74155,470,10,54435,0.311,0,3,No
40,118181,659,0,22339,0.096,2,4,No
62,188479,710,6,27392,0.264,3,4,Yes
44,159362,556,8,66936,0.293,3,3,No
63,152771,348,12,29727,0.318,0,2,No
38,86282,763,21,22219,0.322,1,2,No
63,152191,525,19,93549,0.105,3,3,No
29,196770,822,5,95207,0.148,2,4,No
39,83946,692,29,94773,0.31,0,3,No
40,94509,387,16,80289,0.277,5,1,No
62,52118,400,19,88370,0.135,3,1,No
50,51218,398,5,62423,0.439,5,2,No
46,51065,833,1,95112,0.121,2,3,No
51,113507,785,2,71384,0.053,5,3,No
55,70018,370,19,47206,0.418,1,3,No
23,187570,727,5,67395,0.1,0,1,No
60,175689,585,29,17132,0.086,4,1,No
49,121430,615,18,54551,0.101,4,1,No
26,173842,776,0,74229,0.612,2,0,No
21,173653,426,21,12875,0.113,0,4,No
44,174741,850,23,16306,0.553,2,3,Yes
58,106058,724,30,20130,0.516,1,2,Yes
54,136605,686,15,91642,0.555,1,2,No
27,135485,438,7,58304,0.413,3,0,No
31,44343,431,15,79324,0.143,5,1,No
31,75413,535,26,36916,0.513,3,1,No
56,152605,460,3,42132,0.389,3,3,No
40,42924,716,21,79438,0.391,3,0,No
36,132289,703,14,70399,0.415,4,1,No
25,89407,464,13,92339,0.139,3,1,No
44,57066,525,0,50596,0.225,4,2,No
50,88894,448,21,98334,0.646,1,2,No
50,147355,613,27,95813,0.574,5,1,No
59,149900,606,0,96729,0.266,2,4,No
57,197645,719,3,69087,0.642,3,2,Yes
53,185229,477,14,29495,0.092,3,4,No
40,104820,630,30,49221,0.259,0,0,Yes
42,153078,803,24,8972,0.383,1,2,Yes
61,119529,840,5,65183,0.423,1,2,No
41,78386,597,3,92892,0.533,0,1,No
57,98039,486,25,76659,0.492,5,3,No
47,167561,750,19,64132,0.463,0,0,No
58,103395,383,3,97320,0.635,1,1,No
55,36015,557,9,71313,0.409,4,3,No
58,109560,413,6,84464,0.054,4,3,No
60,169168,388,26,19462,0.42,4,2,No
26,50562,835,24,66972,0.505,4,1,No
52,104738,846,5,93977,0.601,1,4,Yes
36,50848,720,22,46245,0.285,0,3,No
48,73548,473,30,52776,0.081,2,4,No
36,82151,801,3,48699,0.126,3,0,No
47,166498,773,26,63764,0.595,0,3,No
23,168608,512,12,10636,0.62,0,1,No
41,137409,472,10,85959,0.19,4,4,No
58,105117,699,20,80397,0.455,1,4,No
58,73030,578,8,37723,0.334,0,4,No
50,32385,515,7,80083,0.413,3,2,No
42,81746,809,28,94355,0.08,4,2,No
39,47542,518,9,92353,0.628,3,1,No
51,176295,403,1,84628,0.333,0,0,No
40,140513,350,23,48780,0.514,3,3,No
39,191576,376,2,43355,0.36,5,2,No
22,78784,728,1,83804,0.564,5,3,No
60,181139,303,17,57803,0.43,0,0,No
59,35051,610,10,20189,0.242,2,1,No
47,199371,388,19,44302,0.349,3,1,No
28,181239,770,0,6699,0.524,3,0,No
65,191574,662,4,31458,0.211,4,1,No
47,81039,329,26,91866,0.522,5,1,No
35,132443,457,6,71685,0.475,2,3,No
32,116687,816,17,37880,0.055,5,2,Yes
34,156754,792,4,18713,0.57,0,2,No
27,181276,570,19,75368,0.363,5,3,No
37,152568,700,5,72151,0.607,5,0,No
46,176938,347,0,8644,0.057,5,3,No
57,71662,652,16,63323,0.567,3,0,No
40,46131,580,17,87774,0.512,3,2,No
30,157165,799,3,73205,0.447,2,4,No
39,104021,574,16,88124,0.409,4,3,No
38,35683,358,12,97619,0.41,5,3,No
50,110692,480,4,45302,0.553,0,0,No
50,197464,770,21,50370,0.646,5,4,No
45,161406,723,25,46782,0.327,2,1,No
44,140288,512,3,32029,0.39,2,1,No
30,133162,399,22,77343,0.159,5,1,No
22,126059,761,4,88607,0.285,0,2,No
58,99046,318,8,65937,0.152,0,3,No
52,179972,835,12,9745,0.056,1,1,Yes
55,187179,389,29,73057,0.484,2,3,No
57,81660,789,8,43148,0.234,4,1,No
27,67822,614,3,29240,0.572,0,1,No
27,49646,616,25,62490,0.345,4,3,No
47,79400,331,13,94011,0.532,1,1,No
30,90979,718,21,60232,0.304,5,0,No
53,73417,737,1,35067,0.55,5,0,No
63,88505,429,30,29998,0.564,0,3,No
27,96210,507,17,45058,0.33,1,0,No
26,128499,498,18,18157,0.61,0,4,No
26,157941,543,25,99206,0.227,4,3,No
33,78800,660,1,25480,0.274,2,2,No
33,67971,387,8,37458,0.336,4,1,No
22,183569,325,13,19672,0.499,2,1,No
39,25770,523,11,8021,0.289,1,3,No
39,112482,790,19,74739,0.1,2,1,No
58,75105,582,4,17054,0.051,2,3,No
22,185072,810,1,20057,0.574,3,0,No
46,26559,468,7,65818,0.434,5,1,No
26,117609,638,27,93602,0.152,1,0,No
40,77598,689,23,32409,0.591,2,1,No
43,118659,510,22,34365,0.483,2,4,Yes
35,31982,406,6,16408,0.509,1,2,No
26,174896,616,6,28990,0.32,0,3,No
48,123412,621,7,80421,0.502,2,3,No
55,144142,504,19,46953,0.414,4,3,No
31,34147,523,21,34647,0.491,4,0,No
28,163150,342,27,94652,0.253,3,1,No
44,110280,361,23,67544,0.371,0,1,No
41,110409,312,23,67857,0.071,1,0,No
56,90853,777,3,35813,0.147,5,3,No
27,123644,382,0,94245,0.564,1,1,No
25,193284,673,1,83361,0.444,0,1,No
49,108994,394,3,37788,0.547,3,2,No
36,148517,819,8,66703,0.387,1,1,Yes
26,70456,830,2,58695,0.309,0,4,Yes
34,47062,585,20,79711,0.539,5,4,No
22,70423,473,30,10547,0.078,2,2,No
45,133886,465,0,93002,0.462,2,3,No
51,154716,572,28,10943,0.416,0,3,Yes
33,145172,653,4,10770,0.071,4,0,No
38,102716,742,10,68067,0.251,4,4,No
37,169456,848,10,42540,0.361,1,3,No
65,37128,671,10,25103,0.069,3,0,Yes
48,37473,749,14,89409,0.235,1,4,No
32,27366,341,0,78733,0.059,5,0,No
55,52578,554,10,59943,0.213,0,3,No
42,40327,364,5,29931,0.636,4,4,No
59,127008,772,27,5402,0.322,3,2,Yes
21,193041,635,16,92402,0.62,3,4,No
57,151775,309,17,41840,0.533,1,3,No
41,136009,320,10,97561,0.207,3,3,No
21,102745,479,8,78570,0.612,2,3,No
24,37929,658,26,31200,0.23,2,2,Yes
52,166516,378,28,7983,0.257,2,4,Yes
21,164828,432,11,86979,0.232,0,2,No
33,159525,691,12,44079,0.315,0,0,Yes
37,198334,684,30,37720,0.094,4,0,Yes
32,72292,383,2,79305,0.54,2,0,No
27,51326,586,24,31261,0.099,3,4,No
23,114537,451,29,61356,0.337,3,1,No
46,189097,553,3,39669,0.092,2,3,No
51,39788,600,20,87976,0.443,5,4,No
56,26046,690,15,71835,0.32,1,1,No
46,162718,429,22,75704,0.051,3,1,No
23,76384,756,3,55849,0.309,2,0,No
64,84938,388,27,71402,0.268,1,4,No
48,78229,629,26,55100,0.598,0,1,No
64,182359,770,11,98243,0.409,3,1,No
37,106968,342,9,21449,0.546,0,1,No
58,125157,766,25,39075,0.137,1,4,Yes
50,176197,354,28,75098,0.126,4,4,No
22,190908,350,12,39487,0.16,5,3,No
28,150830,653,5,86331,0.616,4,1,No
34,136720,548,24,15250,0.11,2,3,No
57,96359,626,7,29746,0.34,1,0,No
55,182097,406,10,13955,0.096,5,3,No
62,189068,476,28,21559,0.505,5,0,No
59,192092,428,16,23105,0.281,2,1,No
31,123655,492,5,73280,0.417,1,3,No
35,176493,724,14,79725,0.093,4,0,No
22,49809,393,12,23263,0.309,1,4,No
57,82609,733,8,74625,0.13,5,2,No
63,173313,395,14,57405,0.245,3,4,No
52,148378,599,18,50697,0.163,4,1,No
60,34068,664,18,16305,0.339,1,3,No
33,89729,815,28,28287,0.586,1,0,Yes
63,51834,703,9,35342,0.288,4,1,No
37,94730,535,27,7291,0.592,0,3,No
35,116756,841,4,81389,0.515,0,1,No
53,104235,370,24,89344,0.498,5,2,No
36,76544,649,14,68225,0.519,2,3,No
33,93860,384,2,54599,0.476,2,1,No
42,68911,797,15,65256,0.172,3,2,No
43,64029,664,4,56591,0.553,5,1,No
56,150527,626,26,30402,0.276,4,4,No
63,182904,791,4,15599,0.212,5,4,No
30,26432,459,26,51216,0.55,5,3,No
37,25480,507,23,66579,0.42,1,3,No
50,147879,489,1,75713,0.202,0,4,No
33,93506,801,7,36370,0.583,0,4,No
50,190505,422,16,14871,0.373,5,4,No
50,140016,404,20,28717,0.064,2,4,Yes
27,77406,498,2,43244,0.366,2,4,No
30,170337,511,20,33781,0.623,1,2,No
55,99144,824,24,61687,0.147,2,2,Yes
22,141989,584,28,31818,0.231,3,2,No
50,25944,623,30,73590,0.187,4,2,No
39,59820,766,27,32208,0.182,1,4,Yes
59,166614,437,26,30584,0.096,5,0,No
57,98239,655,0,93803,0.33,3,0,No
23,84998,375,21,64782,0.541,2,4,No
45,68743,710,9,47484,0.194,4,1,No
54,185994,654,27,68608,0.477,0,3,No
42,38965,369,15,43347,0.394,0,4,No
58,45387,477,12,73047,0.177,0,1,No
34,59354,569,5,81439,0.392,2,1,No
59,74541,543,12,24895,0.364,5,0,No
22,28728,455,11,97222,0.185,5,2,No
52,83193,488,22,90401,0.06,2,3,Yes
63,114927,498,25,7074,0.294,5,4,No
23,50394,374,25,69836,0.244,3,1,No
61,143323,844,4,25186,0.22,3,3,No
28,102835,392,28,52636,0.469,1,3,No
46,162552,491,6,38358,0.476,2,3,No
52,72232,405,1,49019,0.606,5,4,No
31,109239,737,17,95618,0.066,0,0,No
21,101656,530,9,68883,0.596,0,0,No
35,63920,598,23,69842,0.455,4,1,No
24,109854,327,21,82592,0.446,5,4,No
24,116258,613,20,25163,0.645,5,1,No
48,93041,826,18,36084,0.097,3,4,Yes
30,105322,662,19,24029,0.532,2,3,No
31,98334,669,23,18994,0.406,1,3,No
43,89918,389,9,43423,0.147,1,0,No
23,180325,837,6,99216,0.512,0,0,No
59,130238,650,12,17137,0.265,3,4,Yes
59,165075,744,24,91805,0.202,4,3,Yes
37,39714,428,12,54946,0.396,0,1,No
42,171933,381,10,50888,0.336,3,2,No
47,140697,508,18,95253,0.144,1,1,No
36,118960,345,21,18039,0.489,0,3,No
36,28316,791,6,20452,0.237,2,2,No
60,192329,300,30,39835,0.345,4,0,No
23,45710,463,1,63208,0.223,5,4,No
53,143993,758,11,94766,0.314,2,0,No
62,132896,557,12,92379,0.2,3,2,No
22,42577,399,3,32376,0.338,3,2,No
59,163578,836,0,63192,0.146,1,0,Yes
47,82121,446,19,92197,0.22,3,1,No
35,165514,313,14,99668,0.178,3,2,Yes
27,83216,729,27,23367,0.267,3,4,No
65,27410,592,17,82413,0.548,1,2,No
62,51154,568,22,9965,0.347,3,3,No
29,99202,754,14,42211,0.304,4,1,No
61,177587,637,16,20254,0.393,3,3,Yes
26,88446,735,21,30887,0.521,3,4,No
32,195767,386,2,99544,0.228,3,2,No
50,171493,650,7,60079,0.534,1,1,No
40,46008,723,23,31277,0.2,0,1,No
40,113601,530,27,65477,0.559,1,4,No
47,120788,514,22,48995,0.55,3,0,No
40,194857,747,6,59868,0.405,4,3,No
27,88552,435,0,38333,0.264,4,0,No
60,32005,553,24,53680,0.299,4,1,No
60,143239,628,18,45630,0.538,1,2,No
50,137413,827,23,52965,0.099,3,0,Yes
28,78737,800,17,51508,0.522,4,0,No
22,56811,563,0,91994,0.13,3,2,No
34,143571,672,10,58677,0.539,4,0,No
30,122887,359,28,10041,0.591,3,3,No
38,99722,757,0,69946,0.358,3,1,No
38,50120,759,14,25694,0.502,0,1,No
36,95610,486,7,48922,0.171,0,1,No
25,165195,676,12,23499,0.513,5,4,No
51,180738,713,28,61880,0.472,2,3,No
57,154996,343,30,18334,0.119,1,2,Yes
40,137602,778,24,76968,0.352,0,0,No
43,111253,465,2,11731,0.51,5,2,No
52,72565,452,6,98182,0.106,2,0,No
62,130495,451,30,12395,0.445,1,4,No
37,130852,396,12,87490,0.531,2,2,No
33,44352,436,17,81380,0.259,2,0,No
33,56626,516,27,64597,0.279,1,0,No
37,121825,639,23,98738,0.215,4,4,No
35,158731,508,29,27133,0.162,4,1,No
46,156705,351,28,65329,0.625,2,3,No
64,40716,497,28,26437,0.472,5,1,No
48,116336,747,11,17051,0.082,3,0,No
62,173704,847,2,70774,0.607,5,4,No
65,42366,404,9,82261,0.119,5,4,No
50,191350,659,25,7038,0.604,3,3,No
63,110770,823,4,95792,0.321,2,2,Yes
55,45377,777,22,15070,0.341,0,0,Yes
42,138920,513,8,61806,0.374,0,0,No
30,124293,648,0,55919,0.106,3,2,No
31,92152,771,29,73484,0.449,0,0,No
58,121686,366,4,89399,0.442,2,1,No
53,33616,468,29,8070,0.397,0,1,No
26,165694,451,0,95027,0.583,3,0,No
57,108555,773,1,76433,0.337,5,2,No
27,70160,496,9,6468,0.476,4,2,No
64,64163,312,3,45202,0.254,3,1,No
32,128522,461,25,88634,0.605,5,3,No
27,104112,785,29,11908,0.609,4,0,No
22,95787,631,2,29538,0.339,3,2,No
21,179491,347,9,91532,0.492,0,3,No
43,119616,367,30,27892,0.19,0,0,No
45,183649,533,14,75204,0.436,3,1,No
38,191629,540,20,75284,0.101,4,4,No
64,178717,755,5,53399,0.568,2,3,No
27,40306,509,0,92945,0.483,0,3,No
23,52968,453,24,51965,0.623,5,1,No
49,103131,458,9,9703,0.517,3,3,No
30,181137,481,1,87988,0.16,2,1,No
63,50920,483,23,50186,0.33,3,3,No
25,188708,499,8,18417,0.375,0,4,No
54,147211,845,16,85135,0.547,1,2,Yes
28,123911,345,15,87944,0.38,4,4,No
34,192431,639,1,55642,0.336,4,1,No
60,194485,795,15,29135,0.478,0,0,Yes
26,95847,822,2,25416,0.435,4,3,No
21,33944,530,26,95141,0.499,3,1,No
53,159120,385,24,9478,0.335,2,2,No
60,62212,445,27,33756,0.484,5,2,No
31,41000,617,18,52012,0.633,5,2,No
44,113973,834,12,96731,0.159,2,3,No
30,50534,659,5,11171,0.081,2,2,No
64,124895,480,24,46568,0.392,3,4,No
43,169411,373,30,48325,0.145,3,0,No
36,125892,828,26,48022,0.149,1,3,Yes
57,191378,554,6,50152,0.453,4,0,No
36,105359,664,25,91722,0.303,2,4,No
64,37459,563,11,45831,0.07,0,0,No
51,96717,484,13,15895,0.387,3,3,No
26,168280,731,21,57138,0.197,0,4,Yes
50,78546,787,14,59143,0.31,3,4,No
57,142786,405,1,48609,0.073,0,2,No
21,103571,733,21,34020,0.088,4,4,Yes
62,161948,436,9,30438,0.165,2,2,No
45,92011,587,27,47490,0.481,4,3,No
41,152901,642,16,58831,0.524,0,3,No
55,182708,651,30,85938,0.256,3,4,Yes
58,114657,304,22,65678,0.125,3,2,No
25,55978,748,14,58382,0.612,0,4,No
32,128379,797,5,25153,0.522,3,1,No
25,83467,522,23,82033,0.149,3,3,No
29,181263,436,1,45474,0.186,5,2,No
64,182973,837,29,66587,0.072,5,3,Yes
29,36329,493,0,6891,0.591,2,0,No
55,176128,636,8,90150,0.61,2,1,No
21,53025,305,15,80265,0.1,4,4,No
30,128940,512,24,65628,0.138,5,0,No
59,166967,804,15,41840,0.173,1,0,Yes
56,165404,530,13,18114,0.159,5,1,No
57,131994,390,25,37670,0.614,3,1,No
55,29682,639,22,91768,0.207,5,0,No
37,126393,838,0,94417,0.275,1,2,Yes
33,127318,829,1,7756,0.091,3,4,Yes
26,25613,509,8,35883,0.427,1,2,No
57,107563,679,15,66341,0.21,2,2,No
52,173591,310,4,78842,0.197,0,2,No
31,136188,815,17,89502,0.636,4,0,No
37,172274,850,15,52142,0.073,5,2,No
25,176155,383,4,64987,0.162,4,2,No
26,68322,636,16,85738,0.358,2,0,No
30,139849,354,9,96461,0.387,4,0,No
53,35013,620,29,27399,0.478,2,4,No
50,86763,392,11,57085,0.175,0,3,No
41,183413,407,4,31788,0.286,4,3,No
62,126706,649,22,50676,0.222,3,1,No
37,166891,708,7,17396,0.551,4,4,No
47,61761,848,10,61513,0.266,1,4,No
23,79007,507,2,34242,0.207,4,1,No
49,185245,788,15,34521,0.42,5,3,No
22,156128,372,19,87189,0.115,1,4,No
49,144972,390,27,97978,0.559,3,0,No
56,51920,747,29,66804,0.217,1,3,No
54,87467,534,10,41528,0.544,3,0,No
57,88897,523,17,59964,0.645,0,4,Yes
62,144590,515,16,42428,0.063,4,0,No
21,189459,465,9,5095,0.165,1,1,No
46,172113,733,23,76341,0.498,0,3,Yes
21,177330,360,22,98152,0.1,0,4,No
24,169138,369,30,92994,0.318,5,1,No
59,158685,842,10,14013,0.14,1,1,Yes
34,44219,484,14,74240,0.332,4,4,No
38,115777,426,7,10689,0.058,2,0,No
54,161054,439,30,81454,0.14,0,1,No
21,130229,562,4,52450,0.215,0,3,No
42,77760,455,4,84201,0.169,1,1,No
36,81758,630,0,31564,0.267,3,1,No
42,73562,779,8,22358,0.137,3,0,Yes
36,86033,620,13,42472,0.542,2,3,No
48,116097,463,26,37151,0.362,2,3,No
48,114865,625,2,23610,0.236,4,3,No
42,175029,437,16,49118,0.227,2,3,No
26,152416,501,12,15877,0.196,5,1,No
45,89074,389,19,12629,0.353,3,3,No
62,159940,748,27,95843,0.369,3,4,No
22,146222,745,19,75892,0.645,4,2,No
27,173223,781,28,96206,0.427,1,2,No
37,164678,657,23,9934,0.369,0,4,Yes
55,64338,318,9,60386,0.073,1,1,No
40,102011,329,9,72402,0.38,4,4,No
64,134602,513,4,51698,0.347,1,0,No
22,60654,715,14,20546,0.588,5,1,No
27,121003,467,9,30099,0.484,5,0,No
52,79109,655,27,21474,0.338,3,2,No
39,135260,663,4,41019,0.187,5,3,No
32,139897,635,0,98063,0.479,4,0,No
29,141845,384,12,96189,0.222,4,2,No
47,141877,403,26,24044,0.262,2,0,No
34,148555,417,3,73521,0.465,1,1,No
22,195070,337,23,69802,0.237,3,1,No
41,113203,782,7,40844,0.228,0,3,No
24,138313,780,29,32655,0.315,3,1,Yes
41,82369,435,19,65989,0.448,0,1,No
42,134189,375,2,74602,0.615,5,0,No
22,126262,594,19,67514,0.139,2,2,Yes
37,111377,615,21,22441,0.202,1,0,No
39,162062,796,2,89008,0.641,3,0,No
60,141370,317,29,43042,0.42,0,3,No
44,103183,731,26,12031,0.056,5,0,No
40,43350,448,15,86992,0.587,2,1,No
58,159358,739,11,40411,0.219,3,1,No
32,75147,518,12,67150,0.38,0,1,No
45,124260,305,18,94103,0.27,1,2,No
43,183692,550,8,98384,0.155,0,3,No
54,25217,360,15,60558,0.411,3,1,No
52,78098,778,18,56860,0.179,5,3,No
44,125719,367,0,19892,0.187,3,4,No
62,113115,740,15,94693,0.532,4,1,No
45,124771,552,28,95080,0.436,0,1,No
23,70742,828,26,22562,0.601,3,0,No
45,44256,366,30,40788,0.313,3,4,No
48,41416,814,18,77321,0.353,5,1,No
32,44871,454,26,9060,0.092,2,4,Yes
46,179243,812,23,37198,0.266,1,3,No
64,115536,634,30,42118,0.079,3,3,No
28,28078,687,8,96884,0.26,3,1,No
25,119946,303,12,52506,0.295,0,0,No
31,193702,679,3,79089,0.154,0,2,No
62,141505,332,5,97397,0.563,3,0,No
55,102654,310,29,76865,0.252,4,2,No
47,102746,808,25,38680,0.083,1,1,Yes
61,105567,484,7,5137,0.284,0,1,No
64,193134,453,6,63328,0.379,5,1,No
58,124018,811,7,48306,0.337,5,1,No
39,192820,527,26,11194,0.388,3,1,No
52,193223,774,10,52537,0.58,3,0,No
48,76176,401,2,33160,0.068,5,3,No
56,69689,557,3,92382,0.524,2,0,No
38,64630,371,28,30790,0.276,4,3,No
30,175070,798,0,6906,0.28,1,1,Yes
52,91346,659,19,83633,0.404,0,4,No
38,35647,540,4,85181,0.406,3,2,No
32,125334,414,1,16874,0.113,5,2,No
28,103740,709,13,79552,0.43,3,0,No
53,31033,726,12,64789,0.155,1,3,No
58,182433,827,28,85971,0.227,0,3,No
34,131258,846,16,72070,0.34,3,3,Yes
22,190567,439,12,31805,0.45,3,3,Yes
29,174688,607,20,71691,0.504,5,1,No
64,161752,691,23,70982,0.481,1,4,No
25,163677,386,29,80619,0.362,1,2,No
54,189602,438,30,11420,0.152,2,2,Yes
39,62329,678,7,48904,0.456,4,0,No
27,146820,342,10,54723,0.636,2,4,No
59,159377,368,8,90014,0.54,5,4,No
62,196610,452,30,60823,0.309,4,0,No
37,187466,771,23,99733,0.326,5,4,No
46,79044,589,12,36336,0.623,4,0,No
47,165805,794,12,61437,0.091,0,3,No
63,33612,410,6,29652,0.406,2,0,No
48,135040,567,10,46548,0.135,0,4,No
40,29436,712,30,90581,0.095,1,4,No
26,130401,776,16,46426,0.221,5,3,No
28,182631,634,9,90061,0.188,1,2,No
52,98850,686,0,46976,0.077,4,2,No
39,144655,635,27,42965,0.562,3,4,No
52,66393,766,7,50017,0.551,4,1,Yes
39,41335,540,14,8733,0.458,4,2,No
44,47715,527,4,53941,0.511,0,2,No
44,153013,372,21,13020,0.09,4,1,No
37,29165,828,19,73463,0.214,1,4,No
38,152626,396,3,34422,0.405,2,2,No
32,143170,557,25,92453,0.585,4,3,No
61,142572,562,12,95627,0.474,5,1,No
43,76790,522,24,35940,0.061,1,3,No
38,121573,825,15,63599,0.193,4,1,No
36,42999,784,7,67154,0.293,3,2,No
36,40505,559,13,75119,0.423,1,0,No
56,47388,490,26,20640,0.449,4,4,No
43,127112,565,30,43851,0.417,3,4,No
42,71461,515,28,14289,0.092,0,2,Yes
59,137630,599,11,17790,0.505,1,0,No
53,123839,445,19,35799,0.452,3,1,No
44,189962,822,6,69055,0.178,1,1,No
40,64857,481,23,53387,0.348,1,3,No
53,104639,791,22,30297,0.204,0,4,Yes
51,155828,428,4,46336,0.462,4,3,No
60,107578,332,14,33242,0.18,5,0,No
28,73149,690,9,69095,0.062,0,2,No
30,39337,382,0,85908,0.309,1,1,No
21,154126,324,5,96410,0.076,0,1,No
41,52683,752,7,32912,0.076,3,0,Yes
45,88269,732,10,26471,0.165,4,1,No
52,97754,373,5,42847,0.483,4,2,No
30,132662,729,7,65099,0.616,4,0,No
29,104330,802,21,40643,0.358,1,4,No
40,133467,807,17,9797,0.457,1,3,No
40,141591,695,21,91176,0.08,4,4,No
60,161469,517,13,38020,0.524,5,1,No
27,135202,759,8,12997,0.319,5,3,No
31,148315,617,12,52822,0.339,0,1,No
41,93269,617,17,16466,0.532,4,4,No
58,144939,741,13,40688,0.12,1,4,Yes
39,180910,465,2,57140,0.323,5,0,No
35,47425,751,24,60664,0.374,0,1,Yes
26,64119,444,28,70713,0.418,2,3,No
30,155273,821,30,65118,0.474,0,0,Yes
36,139364,766,22,20194,0.429,1,0,No
65,58125,588,16,90795,0.559,0,4,No
31,163383,336,10,27153,0.639,3,2,No
55,191241,711,12,35257,0.06,1,1,Yes
28,190114,685,19,70069,0.298,4,4,No
48,135967,721,19,21187,0.295,1,1,Yes
23,189828,337,9,54775,0.5,0,2,No
22,106140,832,4,60538,0.224,2,4,No
34,41401,460,6,22941,0.059,4,2,No
49,162700,517,20,41822,0.095,0,2,Yes
23,138015,543,9,14531,0.604,5,4,No
21,75065,342,5,18217,0.601,0,4,No
35,197597,417,24,11785,0.204,0,2,Yes
40,142600,623,17,62939,0.612,0,1,No
42,116464,497,5,21767,0.576,5,3,No
54,57398,781,12,45884,0.463,5,4,No
53,190311,550,21,48719,0.197,2,0,No
29,93699,767,27,45828,0.121,1,2,Yes
23,46755,424,16,15556,0.151,2,3,No
22,132107,848,21,74616,0.169,5,3,Yes
24,116174,802,22,51891,0.534,5,3,No
36,115759,403,28,68622,0.243,1,2,No
53,166673,533,6,36432,0.457,4,3,No
29,29017,372,2,9284,0.511,0,3,No
60,57850,333,23,13698,0.31,5,4,No
58,125093,662,6,89716,0.178,0,3,No
38,71787,461,19,7076,0.335,0,3,No
36,198082,559,19,84130,0.131,5,1,No
28,164045,775,25,65719,0.539,5,1,Yes
43,127420,636,28,83132,0.534,3,4,No
56,54913,788,28,65186,0.61,0,2,Yes
23,38356,496,6,78998,0.537,3,3,No
35,136545,529,30,88295,0.439,2,4,No
58,128830,399,1,34867,0.277,1,0,No
53,76893,362,4,89651,0.348,3,0,No
38,187654,633,12,43154,0.162,2,4,No
43,46135,583,5,35559,0.454,4,1,No
63,147419,437,3,68649,0.551,1,2,No
23,197649,837,0,91684,0.468,3,0,No
50,168696,718,10,59254,0.624,2,1,No
65,45247,589,26,95766,0.634,4,1,No
37,40507,726,0,77036,0.468,1,0,No
52,143374,727,18,77572,0.498,3,3,No
27,153410,342,8,68214,0.246,1,4,No
59,90025,607,28,36502,0.077,5,0,No
34,173223,446,17,55186,0.565,1,2,No
35,188387,680,13,70072,0.463,5,1,No
64,138458,415,20,73861,0.629,5,4,No
32,187176,764,6,86532,0.05,4,1,No
28,112521,506,1,90641,0.479,3,0,No
36,186370,352,30,20247,0.211,4,0,No
61,60953,397,16,73310,0.317,4,0,No
54,83364,327,6,11154,0.321,1,2,No
44,81581,512,20,76401,0.071,5,4,No
49,85837,547,6,43709,0.561,0,0,No
36,42461,789,0,51550,0.103,5,1,No
25,133271,835,21,30264,0.622,0,2,Yes
25,38501,631,21,88422,0.393,4,2,No
50,36070,335,22,77844,0.215,3,3,No
25,125194,496,27,42458,0.433,1,0,No
63,157698,709,30,68153,0.606,5,2,No
33,89569,483,7,80313,0.518,4,2,No
55,64414,366,29,24395,0.149,3,4,No
45,53860,332,13,83790,0.236,0,4,No
34,186532,466,24,66307,0.115,4,0,No
64,141259,639,29,76697,0.489,2,1,No
46,143363,823,12,55741,0.171,4,1,No
38,149471,544,9,40046,0.497,3,2,No
40,84970,785,11,94688,0.129,3,1,No
54,79584,342,12,59715,0.508,4,3,No
27,89286,824,15,79187,0.359,2,3,No
30,95309,756,20,38590,0.553,5,4,No
35,62812,415,12,61976,0.361,5,3,No
37,119359,405,14,16527,0.199,0,2,No
31,198160,644,3,11143,0.459,2,0,No
54,167702,688,4,92269,0.23,5,0,No
47,67075,834,29,95526,0.105,2,3,Yes
41,144496,540,25,63174,0.546,3,4,No
51,166172,395,13,35051,0.488,4,2,No
24,54103,609,4,76087,0.084,2,4,No
61,153578,424,26,18648,0.606,4,1,No
37,59096,533,24,45905,0.172,5,3,No
40,127754,505,6,76609,0.496,2,0,No
45,102766,532,26,5514,0.063,1,1,No
60,36807,419,13,33364,0.337,3,4,No
43,81723,776,1,96041,0.204,2,1,No
35,59951,321,1,31548,0.383,1,3,No
53,40427,511,0,92062,0.212,3,2,No
39,25153,774,1,30520,0.348,5,4,No
35,79734,795,1,28003,0.057,3,0,Yes
61,88813,487,20,98854,0.595,4,3,No
25,91351,482,24,50529,0.535,5,4,No
36,157191,717,22,17682,0.065,2,1,No
65,194005,839,26,47626,0.642,4,1,No
52,91745,832,12,51449,0.607,2,0,No
42,88810,373,4,52110,0.446,1,0,No
63,124410,335,26,68269,0.286,2,0,No
52,186094,709,25,34507,0.58,1,2,No
33,52372,830,19,65086,0.565,2,0,No
58,152424,314,14,28516,0.303,1,0,No
46,128568,408,21,85136,0.473,4,0,No
37,103101,423,30,88400,0.536,2,0,No
25,52235,604,19,99530,0.54,4,1,No
53,91573,317,29,11665,0.634,5,4,No
47,93869,383,14,52916,0.53,3,0,No
25,134037,487,25,8568,0.383,0,2,No
57,184790,463,6,29598,0.532,2,1,No
27,125243,667,12,91033,0.231,1,1,No
38,40555,693,15,63295,0.198,4,2,No
51,187560,319,18,45068,0.228,1,3,No
26,43863,412,27,30839,0.377,4,4,No
22,151741,616,12,81625,0.403,0,4,No
33,178377,656,23,35927,0.242,5,0,Yes
62,122211,449,27,30170,0.339,3,0,No
31,139092,712,23,66519,0.396,0,0,No
46,146208,357,2,8028,0.216,1,1,No
41,192446,353,28,50603,0.084,2,0,No
22,30203,839,22,93705,0.113,5,1,No
60,86182,660,30,66724,0.418,5,2,No
40,187839,722,0,63442,0.603,3,1,No
37,127362,356,4,7582,0.317,4,1,No
36,193844,363,8,58739,0.355,3,4,No
62,131319,585,17,38471,0.074,2,2,No
25,172771,641,2,41811,0.621,2,3,No
34,57293,808,19,43531,0.565,1,0,No
44,148100,733,1,93476,0.343,0,2,No
24,178497,737,25,78313,0.579,4,3,No
44,147327,834,21,51727,0.312,3,1,No
29,190354,829,29,16617,0.324,2,3,Yes
23,112043,380,20,73999,0.46,5,4,No
29,93721,680,4,18276,0.244,0,1,No
38,42622,715,23,53628,0.579,1,4,No
56,161527,433,13,40027,0.178,1,2,No
39,191764,522,21,27566,0.626,5,4,No
44,162868,414,0,7470,0.606,4,3,No
24,83534,625,16,45923,0.257,0,1,Yes
29,152262,495,25,84796,0.446,1,1,No
53,47423,548,25,69804,0.348,4,1,No
21,52007,525,20,72782,0.401,2,3,No
55,118006,582,12,18740,0.154,5,3,No
30,138156,749,30,31526,0.499,3,4,No
32,121382,353,30,73992,0.356,4,1,No
38,141144,786,11,94397,0.113,0,4,Yes
34,183764,449,18,67878,0.53,2,1,No
30,107542,355,11,59390,0.591,3,1,No
30,174793,509,7,50907,0.054,0,2,No
38,190098,615,10,53842,0.534,1,2,No
44,145988,699,1,24016,0.39,0,1,Yes
21,160573,791,4,8081,0.08,3,2,No
50,153711,427,27,95958,0.317,3,0,No
35,163361,311,21,81400,0.299,0,1,No
28,100696,323,2,92365,0.165,3,1,No
55,108943,425,14,71570,0.266,5,4,No
38,32190,630,13,74602,0.352,0,0,No
61,76678,470,23,92014,0.379,2,0,No
36,115456,404,7,72452,0.138,3,0,No
41,192512,520,5,84723,0.402,3,1,No
35,167332,356,8,59126,0.204,2,0,No
25,174369,332,18,68054,0.148,5,3,No
65,27445,460,2,26206,0.248,2,2,No
27,165048,407,23,63508,0.432,4,0,No
27,46275,364,29,10465,0.626,1,0,No
47,79386,375,12,71420,0.545,0,2,No
45,105643,345,27,77939,0.569,3,4,No
42,190267,752,9,97308,0.18,3,3,Yes
33,96301,749,3,51889,0.327,5,4,No
37,99673,733,25,36172,0.318,2,2,No
61,107946,607,29,96581,0.326,0,4,No
64,93585,704,30,71630,0.17,1,2,No
33,80298,442,0,61919,0.556,0,1,No
46,118418,587,29,74562,0.249,5,4,No
29,195938,371,7,82646,0.335,4,1,No
25,73378,706,7,41419,0.268,2,3,No
59,87519,563,13,81310,0.258,2,1,Yes
53,180708,520,20,46647,0.418,1,4,No
24,137707,343,26,6368,0.646,4,2,No
48,36590,722,13,26804,0.581,4,2,No
46,122987,588,11,33044,0.607,3,0,Yes
24,144741,335,27,74377,0.31,0,3,No
36,118890,837,1,39232,0.164,2,3,Yes
57,176062,757,6,26256,0.058,3,4,Yes
42,162741,593,3,86558,0.076,1,4,No
56,41773,399,30,85524,0.486,1,1,No
58,40648,450,23,56620,0.268,2,2,No
55,95152,435,26,30412,0.442,1,2,No
45,34867,579,9,19864,0.382,0,2,No
28,90788,674,10,87386,0.638,4,2,No
37,123018,765,21,82077,0.478,3,1,No
38,98588,723,22,52775,0.64,2,1,No
32,198746,793,9,7687,0.23,3,0,Yes
53,112843,417,26,34041,0.249,5,0,No
43,144436,708,17,60829,0.356,4,0,No
32,199604,316,20,22508,0.348,1,3,No
31,163937,550,3,13224,0.362,3,1,No
33,75657,404,18,26538,0.561,0,0,No
55,69628,340,6,16472,0.479,1,1,No
47,37705,768,0,48382,0.157,1,4,No
45,187858,832,13,90578,0.402,0,0,Yes
60,193494,720,28,5848,0.155,3,2,Yes
23,103754,803,12,45679,0.303,1,3,Yes
45,69237,510,5,90467,0.596,4,2,No
65,114809,432,26,89182,0.094,5,4,No
30,144378,599,18,43802,0.628,0,0,No
37,54792,518,22,69598,0.183,1,2,No
23,134410,689,8,17821,0.155,1,1,Yes
65,106043,633,29,96316,0.338,0,1,Yes
42,88871,686,2,83418,0.587,1,1,No
58,134376,600,29,47381,0.163,5,3,No
34,36899,413,16,12889,0.055,4,2,No
47,188316,359,18,81066,0.301,0,2,No
62,90179,414,15,94404,0.394,2,2,No
40,48584,594,24,59256,0.498,3,1,No
38,36020,679,25,40108,0.084,1,0,No
33,57983,379,3,24288,0.363,5,1,No
62,170323,326,15,10052,0.15,0,4,No
26,189019,735,27,17398,0.308,3,0,Yes
30,76838,532,26,95688,0.632,3,2,No
57,138996,553,18,34173,0.638,2,0,No
49,79731,664,22,42814,0.641,2,1,No
26,41760,687,11,37414,0.268,4,0,No
59,146648,672,6,13928,0.472,3,4,No
31,89646,646,19,30406,0.574,5,0,No
45,174283,737,24,34845,0.353,2,2,Yes
64,49156,436,8,98299,0.335,0,4,No
64,180033,452,1,99339,0.483,4,2,No
50,174783,643,22,40676,0.352,3,1,No
40,54520,357,7,60903,0.399,1,0,No
57,115864,519,23,22657,0.322,0,2,No
36,114504,317,9,84355,0.489,5,0,No
51,151049,727,0,19442,0.56,0,4,No
49,180897,476,17,34289,0.322,0,0,No
26,138553,781,7,90455,0.345,4,3,No
49,193576,793,12,13438,0.604,4,2,Yes
52,64238,785,6,29876,0.388,5,3,No
29,145289,802,13,35010,0.335,1,0,Yes
57,144554,309,6,72618,0.632,1,3,No
43,71883,618,16,5434,0.09,2,4,No
36,55642,789,17,35858,0.424,1,2,Yes
38,97056,557,1,41682,0.065,5,0,No
39,184371,703,2,70993,0.319,2,3,No
64,29576,523,18,13119,0.245,0,2,No
22,32183,847,2,29909,0.311,3,2,No
30,155949,560,11,83608,0.592,2,0,No
32,101350,575,29,50747,0.356,0,0,No
38,51352,655,3,12760,0.4,1,2,No
39,86924,625,3,46655,0.248,0,2,No
58,102132,527,8,12396,0.641,0,1,No
57,154963,602,2,15802,0.635,0,4,No
47,80552,401,2,26287,0.573,3,2,No
34,171616,592,24,18768,0.475,3,1,No
65,84418,307,19,93820,0.307,2,0,No
54,157157,507,21,48292,0.126,5,1,No
22,121225,662,25,26424,0.595,2,4,No
64,61497,344,4,86946,0.37,2,0,No
53,111248,757,15,64258,0.387,5,4,No
39,157559,821,26,7997,0.112,3,0,Yes
47,99076,641,27,63539,0.526,2,4,No
50,181061,531,25,89955,0.381,5,4,No
27,106491,778,18,14981,0.205,1,1,No
47,153686,642,23,79426,0.153,2,0,No
41,117565,468,26,42333,0.418,4,2,No
27,134948,567,4,48788,0.568,0,0,No
45,65105,563,7,20631,0.365,3,3,No
58,71369,600,11,72371,0.566,0,4,No
38,32102,641,5,46915,0.162,1,4,No
53,150443,406,24,73547,0.382,3,4,No
53,91545,458,1,26325,0.315,5,0,No
52,176838,653,14,27783,0.244,5,3,Yes
45,88794,848,15,89230,0.11,1,3,Yes
34,113625,758,22,41809,0.174,4,1,Yes
58,28079,371,25,53145,0.583,3,3,No
58,37167,471,3,22090,0.267,2,2,No
24,92722,526,25,42260,0.565,0,4,No
64,69279,476,14,90324,0.538,0,4,No
38,34398,401,6,99384,0.233,0,1,No
30,86140,623,24,24099,0.337,1,0,No
55,160590,655,30,39063,0.322,3,3,No
55,74456,426,14,19674,0.588,0,2,No
60,61222,693,25,66719,0.419,5,2,No
43,31082,559,15,57532,0.312,1,4,No
45,124154,576,27,40496,0.362,4,4,No
21,178183,764,16,28312,0.555,2,3,No
38,115606,671,4,43586,0.235,3,1,No
35,44939,433,5,38242,0.3,2,4,No
45,77582,554,3,31513,0.128,3,2,No
52,73819,822,29,12201,0.391,5,1,Yes
40,44533,372,28,82306,0.632,0,1,No
37,159419,586,9,53575,0.257,4,1,No
31,28949,470,21,68320,0.614,2,2,No
33,120413,546,0,84557,0.533,3,3,No
45,172960,653,7,10544,0.525,4,1,No
40,119814,340,5,22651,0.496,5,4,No
45,186156,411,9,80007,0.506,1,4,No
62,61174,760,3,82852,0.252,2,2,No
65,155027,504,20,55786,0.549,0,3,Yes
51,68664,365,23,79019,0.634,0,0,No
21,122527,668,12,12194,0.113,5,3,No
36,135260,760,17,29127,0.126,1,4,No
48,72634,845,19,52366,0.057,1,4,No
41,95793,773,30,82301,0.471,2,2,Yes
50,149641,343,22,69496,0.094,1,1,No
23,125991,634,1,8249,0.363,2,3,No
54,146998,654,5,66550,0.463,5,4,No
26,63291,647,10,72569,0.407,4,3,No
63,165982,661,27,81398,0.414,3,0,Yes
49,55604,689,11,63631,0.627,1,4,No
23,176955,784,8,96380,0.231,5,4,No
53,118738,561,10,30333,0.422,4,3,No
31,78726,374,14,53785,0.426,1,2,No
65,114647,825,12,88570,0.216,4,0,No
25,193155,767,1,29988,0.232,4,4,No
52,125718,304,28,6204,0.494,2,4,No
38,169343,600,19,60324,0.239,0,4,No
40,89456,486,13,35072,0.189,4,4,No
59,63574,500,9,5981,0.64,2,1,No
60,76121,777,14,70513,0.106,1,0,No
48,52679,789,28,14730,0.238,1,0,No
33,101794,598,25,83308,0.554,1,1,No
46,26759,785,20,24734,0.172,3,0,No
36,80718,550,9,36543,0.204,3,3,No
45,184700,675,23,98216,0.147,3,1,No
30,185747,496,20,45866,0.401,1,1,No
49,174737,368,20,51477,0.052,1,1,Yes
58,87268,548,25,41633,0.575,3,4,No
40,128533,531,8,13393,0.275,2,0,No
46,167298,762,25,15539,0.351,1,3,Yes
52,173579,628,5,80378,0.199,1,1,No
59,96367,435,20,64281,0.075,2,2,No
58,157306,778,2,77330,0.627,0,3,No
44,130874,360,11,86120,0.578,0,2,No
51,162028,386,16,91590,0.216,5,1,No
60,174761,812,21,82996,0.11,3,2,Yes
32,46481,458,25,7939,0.32,2,1,No
56,110141,698,11,56010,0.38,2,4,Yes
30,160266,699,29,60056,0.392,3,3,No
26,184442,761,24,47096,0.6,3,1,No
27,35251,663,26,97874,0.454,1,3,No
51,88356,380,30,61171,0.42,0,0,No
47,108169,392,3,31693,0.101,2,1,No
28,29029,371,13,66107,0.365,2,4,No
23,93396,356,7,48867,0.382,4,4,No
60,94049,822,17,69498,0.428,1,4,No
41,192059,806,26,18203,0.147,0,0,Yes
21,66138,728,1,59290,0.626,0,1,No
65,95466,697,13,77195,0.393,4,2,No
35,160749,759,3,92557,0.3,1,2,No
27,30472,582,1,45942,0.448,0,3,No
35,195548,504,5,49971,0.137,3,4,Yes
45,169800,396,7,85746,0.312,1,4,No
23,180286,771,2,27012,0.483,5,2,No
50,60297,759,14,85634,0.614,0,0,No
34,153298,564,18,86916,0.318,3,1,No
24,116068,568,19,96497,0.428,5,2,No
56,93009,563,27,52078,0.309,4,3,No
23,124389,765,4,15998,0.364,0,1,No
25,130666,306,18,98182,0.352,1,2,No
45,160734,427,5,50124,0.468,2,2,No
51,126738,698,20,13374,0.442,5,3,No
31,196568,483,23,48703,0.055,4,2,No
28,158737,383,9,35335,0.1,2,2,No
46,101720,739,3,45508,0.506,1,3,Yes
22,164547,532,21,28266,0.147,5,3,Yes
48,62239,828,8,67377,0.512,0,4,No
30,178975,392,21,21504,0.539,5,2,No
59,173243,776,9,73713,0.611,0,4,No
57,37660,660,4,92581,0.538,1,3,No
59,83200,410,15,67437,0.37,1,2,No
41,198730,641,10,90966,0.177,4,2,No
48,154267,607,23,93331,0.127,1,1,Yes
58,48289,716,3,76952,0.574,1,0,No
53,164060,376,11,73844,0.284,0,2,No
31,64974,567,21,73093,0.081,4,3,No
65,188124,651,22,20750,0.258,5,4,No
64,125437,345,9,35215,0.571,0,1,No
21,70154,625,21,22820,0.387,4,2,No
53,27421,758,23,50694,0.435,2,4,No
23,85149,681,1,37760,0.202,2,1,No
46,94467,514,27,16295,0.062,3,3,No
35,197656,740,20,56431,0.6,1,0,Yes
61,152058,640,18,41395,0.094,5,3,No
34,51176,599,19,6609,0.65,0,3,No
43,147880,585,27,65305,0.572,4,0,No
28,72540,708,9,24353,0.12,3,0,No
56,193345,685,23,68722,0.65,2,2,No
40,198441,767,26,70975,0.535,3,2,No
26,69827,793,11,5931,0.559,0,0,No
53,119697,825,1,7187,0.536,3,0,No
48,154262,450,24,76149,0.607,3,2,No
58,68930,477,6,17610,0.504,2,0,No
50,146211,844,27,48922,0.366,5,2,No
63,91334,308,0,49838,0.05,3,3,No
37,159534,650,10,71679,0.218,3,4,No
29,130799,502,18,57350,0.41,4,0,No
48,137095,562,27,73837,0.237,2,3,No
27,121202,448,30,81217,0.296,0,2,No
48,75479,391,29,54367,0.115,1,2,No
37,32449,826,12,19938,0.638,0,0,No
60,70190,755,23,50930,0.119,2,0,No
64,186235,759,17,22545,0.093,3,4,No
64,57953,752,25,56049,0.401,2,3,No
25,64799,499,12,61977,0.423,1,3,No
25,37288,336,22,48876,0.365,5,3,No
34,183545,687,16,71923,0.262,1,1,No
26,183663,732,13,83193,0.605,2,4,No
27,184463,847,15,32004,0.256,3,4,No
37,34877,393,29,66102,0.236,1,2,No
29,98127,490,18,44986,0.617,0,0,No
51,126053,775,11,55982,0.581,2,2,No
42,152245,465,25,46792,0.336,2,2,No
65,113482,339,17,9131,0.206,0,2,Yes
29,77550,363,11,48990,0.128,5,4,No
36,131364,751,11,13900,0.529,1,3,Yes
56,166566,681,17,90199,0.486,1,4,No
54,25078,746,9,36876,0.113,5,2,No
65,102674,574,1,52234,0.494,0,4,No
33,108041,377,19,31023,0.589,4,4,No
39,126525,424,5,57786,0.083,1,4,No
32,33977,820,0,47358,0.296,5,1,No
56,142549,588,25,17048,0.295,0,4,Yes
30,57593,426,6,38034,0.536,2,1,No
36,158795,515,22,20330,0.121,5,3,No
48,34773,405,0,8646,0.141,3,1,No
39,189644,790,9,93995,0.28,4,1,Yes
60,109650,356,27,94803,0.561,3,3,No
26,194831,579,12,70320,0.642,4,2,No
24,39539,471,8,35337,0.378,3,2,No
50,65593,404,14,65442,0.145,4,0,No
59,123446,305,30,53411,0.592,4,2,No
51,150114,333,23,47845,0.147,4,3,No
47,118671,838,28,59332,0.271,0,2,Yes
65,150049,829,17,68101,0.494,5,0,No
41,85765,816,6,12588,0.086,0,4,Yes
57,189123,771,1,71594,0.341,2,1,No
29,121782,554,13,13466,0.294,2,0,No
55,118984,546,19,61898,0.617,3,1,No
62,58312,616,28,6620,0.378,0,2,No
41,32586,550,4,55125,0.583,0,0,No
37,107833,647,9,71338,0.103,0,2,No
44,150017,374,30,69359,0.385,2,1,No
51,109463,539,18,69177,0.465,1,0,No
26,135491,435,22,52271,0.141,5,0,No
55,174203,526,6,28398,0.559,3,4,No
57,40020,758,5,41721,0.577,4,1,No
33,123170,385,22,73152,0.457,5,4,No
45,84523,759,2,56497,0.362,2,2,No
52,100043,411,28,63837,0.466,4,0,No
21,88477,368,22,81904,0.221,3,1,No
55,118420,661,12,45226,0.116,0,2,No
39,115334,585,6,44624,0.381,3,0,No
32,187854,742,24,42711,0.34,0,3,Yes
60,135918,450,1,61914,0.306,4,0,No
60,54904,809,18,92618,0.163,5,1,No
63,109073,783,3,97253,0.164,2,4,No
40,191575,740,23,46403,0.641,3,4,Yes
53,107644,475,0,83487,0.606,5,1,No
49,147507,328,10,19709,0.202,5,3,No
36,87927,674,1,17032,0.086,5,3,No
34,77050,730,1,30777,0.245,1,2,No
27,59232,684,13,35558,0.557,3,2,No
26,105656,650,17,68101,0.184,3,0,No
41,89021,519,10,33135,0.64,5,2,No
56,67914,793,1,19390,0.172,5,3,No
42,88856,446,22,53311,0.385,1,3,No
60,136290,501,5,11247,0.645,3,4,No
39,71798,712,27,74974,0.128,4,2,Yes
45,63382,519,6,42141,0.169,4,1,No
23,48473,682,21,15602,0.404,3,1,No
56,188993,849,9,21832,0.524,0,3,Yes
65,146451,550,0,94540,0.471,2,3,No
54,186067,577,5,55969,0.403,2,4,No
31,176522,353,19,67396,0.308,2,1,No
62,40765,737,30,66648,0.522,2,4,No
47,117334,510,24,26428,0.134,0,4,Yes
62,91314,817,13,21239,0.197,0,2,Yes
22,176705,500,5,61798,0.524,5,0,No
26,78120,342,8,12807,0.219,0,2,No
22,65435,547,30,67347,0.133,3,3,No
62,104843,664,23,51079,0.556,3,2,No
37,127900,617,28,78038,0.511,3,1,No
60,32357,794,4,26250,0.433,2,0,Yes
34,93089,670,9,70348,0.444,2,3,No
30,53820,487,27,18953,0.448,3,0,No
65,45487,570,6,23137,0.488,2,4,No
53,104507,557,26,99444,0.239,0,1,No
62,47188,541,7,39949,0.569,4,4,No
32,103416,393,28,26828,0.206,0,2,No
52,56310,807,27,21731,0.298,1,1,No
44,160636,594,20,92831,0.356,0,3,No
34,119658,779,29,81964,0.534,3,3,No
25,45062,319,11,29782,0.31,5,2,No
25,104671,703,7,54147,0.355,0,2,No
52,168487,718,9,56176,0.561,1,3,Yes
65,94241,715,8,32279,0.65,1,3,Yes
53,34044,828,20,5606,0.526,0,4,Yes
24,193022,435,23,10235,0.231,5,0,No
50,176421,414,15,95477,0.116,3,4,No
61,194040,805,14,5284,0.467,4,2,Yes
37,178789,479,8,79806,0.462,0,2,No
23,87263,624,13,22877,0.343,2,3,No
