Word_Frequency,Link_Count,Capital_Ratio,Exclamation_Count,Email_Length,Attachment_Count,Unknown_Sender,Email_Type
52,11,0.575,11,119,2,0,Spam
93,17,0.398,15,284,1,1,Spam
15,18,0.364,9,769,3,1,Not Spam
72,14,0.012,3,769,4,0,Not Spam
61,7,0.249,14,68,4,0,Not Spam
21,18,0.719,3,696,3,1,Spam
83,9,0.604,9,818,2,0,Spam
87,6,0.916,14,434,0,0,Spam
75,17,0.05,14,78,5,1,Spam
75,15,0.155,3,202,5,1,Spam
88,19,0.789,15,678,5,1,Spam
100,5,0.359,13,466,0,0,Not Spam
24,8,0.118,10,917,1,0,Not Spam
3,20,0.996,14,320,3,0,Spam
22,12,0.787,5,627,3,0,Spam
53,20,0.409,3,574,0,0,Not Spam
2,7,0.823,8,373,2,0,Not Spam
88,15,0.681,8,788,5,1,Spam
30,12,0.79,2,232,3,1,Not Spam
38,12,0.815,6,208,4,0,Spam
2,16,0.085,11,662,4,1,Spam
64,19,0.623,4,366,3,1,Spam
60,4,0.007,14,831,5,1,Spam
21,20,0.043,11,922,5,0,Not Spam
33,16,0.904,8,820,5,1,Spam
76,8,0.528,1,156,2,1,Not Spam
58,1,0.736,2,49,4,0,Not Spam
22,17,0.839,9,165,2,0,Not Spam
89,8,0.95,4,843,0,0,Spam
49,5,0.869,11,487,1,1,Spam
91,10,0.483,15,636,5,1,Spam
59,5,0.336,4,522,0,1,Not Spam
42,5,0.154,9,818,1,0,Not Spam
92,12,0.4,11,987,4,0,Spam
60,10,0.366,14,210,1,0,Spam
80,13,0.56,13,490,1,1,Spam
15,1,0.666,13,709,3,1,Spam
62,7,0.978,6,364,1,1,Not Spam
62,2,0.728,12,770,3,0,Spam
47,20,0.644,15,20,1,0,Spam
62,2,0.335,13,129,3,1,Not Spam
51,0,0.035,7,869,4,1,Not Spam
55,18,0.288,7,806,4,1,Spam
64,17,0.768,13,902,1,0,Spam
3,16,0.205,0,913,2,1,Not Spam
51,19,0.712,13,765,4,0,Spam
7,12,0.58,0,83,0,1,Not Spam
21,2,0.172,2,775,0,1,Not Spam
73,0,0.262,0,72,3,1,Not Spam
39,3,0.496,0,281,2,1,Not Spam
18,12,0.418,9,548,5,1,Spam
4,16,0.779,7,321,3,1,Spam
89,10,0.734,15,987,1,1,Spam
60,1,0.575,0,905,4,1,Not Spam
14,15,0.822,8,253,2,1,Spam
9,1,0.563,1,92,3,1,Not Spam
90,18,0.964,8,376,3,0,Spam
53,18,0.217,13,970,0,0,Spam
2,15,0.714,6,622,1,1,Spam
84,18,0.37,8,503,3,1,Spam
92,8,0.279,2,25,0,0,Not Spam
60,0,0.18,0,729,2,0,Not Spam
71,9,0.553,0,896,3,0,Not Spam
44,18,0.215,10,727,5,1,Spam
8,0,0.2,14,827,5,1,Not Spam
47,1,0.991,9,878,0,1,Not Spam
35,15,0.802,5,853,5,1,Spam
78,11,0.748,6,156,1,0,Spam
81,7,0.794,8,798,4,0,Spam
36,17,0.969,5,423,5,0,Not Spam
50,1,0.573,4,647,2,0,Not Spam
4,12,0.22,15,574,3,1,Not Spam
2,5,0.862,13,762,0,0,Not Spam
6,20,0.743,1,589,3,0,Not Spam
54,5,0.414,1,225,4,1,Not Spam
4,8,0.474,7,429,3,1,Not Spam
54,15,0.411,14,825,3,1,Spam
93,10,0.93,0,625,0,0,Not Spam
63,6,0.344,7,55,4,0,Not Spam
18,9,0.963,10,249,2,1,Spam
90,9,0.91,9,246,0,1,Spam
44,19,0.631,10,714,4,1,Spam
34,17,0.58,6,281,4,1,Spam
74,19,0.37,6,150,3,0,Not Spam
62,8,0.018,4,596,1,1,Not Spam
100,14,0.128,2,911,1,0,Not Spam
14,3,0.754,6,467,2,1,Not Spam
95,7,0.472,6,205,3,1,Spam
48,8,0.15,6,648,1,0,Not Spam
15,12,0.264,15,205,0,1,Not Spam
72,8,0.948,11,293,2,1,Spam
78,3,0.367,14,682,3,1,Spam
87,16,0.908,14,371,5,0,Spam
62,15,0.305,10,432,0,0,Not Spam
40,14,0.543,1,170,1,1,Not Spam
85,2,0.02,2,403,1,1,Not Spam
80,19,0.522,2,55,1,0,Not Spam
82,4,0.637,3,345,1,0,Not Spam
53,4,0.234,11,484,4,0,Not Spam
24,19,0.579,15,485,5,1,Spam
26,14,0.647,8,114,2,1,Spam
89,17,0.687,9,153,2,1,Spam
60,14,0.776,14,181,1,1,Spam
41,1,0.311,15,575,2,0,Spam
29,12,0.568,0,319,5,0,Not Spam
15,3,0.982,14,814,0,0,Spam
45,9,0.898,14,375,0,1,Spam
65,12,0.953,11,259,2,0,Spam
89,9,0.386,6,583,1,1,Spam
71,8,0.787,6,957,3,0,Spam
9,7,0.62,10,812,5,1,Not Spam
88,2,0.083,3,605,1,1,Spam
1,15,0.824,12,826,4,0,Spam
8,13,0.677,10,769,3,0,Spam
88,8,0.199,0,186,5,0,Spam
63,20,0.08,2,159,4,0,Spam
11,10,0.837,15,158,2,0,Spam
81,2,0.079,4,900,4,0,Not Spam
8,4,0.091,11,254,2,1,Spam
35,9,0.427,1,22,4,0,Not Spam
35,12,0.135,6,275,3,1,Not Spam
33,3,0.914,13,390,4,1,Not Spam
5,12,0.47,9,297,1,1,Not Spam
41,11,0.569,9,535,2,0,Not Spam
28,4,0.928,6,923,0,0,Not Spam
7,9,0.53,11,801,4,0,Not Spam
73,8,0.354,9,231,2,0,Not Spam
72,19,0.797,4,235,0,0,Not Spam
12,6,0.443,14,289,2,0,Spam
34,1,0.318,11,495,2,1,Not Spam
33,6,0.723,15,547,0,1,Spam
48,7,0.802,9,947,0,1,Not Spam
23,6,0.792,14,83,3,1,Spam
62,20,0.978,5,770,5,1,Spam
88,13,0.787,0,479,4,0,Spam
37,18,0.77,3,35,4,0,Spam
99,4,0.857,3,583,2,1,Spam
44,17,0.0,10,38,1,1,Not Spam
86,19,0.362,7,344,1,1,Spam
91,11,0.738,14,927,5,0,Spam
35,16,0.6,1,112,2,0,Not Spam
65,12,0.178,0,792,3,0,Not Spam
99,1,0.304,6,829,0,0,Not Spam
47,12,0.337,5,36,2,0,Not Spam
78,6,0.568,4,642,4,0,Not Spam
3,9,0.832,11,859,1,0,Not Spam
1,5,0.932,12,891,1,1,Not Spam
5,2,0.75,12,507,1,1,Not Spam
90,2,0.843,12,113,3,0,Not Spam
14,17,0.47,7,29,4,1,Spam
27,10,0.39,10,743,3,0,Not Spam
9,19,0.393,14,768,0,1,Not Spam
79,4,0.616,12,785,2,0,Spam
15,18,0.124,1,547,2,0,Not Spam
90,18,0.579,1,508,1,1,Spam
42,14,0.665,8,163,1,0,Not Spam
77,15,0.439,0,573,0,1,Not Spam
51,8,0.953,5,534,3,0,Spam
63,3,0.608,12,938,5,1,Spam
96,14,0.22,12,489,5,0,Spam
52,11,0.479,2,396,5,1,Spam
96,2,0.675,14,687,4,0,Spam
4,13,0.324,12,513,0,1,Not Spam
94,16,0.08,4,704,2,1,Spam
23,18,0.583,7,503,2,1,Spam
15,5,0.948,6,471,3,1,Spam
43,3,0.485,12,555,0,0,Spam
29,6,0.906,11,806,4,1,Not Spam
36,18,0.835,3,94,0,0,Not Spam
13,16,0.147,7,59,0,0,Not Spam
32,15,0.708,15,321,3,0,Spam
71,14,0.435,10,571,4,0,Spam
59,7,0.25,15,81,5,0,Spam
86,18,0.687,10,769,2,0,Spam
28,7,0.743,15,522,1,0,Not Spam
66,17,0.18,15,264,5,0,Not Spam
42,15,0.914,9,37,4,1,Spam
45,19,0.751,10,671,2,1,Spam
62,18,0.933,13,417,5,0,Spam
57,9,0.317,1,613,3,1,Not Spam
6,16,0.939,15,208,4,1,Spam
28,12,0.369,6,639,4,0,Not Spam
28,12,0.054,4,765,2,1,Not Spam
44,6,0.763,15,799,2,1,Spam
84,9,0.704,10,123,0,1,Spam
30,1,0.598,5,942,0,0,Not Spam
62,3,0.49,2,665,4,0,Not Spam
75,5,0.032,15,363,1,1,Spam
92,17,0.625,10,390,3,0,Spam
89,5,0.417,9,52,2,0,Not Spam
62,16,0.56,6,768,0,1,Spam
97,13,0.429,6,393,3,1,Spam
1,10,0.966,1,867,5,1,Spam
27,18,0.604,15,197,5,1,Spam
62,1,0.749,0,31,4,0,Not Spam
77,2,0.936,9,882,2,0,Spam
3,10,0.592,1,972,5,0,Not Spam
70,5,0.012,11,760,2,0,Spam
72,13,0.034,7,840,0,0,Not Spam
27,18,0.702,10,800,5,0,Spam
9,15,0.279,9,909,1,0,Not Spam
62,20,0.579,2,475,5,0,Spam
37,6,0.202,10,889,2,0,Not Spam
97,7,0.27,3,662,1,1,Not Spam
51,18,0.505,7,268,3,0,Spam
44,19,0.976,2,467,5,0,Spam
24,15,0.616,5,999,2,0,Not Spam
79,6,0.936,1,589,5,1,Spam
59,8,0.959,2,23,5,1,Spam
32,12,0.208,0,255,2,0,Not Spam
96,0,0.311,8,192,1,0,Spam
88,7,0.77,3,341,0,1,Not Spam
52,3,0.867,5,390,5,0,Not Spam
62,2,0.519,14,567,4,1,Not Spam
58,2,0.993,6,810,3,0,Spam
52,12,0.012,1,768,2,1,Spam
12,7,0.3,7,806,5,1,Spam
39,6,0.623,11,315,0,0,Not Spam
2,0,0.469,8,859,2,1,Not Spam
3,15,0.117,13,419,5,1,Spam
56,5,0.368,9,77,3,1,Spam
81,6,0.025,10,894,4,0,Not Spam
59,11,0.643,1,549,2,0,Not Spam
2,8,0.893,4,567,5,1,Not Spam
2,10,0.885,1,427,1,1,Not Spam
92,9,0.7,10,660,0,0,Spam
54,20,0.466,4,532,4,0,Spam
87,0,0.512,6,83,2,0,Not Spam
96,17,0.137,5,593,5,1,Spam
97,3,0.341,3,897,4,0,Not Spam
1,4,0.188,13,439,1,0,Not Spam
19,8,0.821,1,862,2,0,Not Spam
2,16,0.915,6,165,4,0,Not Spam
53,2,0.537,11,291,2,1,Spam
44,15,0.728,9,36,2,1,Not Spam
90,4,0.121,8,811,4,0,Not Spam
32,15,0.609,0,117,2,1,Not Spam
70,2,0.703,2,471,1,0,Not Spam
32,19,0.453,6,758,4,1,Spam
68,14,0.243,15,994,5,0,Spam
55,2,0.877,14,917,4,0,Spam
75,19,0.743,15,262,1,1,Spam
56,13,0.9,13,498,1,0,Spam
17,15,0.818,8,220,1,0,Not Spam
38,16,0.99,12,925,5,1,Spam
24,19,0.192,4,968,5,0,Not Spam
69,17,0.087,6,492,2,1,Spam
98,17,0.337,14,198,2,0,Spam
70,13,0.129,9,527,3,0,Spam
86,17,0.523,6,472,2,1,Spam
11,14,0.633,3,289,1,1,Spam
16,14,0.578,4,253,3,0,Not Spam
97,5,0.259,1,643,1,0,Not Spam
73,14,0.909,7,505,0,1,Spam
59,17,0.021,11,597,5,1,Spam
70,3,0.348,14,357,4,0,Spam
80,7,0.719,14,880,0,0,Spam
93,14,0.767,0,968,5,0,Spam
3,2,0.416,1,776,5,1,Not Spam
20,14,0.017,11,776,1,0,Not Spam
59,12,0.618,2,999,2,1,Spam
36,8,0.063,6,467,4,0,Not Spam
19,1,0.108,5,603,2,1,Not Spam
90,7,0.65,13,376,2,0,Spam
67,19,0.312,6,68,4,1,Spam
19,16,0.348,10,515,4,1,Spam
20,12,0.487,4,365,0,0,Not Spam
96,0,0.979,13,721,1,1,Spam
71,1,0.965,3,312,2,1,Spam
52,14,0.416,14,708,1,1,Spam
33,11,0.265,14,983,1,0,Spam
40,13,0.303,6,692,3,0,Not Spam
39,1,0.269,2,169,0,0,Not Spam
82,17,0.532,12,601,2,0,Not Spam
1,6,0.607,9,564,5,1,Spam
11,5,0.489,6,815,4,1,Not Spam
92,13,0.408,1,875,4,0,Spam
57,7,0.211,11,279,1,1,Not Spam
89,1,0.483,11,341,0,1,Spam
50,16,0.341,7,96,0,0,Not Spam
23,4,0.542,11,129,2,0,Not Spam
31,13,0.675,5,836,2,1,Not Spam
94,19,0.633,11,915,1,0,Spam
42,20,0.462,15,670,1,1,Spam
99,20,0.556,14,566,1,1,Spam
7,2,0.285,2,442,3,0,Not Spam
16,4,0.024,2,413,0,0,Not Spam
90,15,0.625,4,254,1,1,Spam
60,17,0.253,2,349,0,0,Not Spam
2,16,0.669,15,731,5,1,Spam
1,10,0.747,5,344,4,1,Not Spam
48,16,0.916,15,170,4,0,Spam
12,15,0.958,1,565,0,0,Not Spam
69,1,0.011,7,655,5,0,Not Spam
37,3,0.99,12,898,4,0,Spam
32,20,0.683,10,51,4,1,Spam
9,6,0.644,11,291,4,0,Not Spam
99,1,0.015,10,855,2,0,Not Spam
19,5,0.861,8,841,5,0,Spam
48,16,0.145,12,655,2,1,Spam
80,6,0.837,14,943,0,0,Spam
3,4,0.016,6,387,0,0,Not Spam
20,4,0.646,13,511,3,0,Not Spam
24,19,0.435,2,335,2,0,Not Spam
54,15,0.201,10,609,0,0,Not Spam
33,18,0.108,13,607,2,1,Spam
24,8,0.44,15,591,3,1,Spam
75,4,0.123,9,616,0,1,Spam
72,7,0.486,3,387,0,0,Not Spam
36,8,0.625,15,99,0,0,Not Spam
38,4,0.827,11,905,0,1,Spam
84,9,0.679,9,191,1,0,Spam
99,1,0.065,1,277,5,1,Spam
89,8,0.307,8,298,5,0,Spam
99,10,0.288,15,523,2,1,Spam
25,3,0.915,13,752,2,1,Spam
93,1,0.868,4,577,2,0,Not Spam
18,5,0.37,11,510,3,0,Not Spam
82,13,0.071,1,604,1,0,Not Spam
66,0,0.894,9,585,2,0,Not Spam
54,17,0.888,5,858,2,0,Spam
35,6,0.855,6,752,0,1,Spam
80,0,0.845,12,912,0,0,Spam
61,0,0.48,1,356,0,1,Not Spam
41,0,0.177,14,540,2,0,Not Spam
100,3,0.477,0,345,0,1,Not Spam
33,3,0.495,12,191,2,1,Spam
68,17,0.49,6,103,3,1,Spam
33,10,0.539,0,861,3,0,Not Spam
14,0,0.258,2,860,4,1,Not Spam
21,9,0.366,3,543,1,0,Not Spam
48,8,0.434,1,500,0,1,Not Spam
20,3,0.131,6,563,5,0,Not Spam
8,5,0.455,4,437,0,1,Not Spam
7,15,0.81,0,358,1,0,Not Spam
67,1,0.828,11,820,1,0,Not Spam
17,17,0.412,15,339,4,1,Spam
33,9,0.519,11,323,1,1,Spam
48,16,0.034,15,291,2,0,Spam
76,12,0.674,7,709,0,1,Not Spam
59,17,0.405,9,133,1,0,Spam
86,12,0.445,6,426,2,0,Not Spam
22,16,0.874,15,45,1,1,Spam
30,4,0.462,3,256,5,0,Not Spam
38,10,0.021,1,329,2,1,Not Spam
51,6,0.227,14,703,3,0,Not Spam
54,9,0.476,15,252,2,0,Spam
8,16,0.424,6,568,4,0,Not Spam
27,14,0.86,10,284,2,0,Not Spam
27,17,0.542,1,32,1,1,Not Spam
98,18,0.69,5,515,3,0,Spam
21,1,0.469,15,335,3,1,Not Spam
30,3,0.44,0,637,2,0,Not Spam
97,2,0.446,13,657,1,0,Spam
28,6,0.411,6,867,3,1,Spam
64,17,0.539,6,403,5,0,Spam
97,9,0.25,11,661,2,0,Not Spam
69,6,0.891,3,335,2,1,Spam
61,7,0.333,3,275,2,0,Not Spam
48,5,0.148,14,460,3,0,Not Spam
19,0,0.097,9,134,0,0,Not Spam
4,3,0.013,4,318,1,1,Not Spam
35,13,0.423,1,934,4,1,Spam
64,16,0.188,8,143,4,1,Spam
49,19,0.022,9,275,1,1,Spam
17,17,0.52,3,670,0,1,Not Spam
44,10,0.68,10,737,1,1,Spam
92,20,0.086,8,66,2,1,Spam
30,13,0.461,13,748,5,1,Spam
93,8,0.744,2,850,1,0,Not Spam
46,14,0.986,8,922,1,1,Spam
6,11,0.667,0,482,5,0,Not Spam
99,9,0.245,6,369,3,0,Spam
37,18,0.717,3,142,4,0,Not Spam
24,18,0.598,6,50,4,0,Not Spam
93,5,0.212,15,74,2,0,Not Spam
46,19,0.851,13,172,5,1,Spam
53,5,0.427,9,475,2,1,Not Spam
95,7,0.962,14,305,3,0,Spam
99,0,0.723,15,55,2,1,Not Spam
60,16,0.645,5,837,5,1,Spam
97,16,0.728,3,929,5,1,Spam
63,14,0.478,3,816,0,1,Not Spam
85,6,0.505,7,942,3,1,Spam
32,18,0.851,6,904,5,0,Spam
87,2,0.681,3,275,5,0,Spam
33,10,0.897,10,197,3,0,Not Spam
67,19,0.891,5,567,1,0,Spam
18,18,0.976,5,273,1,0,Not Spam
25,8,0.7,0,527,0,1,Not Spam
95,9,0.502,12,693,5,1,Spam
54,1,0.166,1,40,3,0,Not Spam
58,0,0.705,15,825,3,0,Spam
67,15,0.292,3,94,1,1,Spam
46,17,0.283,5,738,4,1,Spam
24,16,0.238,5,479,4,0,Not Spam
32,5,0.875,0,197,5,0,Not Spam
47,13,0.868,7,401,1,1,Spam
86,14,0.631,1,56,5,1,Spam
23,13,0.473,12,990,2,0,Not Spam
66,2,0.672,4,139,3,1,Not Spam
27,18,0.607,3,934,5,1,Spam
2,11,0.416,4,649,0,0,Not Spam
90,1,0.38,4,20,4,1,Not Spam
17,2,0.383,14,740,5,0,Not Spam
33,17,0.589,9,955,2,1,Spam
9,0,0.648,7,330,3,0,Not Spam
43,19,0.452,9,227,2,1,Not Spam
48,20,0.969,6,173,5,1,Spam
39,5,0.084,11,781,3,0,Not Spam
93,4,0.347,13,702,3,0,Spam
42,0,0.419,8,334,1,1,Not Spam
26,18,0.017,11,326,1,0,Not Spam
99,0,0.365,10,523,0,0,Not Spam
50,20,0.274,12,638,0,1,Spam
25,20,0.506,14,674,2,1,Spam
24,15,0.336,0,539,1,1,Not Spam
13,11,0.726,5,625,3,0,Not Spam
60,7,0.51,5,929,1,1,Not Spam
7,15,0.13,1,116,3,1,Not Spam
57,0,0.75,10,509,1,0,Not Spam
36,3,0.099,7,26,3,0,Not Spam
45,9,0.839,5,805,2,0,Not Spam
20,10,0.931,10,31,1,1,Not Spam
65,16,0.322,12,533,4,0,Spam
8,6,0.926,9,965,4,1,Spam
16,11,0.793,8,368,3,1,Spam
14,20,0.922,9,936,2,1,Spam
76,6,0.666,4,26,3,1,Not Spam
87,11,0.236,6,519,2,0,Not Spam
15,14,0.895,5,494,0,0,Not Spam
92,1,0.184,10,543,1,0,Spam
98,13,0.213,14,871,2,0,Spam
66,12,0.271,4,76,3,1,Spam
32,3,0.304,5,609,0,0,Not Spam
87,13,0.514,3,605,3,1,Spam
63,13,0.713,15,252,4,0,Spam
86,15,0.926,2,810,4,0,Spam
51,6,0.088,12,49,1,1,Not Spam
25,18,0.954,0,386,5,1,Spam
58,1,0.921,0,845,1,1,Not Spam
63,9,0.054,5,626,0,0,Spam
62,17,0.36,13,839,4,1,Spam
22,16,0.813,8,75,2,0,Not Spam
58,4,0.612,7,29,4,1,Not Spam
58,11,0.779,11,934,5,0,Spam
86,5,0.719,1,166,1,1,Not Spam
49,8,0.497,8,383,3,1,Spam
52,19,0.041,7,618,0,1,Spam
42,0,0.584,15,272,5,1,Spam
70,14,0.049,13,718,4,0,Not Spam
15,20,0.604,13,959,2,0,Spam
54,5,0.8,11,764,5,0,Spam
60,18,0.585,8,272,2,0,Not Spam
97,17,0.997,3,462,2,1,Spam
8,5,0.456,15,755,0,1,Not Spam
53,12,0.749,8,359,2,0,Spam
60,0,0.667,1,535,2,0,Not Spam
5,12,0.991,12,372,4,0,Not Spam
68,6,0.713,0,643,0,0,Not Spam
6,14,0.164,12,724,3,0,Not Spam
96,11,0.956,8,672,3,1,Spam
94,0,0.668,9,342,2,1,Not Spam
47,14,0.059,7,159,5,0,Spam
99,3,0.658,6,880,1,0,Spam
55,12,0.883,13,970,0,1,Spam
40,4,0.577,12,464,1,0,Not Spam
52,1,0.354,7,114,0,0,Not Spam
16,0,0.821,11,572,0,1,Not Spam
13,15,0.783,0,439,4,1,Not Spam
30,5,0.544,13,533,2,1,Spam
19,15,0.154,8,809,4,0,Spam
17,13,0.251,11,169,5,0,Not Spam
63,2,0.738,15,572,1,1,Spam
19,14,0.806,9,370,1,0,Not Spam
92,2,0.279,10,135,3,0,Not Spam
58,1,0.368,8,651,5,0,Not Spam
55,0,0.078,14,256,5,0,Not Spam
90,8,0.713,11,289,4,0,Not Spam
90,8,0.004,10,880,4,1,Spam
62,6,0.047,8,310,5,0,Not Spam
23,2,0.004,12,453,4,1,Not Spam
9,17,0.645,15,28,3,1,Spam
12,10,0.417,13,770,4,0,Not Spam
1,6,0.298,5,649,4,1,Not Spam
58,8,0.913,3,883,5,1,Spam
1,0,0.193,12,846,5,0,Not Spam
34,13,0.389,1,843,4,1,Not Spam
96,19,0.94,10,494,4,0,Spam
48,5,0.427,3,541,5,0,Not Spam
89,6,0.555,6,556,1,1,Spam
1,9,0.08,0,704,2,0,Not Spam
16,6,0.79,13,756,1,1,Not Spam
61,1,0.423,8,30,4,1,Spam
64,3,0.801,2,632,0,0,Not Spam
63,20,0.254,12,796,0,0,Spam
69,16,0.422,12,922,3,0,Spam
22,0,0.787,3,346,1,0,Not Spam
93,9,0.974,11,949,5,0,Spam
67,18,0.06,4,614,3,0,Not Spam
76,14,0.812,11,295,3,0,Not Spam
26,9,0.301,12,389,0,0,Not Spam
16,18,0.551,2,509,1,0,Not Spam
51,11,0.29,3,364,2,0,Not Spam
86,15,0.613,4,792,5,1,Spam
57,8,0.354,11,387,1,1,Spam
29,14,0.334,0,752,3,0,Not Spam
78,16,0.038,15,330,4,0,Spam
92,13,0.147,13,750,3,0,Spam
69,17,0.917,8,620,1,0,Spam
47,1,0.998,9,504,0,0,Not Spam
94,3,0.781,12,34,1,1,Spam
62,17,0.287,9,777,2,0,Spam
69,6,0.402,12,707,5,0,Spam
76,12,0.74,15,23,5,1,Spam
16,14,0.969,13,865,4,0,Spam
90,0,0.455,3,395,4,0,Not Spam
90,10,0.83,12,388,3,1,Spam
48,9,0.975,15,484,1,0,Not Spam
85,4,0.873,8,552,5,0,Not Spam
39,15,0.227,3,739,0,1,Not Spam
100,10,0.008,13,156,2,0,Spam
33,20,0.492,0,853,3,1,Not Spam
94,5,0.531,11,382,1,0,Spam
23,8,0.201,4,994,0,1,Not Spam
10,12,0.285,12,950,1,1,Spam
69,7,0.765,8,235,0,0,Spam
100,13,0.47,2,387,1,1,Spam
34,0,0.317,4,136,1,1,Not Spam
52,16,0.623,15,198,5,0,Spam
95,4,0.653,2,265,3,1,Not Spam
10,1,0.769,11,147,1,1,Spam
19,8,0.157,2,377,1,0,Not Spam
58,3,0.742,0,97,3,1,Not Spam
96,16,0.599,1,760,3,0,Spam
1,16,0.058,1,312,4,1,Not Spam
69,20,0.777,8,793,4,1,Spam
4,17,0.383,6,101,5,1,Spam
16,15,0.33,7,361,3,1,Spam
24,7,0.448,1,357,2,0,Not Spam
80,10,0.346,8,838,5,1,Spam
2,20,0.338,12,597,0,0,Not Spam
92,20,0.808,2,115,3,0,Spam
32,17,0.125,9,164,4,1,Spam
91,9,0.971,12,596,1,0,Spam
84,12,0.555,1,540,3,1,Spam
24,16,0.183,11,416,3,0,Spam
12,17,0.131,0,376,4,1,Not Spam
50,9,0.592,8,205,4,0,Spam
35,15,0.633,7,689,2,0,Not Spam
33,19,0.053,12,562,5,1,Spam
33,4,0.243,14,170,4,1,Not Spam
61,12,0.795,11,338,4,0,Spam
51,17,0.05,10,773,4,0,Not Spam
43,16,0.855,15,687,5,0,Spam
12,8,0.658,3,78,1,0,Not Spam
67,13,0.434,6,29,3,0,Not Spam
65,16,0.346,11,876,3,0,Not Spam
33,3,0.019,13,143,4,1,Spam
40,17,0.825,2,375,5,1,Spam
74,19,0.143,15,365,2,1,Spam
43,14,0.31,2,813,4,0,Not Spam
44,10,0.569,3,256,5,0,Not Spam
29,11,0.246,15,352,5,1,Spam
13,8,0.497,1,36,2,1,Not Spam
12,12,0.809,13,443,5,1,Spam
95,14,0.471,9,343,3,1,Spam
46,14,0.949,3,42,2,1,Not Spam
2,4,0.848,9,950,2,1,Not Spam
35,18,0.333,2,478,0,1,Spam
87,19,0.4,7,479,2,1,Spam
81,13,0.423,10,540,2,0,Spam
90,16,0.626,1,738,1,1,Spam
8,17,0.287,15,576,3,1,Spam
93,20,0.969,10,440,4,1,Spam
26,2,0.609,8,984,0,0,Not Spam
74,1,0.399,2,422,2,1,Not Spam
90,0,0.645,3,350,1,0,Not Spam
34,9,0.395,12,476,1,0,Not Spam
7,18,0.818,9,502,5,0,Not Spam
68,16,0.568,13,517,4,0,Spam
58,11,0.042,14,46,4,0,Not Spam
75,0,0.177,9,416,3,1,Not Spam
29,11,0.865,14,972,5,1,Spam
36,16,0.563,14,207,2,0,Spam
89,2,0.95,2,159,1,0,Not Spam
21,10,0.072,2,540,0,0,Not Spam
36,16,0.295,7,765,3,0,Not Spam
10,2,0.194,7,111,2,0,Not Spam
73,7,0.554,12,96,5,1,Spam
24,19,0.383,12,871,4,0,Spam
64,3,0.157,5,263,5,0,Not Spam
99,20,0.643,3,864,2,0,Spam
49,6,0.536,0,686,5,1,Not Spam
99,13,0.275,3,749,4,1,Spam
36,13,0.48,7,978,2,1,Not Spam
82,3,0.746,5,816,0,0,Not Spam
96,15,0.205,1,681,3,0,Spam
24,0,0.293,2,860,5,1,Not Spam
23,16,0.346,11,107,4,1,Spam
62,9,0.747,6,637,0,1,Spam
96,15,0.847,10,934,1,0,Spam
37,15,0.376,10,313,0,0,Not Spam
12,7,0.297,3,114,0,1,Not Spam
55,6,0.889,3,272,0,1,Not Spam
13,5,0.999,14,570,4,0,Not Spam
23,15,0.67,15,418,1,1,Spam
89,19,0.99,14,786,3,0,Spam
99,15,0.66,4,73,0,1,Spam
30,6,0.733,7,947,4,0,Not Spam
17,8,0.389,13,262,4,0,Spam
62,13,0.433,13,129,3,1,Spam
84,10,0.144,6,785,2,0,Spam
89,13,0.823,8,643,1,0,Spam
86,6,0.931,15,705,1,1,Not Spam
13,0,0.623,14,720,5,0,Not Spam
59,12,0.344,4,240,0,1,Not Spam
19,19,0.154,0,780,2,0,Not Spam
49,2,0.265,3,583,1,1,Not Spam
100,19,0.255,5,181,5,0,Spam
12,3,0.614,5,988,0,0,Not Spam
61,10,0.945,8,54,2,1,Spam
19,1,0.048,9,985,4,1,Not Spam
76,13,0.001,12,56,0,0,Spam
9,11,0.6,4,865,2,1,Not Spam
71,16,0.284,4,848,3,1,Spam
28,11,0.881,5,642,1,0,Not Spam
78,11,0.327,10,389,0,1,Spam
95,0,0.29,5,196,5,0,Not Spam
52,12,0.27,2,540,4,1,Spam
83,13,0.145,5,294,5,0,Spam
16,1,0.582,7,652,0,1,Not Spam
69,11,0.168,11,124,1,0,Not Spam
99,20,0.425,5,175,1,0,Spam
12,15,0.461,15,355,2,1,Spam
25,3,0.02,15,45,5,1,Spam
52,7,0.017,11,953,5,0,Not Spam
85,1,0.52,15,315,4,1,Spam
100,9,0.696,10,556,2,0,Spam
53,8,0.942,4,374,4,0,Spam
23,14,0.179,2,905,0,1,Not Spam
16,12,0.103,0,88,0,1,Not Spam
57,16,0.052,4,346,5,1,Spam
39,15,0.436,5,170,2,0,Not Spam
53,1,0.623,13,876,3,1,Spam
42,19,0.841,5,596,1,1,Spam
58,19,0.683,13,681,2,1,Spam
39,13,0.208,5,339,2,0,Not Spam
14,2,0.462,2,776,0,1,Not Spam
95,11,0.91,14,471,1,1,Spam
5,7,0.327,3,589,2,0,Not Spam
35,1,0.499,14,687,0,1,Not Spam
87,3,0.959,2,131,0,0,Not Spam
93,13,0.735,1,654,5,1,Spam
75,15,0.748,7,481,5,0,Spam
18,18,0.252,6,884,2,0,Not Spam
76,1,0.415,10,983,2,0,Spam
9,11,0.082,7,381,0,1,Not Spam
74,13,0.607,12,222,5,1,Spam
58,5,0.104,5,506,2,0,Not Spam
17,12,0.836,10,499,1,1,Not Spam
7,3,0.815,14,23,0,1,Not Spam
46,17,0.534,11,148,0,1,Spam
13,11,0.141,14,45,2,0,Not Spam
40,19,0.026,13,820,2,1,Spam
42,20,0.797,6,996,2,0,Not Spam
9,18,0.6,0,46,1,0,Not Spam
50,7,0.711,9,61,0,1,Spam
27,6,0.304,4,984,3,1,Not Spam
66,15,0.509,3,602,1,0,Spam
5,18,0.747,9,83,1,1,Spam
29,5,0.463,2,44,5,1,Not Spam
37,19,0.601,1,91,0,0,Not Spam
38,20,0.79,13,501,3,1,Spam
83,10,0.215,13,892,0,0,Not Spam
8,4,0.066,8,919,1,0,Not Spam
65,15,0.532,7,287,2,1,Spam
86,6,0.062,9,845,0,0,Not Spam
17,4,0.767,14,114,0,1,Not Spam
71,10,0.719,1,414,2,1,Not Spam
89,14,0.882,5,888,3,1,Spam
45,2,0.64,15,383,3,0,Spam
4,4,0.067,2,334,0,0,Not Spam
36,20,0.253,2,136,2,0,Not Spam
70,4,0.808,4,183,5,1,Spam
31,8,0.167,6,896,0,1,Not Spam
19,14,0.698,6,809,2,0,Not Spam
61,2,0.78,10,596,1,1,Spam
54,5,0.33,9,325,5,1,Spam
39,16,0.322,0,791,2,0,Spam
91,20,0.558,10,759,0,0,Spam
74,7,0.861,6,219,4,0,Spam
90,20,0.224,6,751,3,1,Spam
19,10,0.941,5,199,0,1,Not Spam
39,5,0.599,5,377,2,1,Not Spam
67,7,0.992,12,759,5,0,Spam
45,9,0.09,15,271,5,0,Spam
13,2,0.127,12,318,2,0,Not Spam
92,13,0.827,1,892,3,0,Spam
58,13,0.865,2,449,0,1,Not Spam
20,9,0.445,2,23,5,0,Not Spam
92,11,0.714,12,672,5,1,Spam
72,5,0.868,2,697,4,0,Not Spam
61,11,0.043,1,273,1,1,Not Spam
39,13,0.574,8,960,4,0,Spam
1,1,0.853,15,684,1,1,Not Spam
3,8,0.398,5,598,5,1,Spam
77,9,0.302,1,586,1,0,Not Spam
92,16,0.796,2,115,0,1,Not Spam
62,16,0.336,9,186,5,0,Spam
63,2,0.003,5,852,5,1,Not Spam
25,18,0.96,3,350,1,0,Not Spam
56,0,0.592,6,917,2,0,Not Spam
33,11,0.82,5,984,1,0,Not Spam
38,6,0.825,14,907,1,1,Spam
6,3,0.066,5,873,3,1,Not Spam
58,9,0.171,11,81,3,0,Not Spam
44,12,0.311,2,193,0,1,Not Spam
45,1,0.321,10,272,0,0,Not Spam
32,9,0.659,7,480,2,1,Spam
45,20,0.623,8,643,3,0,Not Spam
61,3,0.495,5,234,4,0,Not Spam
47,17,0.211,1,258,0,0,Not Spam
21,4,0.382,0,434,0,0,Not Spam
80,18,0.544,2,758,3,0,Spam
85,1,0.468,2,761,3,1,Not Spam
75,11,0.127,15,764,2,1,Spam
36,16,0.65,7,694,3,1,Spam
99,9,0.073,15,145,1,1,Spam
19,1,0.378,4,960,5,0,Not Spam
20,5,0.71,0,272,4,0,Not Spam
57,7,0.02,10,864,5,0,Not Spam
18,18,0.57,3,969,1,1,Not Spam
47,10,0.335,6,730,1,0,Not Spam
49,11,0.009,4,216,5,1,Spam
14,8,0.19,9,653,1,1,Not Spam
15,1,0.941,14,432,0,1,Not Spam
31,7,0.521,12,475,5,0,Not Spam
1,10,0.997,15,795,1,1,Spam
54,20,0.525,5,73,0,1,Not Spam
3,3,0.544,13,666,3,1,Not Spam
16,9,0.392,9,358,4,1,Spam
87,20,0.31,3,378,4,1,Not Spam
57,19,0.252,1,170,1,0,Not Spam
75,15,0.343,8,119,4,1,Spam
12,7,0.46,14,253,0,1,Not Spam
74,3,0.192,1,563,3,1,Not Spam
96,9,0.225,1,81,1,0,Not Spam
16,11,0.272,12,960,2,1,Spam
72,13,0.449,11,215,5,0,Spam
76,15,0.653,1,561,4,1,Spam
24,17,0.856,0,774,4,0,Spam
28,20,0.287,12,125,1,0,Not Spam
8,20,0.184,11,314,5,0,Spam
92,11,0.379,11,664,5,1,Spam
36,17,0.894,2,470,4,1,Not Spam
90,6,0.01,5,553,4,1,Spam
8,19,0.678,6,175,2,1,Spam
58,6,0.477,0,425,5,0,Spam
60,8,0.161,13,915,0,1,Not Spam
50,0,0.321,4,745,1,1,Not Spam
28,5,0.225,4,757,1,0,Not Spam
92,5,0.878,0,816,2,0,Not Spam
41,11,0.482,3,702,2,0,Not Spam
100,11,0.563,15,573,0,0,Not Spam
64,9,0.594,9,591,3,1,Spam
27,5,0.64,0,394,1,1,Not Spam
63,16,0.496,12,608,5,0,Spam
17,18,0.018,13,474,4,0,Spam
73,17,0.335,14,221,0,1,Spam
33,5,0.184,0,751,1,0,Not Spam
84,18,0.68,11,471,5,0,Spam
77,9,0.057,14,206,0,0,Not Spam
92,7,0.564,6,627,3,1,Spam
29,20,0.211,6,873,5,1,Spam
13,5,0.949,2,743,1,1,Not Spam
46,20,0.336,6,387,4,0,Spam
35,6,0.325,2,359,5,1,Spam
6,0,0.923,1,281,1,0,Not Spam
82,17,0.417,9,860,0,1,Spam
69,19,0.963,14,943,3,0,Spam
47,11,0.024,3,608,5,0,Not Spam
25,15,0.306,13,562,0,1,Not Spam
66,9,0.666,9,570,0,1,Spam
10,9,0.891,2,325,2,0,Not Spam
56,13,0.256,11,865,0,0,Not Spam
30,19,0.93,6,745,5,0,Spam
5,9,0.594,11,657,3,0,Not Spam
33,9,0.801,11,184,4,0,Spam
65,10,0.397,0,777,2,1,Not Spam
18,1,0.212,5,640,0,0,Not Spam
96,19,0.911,14,107,5,1,Spam
49,7,0.933,13,219,1,1,Spam
11,6,0.498,1,290,2,1,Not Spam
85,7,0.006,7,70,3,1,Spam
26,0,0.11,13,508,1,0,Not Spam
63,20,0.573,4,217,3,1,Spam
89,1,0.024,2,42,1,1,Not Spam
86,17,0.397,9,684,4,1,Spam
59,14,0.303,6,242,3,0,Spam
27,0,0.714,13,961,1,1,Not Spam
49,4,0.056,10,240,3,1,Not Spam
77,1,0.489,14,682,2,1,Not Spam
33,19,0.579,14,285,3,0,Spam
98,2,0.617,1,92,5,0,Not Spam
99,18,0.405,4,900,3,0,Spam
1,17,0.304,10,96,1,1,Spam
21,17,0.682,15,563,3,0,Spam
55,13,0.848,7,900,4,0,Spam
6,7,0.694,15,454,0,0,Not Spam
92,11,0.932,12,956,2,1,Spam
81,20,0.717,10,84,5,0,Spam
69,9,0.765,0,980,1,1,Spam
95,19,0.168,14,376,3,1,Spam
5,16,0.42,0,955,3,1,Not Spam
3,10,0.485,2,37,3,1,Not Spam
53,1,0.256,15,695,2,0,Not Spam
23,3,0.529,2,818,5,0,Not Spam
53,0,0.291,12,585,0,1,Not Spam
37,14,0.688,6,594,4,1,Spam
74,12,0.47,5,788,5,1,Spam
74,7,0.459,6,770,4,1,Not Spam
83,3,0.984,3,455,5,0,Not Spam
17,9,0.392,10,460,1,0,Not Spam
85,18,0.362,1,28,0,1,Not Spam
78,17,0.319,1,489,0,0,Not Spam
73,4,0.895,9,651,2,0,Not Spam
1,18,0.497,0,367,5,0,Not Spam
51,15,0.6,13,621,3,0,Spam
45,0,0.181,12,391,0,1,Not Spam
77,11,0.541,13,989,5,0,Spam
4,1,0.275,8,843,3,1,Not Spam
62,20,0.731,13,194,2,0,Spam
65,7,0.833,13,534,5,0,Spam
32,17,0.715,6,149,5,1,Spam
34,15,0.73,9,585,1,0,Spam
92,4,0.512,2,312,5,1,Spam
95,12,0.712,1,715,1,0,Spam
72,18,0.423,13,946,3,1,Spam
39,2,0.651,2,372,3,0,Not Spam
26,7,0.259,6,243,0,1,Not Spam
34,11,0.07,4,543,2,0,Not Spam
54,1,0.413,11,973,1,1,Spam
3,10,0.462,2,726,0,0,Not Spam
50,11,0.256,8,778,4,1,Spam
12,17,0.728,1,528,0,1,Spam
65,12,0.074,6,387,3,0,Not Spam
54,4,0.223,14,685,4,1,Not Spam
5,11,0.749,9,609,0,1,Spam
94,1,0.437,5,671,5,0,Not Spam
94,4,0.705,5,519,2,0,Not Spam
57,6,0.567,13,109,1,0,Spam
17,11,0.951,15,675,5,1,Spam
47,15,0.598,6,968,4,1,Spam
23,7,0.015,5,91,2,0,Not Spam
79,8,0.353,1,452,0,1,Not Spam
85,14,0.143,15,708,5,0,Spam
14,4,0.925,10,367,3,1,Not Spam
66,12,0.104,4,282,3,0,Not Spam
75,4,0.388,2,290,2,1,Not Spam
51,10,0.226,8,528,3,0,Not Spam
38,9,0.847,7,527,1,0,Not Spam
64,19,0.309,9,636,2,0,Spam
98,12,0.992,15,439,2,1,Spam
38,8,0.039,10,91,3,1,Spam
50,20,0.128,1,93,2,1,Spam
98,13,0.225,14,674,0,0,Spam
82,17,0.811,0,522,4,1,Spam
30,14,0.879,14,593,5,1,Spam
79,9,0.071,3,165,4,0,Not Spam
91,6,0.032,3,65,5,0,Spam
51,7,0.745,11,760,3,0,Spam
63,2,0.133,9,124,1,0,Not Spam
98,14,0.133,10,128,1,1,Not Spam
52,15,0.022,1,336,3,0,Not Spam
38,3,0.05,6,140,3,1,Not Spam
97,20,0.264,12,518,2,0,Spam
88,5,0.065,14,62,1,1,Spam
79,0,0.369,2,959,4,0,Not Spam
30,3,0.833,6,118,3,0,Not Spam
51,10,0.326,6,725,4,0,Not Spam
81,11,0.728,0,330,5,0,Not Spam
5,4,0.094,5,233,4,0,Not Spam
29,20,0.659,3,482,1,1,Not Spam
4,15,0.317,10,760,5,1,Spam
10,12,0.75,7,442,4,1,Not Spam
56,12,0.136,15,408,2,1,Not Spam
17,16,0.898,15,716,2,1,Spam
74,6,0.243,7,131,1,0,Not Spam
17,7,0.353,2,930,2,0,Not Spam
84,12,0.95,3,878,3,1,Spam
88,15,0.578,14,291,5,1,Spam
69,3,0.366,0,844,1,1,Not Spam
34,7,0.95,9,121,5,1,Spam
6,15,0.329,1,229,4,1,Not Spam
53,20,0.095,6,758,3,0,Not Spam
66,9,0.997,14,812,1,1,Spam
77,11,0.268,13,41,4,0,Spam
43,11,0.851,15,779,4,1,Spam
75,4,0.166,10,178,4,0,Not Spam
23,15,0.731,11,910,4,1,Spam
55,0,0.524,14,760,4,1,Not Spam
80,8,0.981,6,949,1,0,Not Spam
95,11,0.553,12,362,2,0,Spam
75,4,0.025,8,419,4,0,Not Spam
16,19,0.604,9,473,3,1,Spam
8,2,0.145,8,718,1,1,Not Spam
4,4,0.799,8,162,0,1,Not Spam
4,1,0.857,5,869,2,1,Not Spam
56,13,0.482,7,889,3,0,Spam
25,1,0.783,8,416,4,0,Not Spam
67,12,0.145,11,555,1,0,Not Spam
96,6,0.492,13,160,1,0,Spam
67,9,0.394,6,980,4,0,Spam
27,12,0.611,3,259,3,0,Not Spam
93,15,0.044,13,311,1,0,Not Spam
32,13,0.752,3,836,5,1,Spam
50,10,0.079,5,101,2,1,Not Spam
61,9,0.656,13,579,3,0,Spam
51,5,0.018,10,884,4,0,Not Spam
19,3,0.832,3,889,3,1,Not Spam
21,20,0.175,10,190,5,0,Not Spam
5,0,0.515,6,793,3,1,Not Spam
82,6,0.261,7,996,0,1,Spam
92,8,0.723,7,599,4,0,Spam
42,7,0.321,13,545,2,1,Spam
61,4,0.725,7,561,4,1,Spam
22,18,0.285,1,129,0,1,Not Spam
21,9,0.752,13,231,4,0,Spam
70,10,0.031,9,795,4,0,Not Spam
1,14,0.283,1,457,2,1,Not Spam
5,5,0.499,1,341,0,0,Not Spam
12,14,0.045,1,919,4,1,Spam
90,4,0.186,15,733,5,1,Spam
46,18,0.935,3,103,4,0,Spam
34,18,0.977,4,975,1,1,Spam
49,9,0.74,3,395,4,1,Spam
78,11,0.252,14,72,2,1,Spam
90,3,0.261,4,886,1,1,Not Spam
45,17,0.646,3,515,5,1,Spam
27,15,0.118,6,275,5,1,Spam
73,7,0.948,15,605,5,1,Spam
26,3,0.225,9,239,0,0,Not Spam
47,11,1.0,0,674,5,0,Spam
86,1,0.496,13,119,3,1,Spam
56,3,0.771,12,148,2,0,Not Spam
94,4,0.002,0,937,0,1,Not Spam
63,2,0.889,1,238,1,1,Not Spam
48,8,0.27,12,496,3,1,Not Spam
61,20,0.668,0,802,0,1,Not Spam
81,17,0.806,11,477,2,0,Spam
26,10,0.164,14,999,1,1,Not Spam
36,2,0.443,9,41,2,1,Not Spam
1,1,0.494,11,709,2,0,Not Spam
8,8,0.312,11,579,1,0,Not Spam
99,13,0.482,9,648,5,0,Spam
52,3,0.318,12,348,4,0,Not Spam
79,8,0.361,13,907,2,0,Spam
47,12,0.669,10,710,5,0,Spam
56,17,0.633,2,499,1,1,Spam
86,14,0.232,5,804,2,1,Spam
14,9,0.897,15,893,4,0,Spam
90,15,0.863,9,358,1,0,Spam
28,11,0.509,10,891,0,1,Spam
87,19,0.433,5,878,0,0,Spam
78,4,0.377,0,198,5,0,Not Spam
88,1,0.707,5,440,0,0,Not Spam
2,9,0.672,15,501,3,1,Spam
26,0,0.196,4,68,2,0,Not Spam
14,6,0.671,6,846,2,1,Spam
59,16,0.252,5,925,1,1,Spam
56,15,0.019,11,786,3,1,Spam
7,2,0.699,11,49,2,0,Not Spam
3,13,0.645,6,104,1,0,Not Spam
23,9,0.411,1,808,4,1,Not Spam
18,6,0.526,11,521,2,1,Spam
38,16,0.947,0,565,5,0,Spam
99,5,0.595,13,348,2,1,Spam
15,3,0.658,6,629,4,0,Not Spam
64,16,0.064,8,453,4,1,Spam
89,8,0.166,1,607,2,0,Not Spam
28,3,0.301,11,706,4,0,Not Spam
74,6,0.539,6,872,1,1,Spam
39,1,0.777,2,268,2,1,Not Spam
57,16,0.321,5,871,2,0,Not Spam
17,7,0.356,2,153,0,1,Not Spam
86,14,0.256,12,709,5,1,Spam
90,14,0.255,9,384,2,1,Not Spam
44,7,0.949,12,759,0,0,Not Spam
25,15,0.635,10,594,4,1,Spam
17,18,0.156,10,799,5,1,Spam
13,10,0.722,10,444,5,1,Spam
84,1,0.722,4,434,4,1,Not Spam
25,16,0.666,14,789,1,0,Spam
68,15,0.135,1,675,0,1,Not Spam
10,14,0.408,7,531,2,0,Not Spam
67,12,0.107,13,404,0,0,Not Spam
18,14,0.817,7,407,4,1,Spam
100,3,0.655,6,834,4,1,Spam
86,15,0.507,5,468,1,0,Spam
34,11,0.343,0,583,5,1,Not Spam
8,3,0.184,7,322,5,1,Not Spam
40,2,0.106,0,118,4,0,Not Spam
83,16,0.969,7,992,0,1,Spam
42,17,0.2,10,325,5,1,Spam
41,17,0.06,1,576,2,1,Not Spam
6,16,0.962,7,61,2,0,Not Spam
52,11,0.549,9,487,0,1,Spam
26,20,0.797,11,459,1,0,Spam
64,3,0.044,3,346,2,0,Not Spam
98,11,0.567,6,588,0,0,Not Spam
59,20,0.398,15,52,0,1,Spam
56,19,0.772,4,431,4,1,Spam
59,14,0.038,15,645,5,0,Spam
70,15,0.402,7,831,4,0,Spam
33,4,0.799,11,133,5,1,Spam
53,20,0.523,14,527,1,1,Spam
22,14,0.55,5,75,1,0,Not Spam
21,16,0.097,13,575,1,1,Spam
70,17,0.132,14,743,0,0,Not Spam
70,4,0.677,4,371,0,0,Not Spam
4,12,0.675,0,348,4,1,Spam
94,18,0.979,2,565,2,1,Spam
75,12,0.712,9,289,5,1,Spam
62,17,0.493,8,215,5,0,Spam
62,13,0.857,14,432,1,1,Spam
94,3,0.104,13,656,5,1,Spam
95,3,0.449,8,98,3,0,Not Spam
24,19,0.287,4,786,1,0,Not Spam
55,19,0.105,2,676,5,1,Spam
9,18,0.764,5,102,4,1,Spam
3,12,0.511,4,761,5,0,Not Spam
31,11,0.557,14,156,0,0,Not Spam
40,6,0.411,0,558,4,1,Not Spam
36,11,0.46,1,708,4,1,Spam
24,20,0.116,11,738,4,0,Spam
95,3,0.673,4,952,3,1,Spam
6,1,0.432,13,943,3,0,Not Spam
66,1,0.817,8,325,5,0,Not Spam
84,4,0.196,11,330,1,1,Spam
92,9,0.205,3,407,5,1,Spam
75,9,0.646,8,744,5,0,Spam
4,8,0.846,2,885,5,0,Spam
79,12,0.472,0,934,0,0,Spam
6,6,0.727,5,568,4,1,Not Spam
94,4,0.999,14,525,2,0,Spam
51,9,0.99,9,407,1,0,Not Spam
62,9,0.744,13,312,1,0,Not Spam
57,5,0.74,6,198,4,1,Spam
66,18,0.248,3,691,1,0,Not Spam
79,20,0.834,9,448,4,1,Spam
75,7,0.405,4,899,1,1,Not Spam
8,0,0.962,3,543,5,0,Not Spam
26,16,0.081,15,700,0,0,Not Spam
51,6,0.436,2,331,1,0,Not Spam
45,13,0.556,0,99,1,1,Spam
44,20,0.405,12,33,2,0,Spam
5,20,0.211,15,73,0,1,Spam
70,16,0.593,5,466,5,1,Spam
26,8,0.756,9,785,0,1,Not Spam
68,16,0.645,4,84,0,1,Spam
19,4,0.234,15,391,1,1,Not Spam
84,19,0.732,15,522,3,1,Spam
97,7,0.257,15,589,1,0,Spam
20,5,0.175,10,115,4,0,Not Spam
12,10,0.691,0,552,2,1,Not Spam
47,18,0.843,4,279,0,1,Spam
1,3,0.482,5,604,4,0,Not Spam
90,17,0.531,9,267,5,0,Spam
14,0,0.303,4,146,4,0,Not Spam
64,12,0.495,0,518,3,0,Not Spam
38,13,0.132,13,65,0,1,Spam
37,0,0.956,4,287,1,0,Not Spam
11,10,0.8,9,659,0,1,Not Spam
100,16,0.668,0,561,2,1,Spam
77,3,0.538,10,113,0,0,Not Spam
3,11,0.792,2,755,4,0,Not Spam
33,9,0.495,11,335,4,1,Spam
6,5,0.3,12,631,1,1,Not Spam
50,0,0.16,1,90,1,1,Not Spam
10,6,0.648,12,612,1,1,Not Spam
5,20,0.929,0,468,5,0,Spam
23,15,0.154,3,929,2,0,Spam
10,13,0.18,1,386,5,0,Not Spam
44,19,0.434,4,831,5,0,Spam
2,19,0.807,9,639,5,0,Spam
13,5,0.294,0,633,0,1,Not Spam
40,4,0.254,11,429,3,1,Not Spam
2,20,0.62,9,110,0,0,Not Spam
84,17,0.536,0,528,1,0,Not Spam
65,14,0.06,10,896,2,1,Spam
63,5,0.081,9,547,5,1,Spam
73,18,0.643,3,129,0,0,Not Spam
17,0,0.465,6,794,4,0,Not Spam
9,0,0.971,13,691,5,1,Not Spam
75,12,0.679,13,784,0,0,Not Spam
15,2,0.01,1,108,4,0,Not Spam
24,9,0.481,1,626,0,1,Not Spam
38,20,0.414,0,291,0,1,Not Spam
35,2,0.107,4,266,5,1,Not Spam
94,8,0.923,5,380,0,0,Spam
95,7,0.805,15,397,1,1,Spam
49,2,0.23,12,225,4,0,Not Spam
69,12,0.256,5,364,2,1,Not Spam
62,5,0.032,1,849,3,0,Not Spam
60,12,0.297,15,817,5,0,Spam
50,19,0.585,11,779,4,1,Spam
78,19,0.421,11,474,1,0,Not Spam
75,11,0.969,6,927,4,0,Spam
9,12,0.056,5,86,2,1,Not Spam
34,1,0.591,7,577,5,0,Not Spam
76,20,0.858,5,998,4,1,Spam
99,15,0.481,8,62,1,0,Spam
35,5,0.003,9,248,5,1,Not Spam
1,18,0.243,1,970,1,1,Not Spam
40,20,0.324,6,832,5,0,Spam
64,12,0.966,4,463,3,1,Spam
22,16,0.912,0,253,2,1,Not Spam
60,8,0.949,2,218,3,0,Not Spam
64,16,0.826,3,516,0,1,Not Spam
93,1,0.352,11,867,1,1,Not Spam
72,18,0.906,1,51,3,1,Spam
11,18,0.982,6,283,1,1,Spam
14,6,0.35,15,132,5,0,Not Spam
60,9,0.261,0,992,1,1,Not Spam
30,9,0.547,2,849,0,1,Not Spam
35,19,0.187,11,478,1,1,Spam
85,8,0.033,8,295,5,0,Not Spam
37,16,0.946,10,165,5,0,Spam
5,14,0.926,13,376,3,1,Spam
83,1,0.163,1,25,2,1,Not Spam
78,3,0.408,4,359,4,0,Not Spam
26,18,0.831,3,513,3,1,Spam
62,16,0.661,11,127,0,1,Spam
4,4,0.395,2,944,4,1,Not Spam
89,6,0.744,4,791,1,1,Spam
42,17,0.897,15,90,3,0,Spam
89,20,0.926,5,958,4,0,Spam
18,6,0.379,0,359,3,0,Not Spam
40,16,0.174,1,693,1,0,Not Spam
72,6,0.913,0,119,5,0,Not Spam
39,3,0.093,2,346,3,1,Not Spam
14,7,0.722,7,52,0,0,Not Spam
32,12,0.14,7,162,4,1,Not Spam
51,3,0.389,3,263,4,0,Not Spam
38,5,0.412,5,755,4,1,Spam
97,4,0.159,11,745,3,0,Not Spam
23,11,0.923,8,651,1,0,Not Spam
63,3,0.003,13,699,3,1,Not Spam
15,8,0.894,6,880,3,1,Not Spam
97,3,0.884,1,236,5,1,Spam
25,18,0.317,10,920,4,0,Spam
17,13,0.704,1,993,1,0,Not Spam
97,4,0.253,15,453,2,1,Spam
66,17,0.759,2,886,1,0,Not Spam
78,9,0.561,7,853,3,1,Not Spam
53,18,0.3,9,748,0,0,Spam
51,11,0.4,14,73,1,1,Not Spam
39,17,0.69,8,739,4,1,Spam
51,16,0.906,12,961,0,0,Spam
70,10,0.131,13,611,2,1,Spam
6,2,0.571,2,926,2,0,Spam
67,16,0.254,8,911,0,0,Spam
7,0,0.801,11,964,2,0,Not Spam
51,14,0.07,11,170,0,1,Spam
72,8,0.689,9,74,3,1,Spam
42,14,0.175,15,536,0,1,Not Spam
64,2,0.596,11,467,3,0,Not Spam
15,18,0.836,7,54,4,0,Not Spam
29,12,0.755,4,880,4,1,Spam
33,11,0.753,10,138,2,0,Not Spam
94,19,0.518,9,216,5,0,Spam
27,0,0.891,2,585,5,0,Not Spam
36,20,0.588,10,790,0,1,Not Spam
29,16,0.918,6,793,3,1,Spam
38,12,0.547,8,874,4,1,Spam
57,0,0.506,11,897,4,0,Spam
97,9,0.222,5,843,4,0,Not Spam
27,14,0.545,2,533,2,1,Not Spam
55,6,0.141,15,613,4,1,Spam
33,17,0.87,4,881,5,1,Spam
68,15,0.676,6,441,1,0,Spam
86,13,0.994,7,971,2,1,Spam
66,17,0.092,12,536,0,1,Spam
10,6,0.241,15,705,1,1,Spam
5,16,0.877,13,158,2,0,Spam
74,17,0.395,11,724,2,1,Spam
97,11,0.466,3,669,3,0,Spam
38,7,0.861,1,828,1,1,Not Spam
13,1,0.522,9,647,1,0,Not Spam
31,6,0.193,15,63,5,1,Spam
47,3,0.892,1,877,1,1,Not Spam
100,17,0.031,11,820,4,0,Spam
88,5,0.895,2,238,5,1,Spam
52,8,0.051,7,587,4,1,Spam
56,8,0.666,0,773,5,1,Spam
15,13,0.072,13,927,0,1,Not Spam
29,7,0.706,6,277,5,0,Not Spam
8,18,0.034,5,532,0,0,Not Spam
5,2,0.842,13,980,5,0,Not Spam
29,17,0.466,1,396,0,0,Not Spam
47,4,0.093,8,912,4,0,Not Spam
68,13,0.707,12,308,5,0,Spam
76,3,0.489,11,489,3,0,Spam
45,6,0.191,4,991,5,0,Not Spam
2,19,0.016,1,122,0,1,Not Spam
27,11,0.418,2,823,2,1,Spam
95,1,0.086,6,168,4,0,Not Spam
36,10,0.094,6,103,3,0,Not Spam
36,13,0.267,9,951,2,0,Not Spam
26,15,0.63,0,45,2,1,Not Spam
43,19,0.53,14,194,4,0,Spam
27,5,0.069,9,754,5,0,Not Spam
69,3,0.968,13,660,1,0,Not Spam
20,14,0.887,10,441,3,0,Spam
11,0,0.259,10,673,5,1,Not Spam
74,6,0.122,11,365,4,0,Spam
38,11,0.942,3,321,1,1,Spam
6,9,0.461,5,317,4,1,Not Spam
72,4,0.311,7,154,4,1,Spam
23,11,0.49,15,74,2,0,Spam
47,17,0.773,2,75,5,1,Spam
90,9,0.168,15,393,4,0,Spam
46,5,0.767,13,607,5,0,Spam
12,11,0.749,2,850,1,0,Not Spam
90,6,0.539,7,939,2,0,Not Spam
13,17,0.866,7,358,1,0,Not Spam
62,1,0.132,7,476,1,0,Not Spam
82,9,0.595,0,374,2,0,Not Spam
89,14,0.449,7,151,5,0,Spam
97,11,0.422,7,512,1,1,Not Spam
60,16,0.253,1,573,0,0,Not Spam
43,3,0.372,11,883,5,1,Spam
76,6,0.108,8,129,4,0,Spam
100,8,0.252,6,601,2,1,Spam
68,18,0.272,7,815,2,1,Spam
5,6,0.721,15,145,5,0,Spam
37,1,0.049,1,879,0,1,Not Spam
72,5,0.651,15,315,0,0,Spam
92,17,0.221,15,198,0,1,Spam
31,5,0.082,15,944,0,0,Not Spam
9,12,0.301,3,829,3,1,Not Spam
51,18,0.224,6,905,2,1,Spam
29,1,0.552,5,216,1,0,Not Spam
78,11,0.357,6,792,2,1,Spam
40,14,0.966,0,120,2,0,Not Spam
41,13,0.964,7,956,2,0,Spam
86,5,0.444,12,592,0,1,Not Spam
11,17,0.795,6,202,0,1,Not Spam
23,4,0.013,12,943,3,1,Spam
1,17,0.548,3,828,5,0,Spam
46,2,0.743,0,898,2,0,Not Spam
21,2,0.217,14,28,4,0,Not Spam
90,9,0.061,7,432,5,0,Spam
36,18,0.156,9,737,3,1,Spam
54,2,0.442,6,953,0,0,Not Spam
87,11,0.506,7,849,2,0,Spam
57,15,0.381,9,585,0,1,Spam
1,16,0.44,0,711,5,1,Not Spam
63,6,0.47,4,123,1,1,Not Spam
54,12,0.769,8,145,0,0,Not Spam
55,1,0.105,15,565,0,1,Not Spam
40,3,0.769,4,696,3,1,Not Spam
15,9,0.689,12,964,1,0,Not Spam
21,6,0.742,13,829,5,0,Spam
47,16,0.734,13,289,4,0,Spam
73,19,0.471,9,485,4,0,Spam
53,5,0.211,11,820,4,1,Not Spam
9,18,0.537,2,137,2,0,Not Spam
74,4,0.958,8,885,4,1,Spam
52,9,0.589,12,111,2,1,Not Spam
57,8,0.011,15,631,5,0,Not Spam
26,12,0.06,8,504,5,0,Spam
41,18,0.993,3,106,0,0,Not Spam
35,20,0.072,15,253,4,0,Spam
63,5,0.046,3,932,3,1,Not Spam
25,3,0.353,10,143,5,0,Not Spam
90,2,0.969,7,222,1,0,Spam
75,2,0.319,6,51,1,1,Not Spam
38,3,0.41,10,376,5,1,Not Spam
2,4,0.634,4,482,0,1,Not Spam
7,7,0.024,5,983,1,0,Not Spam
82,15,0.898,14,570,1,1,Spam
91,2,0.519,2,113,0,1,Not Spam
34,11,0.467,13,541,0,1,Spam
91,7,0.861,14,746,0,0,Not Spam
17,12,0.953,5,427,3,1,Spam
43,3,0.423,12,119,0,0,Not Spam
59,13,0.172,7,263,0,1,Spam
51,13,0.816,9,77,0,1,Spam
54,12,0.403,15,984,5,1,Spam
24,5,0.936,13,376,4,1,Spam
25,16,0.95,15,510,5,1,Spam
71,3,0.115,12,339,4,1,Spam
52,7,0.957,10,38,3,0,Spam
70,16,0.368,8,376,3,0,Spam
88,2,0.646,2,136,1,0,Spam
33,16,0.035,7,155,5,1,Spam
49,8,0.889,11,858,4,0,Spam
29,1,0.642,2,315,3,1,Not Spam
63,12,0.644,1,544,3,0,Not Spam
22,19,0.902,4,120,5,1,Spam
26,1,0.508,13,399,1,0,Not Spam
28,19,0.411,3,174,0,1,Not Spam
85,10,0.866,12,613,2,1,Spam
49,14,0.742,4,619,1,0,Spam
71,10,0.949,5,124,2,1,Spam
81,2,0.94,14,661,1,0,Not Spam
84,2,0.382,2,803,1,0,Not Spam
49,11,0.447,0,545,0,0,Not Spam
20,4,0.256,14,147,3,0,Spam
86,19,0.661,3,420,4,1,Spam
92,6,0.365,5,591,1,0,Not Spam
63,6,0.786,1,985,0,1,Not Spam
61,12,0.122,1,758,2,1,Not Spam
49,8,0.116,0,548,5,1,Not Spam
71,20,0.204,8,576,5,0,Not Spam
1,12,0.084,2,569,3,1,Not Spam
96,11,0.62,1,143,5,1,Spam
13,12,0.147,3,379,1,0,Not Spam
94,9,0.16,15,83,2,1,Spam
87,0,0.014,5,908,1,1,Not Spam
51,7,0.782,0,784,5,1,Spam
56,15,0.812,8,793,4,1,Spam
83,12,0.162,8,975,5,1,Spam
62,2,0.74,7,643,4,0,Not Spam
32,2,0.434,5,121,5,0,Not Spam
30,4,0.24,3,580,3,0,Not Spam
29,10,0.621,1,296,2,0,Not Spam
49,6,0.178,15,246,4,0,Spam
45,20,0.757,7,42,0,1,Spam
93,9,0.048,6,863,3,0,Not Spam
30,9,0.959,11,716,1,1,Spam
16,19,0.072,13,83,5,1,Spam
40,1,0.579,3,176,2,0,Not Spam
19,2,0.902,2,814,2,0,Not Spam
18,7,0.012,14,409,5,1,Spam
1,10,0.499,5,168,0,1,Not Spam
78,12,0.35,14,858,4,0,Spam
47,6,0.58,14,382,5,0,Spam
66,12,0.225,0,700,2,1,Not Spam
92,1,0.065,1,483,0,1,Not Spam
94,5,0.626,6,664,0,0,Spam
38,8,0.417,10,418,1,0,Not Spam
51,19,0.622,2,424,0,0,Spam
63,1,0.211,13,845,3,1,Not Spam
4,17,0.339,12,151,2,1,Spam
1,15,0.562,15,216,3,1,Spam
8,11,0.593,0,666,0,1,Not Spam
29,6,0.372,1,54,0,0,Not Spam
55,6,0.28,9,439,3,0,Spam
3,16,0.274,9,396,1,1,Not Spam
32,12,0.175,15,418,0,1,Not Spam
10,10,0.325,13,239,3,0,Not Spam
74,5,0.199,8,917,3,1,Not Spam
83,13,0.634,6,907,2,0,Not Spam
34,5,0.569,6,716,1,0,Not Spam
97,5,0.383,13,536,4,1,Spam
87,1,0.326,9,602,3,1,Spam
55,19,0.238,7,361,2,0,Spam
92,14,0.535,14,772,4,0,Spam
32,16,0.919,11,882,2,1,Spam
50,7,0.686,11,435,2,1,Not Spam
7,4,0.744,7,475,5,1,Spam
93,16,0.834,15,316,1,0,Spam
8,19,0.352,8,957,0,1,Not Spam
65,0,0.063,1,350,1,0,Not Spam
57,17,0.623,13,724,4,0,Spam
67,14,0.189,7,699,5,1,Spam
88,4,0.569,7,358,1,0,Not Spam
87,6,0.74,12,767,0,1,Spam
59,17,0.784,15,825,1,1,Spam
72,5,0.302,4,317,1,1,Not Spam
54,20,0.512,4,779,1,1,Spam
67,4,0.621,3,696,3,1,Not Spam
51,18,0.819,13,331,3,0,Spam
97,9,0.761,4,602,1,1,Spam
92,14,0.988,1,762,0,0,Spam
8,9,0.008,1,74,0,1,Not Spam
34,15,0.437,4,713,0,1,Not Spam
35,11,0.256,10,553,0,1,Spam
96,17,0.12,12,814,5,1,Spam
88,0,0.912,2,124,5,0,Not Spam
78,15,0.998,0,194,2,1,Spam
32,5,0.181,8,313,1,1,Not Spam
46,2,0.038,1,899,1,1,Not Spam
16,1,0.275,13,570,2,0,Not Spam
68,1,0.835,11,930,0,1,Not Spam
37,12,0.294,13,394,4,0,Spam
54,8,0.057,9,469,4,1,Not Spam
85,15,0.052,1,464,2,1,Not Spam
14,4,0.427,13,79,4,1,Not Spam
95,20,0.932,3,411,3,1,Spam
55,6,0.286,1,831,1,1,Not Spam
48,12,0.427,6,830,4,1,Not Spam
82,19,0.102,14,409,5,1,Spam
7,12,0.494,11,231,5,0,Not Spam
74,6,0.697,9,686,3,1,Spam
7,9,0.271,14,704,1,1,Not Spam
33,14,0.297,0,554,3,0,Not Spam
23,20,0.842,10,259,1,1,Not Spam
85,5,0.01,1,507,1,1,Not Spam
19,4,0.636,10,740,4,0,Not Spam
19,1,0.394,4,141,5,1,Not Spam
36,20,0.298,14,272,2,1,Spam
29,14,0.658,1,160,4,0,Not Spam
60,15,0.835,8,471,0,0,Spam
82,18,0.558,3,871,3,1,Not Spam
2,8,0.031,8,893,0,0,Not Spam
1,18,0.461,10,851,1,0,Not Spam
47,6,0.463,11,172,4,0,Spam
69,3,0.544,0,912,0,1,Not Spam
20,2,0.671,0,745,0,1,Not Spam
11,19,0.019,0,327,5,0,Spam
2,10,0.502,13,579,0,0,Not Spam
67,0,0.588,15,336,5,0,Spam
87,5,0.343,3,548,5,0,Spam
12,10,0.668,8,315,1,1,Spam
20,0,0.228,7,862,5,1,Spam
5,20,0.317,6,364,1,1,Spam
37,6,0.963,14,600,5,1,Spam
38,5,0.348,0,616,5,0,Not Spam
94,13,0.347,2,301,1,1,Not Spam
9,1,0.596,8,227,0,0,Not Spam
98,3,0.971,14,971,3,0,Spam
53,10,0.983,8,571,4,0,Spam
44,14,0.58,4,1000,4,0,Spam
99,17,0.001,15,115,1,1,Spam
86,0,0.901,11,471,0,0,Not Spam
24,2,0.57,12,781,3,0,Not Spam
81,2,0.366,15,392,2,0,Not Spam
74,6,0.829,15,667,1,0,Spam
30,0,0.4,5,92,2,1,Not Spam
59,10,0.034,10,832,4,0,Not Spam
87,5,0.821,15,804,4,1,Spam
96,19,0.546,12,700,3,0,Spam
81,2,0.338,5,352,3,1,Not Spam
81,18,0.251,9,412,2,0,Spam
14,1,0.594,3,729,4,0,Not Spam
9,17,0.208,0,878,3,1,Not Spam
40,11,0.324,4,125,3,1,Not Spam
66,9,0.637,12,120,4,1,Spam
25,4,0.882,0,378,4,0,Not Spam
73,8,0.533,0,766,0,1,Not Spam
22,1,0.759,10,811,5,1,Spam
4,1,0.763,4,348,3,0,Not Spam
26,5,0.664,4,908,2,1,Not Spam
58,9,0.246,6,637,1,0,Not Spam
29,17,0.867,15,414,1,0,Spam
98,11,0.436,1,54,4,1,Not Spam
87,3,0.044,14,176,5,0,Not Spam
37,20,0.245,5,923,2,0,Not Spam
75,16,0.766,1,292,0,0,Not Spam
70,14,0.069,14,986,3,0,Spam
18,5,0.147,12,415,0,1,Not Spam
85,15,0.694,9,771,2,1,Spam
42,16,0.893,4,226,0,0,Not Spam
100,2,0.634,3,776,4,1,Spam
41,9,0.222,10,624,1,0,Not Spam
38,4,0.053,9,640,4,1,Not Spam
34,13,0.615,4,325,3,1,Spam
17,20,0.047,1,645,4,0,Not Spam
37,12,0.613,7,555,2,0,Not Spam
25,5,0.226,7,824,2,0,Not Spam
76,11,0.905,5,481,3,0,Not Spam
87,7,0.475,2,271,3,1,Spam
86,4,0.224,3,286,1,0,Not Spam
85,14,0.853,0,886,0,1,Not Spam
27,15,0.254,15,228,1,1,Spam
57,0,0.307,8,974,4,0,Not Spam
31,15,0.834,9,586,0,1,Spam
6,4,0.309,4,558,3,0,Not Spam
91,2,0.41,13,854,2,0,Spam
40,19,0.348,7,522,4,1,Spam
98,14,0.116,2,975,1,0,Not Spam
12,12,0.039,3,533,5,0,Not Spam
53,15,0.725,3,599,5,0,Spam
71,10,0.645,15,933,3,1,Spam
10,20,0.282,7,167,0,1,Not Spam
45,1,0.296,14,1000,5,0,Not Spam
17,5,0.945,11,850,0,0,Not Spam
26,5,0.988,8,993,2,1,Not Spam
85,13,0.473,2,859,3,1,Spam
92,10,0.802,6,661,3,0,Spam
62,7,0.737,8,102,4,1,Spam
46,7,0.297,1,61,4,0,Not Spam
64,0,0.059,3,175,0,0,Not Spam
2,20,0.143,2,688,5,0,Not Spam
54,6,0.838,7,472,5,1,Spam
65,5,0.731,3,638,1,1,Spam
51,20,0.664,8,303,0,1,Spam
53,7,0.131,0,207,5,0,Not Spam
36,18,0.64,0,636,4,1,Not Spam
26,20,0.772,3,643,4,1,Spam
29,19,0.861,2,493,4,0,Not Spam
21,7,0.013,2,526,0,1,Not Spam
11,13,0.684,9,152,3,0,Not Spam
40,17,0.019,11,290,1,0,Not Spam
11,15,0.707,1,641,1,1,Not Spam
36,8,0.636,13,92,4,1,Spam
59,14,0.148,9,947,2,0,Spam
39,9,0.766,9,455,0,1,Not Spam
99,15,0.068,1,877,5,1,Spam
54,3,0.826,7,312,5,1,Not Spam
98,19,0.262,0,674,3,0,Not Spam
55,12,0.689,13,956,4,0,Spam
24,4,0.924,14,791,2,1,Spam
22,6,0.34,7,776,4,0,Not Spam
69,8,0.503,9,456,2,1,Spam
56,7,0.463,2,871,1,1,Not Spam
33,15,0.158,1,686,2,1,Not Spam
36,5,0.59,8,680,1,1,Spam
20,15,0.743,15,79,1,0,Not Spam
83,5,0.917,4,617,0,1,Not Spam
99,13,0.851,14,723,2,0,Spam
81,20,0.51,13,346,3,0,Spam
62,0,0.719,4,962,3,1,Not Spam
98,8,0.801,12,201,2,1,Spam
73,12,0.493,5,818,0,0,Not Spam
26,18,0.115,3,804,3,1,Spam
66,16,0.438,6,786,4,1,Spam
73,10,0.842,15,453,3,0,Spam
73,7,0.597,6,538,0,0,Not Spam
40,4,0.724,10,657,1,0,Not Spam
17,9,0.185,8,102,1,1,Not Spam
1,6,0.964,5,47,1,1,Not Spam
89,9,0.404,15,285,0,0,Spam
61,3,0.654,12,302,1,0,Not Spam
43,8,0.019,0,416,1,1,Not Spam
42,13,0.127,8,981,0,0,Spam
25,1,0.782,11,782,4,0,Not Spam
39,8,0.968,12,999,3,1,Spam
35,20,0.32,9,719,0,0,Spam
3,0,0.037,8,402,0,1,Not Spam
44,9,0.361,4,830,2,0,Not Spam
51,9,0.017,6,600,1,1,Spam
94,19,0.192,0,338,5,1,Spam
98,2,0.752,3,857,4,0,Spam
12,5,0.937,11,630,5,0,Spam
19,5,0.087,9,212,2,0,Not Spam
44,20,0.558,3,246,4,1,Not Spam
59,1,0.254,15,470,1,0,Not Spam
49,17,0.139,4,201,5,1,Spam
61,1,0.219,5,951,1,0,Not Spam
17,11,0.578,3,346,1,1,Not Spam
74,4,0.065,5,624,3,0,Not Spam
57,19,0.434,9,674,4,1,Spam
55,6,0.135,6,222,4,1,Not Spam
47,15,0.273,2,421,2,1,Not Spam
12,19,0.191,8,663,0,1,Not Spam
62,0,0.883,7,491,1,1,Not Spam
80,0,0.708,0,798,1,1,Not Spam
88,16,0.868,12,665,5,0,Spam
83,0,0.383,1,909,2,1,Not Spam
8,20,0.313,1,198,4,0,Not Spam
95,19,0.381,9,717,3,0,Spam
21,12,0.019,8,975,4,0,Not Spam
81,8,0.725,11,37,3,0,Not Spam
87,14,0.35,8,482,3,0,Not Spam
80,2,0.313,8,854,4,0,Spam
70,13,0.598,0,932,5,0,Spam
72,10,0.436,6,628,1,1,Spam
25,11,0.981,14,565,3,0,Spam
82,12,0.356,11,945,5,0,Spam
89,12,0.614,10,422,2,1,Spam
12,0,0.312,12,412,2,1,Not Spam
15,9,0.991,2,955,3,0,Not Spam
59,2,0.445,10,319,1,1,Spam
26,3,0.634,8,370,3,0,Not Spam
26,15,0.127,7,206,2,1,Not Spam
47,7,0.733,2,366,2,0,Not Spam
32,15,0.269,0,642,4,1,Spam
10,16,0.449,8,428,1,0,Not Spam
16,18,0.883,12,778,4,1,Spam
71,14,0.971,9,90,5,0,Not Spam
17,15,0.425,0,840,5,1,Spam
23,14,0.835,14,963,5,1,Spam
26,1,0.053,2,346,0,1,Not Spam
85,10,0.848,12,231,5,1,Spam
86,0,0.63,5,328,3,1,Spam
7,14,0.489,5,127,4,0,Not Spam
14,18,0.89,13,196,5,0,Spam
79,3,0.845,10,446,1,0,Spam
7,10,0.297,9,759,5,1,Not Spam
9,4,0.791,3,550,3,1,Not Spam
48,2,0.099,15,853,3,1,Spam
72,12,0.823,1,437,3,0,Spam
59,9,0.675,15,267,3,0,Spam
87,10,0.088,12,228,3,0,Not Spam
93,17,0.683,9,235,1,1,Spam
82,1,0.581,5,732,0,1,Not Spam
95,6,0.595,9,457,2,1,Spam
94,8,0.291,4,788,0,0,Not Spam
39,9,0.266,12,637,2,1,Spam
99,17,0.763,5,330,4,1,Spam
18,6,0.257,6,802,3,1,Not Spam
59,6,0.446,10,402,4,0,Not Spam
17,2,0.695,15,1000,4,0,Not Spam
14,11,0.08,8,290,2,0,Not Spam
31,6,0.595,11,140,1,1,Not Spam
24,16,0.589,11,426,3,1,Spam
99,0,0.684,13,264,5,0,Spam
60,4,0.37,6,85,4,1,Not Spam
45,15,0.449,3,961,0,1,Not Spam
98,14,0.33,9,247,3,1,Spam
3,1,0.808,4,901,1,0,Not Spam
37,8,0.131,15,156,3,0,Not Spam
43,6,0.963,14,213,5,0,Not Spam
40,3,0.635,12,725,5,1,Spam
90,19,0.887,5,677,4,0,Spam
55,17,0.426,12,676,0,0,Not Spam
87,20,0.332,15,508,4,0,Spam
39,3,0.901,8,603,1,0,Not Spam
15,12,0.099,4,373,2,0,Not Spam
4,0,0.117,4,949,5,1,Not Spam
93,2,0.299,6,984,0,1,Not Spam
86,15,0.96,15,723,5,1,Spam
25,3,0.633,1,575,1,1,Not Spam
13,15,0.554,2,176,1,1,Not Spam
82,18,0.705,11,977,5,1,Spam
33,0,0.417,1,495,4,0,Not Spam
16,4,0.758,9,35,5,1,Spam
42,18,0.393,9,97,4,1,Spam
66,10,0.826,11,71,5,1,Spam
55,12,0.267,13,533,4,1,Spam
99,19,0.278,1,523,2,1,Spam
42,4,0.522,2,763,3,1,Not Spam
34,20,0.431,5,80,3,1,Spam
30,3,0.648,4,151,4,1,Not Spam
13,3,0.364,10,401,4,0,Not Spam
13,3,0.231,14,583,2,1,Not Spam
18,3,0.47,15,828,3,1,Not Spam
32,19,0.561,13,711,2,1,Spam
96,20,0.143,12,562,1,1,Spam
99,17,0.557,4,429,5,1,Spam
39,17,0.319,1,174,3,0,Not Spam
46,15,0.392,1,652,4,0,Not Spam
29,8,0.279,11,70,0,0,Not Spam
62,17,0.931,0,114,1,0,Not Spam
93,1,0.683,2,707,5,0,Not Spam
62,20,0.262,11,542,0,1,Spam
57,3,0.645,11,923,2,0,Not Spam
16,11,0.849,10,543,5,0,Not Spam
56,6,0.402,15,374,2,0,Not Spam
10,14,0.83,13,64,2,0,Not Spam
30,6,0.154,6,821,4,1,Not Spam
25,20,0.823,10,224,2,1,Spam
84,16,0.54,4,750,0,0,Spam
5,15,0.223,6,859,1,1,Spam
65,18,0.407,15,450,4,1,Spam
94,8,0.988,8,275,1,1,Spam
49,13,0.784,15,267,2,1,Spam
3,16,0.575,5,552,3,0,Not Spam
45,4,0.115,1,60,5,1,Not Spam
14,1,0.418,0,478,4,1,Not Spam
30,19,0.263,0,809,2,0,Not Spam
68,15,0.071,15,296,4,0,Spam
18,13,0.542,9,943,3,1,Spam
62,13,0.889,8,214,0,0,Not Spam
37,0,0.676,13,90,0,0,Not Spam
25,2,0.25,5,289,5,0,Not Spam
48,6,0.574,5,354,0,0,Not Spam
65,14,0.943,3,604,3,1,Spam
53,18,0.723,11,327,1,0,Not Spam
79,19,0.689,13,446,3,1,Spam
73,1,0.968,1,218,3,0,Not Spam
15,18,0.799,9,95,2,1,Spam
49,8,0.137,2,806,0,0,Not Spam
88,18,0.348,2,814,4,0,Spam
68,4,0.965,7,677,5,0,Spam
12,17,0.49,5,544,1,1,Spam
59,15,0.112,6,894,4,1,Spam
37,3,0.459,8,660,2,0,Not Spam
61,11,0.697,0,249,2,0,Not Spam
43,6,0.998,1,104,1,0,Not Spam
70,13,0.324,14,181,4,1,Spam
39,11,0.514,8,416,1,1,Not Spam
56,2,0.88,15,896,1,1,Spam
63,4,0.355,4,390,0,1,Not Spam
46,16,0.109,3,582,4,0,Not Spam
88,9,0.949,0,234,0,1,Not Spam
11,9,0.488,8,20,0,1,Not Spam
62,10,0.503,10,396,5,0,Not Spam
77,16,0.621,12,431,0,0,Spam
98,4,0.004,8,654,3,1,Spam
25,12,0.931,3,819,2,1,Spam
71,9,0.361,15,219,2,0,Spam
52,8,0.397,8,202,3,1,Not Spam
4,16,0.174,9,429,1,0,Not Spam
59,0,0.378,12,417,4,1,Spam
72,3,0.804,0,235,4,1,Not Spam
20,3,0.8,14,771,4,1,Not Spam
93,17,0.936,4,368,0,0,Spam
63,8,0.403,0,599,4,1,Spam
54,17,0.709,3,850,4,0,Spam
74,13,0.507,15,613,4,0,Spam
98,14,0.804,15,673,2,1,Spam
57,5,0.713,11,942,3,1,Spam
90,9,0.368,4,60,5,1,Spam
41,14,0.337,13,770,1,0,Not Spam
3,3,0.252,10,22,3,1,Not Spam
6,17,0.577,2,113,4,0,Not Spam
5,17,0.964,1,78,1,0,Not Spam
5,16,0.2,5,759,1,1,Not Spam
54,11,0.095,10,426,3,1,Not Spam
47,6,0.119,12,37,3,1,Not Spam
87,15,0.783,2,513,3,1,Spam
49,10,0.35,9,770,5,0,Spam
9,13,0.224,0,891,3,1,Not Spam
99,2,0.353,10,527,5,0,Not Spam
20,18,0.645,12,605,0,1,Spam
61,17,0.547,4,907,2,0,Spam
35,9,0.744,1,351,5,0,Not Spam
50,5,0.339,15,188,2,0,Not Spam
82,12,0.452,14,795,4,0,Spam
62,9,0.102,1,691,0,1,Not Spam
17,17,0.073,14,868,1,1,Not Spam
88,19,0.462,3,700,3,1,Spam
3,15,0.302,3,960,4,1,Spam
32,5,0.613,15,225,1,0,Not Spam
99,12,0.043,3,888,2,1,Spam
13,3,0.122,6,540,1,0,Not Spam
89,13,0.865,0,524,3,0,Not Spam
73,0,0.566,12,365,3,0,Spam
68,19,0.712,7,323,5,0,Spam
14,4,0.842,11,134,5,0,Not Spam
98,7,0.464,12,683,2,0,Spam
11,11,0.761,9,106,3,0,Not Spam
56,1,0.525,15,114,0,0,Not Spam
67,11,0.223,8,762,4,0,Not Spam
92,4,0.338,9,447,2,0,Not Spam
29,4,0.49,12,717,2,0,Not Spam
9,12,0.317,13,469,1,1,Not Spam
67,8,0.336,14,645,2,0,Spam
25,9,0.337,5,805,4,1,Spam
98,0,0.123,3,995,0,0,Not Spam
76,2,0.085,5,560,1,0,Not Spam
42,17,0.046,9,734,4,0,Spam
9,11,0.111,15,21,5,0,Spam
79,2,0.344,6,97,2,0,Not Spam
40,8,0.594,5,343,3,1,Not Spam
25,1,0.188,10,762,5,1,Spam
5,2,0.888,0,117,3,0,Not Spam
11,13,0.808,4,648,4,0,Not Spam
59,3,0.521,7,129,0,0,Not Spam
98,18,0.724,14,698,3,1,Spam
88,12,0.366,7,476,4,1,Spam
79,6,0.037,11,507,1,0,Not Spam
38,11,0.904,9,828,2,0,Not Spam
72,2,0.128,8,986,0,0,Not Spam
5,8,0.948,3,390,0,1,Not Spam
48,1,0.572,9,356,1,0,Not Spam
90,8,0.306,5,909,0,0,Spam
18,11,0.496,6,618,4,0,Not Spam
70,11,0.502,4,990,0,1,Not Spam
37,14,0.023,14,41,0,0,Not Spam
60,1,0.355,10,741,0,0,Not Spam
48,17,0.74,7,324,4,0,Spam
77,12,0.51,2,943,5,1,Spam
28,13,0.244,7,291,2,1,Not Spam
69,4,0.335,14,509,3,0,Not Spam
77,9,0.863,13,855,5,1,Spam
81,11,0.526,4,465,0,0,Not Spam
40,9,0.528,0,951,1,1,Not Spam
45,10,0.961,12,297,1,0,Spam
96,1,0.321,5,670,4,0,Not Spam
62,4,0.48,1,872,2,0,Not Spam
93,6,0.812,14,396,0,1,Spam
58,5,0.759,6,251,4,1,Spam
67,2,0.266,14,764,3,1,Spam
56,12,0.151,14,611,2,0,Not Spam
40,2,0.701,8,445,2,1,Spam
98,20,0.258,2,74,4,0,Not Spam
40,5,0.923,13,988,5,1,Spam
91,10,0.129,9,822,1,0,Spam
77,16,0.318,13,460,5,0,Spam
33,9,0.055,3,53,2,0,Not Spam
6,11,0.703,3,348,1,0,Not Spam
88,16,0.891,3,864,2,1,Spam
19,3,0.636,2,473,2,0,Not Spam
80,1,0.938,4,407,2,1,Spam
40,10,0.129,8,783,3,0,Spam
92,6,0.088,14,449,1,0,Not Spam
97,1,0.838,10,495,3,0,Not Spam
59,17,0.856,7,144,1,1,Spam
59,20,0.831,9,542,3,0,Spam
48,3,0.799,1,501,3,0,Not Spam
41,7,0.362,11,336,3,0,Not Spam
13,19,0.217,15,141,4,0,Spam
45,13,0.929,8,566,3,1,Spam
89,11,0.307,11,600,5,0,Spam
53,20,0.398,9,332,5,0,Spam
42,17,0.7,1,506,2,0,Spam
100,10,0.293,6,670,0,1,Not Spam
63,7,0.819,4,31,3,1,Spam
27,1,0.07,14,144,0,0,Not Spam
38,14,0.791,12,830,0,1,Spam
60,8,0.602,6,678,2,0,Not Spam
7,18,0.573,4,96,0,1,Not Spam
5,19,0.458,11,599,0,0,Not Spam
45,7,0.277,5,737,5,0,Not Spam
58,18,0.464,7,255,0,1,Spam
31,4,0.45,0,590,1,0,Not Spam
23,10,0.584,12,789,3,0,Spam
42,14,0.282,10,273,3,1,Spam
10,7,0.078,12,923,0,0,Not Spam
32,18,0.145,11,425,2,0,Spam
53,7,0.699,0,262,1,0,Not Spam
30,18,0.022,4,480,2,1,Spam
39,17,0.856,14,296,2,1,Spam
31,9,0.694,0,488,0,0,Not Spam
82,6,0.768,2,239,4,1,Spam
100,8,0.836,9,244,0,0,Spam
2,0,0.123,14,944,5,1,Not Spam
78,18,0.822,8,120,4,1,Spam
77,4,0.505,13,873,1,1,Spam
93,18,0.886,12,653,4,0,Spam
12,0,0.887,6,749,0,1,Not Spam
39,14,0.024,11,526,0,0,Not Spam
66,15,0.383,5,606,2,0,Not Spam
96,6,0.526,7,350,0,1,Spam
13,11,0.678,7,256,5,0,Not Spam
46,7,0.286,5,358,0,1,Not Spam
27,4,0.252,3,771,3,0,Not Spam
17,9,0.381,3,525,3,0,Not Spam
95,20,0.501,15,184,2,0,Spam
98,4,0.951,3,865,4,1,Spam
60,16,0.762,5,688,4,0,Spam
64,4,0.429,0,742,3,1,Not Spam
88,14,0.054,11,952,5,0,Spam
35,12,0.169,1,808,1,0,Not Spam
70,0,0.456,5,747,5,0,Not Spam
83,10,0.814,13,237,3,0,Spam
30,0,0.381,13,764,5,1,Spam
71,10,0.538,10,395,1,0,Not Spam
74,17,0.892,0,31,4,0,Spam
96,17,0.914,8,451,3,0,Spam
98,20,0.216,11,102,0,0,Spam
63,15,0.044,5,450,1,1,Not Spam
28,12,0.305,6,644,1,0,Not Spam
60,6,0.696,13,497,1,1,Spam
79,0,0.951,11,802,4,0,Spam
94,15,0.077,0,726,5,1,Spam
37,0,0.028,7,388,2,1,Not Spam
93,16,0.884,11,672,0,0,Spam
22,5,0.748,15,974,3,1,Spam
68,1,0.992,11,988,5,0,Spam
20,16,0.397,11,655,1,0,Spam
96,5,0.416,11,160,4,1,Spam
100,13,0.172,11,739,1,0,Spam
68,17,0.116,4,646,5,0,Spam
91,5,0.579,4,737,3,1,Spam
64,9,0.364,13,475,0,0,Not Spam
17,17,0.08,5,521,1,0,Not Spam
12,8,0.887,6,422,4,1,Not Spam
22,7,0.198,6,972,4,1,Spam
17,9,0.749,4,307,2,0,Spam
10,16,0.282,0,374,4,0,Not Spam
65,5,0.813,10,362,2,1,Spam
22,13,0.118,8,168,0,0,Not Spam
90,5,0.756,14,229,3,1,Spam
82,6,0.098,5,131,2,0,Not Spam
50,11,0.447,12,673,1,1,Not Spam
14,2,0.734,8,995,5,0,Not Spam
64,13,0.173,10,555,1,0,Not Spam
47,18,0.286,15,68,3,1,Spam
29,15,0.865,3,819,4,0,Spam
76,6,0.885,1,350,5,1,Not Spam
36,7,0.045,12,384,1,1,Not Spam
99,17,0.168,12,30,5,1,Spam
52,12,0.117,2,207,2,0,Not Spam
76,20,0.18,11,528,3,0,Spam
7,8,0.97,3,599,1,1,Not Spam
29,9,0.552,9,464,4,1,Spam
11,20,0.468,15,109,5,1,Spam
33,8,0.984,11,641,4,0,Spam
6,14,0.557,7,920,5,1,Spam
79,19,0.661,2,695,1,1,Spam
32,1,0.333,7,467,3,0,Not Spam
51,12,0.382,5,737,0,1,Not Spam
75,1,0.594,3,51,1,0,Not Spam
58,18,0.07,13,346,4,1,Spam
87,1,0.256,6,93,0,1,Not Spam
26,2,0.197,14,270,3,1,Not Spam
98,5,0.016,13,469,4,0,Not Spam
46,2,0.537,10,925,3,0,Not Spam
98,9,0.561,12,374,5,0,Spam
29,5,0.384,4,552,1,1,Not Spam
4,15,0.269,4,315,3,1,Not Spam
81,16,0.652,8,317,4,1,Spam
99,18,0.135,12,347,1,1,Spam
13,2,0.519,2,321,4,0,Not Spam
39,17,0.768,9,531,4,1,Spam
15,6,0.164,14,357,0,1,Not Spam
29,8,0.753,3,604,2,0,Not Spam
29,19,0.761,4,393,3,1,Spam
75,11,0.06,0,572,3,0,Not Spam
32,4,0.019,6,113,0,1,Not Spam
2,2,0.974,7,151,5,0,Not Spam
47,10,0.193,14,630,3,1,Not Spam
78,3,0.822,5,929,0,0,Not Spam
84,4,0.562,8,929,3,0,Spam
22,0,0.264,2,72,3,1,Not Spam
75,17,0.13,1,515,4,1,Spam
27,11,0.497,4,248,0,0,Not Spam
67,12,0.407,12,659,5,0,Spam
81,8,0.699,8,231,3,1,Spam
56,1,0.904,15,816,5,0,Spam
92,4,0.805,10,810,2,1,Not Spam
93,12,0.274,0,523,0,1,Not Spam
21,15,0.879,0,514,0,1,Not Spam
47,15,0.833,9,872,0,1,Spam
80,2,0.929,2,690,4,1,Spam
59,3,0.459,9,883,0,1,Not Spam
84,10,0.769,2,252,4,0,Not Spam
6,13,0.592,4,90,2,1,Spam
19,2,0.311,3,736,1,0,Not Spam
57,15,0.994,5,208,4,1,Spam
69,14,0.038,11,682,3,1,Spam
3,9,0.162,7,27,0,1,Not Spam
1,8,0.893,7,351,1,0,Not Spam
58,10,0.061,14,631,4,1,Spam
38,15,0.887,10,35,5,1,Spam
15,9,0.715,3,685,5,1,Not Spam
34,16,0.037,0,688,3,1,Not Spam
61,18,0.429,12,112,1,0,Spam
35,1,0.754,15,281,2,0,Spam
64,1,0.583,13,568,4,1,Spam
25,5,0.936,13,180,5,1,Spam
24,18,0.868,6,370,5,0,Spam
12,7,0.333,5,193,4,1,Not Spam
18,2,0.085,4,336,5,0,Not Spam
15,13,0.944,3,956,2,0,Not Spam
80,15,0.517,5,37,5,0,Spam
27,0,0.074,7,505,4,0,Not Spam
72,20,0.817,5,386,0,0,Spam
60,2,0.869,2,370,5,0,Not Spam
46,17,0.639,8,547,4,0,Spam
89,8,0.448,2,891,0,1,Spam
17,5,0.662,3,454,5,0,Not Spam
93,20,0.707,12,952,5,1,Spam
53,0,0.893,4,289,4,1,Not Spam
8,20,0.956,10,890,3,1,Spam
79,9,0.514,1,87,3,0,Not Spam
27,5,0.798,10,49,1,0,Not Spam
46,11,0.965,15,335,3,0,Spam
50,3,0.151,9,840,2,1,Not Spam
71,12,0.018,14,756,1,1,Spam
3,16,0.869,10,183,3,1,Spam
93,7,0.195,9,945,0,1,Spam
64,19,0.042,1,339,4,0,Not Spam
44,2,0.16,5,33,3,1,Not Spam
53,11,0.384,14,298,0,0,Not Spam
24,6,0.219,13,451,1,1,Not Spam
60,11,0.305,1,687,4,0,Not Spam
3,1,0.975,9,653,3,1,Spam
20,13,0.704,0,282,1,0,Not Spam
46,4,0.712,7,701,3,1,Not Spam
15,8,0.095,9,541,1,0,Not Spam
25,20,0.732,15,983,3,0,Spam
94,10,0.739,13,191,0,0,Spam
78,4,0.66,9,377,2,1,Spam
71,2,0.228,12,32,0,0,Spam
17,16,0.423,0,744,4,0,Spam
84,1,0.846,9,692,3,0,Not Spam
100,0,0.67,13,251,2,0,Spam
9,6,0.733,5,495,2,0,Not Spam
38,13,0.587,11,490,4,1,Spam
48,4,0.45,13,179,4,0,Not Spam
60,18,0.759,15,658,2,1,Spam
63,10,0.068,0,579,4,0,Not Spam
86,1,0.673,7,280,4,1,Spam
2,7,0.997,13,592,3,1,Spam
88,8,0.78,4,653,0,1,Spam
72,2,0.291,2,621,5,1,Spam
11,1,0.278,4,378,1,1,Not Spam
64,6,0.667,14,274,2,1,Not Spam
77,4,0.896,15,621,1,0,Spam
81,20,0.578,12,534,2,0,Spam
72,4,0.527,0,299,2,0,Not Spam
21,19,0.16,0,136,0,0,Not Spam
18,12,0.715,11,629,2,1,Spam
94,20,0.702,13,181,2,1,Spam
64,19,0.967,3,871,0,1,Spam
82,5,0.3,8,906,4,0,Not Spam
95,19,0.756,13,317,5,0,Spam
38,17,0.434,8,935,1,1,Spam
32,1,0.558,0,316,2,0,Not Spam
11,5,0.816,2,613,0,1,Not Spam
45,8,0.222,12,377,2,1,Spam
89,2,0.343,11,679,0,0,Spam
33,0,0.773,15,537,1,1,Not Spam
41,0,0.57,3,397,3,0,Not Spam
8,18,0.092,1,716,4,0,Not Spam
11,4,0.43,6,445,3,0,Not Spam
86,12,0.587,2,783,0,0,Not Spam
51,18,0.91,0,556,2,1,Not Spam
88,11,0.188,0,572,4,1,Spam
41,15,0.806,2,188,1,1,Spam
17,18,0.131,5,534,5,1,Spam
76,2,0.242,3,383,4,0,Not Spam
46,11,0.243,0,702,2,0,Not Spam
32,4,0.877,6,449,3,1,Spam
79,1,0.199,1,588,0,0,Not Spam
80,6,0.787,11,102,3,0,Spam
54,12,0.462,4,349,4,1,Spam
86,14,0.999,15,710,5,1,Spam
92,2,0.839,7,152,2,0,Spam
20,20,0.74,6,617,0,1,Spam
33,19,0.871,10,476,2,0,Spam
74,4,0.634,11,372,2,0,Spam
40,7,0.844,7,802,5,1,Spam
32,0,0.261,12,363,4,1,Spam
97,7,0.098,9,113,3,1,Spam
2,17,0.616,13,401,2,0,Not Spam
97,19,0.435,15,887,2,1,Spam
33,15,0.426,10,781,2,1,Spam
77,17,0.527,5,314,0,1,Spam
30,19,0.361,15,217,2,1,Not Spam
33,11,0.626,6,98,2,0,Not Spam
77,12,0.031,8,697,4,1,Spam
26,12,0.97,5,570,2,0,Not Spam
22,9,0.925,8,839,5,1,Spam
66,6,0.935,14,233,5,1,Spam
38,13,0.365,15,662,2,1,Spam
90,15,0.532,12,688,5,0,Spam
46,14,0.954,11,913,4,1,Spam
15,11,0.902,1,178,0,1,Not Spam
98,8,0.79,12,853,5,1,Spam
44,7,0.407,1,758,5,0,Spam
49,17,0.564,13,576,3,1,Spam
75,17,0.793,1,220,4,1,Spam
61,12,0.273,5,41,5,0,Spam
67,17,0.626,1,358,0,0,Not Spam
6,14,0.828,2,261,3,0,Not Spam
9,3,0.707,12,760,2,0,Not Spam
6,16,0.479,7,925,4,1,Not Spam
73,4,0.585,7,257,5,1,Spam
95,15,0.989,10,168,2,0,Spam
32,8,0.602,11,804,4,0,Spam
41,9,0.786,15,598,3,0,Spam
76,17,0.727,3,26,5,0,Spam
8,16,0.701,8,252,0,1,Not Spam
72,17,0.716,7,888,4,0,Spam
50,6,0.454,0,823,0,0,Not Spam
92,3,0.474,7,787,2,1,Spam
62,4,0.468,15,598,2,1,Spam
84,15,0.033,0,781,3,0,Not Spam
62,2,0.241,14,96,3,0,Not Spam
7,17,0.155,3,508,1,0,Not Spam
75,20,0.886,9,945,1,1,Spam
84,13,0.275,5,106,3,1,Spam
80,14,0.138,6,783,5,1,Spam
4,16,0.12,9,986,2,0,Not Spam
6,0,0.7,12,241,0,0,Not Spam
58,20,0.006,3,432,3,1,Not Spam
22,16,0.471,7,603,5,1,Spam
26,10,0.119,15,221,0,1,Not Spam
3,16,0.85,7,948,1,0,Not Spam
41,13,0.958,13,590,0,1,Spam
60,19,0.959,13,295,3,1,Spam
14,18,0.442,13,240,2,1,Spam
75,20,0.645,8,176,3,0,Not Spam
82,6,0.6,13,200,4,1,Spam
12,12,0.35,5,744,5,0,Not Spam
87,17,0.444,3,148,5,0,Not Spam
12,13,0.064,1,262,5,0,Not Spam
13,0,0.796,14,949,4,1,Spam
25,6,0.241,6,191,4,0,Not Spam
45,7,0.461,15,522,2,1,Not Spam
19,17,0.481,9,499,5,0,Not Spam
55,8,0.561,2,896,3,0,Not Spam
100,0,0.818,10,289,4,0,Spam
45,16,0.692,12,440,3,1,Spam
8,18,0.663,11,182,1,1,Spam
93,5,0.527,2,974,5,1,Spam
53,2,0.096,2,43,4,1,Not Spam
55,4,0.402,3,516,4,0,Not Spam
32,1,0.957,1,212,2,0,Not Spam
51,19,0.996,15,897,3,0,Spam
44,3,0.73,12,409,2,0,Not Spam
82,9,0.228,12,516,2,0,Not Spam
70,9,0.102,4,983,3,1,Not Spam
18,20,0.415,2,825,1,0,Not Spam
83,10,0.857,9,148,3,1,Spam
22,15,0.722,4,572,1,1,Not Spam
37,16,0.884,11,562,2,1,Spam
96,15,0.616,12,55,1,0,Spam
56,6,0.13,6,476,5,1,Not Spam
59,15,0.115,8,380,1,1,Spam
3,2,0.048,1,784,1,1,Not Spam
28,15,0.567,8,969,4,1,Spam
74,7,0.243,9,896,4,0,Not Spam
35,11,0.734,5,234,2,0,Not Spam
61,2,0.686,11,306,3,0,Not Spam
93,16,0.318,5,787,1,1,Not Spam
54,20,0.177,10,944,5,1,Spam
63,17,0.102,2,388,4,0,Spam
79,10,0.737,13,488,3,0,Spam
97,3,0.45,9,918,5,1,Spam
7,15,0.324,12,205,1,1,Not Spam
76,16,0.857,8,493,3,0,Spam
49,8,0.594,3,80,5,0,Not Spam
94,5,0.518,4,281,0,1,Not Spam
85,19,0.743,2,807,5,0,Spam
31,1,0.816,4,130,5,0,Not Spam
58,8,0.686,7,848,1,1,Not Spam
61,20,0.44,7,961,3,0,Spam
24,5,0.379,13,160,1,0,Not Spam
20,2,0.772,7,764,1,1,Not Spam
37,19,0.518,5,554,0,0,Not Spam
4,5,0.704,14,98,5,1,Spam
92,6,0.89,14,513,3,0,Spam
20,0,0.916,0,50,2,0,Not Spam
60,0,0.278,15,535,4,1,Spam
24,4,0.188,10,528,1,0,Not Spam
50,5,0.261,9,990,1,0,Spam
49,12,0.751,15,649,1,1,Spam
51,1,0.37,11,85,1,1,Spam
96,14,0.173,5,529,4,0,Spam
36,14,0.098,15,931,2,0,Not Spam
98,12,0.327,11,390,0,0,Not Spam
100,13,0.136,10,306,2,1,Spam
66,6,0.156,9,195,4,0,Spam
79,13,0.684,6,142,3,0,Spam
34,9,0.02,13,250,0,1,Spam
36,16,0.118,8,574,0,1,Spam
6,13,0.844,11,23,3,1,Spam
39,7,0.845,7,721,5,1,Spam
42,3,0.329,10,835,1,0,Not Spam
58,15,0.088,11,431,4,0,Spam
12,12,0.705,7,269,3,0,Not Spam
3,19,0.36,14,675,2,1,Spam
18,17,0.045,6,506,2,0,Not Spam
40,13,0.158,1,364,5,0,Not Spam
21,17,0.137,0,913,3,0,Not Spam
15,4,0.589,14,352,4,1,Spam
97,8,0.898,1,472,5,0,Spam
99,2,0.793,14,177,5,0,Spam
26,7,0.547,5,596,5,1,Spam
8,19,0.422,12,856,0,0,Not Spam
100,9,0.619,1,289,0,1,Not Spam
94,18,0.444,9,606,1,1,Spam
87,20,0.246,3,437,4,0,Spam
42,2,0.679,14,459,2,1,Spam
44,10,0.873,9,48,2,1,Not Spam
14,10,0.373,2,997,1,1,Not Spam
78,16,0.842,5,354,2,0,Spam
2,15,0.431,11,257,5,1,Spam
37,6,0.401,11,172,1,0,Spam
69,3,0.028,12,625,1,0,Not Spam
38,18,0.695,13,768,3,1,Spam
41,11,0.808,7,853,0,1,Not Spam
62,14,0.664,10,134,4,0,Spam
60,10,0.151,5,827,4,1,Not Spam
14,4,0.103,1,750,0,0,Not Spam
89,4,0.573,4,777,5,0,Spam
84,14,0.402,10,418,4,1,Not Spam
2,17,0.429,12,51,2,1,Spam
70,10,0.968,5,551,2,1,Spam
17,11,0.724,8,72,4,1,Not Spam
89,1,0.412,5,737,3,1,Spam
28,19,0.019,9,750,4,1,Spam
66,14,0.034,4,214,1,1,Not Spam
35,19,0.685,0,324,5,1,Spam
5,3,0.838,9,726,1,1,Not Spam
65,17,0.708,4,992,0,1,Not Spam
40,5,0.406,4,364,5,0,Spam
76,18,0.031,5,101,5,1,Spam
56,10,0.967,6,20,2,1,Spam
36,1,0.986,12,186,5,1,Not Spam
45,7,0.549,12,336,3,0,Not Spam
23,10,0.071,3,202,4,1,Not Spam
47,4,0.541,6,984,1,1,Spam
31,17,0.892,4,917,2,1,Spam
11,17,0.68,5,881,2,1,Not Spam
10,13,0.72,3,292,3,1,Not Spam
67,9,0.085,11,688,3,0,Spam
14,2,0.107,7,392,3,1,Not Spam
80,8,0.127,8,381,3,1,Spam
74,2,0.904,1,919,1,0,Not Spam
93,10,0.526,11,220,3,0,Not Spam
10,11,0.792,10,211,2,0,Spam
76,11,0.115,3,360,2,1,Not Spam
94,2,0.928,15,318,5,1,Spam
1,20,0.821,10,525,4,0,Spam
5,6,0.225,7,607,2,1,Not Spam
20,13,0.874,7,159,2,1,Spam
8,10,0.263,14,325,1,1,Not Spam
43,6,0.205,8,215,5,1,Spam
76,20,0.264,2,80,2,1,Not Spam
1,9,0.91,0,988,0,0,Not Spam
57,10,0.916,8,379,2,0,Not Spam
64,14,0.329,0,326,4,0,Not Spam
84,18,0.705,2,499,4,1,Spam
28,15,0.676,2,352,5,0,Spam
37,20,0.807,8,885,5,1,Spam
47,19,0.297,14,102,3,0,Spam
76,11,0.51,0,353,1,0,Spam
37,17,0.668,6,536,4,0,Not Spam
49,12,0.026,1,750,0,0,Not Spam
44,4,0.377,6,943,0,1,Not Spam
56,3,0.696,14,785,3,0,Spam
28,13,0.253,14,493,1,0,Not Spam
79,7,0.958,0,413,1,0,Not Spam
6,8,0.03,12,619,5,1,Not Spam
61,18,0.958,9,740,2,0,Spam
20,2,0.217,9,711,0,0,Not Spam
78,4,0.049,7,739,0,0,Not Spam
2,20,0.292,9,804,0,0,Not Spam
73,17,0.786,12,596,0,0,Spam
37,0,0.752,9,399,4,1,Not Spam
20,7,0.209,1,40,1,0,Not Spam
26,18,0.197,2,969,2,1,Not Spam
29,16,0.643,13,898,4,1,Spam
1,16,0.458,7,196,1,0,Not Spam
35,10,0.792,2,382,3,0,Not Spam
70,1,0.024,0,41,0,1,Not Spam
59,5,0.61,15,856,2,0,Not Spam
69,13,0.731,8,979,1,0,Spam
33,2,0.993,7,567,3,1,Not Spam
51,11,0.679,14,269,0,0,Not Spam
78,3,0.232,3,680,3,1,Not Spam
12,11,0.108,7,971,3,1,Spam
20,12,0.641,13,92,4,0,Not Spam
53,1,0.523,4,110,3,0,Not Spam
88,1,0.899,2,195,4,1,Spam
43,14,0.727,15,145,5,1,Spam
98,16,0.51,0,223,4,0,Spam
89,6,0.404,12,933,3,1,Spam
50,13,0.404,9,265,1,1,Not Spam
29,11,0.226,4,630,3,0,Not Spam
57,16,0.017,10,290,3,0,Not Spam
39,13,0.575,5,63,1,1,Spam
95,5,0.212,3,753,0,0,Not Spam
56,18,0.208,6,960,2,1,Spam
43,5,0.125,2,628,5,1,Spam
50,17,0.19,6,567,0,0,Not Spam
23,4,0.032,13,187,3,1,Spam
44,5,0.674,0,454,0,1,Not Spam
38,1,0.401,6,49,2,1,Not Spam
84,7,0.562,0,813,0,0,Not Spam
23,14,0.637,12,616,2,0,Spam
45,14,0.972,10,376,0,1,Not Spam
52,10,0.068,0,510,4,1,Not Spam
80,0,0.418,1,652,3,1,Spam
50,17,0.246,1,818,2,0,Spam
8,11,0.477,3,267,5,1,Not Spam
85,11,0.92,12,715,3,0,Spam
1,10,0.724,0,272,4,1,Not Spam
8,7,0.662,3,976,0,1,Not Spam
29,6,0.441,1,804,3,0,Not Spam
96,20,0.671,3,740,0,0,Spam
5,1,0.032,15,885,0,0,Not Spam
86,10,0.586,3,401,3,1,Spam
47,9,0.554,8,555,2,1,Spam
34,2,0.347,8,653,2,0,Not Spam
65,19,0.202,0,756,3,0,Not Spam
55,9,0.808,4,919,2,1,Spam
90,17,0.054,6,924,1,1,Spam
43,13,0.07,3,917,0,0,Not Spam
74,17,0.441,11,438,3,1,Spam
30,7,0.253,4,142,5,0,Not Spam
82,9,0.745,1,313,4,1,Not Spam
17,12,0.634,2,704,3,0,Not Spam
26,20,0.773,6,162,3,1,Spam
8,7,0.325,9,957,0,1,Spam
47,3,0.741,12,918,4,1,Spam
76,3,0.862,14,530,0,0,Not Spam
91,4,0.345,6,946,5,0,Not Spam
72,0,0.34,3,967,2,0,Not Spam
89,16,0.9,11,700,3,1,Spam
46,1,0.05,0,76,0,1,Not Spam
68,7,0.35,0,61,5,0,Not Spam
33,6,0.119,15,840,5,1,Spam
1,14,0.029,3,650,1,0,Not Spam
19,4,0.113,3,140,3,1,Not Spam
31,1,0.431,5,843,5,1,Spam
80,6,0.687,6,782,2,1,Spam
14,7,0.289,8,362,0,0,Not Spam
53,6,0.85,8,351,0,0,Spam
48,6,0.438,9,475,1,0,Not Spam
69,13,0.968,11,456,2,1,Spam
90,20,0.954,14,360,5,1,Spam
62,17,0.773,11,360,1,1,Spam
92,5,0.932,4,435,5,1,Spam
66,3,0.707,9,868,5,0,Not Spam
64,9,0.896,10,201,3,0,Not Spam
70,17,0.236,2,696,4,1,Spam
63,11,0.345,2,283,5,0,Not Spam
73,15,0.753,14,229,0,1,Spam
33,6,0.425,5,542,5,1,Spam
41,5,0.837,0,201,1,0,Not Spam
89,4,0.878,6,463,5,0,Spam
48,2,0.3,2,270,0,0,Not Spam
13,11,0.823,4,157,0,1,Not Spam
73,14,0.154,15,237,1,1,Spam
77,9,0.334,6,770,0,1,Not Spam
31,19,0.518,6,473,2,0,Not Spam
75,18,0.226,15,902,2,0,Spam
68,15,0.579,8,868,4,0,Spam
98,10,0.579,0,106,2,0,Not Spam
4,7,0.207,2,829,1,0,Not Spam
19,2,0.796,8,312,5,0,Not Spam
70,6,0.632,7,111,2,0,Not Spam
98,6,0.318,1,227,4,1,Not Spam
82,13,0.232,7,223,3,0,Spam
13,1,0.879,7,205,3,0,Not Spam
23,9,0.836,1,104,1,1,Not Spam
83,18,0.23,7,846,4,1,Spam
75,8,0.036,2,683,2,0,Not Spam
1,15,0.805,6,175,4,1,Not Spam
88,18,0.616,12,312,0,0,Spam
54,17,0.101,8,552,4,0,Spam
71,8,0.587,3,180,2,0,Not Spam
89,15,0.452,14,405,1,1,Spam
85,12,0.775,10,504,0,1,Spam
15,9,0.209,5,522,4,0,Not Spam
65,19,0.453,8,870,3,1,Spam
76,13,0.156,10,175,2,0,Not Spam
71,11,0.958,15,162,1,0,Spam
15,18,0.779,10,788,5,1,Spam
21,6,0.737,4,638,2,1,Not Spam
19,14,0.69,11,303,4,1,Not Spam
60,15,0.423,0,581,1,0,Not Spam
93,7,0.923,2,54,3,1,Not Spam
89,9,0.073,10,243,0,1,Not Spam
33,3,0.803,14,687,4,1,Spam
49,18,0.215,8,412,1,0,Spam
96,18,0.324,15,427,0,0,Spam
35,20,0.519,2,722,1,0,Not Spam
44,14,0.783,10,407,5,0,Spam
90,13,0.839,10,715,4,0,Spam
11,0,0.584,9,768,1,1,Not Spam
99,15,0.403,1,316,3,1,Spam
72,9,0.947,3,342,1,0,Not Spam
78,18,0.247,4,835,4,1,Spam
74,2,0.803,6,873,1,0,Not Spam
66,4,0.612,6,507,0,0,Not Spam
46,8,0.377,8,589,0,0,Not Spam
9,17,0.001,12,58,5,0,Spam
3,10,0.447,7,524,2,0,Not Spam
85,15,0.277,12,522,5,0,Spam
26,1,0.104,14,772,2,1,Spam
72,11,0.075,15,556,3,1,Spam
48,5,0.348,1,335,0,1,Not Spam
66,10,0.615,11,515,2,1,Spam
70,7,0.838,7,136,1,1,Not Spam
28,11,0.184,7,361,3,1,Spam
93,1,0.425,4,901,4,0,Not Spam
26,8,0.392,14,259,2,0,Spam
25,14,0.513,12,706,5,0,Spam
12,1,0.81,2,464,2,0,Not Spam
5,0,0.554,8,871,5,1,Not Spam
98,9,0.847,11,759,5,0,Spam
48,1,0.519,6,506,0,1,Not Spam
37,11,0.604,0,784,3,1,Spam
79,7,0.437,7,430,5,1,Spam
44,4,0.823,9,911,0,1,Not Spam
100,0,0.924,12,642,0,1,Spam
15,14,0.639,4,772,5,1,Spam
43,5,0.821,5,755,3,0,Not Spam
48,11,0.059,8,317,1,0,Not Spam
87,7,0.906,9,71,2,0,Spam
70,12,0.189,14,752,0,0,Spam
46,18,0.257,13,323,2,0,Spam
43,0,0.053,7,307,3,0,Not Spam
21,10,0.965,13,683,1,0,Spam
23,19,0.852,10,918,4,1,Spam
80,0,0.913,13,137,1,1,Spam
47,7,0.847,13,942,3,0,Spam
15,4,0.48,2,988,1,0,Not Spam
25,16,0.924,12,443,4,1,Spam
36,7,0.969,4,810,0,0,Not Spam
75,9,0.503,15,666,1,1,Spam
51,1,0.176,3,228,5,0,Not Spam
15,8,0.659,13,146,5,1,Spam
68,2,0.975,0,312,3,1,Spam
21,17,0.872,4,538,1,0,Not Spam
13,6,0.862,9,241,4,0,Not Spam
86,14,0.934,6,96,3,1,Not Spam
19,20,0.894,0,357,1,0,Not Spam
34,19,0.776,3,882,3,0,Spam
78,17,0.718,5,809,5,1,Spam
68,2,0.265,10,865,4,1,Spam
52,13,0.621,11,869,0,0,Not Spam
27,1,0.521,8,758,4,0,Not Spam
29,13,0.862,10,932,0,1,Not Spam
28,10,0.492,7,294,2,1,Spam
35,15,0.128,1,882,5,1,Spam
8,7,0.005,10,826,5,0,Not Spam
16,6,0.678,2,136,5,1,Spam
36,10,0.55,9,311,4,0,Not Spam
30,2,0.331,12,290,0,1,Not Spam
18,16,0.169,4,466,2,0,Not Spam
2,13,0.467,10,176,2,0,Not Spam
49,5,0.1,6,591,2,1,Not Spam
77,7,0.336,2,203,3,0,Not Spam
4,4,0.379,11,443,4,1,Not Spam
90,7,0.466,6,675,4,0,Not Spam
89,1,0.467,4,692,5,0,Not Spam
94,14,0.257,9,620,4,0,Not Spam
75,11,0.85,5,35,4,1,Spam
7,16,0.356,5,945,3,1,Not Spam
95,0,0.23,10,780,4,0,Spam
74,14,0.176,10,117,0,1,Spam
39,13,0.323,13,981,2,0,Spam
13,19,0.068,11,635,3,1,Spam
31,15,0.033,3,319,3,1,Not Spam
71,8,0.605,11,766,5,0,Spam
63,0,0.619,7,441,4,0,Spam
56,16,0.53,8,326,2,0,Not Spam
42,12,0.762,1,975,0,1,Not Spam
61,20,0.039,8,293,2,0,Spam
42,20,0.936,10,280,1,0,Spam
56,4,0.095,11,258,2,1,Spam
36,9,0.674,3,955,0,1,Not Spam
84,5,0.133,5,793,0,0,Not Spam
68,18,0.88,15,351,0,0,Spam
7,12,0.511,13,134,3,1,Spam
54,0,0.082,6,287,3,1,Not Spam
1,19,0.617,3,31,1,1,Not Spam
44,14,0.009,7,92,2,1,Spam
45,13,0.776,12,893,4,0,Spam
47,7,0.651,13,425,5,0,Spam
13,9,0.213,9,836,1,1,Not Spam
22,8,0.375,7,197,4,0,Not Spam
21,16,0.008,0,995,4,0,Not Spam
86,8,0.694,7,791,1,0,Not Spam
92,2,0.323,9,965,2,1,Spam
9,10,0.572,13,278,5,0,Spam
26,11,0.957,11,419,4,1,Spam
9,9,0.299,2,289,3,0,Not Spam
15,16,0.99,15,851,3,1,Spam
10,16,0.633,4,651,1,1,Spam
88,10,0.242,13,700,5,1,Spam
42,3,0.437,9,505,5,0,Not Spam
72,6,0.74,7,599,4,0,Not Spam
24,20,0.446,10,78,1,0,Not Spam
80,13,0.069,5,661,5,0,Spam
49,6,0.169,3,906,5,0,Not Spam
26,7,0.791,14,285,3,1,Spam
91,0,0.648,3,94,1,0,Not Spam
37,3,0.57,11,109,4,0,Not Spam
68,11,0.168,3,524,4,0,Not Spam
50,2,0.838,5,376,3,0,Not Spam
24,12,0.961,6,173,0,1,Spam
19,19,0.041,12,919,0,1,Not Spam
100,5,0.078,4,237,5,1,Spam
60,10,0.885,9,505,2,1,Spam
39,3,0.816,13,559,3,0,Spam
74,19,0.618,7,149,2,1,Spam
89,15,0.945,15,85,5,0,Spam
18,6,0.646,6,163,3,1,Not Spam
19,10,0.216,7,399,4,1,Not Spam
36,0,0.729,14,332,3,0,Not Spam
74,6,0.646,3,426,1,0,Not Spam
97,11,0.986,7,426,2,1,Spam
55,6,0.214,12,992,3,0,Not Spam
69,6,0.598,5,296,2,0,Spam
47,9,0.78,2,634,5,0,Not Spam
49,15,0.339,12,428,3,1,Spam
99,7,0.38,7,333,0,1,Not Spam
98,8,0.888,12,568,2,1,Spam
33,8,0.404,6,268,4,1,Spam
21,1,0.625,9,964,4,0,Not Spam
81,12,0.889,4,480,3,0,Spam
22,12,0.21,10,418,4,0,Spam
48,3,0.982,3,687,4,0,Not Spam
37,11,0.702,0,470,2,1,Spam
15,16,0.496,9,490,3,0,Spam
35,1,0.431,2,663,2,1,Not Spam
92,12,0.954,1,578,3,1,Spam
71,17,0.206,7,453,4,1,Spam
32,14,0.312,13,975,3,0,Spam
11,7,0.308,7,465,5,0,Not Spam
10,14,0.289,11,726,3,1,Spam
73,0,0.469,4,122,1,1,Not Spam
78,19,0.989,15,347,3,0,Spam
77,9,0.889,13,702,1,1,Spam
57,11,0.328,4,620,2,0,Not Spam
25,4,0.423,15,265,1,1,Not Spam
2,8,0.669,14,77,2,1,Not Spam
64,7,0.017,10,124,3,0,Not Spam
35,15,0.82,3,711,2,0,Not Spam
7,13,0.88,0,991,4,1,Spam
85,12,0.857,0,88,5,1,Spam
18,20,0.375,12,321,3,0,Spam
67,12,0.462,5,172,1,1,Spam
42,4,0.012,14,556,5,1,Not Spam
39,15,0.399,3,908,0,1,Spam
41,10,0.46,3,54,5,1,Spam
75,4,0.907,2,976,3,1,Spam
24,12,0.894,13,34,5,1,Spam
60,10,0.966,8,125,5,0,Spam
46,18,0.885,2,749,4,1,Spam
19,2,0.008,7,915,2,0,Not Spam
68,14,0.641,1,93,5,1,Spam
90,6,0.068,3,875,1,1,Not Spam
42,6,0.273,0,950,1,0,Not Spam
32,5,0.578,10,304,4,0,Not Spam
39,2,0.701,4,569,5,0,Spam
36,12,0.655,1,216,5,0,Not Spam
97,6,0.049,10,299,4,0,Not Spam
36,4,0.104,12,806,3,1,Spam
3,17,0.129,0,705,0,0,Not Spam
73,7,0.091,0,836,0,0,Not Spam
8,16,0.178,1,575,2,0,Not Spam
97,19,0.688,4,988,1,1,Spam
70,0,0.831,11,685,3,1,Spam
41,13,0.409,14,172,1,1,Spam
68,16,0.693,14,310,3,0,Spam
13,9,0.2,8,951,4,1,Not Spam
49,11,0.973,5,161,2,1,Spam
60,15,0.35,11,787,4,1,Spam
2,13,0.846,3,331,1,1,Not Spam
60,15,0.945,14,665,2,0,Spam
5,7,0.865,2,51,5,0,Not Spam
44,9,0.067,7,45,3,0,Not Spam
27,16,0.65,2,930,3,0,Not Spam
32,17,0.12,0,274,2,0,Not Spam
21,19,0.006,3,964,4,0,Spam
8,15,0.052,10,754,2,0,Not Spam
72,16,0.916,12,75,4,0,Spam
50,15,0.908,4,312,2,1,Spam
67,18,0.226,15,656,4,1,Spam
44,7,0.547,4,249,0,0,Not Spam
58,5,0.955,15,72,2,0,Spam
3,5,0.497,4,973,4,1,Spam
86,20,0.394,7,120,5,1,Spam
70,8,0.483,15,486,1,1,Spam
2,3,0.79,7,865,1,0,Not Spam
87,11,0.477,11,823,2,1,Spam
44,11,0.783,12,888,2,0,Spam
2,16,0.432,3,286,3,1,Not Spam
81,14,0.252,14,814,4,1,Spam
35,8,0.326,8,21,2,0,Not Spam
98,6,0.078,15,41,1,1,Spam
87,9,0.497,0,597,1,0,Not Spam
30,15,0.148,4,231,1,1,Not Spam
8,11,0.812,4,255,4,0,Not Spam
22,6,0.421,4,899,0,0,Not Spam
44,17,0.765,7,548,2,0,Spam
58,14,0.954,8,407,0,1,Not Spam
36,5,0.849,2,33,4,0,Not Spam
69,11,0.951,8,538,5,1,Spam
77,10,0.568,12,866,2,1,Spam
93,19,0.165,10,241,3,0,Spam
31,2,0.935,7,931,2,0,Spam
47,1,0.869,2,635,2,1,Spam
55,5,0.864,1,981,2,1,Not Spam
80,4,0.693,14,422,2,0,Spam
62,17,0.625,3,532,5,1,Spam
30,15,0.015,14,306,2,0,Spam
55,7,0.748,12,403,4,0,Spam
16,19,0.092,11,266,2,0,Not Spam
12,10,0.26,1,919,5,1,Not Spam
17,9,0.551,3,110,4,1,Not Spam
16,11,0.452,4,845,2,1,Spam
12,20,0.016,1,331,2,1,Not Spam
8,5,0.824,11,456,4,0,Not Spam
84,19,0.879,7,745,2,1,Spam
3,4,0.682,0,62,5,0,Not Spam
16,8,0.541,2,93,1,0,Not Spam
30,15,0.961,6,773,2,1,Spam
23,13,0.12,9,580,3,1,Spam
92,7,0.738,0,899,4,1,Spam
5,19,0.128,12,895,5,0,Not Spam
84,18,0.382,10,335,2,1,Spam
65,13,0.585,14,753,2,0,Spam
30,6,0.737,1,881,4,0,Not Spam
21,4,0.004,2,163,0,1,Not Spam
84,17,0.261,13,348,5,1,Spam
70,1,0.538,15,228,5,1,Spam
22,10,0.533,13,118,1,0,Not Spam
82,7,0.638,1,719,1,0,Not Spam
72,0,0.304,1,133,2,1,Not Spam
32,11,0.541,11,194,4,1,Spam
33,1,0.19,10,290,3,0,Not Spam
16,17,0.187,5,82,2,1,Not Spam
76,6,0.577,6,815,1,1,Spam
38,16,0.685,5,423,2,0,Not Spam
98,13,0.12,10,244,4,0,Spam
14,6,0.123,5,978,5,1,Not Spam
36,2,0.565,14,180,5,0,Spam
97,5,0.27,8,55,5,1,Spam
23,19,0.392,7,400,5,0,Not Spam
66,1,0.401,13,672,3,0,Not Spam
85,16,0.179,7,337,0,0,Not Spam
2,11,0.001,5,727,3,0,Not Spam
91,11,0.853,4,682,2,1,Spam
73,16,0.715,8,475,1,0,Spam
65,9,0.691,11,288,4,1,Spam
75,2,0.547,1,363,2,0,Spam
67,19,0.701,6,59,0,1,Spam
52,17,0.936,5,769,4,0,Not Spam
62,12,0.666,6,433,4,0,Spam
23,11,0.265,11,399,4,1,Spam
26,16,0.571,3,241,2,0,Spam
68,3,0.442,8,300,0,1,Not Spam
82,9,0.556,6,244,2,1,Spam
55,10,0.518,1,476,4,0,Spam
6,5,0.859,12,173,4,0,Not Spam
35,5,0.652,3,299,1,1,Not Spam
22,8,0.189,4,372,3,0,Not Spam
43,14,0.063,1,58,2,0,Not Spam
15,1,0.424,9,748,0,1,Not Spam
86,3,0.016,7,775,4,0,Not Spam
60,4,0.318,0,640,2,0,Not Spam
12,16,0.368,14,994,3,0,Not Spam
49,7,0.376,2,592,2,0,Not Spam
42,7,0.979,14,508,3,0,Spam
38,11,0.304,13,964,2,1,Spam
82,20,0.265,0,956,1,0,Spam
45,7,0.129,14,217,2,0,Not Spam
35,18,0.511,4,295,5,1,Spam
30,2,0.154,7,191,1,0,Not Spam
88,17,0.616,6,803,3,1,Spam
30,20,0.155,8,527,4,1,Spam
78,18,0.577,1,424,4,0,Spam
6,18,0.826,15,290,2,0,Spam
67,14,0.043,11,954,0,1,Spam
80,5,0.42,7,573,2,0,Spam
7,15,0.461,7,720,1,1,Spam
52,7,0.791,13,791,1,0,Not Spam
14,15,0.468,5,683,3,0,Spam
73,17,0.568,2,150,2,1,Spam
15,19,0.791,1,645,3,1,Spam
21,15,0.56,13,404,0,1,Spam
35,10,0.358,7,753,4,1,Spam
66,6,0.086,5,416,4,1,Spam
91,16,0.73,3,585,2,1,Spam
2,16,0.871,4,869,3,1,Spam
35,11,0.97,4,315,3,1,Not Spam
82,12,0.927,12,402,0,1,Spam
78,9,0.797,8,531,3,1,Spam
20,6,0.643,12,414,5,0,Not Spam
82,13,0.781,12,573,5,0,Spam
10,0,0.432,8,624,1,1,Not Spam
25,16,0.595,7,279,5,0,Spam
66,3,0.349,7,300,5,1,Spam
25,20,0.327,15,375,1,0,Spam
54,4,0.757,11,439,5,0,Spam
33,19,0.454,1,211,5,0,Spam
36,6,0.212,13,656,1,0,Not Spam
95,9,0.202,2,447,2,0,Not Spam
14,16,0.859,13,827,1,1,Spam
65,6,0.678,15,367,1,0,Not Spam
80,0,0.546,7,448,5,0,Not Spam
54,6,0.401,12,411,4,1,Spam
52,10,0.431,4,360,5,0,Not Spam
3,8,0.057,6,566,2,0,Not Spam
99,11,0.455,13,959,1,0,Spam
41,2,0.795,7,421,0,0,Not Spam
6,3,0.388,5,66,1,0,Not Spam
25,3,0.384,14,684,2,0,Not Spam
13,12,0.016,4,769,3,0,Not Spam
98,18,0.458,7,444,5,1,Spam
8,9,0.025,0,536,4,1,Not Spam
21,4,0.57,15,979,4,1,Spam
98,6,0.507,0,977,5,0,Not Spam
68,15,0.84,0,656,5,0,Spam
25,0,0.582,2,898,2,1,Not Spam
79,11,0.323,9,347,1,1,Spam
68,1,0.516,12,106,0,1,Not Spam
45,6,0.7,11,534,1,0,Not Spam
60,10,0.094,5,184,1,1,Not Spam
12,12,0.621,5,242,0,0,Not Spam
32,1,0.917,4,880,4,1,Not Spam
96,6,0.299,12,316,1,1,Not Spam
92,14,0.627,12,935,3,0,Spam
13,10,0.821,13,470,3,0,Spam
31,1,0.512,6,362,2,0,Not Spam
78,6,0.718,4,955,2,0,Not Spam
20,3,0.311,13,360,0,0,Not Spam
18,10,0.306,1,480,0,0,Not Spam
93,1,0.668,3,411,2,1,Spam
60,15,0.705,0,920,5,0,Spam
63,6,0.937,6,556,1,0,Not Spam
6,12,0.225,3,570,5,0,Not Spam
32,4,0.468,12,440,4,1,Spam
93,16,0.251,3,400,3,1,Spam
43,20,0.08,12,636,0,0,Spam
2,11,0.403,3,24,2,0,Not Spam
60,18,0.374,2,667,3,0,Spam
23,6,0.27,7,23,5,0,Spam
83,5,0.297,3,700,0,0,Spam
31,7,0.36,7,335,0,0,Not Spam
5,12,0.989,8,841,1,1,Spam
83,4,0.783,0,937,0,0,Not Spam
34,1,0.071,14,97,4,0,Not Spam
10,8,0.872,3,550,0,0,Not Spam
89,10,0.633,5,736,4,0,Spam
2,5,0.891,7,374,5,1,Not Spam
11,6,0.342,13,855,1,0,Not Spam
50,6,0.465,5,52,4,1,Not Spam
31,18,0.896,11,681,5,0,Spam
56,5,0.273,5,724,3,0,Not Spam
79,10,0.916,9,158,0,0,Spam
73,10,0.828,3,291,2,1,Spam
87,6,0.981,8,215,2,1,Spam
83,1,0.324,15,146,4,0,Not Spam
9,18,0.236,6,368,1,0,Not Spam
99,3,0.331,13,762,4,0,Spam
21,5,0.955,10,63,5,0,Not Spam
73,16,0.333,5,761,5,0,Not Spam
28,4,0.565,0,747,4,0,Not Spam
62,6,0.404,1,263,4,0,Not Spam
7,8,0.396,11,28,3,1,Not Spam
80,0,0.193,5,781,5,1,Spam
16,0,0.537,10,731,3,0,Not Spam
97,18,0.849,15,865,4,0,Spam
4,5,0.049,14,98,1,0,Not Spam
4,17,0.889,0,776,0,0,Not Spam
40,9,0.665,14,209,5,0,Spam
17,10,0.617,14,105,2,0,Spam
52,0,0.626,10,504,3,1,Not Spam
93,0,0.296,15,290,5,1,Spam
52,12,0.415,4,793,0,1,Spam
36,4,0.799,0,532,3,0,Not Spam
38,19,0.306,12,39,5,1,Spam
50,0,0.47,2,508,3,0,Not Spam
63,19,0.02,11,951,3,1,Spam
63,2,0.734,11,149,4,0,Not Spam
62,17,0.418,11,857,4,1,Spam
99,8,0.525,6,789,3,0,Not Spam
7,13,0.115,4,662,3,1,Not Spam
27,16,0.992,14,26,2,1,Spam
92,13,0.302,11,871,0,1,Spam
86,3,0.635,14,772,0,0,Not Spam
14,4,0.581,9,723,1,0,Not Spam
71,20,0.785,0,956,1,0,Spam
86,16,0.294,0,329,1,0,Not Spam
5,1,0.756,15,828,4,0,Not Spam
55,4,0.383,14,646,4,1,Spam
2,3,0.411,7,920,2,0,Not Spam
62,3,0.673,10,492,4,0,Not Spam
91,5,0.784,13,121,1,0,Not Spam
21,19,0.667,12,357,5,1,Spam
79,20,0.9,8,338,3,1,Spam
21,12,0.285,6,532,1,1,Not Spam
10,4,0.901,12,44,2,0,Not Spam
87,6,0.131,2,740,3,0,Not Spam
58,19,0.66,11,449,4,1,Spam
39,0,0.548,5,162,3,0,Not Spam
5,13,0.495,2,728,5,0,Not Spam
65,3,0.311,9,676,2,0,Not Spam
13,16,0.504,3,168,4,0,Not Spam
85,20,0.162,11,712,0,0,Spam
90,13,0.369,3,74,1,1,Not Spam
85,15,0.099,2,490,5,1,Not Spam
53,13,0.572,9,382,5,1,Spam
82,15,0.096,5,669,1,0,Spam
45,19,0.16,4,228,2,1,Not Spam
32,7,0.085,10,204,2,0,Not Spam
36,2,0.381,8,84,5,1,Spam
81,18,0.842,8,568,1,0,Spam
99,0,0.907,2,131,3,0,Not Spam
60,1,0.072,12,282,0,1,Not Spam
11,14,0.635,8,95,0,1,Not Spam
63,9,0.684,12,315,2,1,Spam
21,17,0.534,11,197,2,0,Spam
52,13,0.667,2,785,3,1,Not Spam
55,16,0.234,3,20,2,1,Spam
26,12,0.49,0,167,0,1,Not Spam
68,0,0.391,4,895,1,1,Not Spam
34,4,0.09,11,690,5,0,Spam
52,12,0.626,8,855,0,0,Not Spam
82,13,0.495,14,799,3,0,Spam
99,2,0.275,1,681,1,1,Not Spam
93,14,0.474,3,148,1,1,Spam
52,18,0.775,9,657,5,1,Spam
29,16,0.802,1,532,0,0,Not Spam
38,2,0.65,13,918,1,1,Spam
42,15,0.468,7,648,1,0,Not Spam
21,13,0.576,8,991,2,1,Not Spam
42,11,0.385,2,521,1,0,Not Spam
13,11,0.127,12,168,3,0,Not Spam
64,10,0.386,14,288,1,1,Spam
17,16,0.53,8,720,2,1,Not Spam
9,7,0.599,5,672,4,0,Not Spam
41,16,0.936,5,124,4,0,Spam
1,20,0.777,6,485,3,1,Spam
2,19,0.152,11,783,5,0,Spam
60,10,0.174,4,948,5,1,Spam
48,1,0.1,5,921,3,1,Not Spam
29,9,0.738,10,300,1,0,Not Spam
97,9,0.706,0,426,1,0,Not Spam
10,10,0.986,2,875,4,1,Not Spam
58,5,0.522,11,632,4,0,Spam
60,3,0.826,15,813,0,0,Not Spam
21,11,0.576,8,919,4,1,Spam
28,10,0.874,11,377,4,0,Not Spam
75,12,0.721,4,694,3,0,Not Spam
34,4,0.643,4,222,0,0,Not Spam
8,5,0.565,7,631,5,0,Not Spam
59,0,0.723,10,300,0,1,Not Spam
86,5,0.42,10,935,1,0,Spam
72,17,0.097,12,276,1,0,Not Spam
49,8,0.04,1,113,0,0,Not Spam
79,14,0.479,12,343,0,0,Spam
17,7,0.599,6,810,1,1,Spam
60,18,0.079,8,758,3,1,Spam
87,15,0.287,6,381,3,1,Spam
88,5,0.322,11,681,3,0,Not Spam
45,5,0.563,4,370,3,1,Not Spam
83,2,0.278,12,81,1,1,Spam
69,9,0.096,15,660,2,0,Not Spam
32,0,0.165,15,206,4,0,Not Spam
44,13,0.174,5,599,4,1,Spam
65,3,0.843,3,934,4,1,Spam
87,11,0.284,13,561,4,0,Spam
8,5,0.715,11,916,1,0,Not Spam
77,10,0.568,6,323,2,0,Spam
72,11,0.977,0,806,1,1,Spam
87,9,0.273,3,658,2,0,Spam
43,17,0.158,2,455,1,1,Not Spam
1,6,0.052,15,232,0,1,Not Spam
51,6,0.241,12,425,2,1,Spam
24,10,0.684,15,837,4,0,Spam
99,3,0.085,3,981,2,1,Not Spam
24,19,0.245,0,153,5,1,Not Spam
17,0,0.855,11,979,3,1,Not Spam
5,12,0.583,12,936,2,1,Spam
20,17,0.07,1,934,5,0,Not Spam
21,8,0.048,11,238,3,1,Not Spam
58,8,0.061,10,440,5,0,Not Spam
31,8,0.942,15,338,3,0,Spam
100,9,0.85,12,176,0,1,Spam
11,1,0.845,8,207,2,1,Not Spam
52,5,0.924,14,495,5,0,Spam
15,14,0.505,6,181,0,0,Not Spam
83,2,0.247,12,148,4,0,Spam
7,10,0.401,5,323,2,0,Not Spam
28,5,0.719,1,108,1,1,Not Spam
51,2,0.876,0,914,1,1,Not Spam
58,10,0.435,1,936,1,1,Not Spam
5,14,0.535,6,181,5,1,Spam
5,12,0.932,1,941,5,0,Not Spam
94,19,0.107,2,55,3,0,Spam
96,9,0.862,7,246,1,1,Spam
8,5,0.159,6,170,4,1,Spam
64,14,0.484,11,612,5,1,Spam
10,17,0.218,10,66,2,0,Not Spam
38,17,0.603,10,735,5,1,Spam
96,6,0.559,13,959,2,0,Spam
92,14,0.38,10,679,5,0,Spam
81,17,0.863,8,250,3,0,Spam
95,17,0.66,11,558,3,0,Spam
8,19,0.721,3,720,3,1,Not Spam
25,8,0.151,6,184,4,0,Not Spam
73,1,0.883,0,743,5,0,Not Spam
66,7,0.167,10,839,2,1,Spam
79,19,0.223,10,606,5,1,Spam
50,1,0.128,1,623,0,0,Not Spam
67,10,0.44,6,593,3,1,Spam
49,6,0.888,14,85,1,1,Spam
36,5,0.252,1,939,0,0,Not Spam
68,9,0.374,5,99,0,1,Not Spam
78,4,0.846,12,159,3,0,Not Spam
41,10,0.618,9,419,1,0,Not Spam
89,0,0.752,11,951,3,1,Spam
62,1,0.214,15,149,3,1,Spam
10,0,0.716,8,785,1,1,Not Spam
21,18,0.228,10,465,0,0,Not Spam
36,1,0.987,4,851,0,1,Not Spam
12,20,0.56,9,48,5,0,Spam
91,19,0.696,6,221,1,1,Spam
2,20,0.118,12,256,0,0,Not Spam
13,3,0.251,0,618,4,1,Not Spam
53,11,0.14,7,627,3,0,Not Spam
32,19,0.39,8,818,4,1,Spam
95,17,0.284,14,358,4,1,Spam
16,0,0.733,12,418,5,1,Not Spam
32,0,0.109,4,458,5,1,Not Spam
32,13,0.752,5,308,5,1,Spam
98,3,0.046,12,271,4,0,Spam
11,4,0.202,10,996,2,0,Not Spam
10,10,0.792,15,711,2,1,Spam
15,12,0.743,15,119,4,0,Spam
17,15,0.476,7,935,3,0,Not Spam
40,12,0.05,3,604,4,1,Not Spam
18,1,0.61,1,441,4,1,Not Spam
55,15,0.407,14,662,5,0,Spam
73,5,0.317,9,713,5,0,Spam
25,13,0.64,7,725,5,1,Spam
59,0,0.437,1,37,2,1,Not Spam
78,16,0.092,4,490,4,1,Spam
89,10,0.916,14,657,3,0,Spam
22,18,0.778,12,742,3,1,Spam
30,2,0.056,5,26,5,0,Not Spam
84,10,0.525,4,438,5,1,Spam
85,4,0.083,5,399,4,1,Not Spam
44,16,0.837,5,527,3,0,Spam
32,6,0.613,2,133,4,1,Not Spam
51,9,0.172,10,871,2,0,Not Spam
46,10,0.021,10,530,4,0,Spam
21,2,0.032,15,615,5,0,Spam
99,19,0.507,2,870,0,1,Spam
32,9,0.734,8,892,2,1,Not Spam
94,9,0.121,2,995,3,1,Spam
39,13,0.221,2,633,3,0,Not Spam
12,11,0.327,10,488,5,1,Spam
47,14,0.218,13,112,5,1,Spam
18,9,0.391,1,511,2,1,Not Spam
21,9,0.56,6,847,5,1,Spam
13,18,0.685,9,121,0,1,Not Spam
21,0,0.964,9,512,2,0,Not Spam
8,9,0.931,3,782,5,1,Spam
46,1,0.57,0,555,1,1,Not Spam
7,16,0.734,5,504,0,1,Not Spam
23,6,0.951,4,498,2,0,Not Spam
96,6,0.083,13,896,1,1,Spam
75,19,0.006,10,186,4,0,Spam
86,8,0.03,1,159,0,0,Not Spam
22,1,0.563,5,113,4,1,Not Spam
89,13,0.763,0,200,1,0,Spam
22,16,0.367,2,595,3,0,Not Spam
92,0,0.545,3,23,3,0,Not Spam
29,8,0.516,12,625,5,1,Spam
13,19,0.095,2,408,3,0,Not Spam
82,20,0.322,14,291,4,1,Spam
2,18,0.019,12,814,0,1,Not Spam
29,3,0.111,5,151,4,0,Not Spam
85,7,0.812,10,603,4,0,Spam
79,12,0.829,3,835,3,0,Not Spam
52,3,0.802,13,923,4,1,Spam
27,8,0.727,0,612,1,1,Not Spam
50,8,0.793,4,531,2,0,Not Spam
95,17,0.671,4,705,2,0,Spam
79,11,0.67,8,831,2,1,Not Spam
23,9,0.667,15,982,5,1,Spam
88,10,0.514,7,71,3,1,Spam
44,6,0.363,14,309,3,0,Not Spam
77,8,0.73,7,465,2,0,Not Spam
22,5,0.299,4,256,0,1,Not Spam
43,18,0.543,7,808,5,1,Spam
37,15,0.433,13,510,2,0,Not Spam
61,14,0.277,9,299,4,1,Spam
97,6,0.975,6,63,2,0,Spam
56,15,0.259,0,901,2,1,Not Spam
3,4,0.309,11,785,0,1,Not Spam
63,15,0.162,6,956,3,1,Not Spam
19,0,0.823,10,944,3,1,Spam
23,18,0.587,7,378,4,0,Spam
29,4,0.613,2,665,2,1,Not Spam
30,6,0.821,8,587,1,1,Not Spam
39,18,0.343,7,545,4,0,Spam
25,4,0.194,1,709,3,0,Not Spam
8,16,0.198,5,481,0,0,Not Spam
58,7,0.733,3,120,3,1,Spam
16,0,0.614,2,711,3,0,Not Spam
72,1,0.206,10,480,0,1,Not Spam
1,14,0.145,5,788,2,0,Not Spam
5,19,0.121,9,287,2,1,Not Spam
3,17,0.628,12,902,3,0,Spam
65,10,0.0,14,381,4,0,Spam
4,9,0.018,8,427,1,0,Not Spam
99,3,0.39,1,56,4,1,Not Spam
96,4,0.691,9,487,5,1,Spam
64,3,0.695,9,985,4,0,Not Spam
98,12,0.43,9,735,3,1,Spam
89,12,0.691,4,1000,3,1,Spam
10,17,0.521,5,278,1,1,Not Spam
21,1,0.977,3,528,1,1,Not Spam
46,15,0.162,6,686,1,1,Not Spam
91,0,0.601,1,769,3,0,Not Spam
27,18,0.491,6,328,3,1,Not Spam
66,8,0.194,1,631,4,0,Not Spam
41,2,0.75,0,292,3,0,Not Spam
13,6,0.276,10,644,5,0,Not Spam
9,9,0.382,4,129,2,1,Not Spam
36,0,0.375,1,674,2,1,Not Spam
86,9,0.244,7,698,1,0,Not Spam
90,20,0.431,11,279,3,0,Spam
58,8,0.473,11,676,5,0,Spam
54,14,0.744,11,761,2,0,Spam
12,14,0.765,7,926,4,1,Spam
81,2,0.159,0,287,0,0,Not Spam
78,4,0.593,3,51,4,0,Spam
14,8,0.896,13,942,0,1,Spam
34,8,0.109,8,959,5,0,Spam
53,6,0.473,4,830,4,1,Not Spam
20,11,0.75,11,750,2,0,Not Spam
75,8,0.611,10,196,3,1,Spam
16,5,0.101,9,123,0,1,Not Spam
95,1,0.397,12,255,3,1,Spam
70,8,0.507,5,112,5,0,Spam
56,16,0.996,2,220,3,1,Spam
83,0,0.179,4,830,2,0,Not Spam
58,18,0.982,13,918,5,1,Spam
4,5,0.376,11,762,1,1,Not Spam
4,4,0.2,12,944,1,1,Not Spam
20,1,0.414,12,786,0,0,Not Spam
10,8,0.614,12,616,2,1,Spam
24,13,0.213,0,54,3,1,Not Spam
99,3,0.291,7,136,4,1,Spam
26,3,0.855,10,707,4,1,Spam
37,20,0.999,14,477,5,0,Spam
85,14,0.318,5,490,0,0,Not Spam
54,7,0.149,15,954,0,1,Not Spam
21,3,0.793,11,939,0,1,Spam
74,15,0.6,1,807,2,1,Spam
38,20,0.1,3,418,4,1,Not Spam
46,3,0.947,3,616,5,0,Not Spam
4,15,0.078,8,136,2,1,Not Spam
60,11,0.625,8,381,5,1,Spam
57,15,0.424,4,223,2,0,Not Spam
45,18,0.557,15,165,3,1,Spam
20,7,0.213,11,463,2,1,Not Spam
17,5,0.688,2,746,2,0,Not Spam
71,9,0.96,0,636,3,1,Spam
4,4,0.458,5,880,1,0,Not Spam
93,17,0.523,7,316,3,1,Spam
14,9,0.24,0,887,0,0,Not Spam
3,9,0.892,10,600,1,0,Not Spam
88,6,0.971,0,506,4,1,Spam
80,17,0.786,14,786,5,1,Spam
58,0,0.543,10,250,2,1,Spam
55,6,0.957,15,222,1,1,Spam
4,20,0.154,6,381,4,0,Spam
24,0,0.478,6,414,3,1,Not Spam
34,14,0.538,1,267,3,1,Not Spam
30,3,0.492,2,459,0,1,Not Spam
82,19,0.802,1,933,0,0,Spam
19,9,0.67,5,415,1,0,Not Spam
31,8,0.127,12,780,5,0,Not Spam
60,1,0.346,12,675,2,0,Not Spam
60,13,0.339,7,814,3,0,Spam
19,15,0.566,7,375,1,1,Spam
49,0,0.291,15,420,1,1,Spam
63,1,0.117,14,260,5,1,Not Spam
83,6,0.654,0,360,1,0,Not Spam
22,9,0.851,10,906,0,1,Spam
24,19,0.932,8,248,5,0,Spam
76,0,0.973,10,562,3,0,Spam
30,12,0.781,7,640,0,0,Not Spam
58,0,0.14,8,950,0,0,Not Spam
31,4,0.853,12,558,5,0,Spam
100,15,0.4,13,874,5,1,Spam
64,14,0.73,12,691,1,1,Spam
19,16,0.531,8,548,4,1,Spam
48,15,0.829,10,286,4,1,Spam
45,12,0.426,11,148,4,0,Not Spam
100,10,0.062,5,239,1,1,Not Spam
94,16,0.557,2,101,2,1,Spam
55,16,0.171,0,580,3,0,Spam
55,1,0.966,10,572,1,0,Not Spam
97,12,0.527,7,39,1,0,Not Spam
18,13,0.554,9,346,0,1,Spam
63,10,0.907,2,56,4,1,Spam
92,9,0.625,12,401,5,1,Spam
47,2,0.303,6,931,1,0,Not Spam
75,16,0.296,12,58,2,0,Not Spam
57,14,0.502,9,128,3,0,Spam
45,8,0.867,5,448,2,0,Spam
33,9,0.795,2,83,1,0,Not Spam
17,7,0.963,5,194,1,0,Not Spam
70,20,0.072,11,810,0,1,Not Spam
4,12,0.268,2,51,2,0,Not Spam
20,17,0.08,12,964,0,0,Not Spam
47,4,0.751,14,740,5,0,Not Spam
91,5,0.141,12,910,2,0,Spam
15,16,0.1,13,550,4,0,Spam
70,10,0.562,8,125,5,0,Spam
47,19,0.411,12,501,4,0,Spam
78,15,0.715,0,225,2,0,Not Spam
75,8,0.487,12,266,0,0,Spam
9,1,0.425,7,854,4,1,Not Spam
90,4,0.426,4,698,1,1,Spam
16,0,0.872,14,108,3,1,Not Spam
69,3,0.395,3,335,0,1,Not Spam
61,3,0.333,0,30,5,0,Not Spam
10,2,0.339,8,68,5,1,Not Spam
50,8,0.197,12,930,2,1,Spam
3,11,0.861,15,915,5,0,Spam
77,9,0.147,8,998,3,0,Spam
94,1,0.909,12,592,3,0,Not Spam
70,10,0.283,4,190,1,0,Not Spam
81,9,0.899,13,162,5,1,Spam
51,5,0.791,10,226,0,0,Not Spam
19,17,0.582,8,482,3,0,Not Spam
42,1,0.669,14,528,0,0,Not Spam
35,1,0.326,9,220,1,1,Not Spam
46,9,0.574,13,24,2,1,Spam
26,15,0.292,8,230,3,0,Spam
69,11,0.402,6,48,3,1,Not Spam
93,0,0.765,7,209,3,0,Not Spam
64,20,0.244,0,207,5,1,Spam
37,7,0.839,3,856,0,0,Not Spam
84,15,0.376,9,786,3,1,Spam
49,17,0.532,9,169,0,1,Not Spam
21,12,0.942,14,544,5,1,Spam
74,14,0.681,3,965,4,0,Spam
64,20,0.646,11,903,4,1,Spam
5,11,0.712,8,962,0,1,Spam
100,7,0.918,2,385,5,1,Spam
70,9,0.249,14,176,4,0,Not Spam
90,13,0.613,11,99,1,1,Spam
4,4,0.4,9,887,1,0,Not Spam
39,17,0.012,14,292,4,0,Spam
35,18,0.125,9,679,2,0,Spam
1,14,0.325,0,737,0,0,Not Spam
24,5,0.565,14,645,4,0,Not Spam
57,10,0.881,10,537,0,1,Spam
100,20,0.791,4,809,5,0,Spam
70,10,0.553,6,251,4,1,Spam
41,19,0.074,11,668,1,1,Spam
54,19,0.286,3,179,5,0,Spam
46,20,0.367,8,363,2,0,Spam
60,17,0.622,5,308,0,0,Not Spam
60,17,0.065,5,224,2,1,Not Spam
57,9,0.53,2,857,1,1,Not Spam
31,1,0.901,9,324,3,1,Not Spam
84,8,0.705,9,379,3,1,Spam
24,13,0.797,4,689,0,1,Spam
89,18,0.682,9,889,5,1,Spam
36,9,0.207,5,419,1,1,Not Spam
85,3,0.11,13,468,0,1,Spam
30,5,0.829,15,125,5,1,Spam
24,13,0.696,3,101,0,0,Not Spam
30,3,0.575,12,361,0,1,Not Spam
86,14,0.189,2,801,2,0,Not Spam
92,15,0.603,4,971,4,0,Spam
7,6,0.031,6,440,1,1,Not Spam
35,16,0.119,10,68,2,1,Spam
55,18,0.312,5,225,5,1,Spam
92,18,0.444,1,237,4,1,Spam
14,16,0.121,0,837,0,1,Not Spam
10,5,0.12,4,695,3,1,Not Spam
80,10,0.726,4,455,2,0,Not Spam
16,15,0.57,11,810,1,0,Not Spam
54,7,0.534,15,341,1,1,Spam
95,10,0.452,15,250,4,0,Spam
89,6,0.977,15,730,2,0,Spam
77,18,0.05,11,506,0,0,Spam
70,9,0.181,5,448,4,0,Not Spam
44,8,0.648,2,902,5,0,Not Spam
73,3,0.136,15,745,1,0,Not Spam
45,14,0.589,0,303,5,1,Not Spam
100,12,0.568,14,505,2,0,Spam
56,1,0.971,3,295,3,0,Not Spam
84,1,0.883,3,452,5,0,Not Spam
82,15,0.946,9,204,0,0,Spam
57,8,0.114,1,741,1,1,Not Spam
21,12,0.868,13,652,2,0,Spam
68,2,0.129,7,235,3,1,Not Spam
50,8,0.633,5,116,1,0,Not Spam
33,12,0.72,11,974,3,1,Spam
91,20,0.161,2,138,1,0,Spam
7,1,0.633,14,384,4,0,Not Spam
70,7,0.052,15,813,4,0,Spam
15,8,0.293,0,422,4,1,Not Spam
82,15,0.921,11,637,2,1,Spam
32,1,0.172,10,416,4,1,Not Spam
75,5,0.065,2,477,2,1,Not Spam
20,7,0.444,7,337,0,0,Not Spam
88,4,0.851,3,401,4,0,Not Spam
15,8,0.077,15,161,2,1,Not Spam
48,0,0.356,2,476,1,0,Not Spam
71,8,0.9,12,520,2,0,Spam
21,9,0.118,15,926,5,0,Spam
42,3,0.311,10,342,2,1,Not Spam
26,2,0.778,3,287,5,1,Not Spam
14,9,0.543,10,822,1,0,Spam
57,14,0.832,15,506,2,1,Spam
37,10,0.112,14,897,1,1,Spam
58,13,0.921,3,698,5,1,Spam
21,5,0.935,1,179,3,1,Not Spam
82,11,0.155,3,762,4,0,Not Spam
69,12,0.034,10,33,5,1,Spam
3,16,0.99,11,724,0,1,Spam
87,15,0.482,8,174,2,0,Spam
90,2,0.572,3,120,1,1,Not Spam
37,1,0.616,11,591,4,0,Spam
88,10,0.79,15,62,2,0,Spam
49,8,0.812,0,212,4,1,Spam
19,2,0.194,0,330,3,0,Not Spam
89,17,0.237,0,640,2,0,Not Spam
85,19,0.877,13,624,1,1,Spam
12,14,0.82,4,747,3,1,Spam
61,13,0.618,5,484,2,1,Spam
41,1,0.995,11,182,4,0,Not Spam
33,16,0.735,5,370,3,0,Spam
50,7,0.216,15,253,1,0,Not Spam
68,9,0.847,5,947,2,0,Spam
71,17,0.415,8,422,4,0,Spam
86,18,0.036,0,370,4,0,Not Spam
33,7,0.321,9,186,5,1,Spam
81,7,0.764,5,167,3,0,Not Spam
24,2,0.96,12,47,2,0,Not Spam
61,2,0.276,7,278,5,1,Not Spam
61,11,0.247,15,947,4,0,Spam
98,16,0.564,7,617,3,0,Spam
28,3,0.812,11,639,0,0,Not Spam
58,16,0.747,14,461,4,1,Spam
43,13,0.56,15,969,3,1,Spam
41,18,0.631,14,957,0,1,Spam
39,8,0.242,2,648,3,1,Not Spam
86,20,0.433,12,895,4,0,Spam
49,11,0.255,4,546,0,0,Not Spam
17,4,0.884,9,230,3,1,Not Spam
98,10,0.113,3,849,2,0,Not Spam
70,19,0.68,11,562,0,0,Spam
70,2,0.26,0,464,3,0,Not Spam
98,20,0.476,8,813,2,1,Spam
65,14,0.299,4,472,0,0,Not Spam
74,13,0.323,1,716,3,1,Spam
85,10,0.26,11,423,4,0,Not Spam
5,19,0.753,1,85,0,0,Not Spam
2,7,0.366,10,424,0,1,Not Spam
22,3,0.726,6,902,2,1,Spam
57,11,0.456,3,847,5,0,Not Spam
66,7,0.547,0,594,5,1,Not Spam
74,5,0.543,4,454,3,1,Spam
98,14,0.976,1,247,4,0,Spam
16,11,0.367,14,495,2,1,Not Spam
51,15,0.208,6,487,0,1,Not Spam
39,15,0.912,15,120,5,1,Spam
86,20,0.175,14,442,2,1,Spam
76,19,0.834,8,375,2,1,Spam
88,19,0.15,12,158,2,1,Spam
40,3,0.659,0,650,0,0,Not Spam
38,10,0.151,11,588,1,1,Spam
60,12,0.923,1,150,2,1,Not Spam
59,8,0.565,10,568,1,0,Spam
10,3,0.329,15,487,5,1,Spam
99,11,0.14,5,499,4,1,Spam
64,8,0.371,7,130,5,0,Not Spam
63,12,0.705,6,172,4,0,Spam
49,15,0.385,8,936,4,1,Spam
64,5,0.246,13,781,5,1,Spam
32,9,0.577,1,261,3,0,Not Spam
7,12,0.418,11,739,0,1,Spam
21,6,0.166,15,899,1,1,Spam
20,18,0.154,8,701,3,0,Not Spam
26,18,0.707,3,788,1,0,Not Spam
68,16,0.975,10,298,0,0,Spam
86,12,0.233,14,382,2,1,Not Spam
15,12,0.773,2,644,5,0,Spam
85,20,0.088,6,427,3,1,Spam
79,1,0.382,4,194,0,0,Not Spam
86,9,0.507,12,620,5,0,Spam
92,12,0.269,4,154,3,1,Spam
14,8,0.53,11,525,4,0,Not Spam
27,0,0.883,12,313,3,1,Spam
40,13,0.944,1,514,2,1,Spam
58,15,0.101,5,834,2,1,Spam
28,19,0.272,5,890,1,1,Spam
26,14,0.979,11,438,3,1,Spam
63,0,0.27,3,225,4,0,Not Spam
66,16,0.693,4,337,2,0,Not Spam
25,12,0.253,6,92,1,1,Spam
3,14,0.356,13,278,4,1,Spam
72,15,0.191,7,377,4,1,Spam
44,15,0.856,5,167,4,1,Spam
97,1,0.883,4,244,0,0,Not Spam
42,16,0.297,11,124,2,0,Spam
99,10,0.824,2,575,0,0,Spam
6,7,0.358,6,947,0,0,Not Spam
39,19,0.099,7,375,2,0,Not Spam
52,2,0.758,2,557,3,0,Not Spam
23,11,0.596,4,835,5,1,Spam
89,19,0.274,10,280,1,0,Spam
50,15,0.253,1,590,5,0,Not Spam
43,13,0.976,9,592,5,1,Spam
19,15,0.863,9,836,5,1,Spam
69,20,0.81,11,945,5,1,Spam
51,16,0.128,3,932,2,1,Not Spam
11,10,0.755,11,89,5,1,Spam
12,16,0.215,3,973,1,0,Not Spam
74,18,0.977,11,466,3,1,Spam
8,0,0.052,12,976,2,1,Not Spam
24,11,0.352,7,466,5,1,Not Spam
92,14,0.429,2,802,4,0,Spam
41,17,0.824,4,276,2,1,Spam
36,13,0.766,15,928,3,1,Spam
85,0,0.375,10,963,5,0,Spam
72,12,0.566,4,915,0,1,Spam
55,14,0.836,1,949,2,0,Not Spam
9,6,0.018,8,656,4,0,Not Spam
47,14,0.802,3,945,2,1,Spam
15,19,0.947,8,550,0,0,Not Spam
48,9,0.032,8,138,2,1,Spam
82,13,0.046,1,851,4,1,Spam
42,5,0.345,8,85,3,1,Spam
60,13,0.088,8,264,4,0,Spam
84,11,0.479,1,76,3,0,Not Spam
70,10,0.729,15,63,4,0,Spam
12,19,0.567,10,543,1,0,Spam
2,18,0.196,12,909,2,0,Not Spam
7,1,0.655,5,443,2,1,Not Spam
80,19,0.685,8,767,0,1,Spam
3,0,0.932,15,555,1,1,Not Spam
3,7,0.147,3,414,0,0,Not Spam
27,13,0.692,1,469,2,0,Not Spam
40,8,0.911,6,276,0,0,Not Spam
33,1,0.502,14,973,3,1,Spam
92,4,0.362,8,815,1,1,Not Spam
1,7,0.171,5,855,4,0,Not Spam
8,15,0.867,10,380,3,1,Spam
32,15,0.394,15,782,5,0,Spam
48,12,0.925,10,625,4,1,Spam
4,19,0.848,13,399,0,0,Spam
94,14,0.377,3,462,2,0,Not Spam
70,0,0.574,0,986,3,1,Not Spam
19,2,0.027,3,911,1,1,Not Spam
32,5,0.263,2,553,4,0,Not Spam
9,13,0.71,6,493,5,1,Not Spam
12,3,0.678,10,176,3,1,Not Spam
11,17,0.353,12,108,2,1,Spam
46,14,0.809,10,221,1,0,Spam
16,8,0.236,9,999,1,1,Not Spam
1,17,0.461,4,481,4,1,Spam
63,2,0.473,11,500,3,1,Not Spam
21,9,0.341,2,728,3,1,Not Spam
30,16,0.955,13,576,1,0,Spam
13,6,0.697,1,473,0,0,Not Spam
34,14,0.539,12,489,1,0,Spam
4,0,0.511,1,399,2,1,Not Spam
28,10,0.159,4,420,3,0,Not Spam
95,16,0.372,12,98,4,1,Spam
59,4,0.673,12,570,3,0,Spam
27,6,0.925,7,955,1,0,Not Spam
69,18,0.816,7,815,2,1,Spam
25,14,0.3,13,405,0,1,Spam
3,2,0.434,11,997,3,1,Not Spam
97,14,0.083,4,686,1,0,Not Spam
68,4,0.102,12,680,5,1,Spam
25,11,0.47,15,362,1,1,Spam
20,19,0.53,1,922,1,1,Not Spam
34,4,0.264,12,464,2,0,Not Spam
26,2,0.643,3,71,1,1,Not Spam
5,8,0.703,6,270,1,0,Not Spam
99,8,0.299,13,963,1,0,Spam
61,6,0.758,5,913,3,1,Spam
92,1,0.206,9,678,1,1,Not Spam
93,20,0.544,6,348,2,1,Spam
9,15,0.804,4,927,5,1,Spam
50,8,0.537,1,513,3,0,Spam
6,12,0.908,7,369,5,1,Not Spam
83,18,0.059,13,986,1,1,Spam
60,19,0.588,11,789,0,0,Not Spam
44,16,0.562,1,804,5,0,Spam
11,5,0.66,11,478,2,1,Not Spam
66,3,0.833,7,517,0,1,Not Spam
47,0,0.726,15,144,2,1,Not Spam
73,17,0.79,14,223,0,1,Spam
85,18,0.289,6,787,1,1,Spam
88,8,0.387,2,662,0,0,Not Spam
98,12,0.627,12,40,5,0,Spam
86,7,0.553,3,609,0,0,Not Spam
3,12,0.961,12,866,2,1,Spam
76,14,0.187,6,582,1,1,Spam
92,10,0.351,3,381,2,1,Spam
30,11,0.573,8,380,1,1,Spam
90,13,0.868,6,797,5,0,Spam
21,3,0.929,0,135,4,0,Not Spam
28,0,0.336,0,74,3,1,Not Spam
90,3,0.067,14,311,5,1,Spam
62,18,0.422,3,70,5,1,Not Spam
33,8,0.394,13,861,3,0,Not Spam
85,9,0.986,13,804,2,0,Spam
35,3,0.431,12,273,5,1,Spam
52,19,0.306,8,511,1,1,Spam
34,8,0.365,12,592,0,0,Not Spam
41,12,0.397,3,878,5,1,Spam
51,11,0.822,12,990,3,0,Spam
47,10,0.081,4,928,5,1,Spam
82,11,0.317,0,980,2,0,Not Spam
58,17,0.966,14,882,2,1,Spam
75,11,0.153,13,244,2,0,Spam
57,15,0.743,1,488,1,0,Not Spam
23,4,0.356,10,867,5,1,Spam
48,19,0.582,3,122,2,0,Spam
22,11,0.1,11,989,4,1,Not Spam
17,20,0.306,3,67,0,0,Not Spam
69,10,0.501,10,756,2,1,Spam
11,8,0.232,9,361,1,1,Not Spam
94,17,0.542,5,252,0,0,Not Spam
15,2,0.22,12,601,0,1,Not Spam
91,19,0.65,5,578,3,1,Spam
35,16,0.904,7,247,2,1,Spam
33,13,0.085,11,541,2,1,Spam
84,0,0.217,12,716,5,0,Spam
16,16,0.844,8,611,1,0,Spam
34,7,0.632,13,32,4,1,Not Spam
66,4,0.079,0,518,5,0,Not Spam
99,4,0.486,0,464,4,1,Spam
40,8,0.21,14,845,3,1,Spam
28,2,0.199,5,359,4,1,Not Spam
47,18,0.941,3,343,1,0,Spam
39,8,0.762,10,615,3,1,Not Spam
70,17,0.696,3,617,2,1,Spam
73,15,0.239,0,176,4,0,Not Spam
20,0,0.119,8,675,1,1,Not Spam
1,1,0.871,11,594,1,0,Not Spam
72,13,0.006,10,450,2,0,Spam
87,13,0.388,2,574,1,0,Spam
63,0,0.278,14,426,3,1,Spam
67,15,0.57,4,177,3,1,Not Spam
4,14,0.251,9,204,5,1,Not Spam
58,14,0.311,0,817,0,1,Not Spam
25,11,0.85,7,510,2,1,Spam
47,15,0.603,2,854,1,1,Spam
38,13,0.146,13,971,4,1,Not Spam
15,14,0.726,14,555,5,1,Spam
63,14,0.207,0,376,3,1,Not Spam
21,18,0.433,9,736,2,1,Spam
99,7,0.647,5,381,2,1,Spam
57,1,0.272,0,243,3,1,Not Spam
53,1,0.384,14,632,0,0,Spam
46,9,0.734,14,223,2,0,Not Spam
14,2,0.938,2,27,1,1,Not Spam
100,16,0.529,4,491,4,1,Spam
76,7,0.01,3,191,4,0,Not Spam
17,3,0.338,15,739,3,0,Not Spam
39,13,0.399,6,115,2,1,Spam
9,20,0.339,5,693,4,1,Not Spam
99,9,0.436,11,822,2,1,Spam
77,0,0.633,2,627,3,1,Not Spam
79,3,0.121,15,325,0,1,Not Spam
82,0,0.273,10,676,4,0,Spam
97,16,0.508,7,277,1,1,Spam
6,16,0.316,7,493,5,0,Not Spam
91,6,0.991,13,969,3,0,Spam
23,19,0.431,1,319,5,1,Spam
59,14,0.87,15,484,0,1,Spam
91,12,0.897,6,633,1,0,Spam
98,1,0.836,13,708,5,1,Spam
46,18,0.047,0,917,1,0,Not Spam
38,12,0.948,1,347,4,0,Spam
14,10,0.129,7,129,2,1,Not Spam
100,14,0.034,11,729,3,1,Spam
72,9,0.414,0,924,1,1,Not Spam
62,8,0.195,1,148,4,0,Not Spam
35,8,0.184,11,984,0,0,Not Spam
19,19,0.288,0,890,1,0,Not Spam
30,0,0.248,4,156,0,1,Not Spam
78,16,0.685,6,929,3,0,Spam
84,11,0.187,5,558,4,1,Spam
25,9,0.543,5,668,0,1,Not Spam
40,4,0.986,5,183,2,0,Not Spam
88,17,0.432,7,368,5,1,Spam
14,14,0.642,4,999,0,0,Not Spam
26,5,0.969,14,482,0,1,Spam
87,6,0.138,9,887,4,1,Spam
22,16,0.419,6,662,4,0,Not Spam
48,5,0.85,2,523,1,1,Not Spam
83,7,0.932,8,904,5,0,Spam
51,11,0.601,9,170,0,1,Spam
3,20,0.143,2,909,0,0,Not Spam
42,13,0.901,13,265,4,0,Spam
19,11,0.174,13,129,2,1,Not Spam
73,9,0.353,5,604,4,1,Spam
28,19,0.376,2,817,2,0,Not Spam
84,14,0.447,0,294,5,0,Spam
45,6,0.79,0,889,4,0,Spam
71,8,0.802,2,86,5,0,Spam
78,9,0.72,3,69,3,1,Not Spam
63,9,0.022,13,835,0,1,Spam
73,15,0.565,1,534,5,1,Not Spam
19,6,0.747,8,245,2,1,Not Spam
47,4,0.445,14,597,3,1,Spam
14,2,0.945,10,525,2,0,Not Spam
38,17,0.824,7,174,1,0,Not Spam
53,10,0.638,11,893,1,1,Spam
61,14,0.062,12,499,0,1,Not Spam
36,20,0.652,15,130,3,0,Spam
40,19,0.912,15,502,3,1,Spam
81,4,0.379,2,827,1,1,Not Spam
30,11,0.838,6,912,0,0,Not Spam
9,3,0.313,3,787,5,1,Not Spam
64,14,0.57,4,293,1,1,Spam
33,8,0.648,3,174,3,1,Not Spam
52,6,0.678,8,670,2,1,Spam
89,9,0.883,15,186,3,0,Spam
14,12,0.235,10,38,0,1,Spam
75,7,0.262,6,364,3,1,Spam
53,11,0.704,12,922,4,0,Spam
99,18,0.177,3,754,3,0,Not Spam
59,0,0.464,15,588,4,0,Spam
78,15,0.02,12,917,1,1,Spam
94,16,0.141,7,313,5,0,Spam
41,17,0.679,1,664,4,0,Not Spam
68,10,0.747,6,481,3,1,Spam
68,17,0.115,10,357,5,0,Not Spam
92,6,0.228,0,823,5,1,Spam
8,17,0.099,7,471,3,1,Spam
2,7,0.433,12,363,3,1,Not Spam
86,5,0.126,13,736,0,0,Not Spam
41,6,0.437,11,650,1,1,Spam
55,9,0.732,13,784,4,0,Spam
16,10,0.683,12,104,2,0,Spam
93,12,0.28,14,716,4,1,Spam
62,8,0.674,5,756,3,1,Not Spam
48,6,0.928,11,679,2,0,Not Spam
30,8,0.348,4,408,2,1,Not Spam
12,12,0.329,8,811,4,0,Not Spam
35,2,0.571,8,246,4,0,Not Spam
11,2,0.246,2,305,4,0,Not Spam
64,0,0.652,8,303,4,0,Not Spam
50,20,0.832,12,712,1,0,Spam
85,19,0.459,14,966,0,0,Spam
21,1,0.68,12,128,0,1,Spam
69,2,0.652,8,154,4,0,Spam
48,14,0.039,1,957,0,0,Not Spam
20,5,0.183,4,310,4,1,Not Spam
67,12,0.894,10,906,4,1,Spam
44,20,0.939,1,821,4,0,Spam
33,0,0.78,0,634,5,0,Not Spam
73,19,0.921,6,732,1,0,Spam
61,18,0.306,3,527,3,1,Not Spam
9,0,0.248,4,648,0,0,Not Spam
68,20,0.384,3,863,0,0,Not Spam
35,1,0.055,5,841,1,1,Not Spam
81,14,0.81,10,48,1,1,Spam
98,13,0.984,1,413,4,1,Spam
88,18,0.824,7,46,4,0,Not Spam
96,10,0.555,3,486,5,1,Spam
65,14,0.295,7,32,5,0,Spam
8,5,0.198,2,573,3,1,Not Spam
45,19,0.364,11,952,0,1,Not Spam
87,8,0.667,11,464,1,0,Not Spam
47,4,0.447,10,243,3,0,Not Spam
40,19,0.934,15,482,0,1,Spam
76,1,0.854,4,40,3,0,Not Spam
54,5,0.102,11,406,3,0,Spam
76,17,0.132,2,667,4,1,Spam
46,18,0.676,11,345,3,0,Spam
47,8,0.231,14,752,4,0,Spam
15,20,0.791,15,486,0,1,Spam
19,5,0.591,12,676,5,0,Not Spam
26,13,0.23,6,541,0,0,Not Spam
52,12,0.479,14,244,4,0,Not Spam
93,10,0.406,2,672,5,1,Spam
22,11,0.873,14,494,2,0,Spam
21,18,0.032,11,637,5,0,Spam
51,18,0.896,7,799,3,0,Spam
38,20,0.652,8,725,0,0,Not Spam
20,18,0.738,12,477,3,0,Spam
29,12,0.003,11,659,5,1,Spam
51,13,0.628,1,232,2,0,Not Spam
4,17,0.588,2,682,3,1,Spam
55,11,0.537,11,980,2,0,Spam
71,3,0.786,12,500,1,1,Spam
92,9,0.556,6,915,2,0,Spam
28,16,0.857,4,199,0,1,Spam
4,3,0.233,9,848,5,0,Not Spam
22,11,0.806,6,557,4,0,Not Spam
76,12,0.179,1,546,4,0,Not Spam
45,3,0.813,13,41,3,0,Spam
67,9,0.94,13,364,5,1,Spam
86,2,0.336,3,596,1,0,Not Spam
66,14,0.53,0,782,3,0,Not Spam
88,1,0.658,14,941,2,0,Spam
34,16,0.079,15,40,4,0,Not Spam
91,5,0.494,4,764,2,1,Not Spam
55,7,0.361,7,427,4,0,Not Spam
1,2,0.872,0,506,4,0,Not Spam
72,17,0.877,6,547,4,0,Spam
87,0,0.701,6,435,5,0,Not Spam
38,15,0.656,6,291,0,1,Spam
6,6,0.734,14,224,5,0,Spam
86,2,0.366,0,317,2,1,Not Spam
25,3,0.405,11,691,5,0,Spam
82,8,0.554,10,965,3,1,Spam
17,4,0.938,2,572,1,1,Not Spam
61,18,0.724,10,127,3,0,Spam
12,14,0.551,1,656,5,0,Not Spam
6,7,0.77,14,171,2,0,Spam
90,5,0.371,14,32,1,0,Not Spam
27,17,0.73,4,734,3,1,Spam
8,18,0.411,1,98,1,1,Spam
83,14,0.28,12,925,2,1,Spam
65,6,0.61,15,573,4,1,Spam
57,9,0.687,13,188,2,0,Not Spam
93,5,0.459,4,268,0,0,Not Spam
99,13,0.566,4,140,1,1,Spam
40,16,0.694,15,406,2,0,Spam
14,8,0.768,3,458,4,1,Not Spam
35,18,0.896,10,291,4,1,Spam
48,4,0.355,6,319,2,1,Not Spam
84,6,0.951,9,740,3,0,Spam
56,18,0.637,5,492,2,1,Spam
49,19,0.788,15,177,4,1,Spam
13,6,0.7,1,652,2,1,Not Spam
61,1,0.206,14,246,0,0,Not Spam
49,15,0.071,3,440,3,0,Spam
46,12,0.726,12,975,2,1,Spam
62,7,0.511,15,992,4,0,Spam
8,5,0.702,13,43,2,0,Not Spam
43,5,0.477,10,761,2,0,Not Spam
20,8,0.312,6,557,1,0,Not Spam
97,3,0.285,8,589,2,1,Not Spam
90,10,0.731,8,796,0,1,Spam
39,4,0.277,11,657,4,1,Spam
85,16,0.715,2,976,5,1,Spam
49,19,0.384,0,806,1,0,Not Spam
64,6,0.771,8,559,5,1,Spam
62,14,0.143,15,922,2,0,Not Spam
54,14,0.205,7,832,3,1,Not Spam
9,13,0.686,6,147,0,1,Not Spam
88,12,0.56,5,113,0,0,Not Spam
37,10,0.204,13,722,0,1,Not Spam
49,12,0.903,14,440,1,0,Spam
41,8,0.276,9,291,2,1,Spam
17,9,0.421,6,503,0,1,Spam
88,3,0.202,10,24,2,0,Not Spam
21,16,0.388,8,176,3,1,Spam
51,13,0.492,5,71,2,0,Not Spam
59,17,0.295,14,262,5,0,Spam
39,10,0.769,13,682,2,1,Spam
55,15,0.394,13,793,2,1,Spam
41,0,0.73,15,439,4,0,Spam
39,6,0.207,9,972,5,1,Spam
13,9,0.377,2,948,1,1,Not Spam
64,8,0.008,12,836,2,0,Not Spam
11,2,0.759,13,444,0,0,Not Spam
19,13,0.626,2,99,4,1,Not Spam
11,14,0.818,3,714,2,0,Not Spam
77,1,0.456,9,373,4,1,Spam
46,13,0.8,12,638,1,1,Spam
45,15,0.648,13,685,4,1,Spam
1,6,0.004,14,312,0,0,Not Spam
40,3,0.254,13,736,2,0,Not Spam
19,17,0.494,9,135,0,1,Not Spam
76,4,0.619,7,548,3,0,Not Spam
72,5,0.066,9,499,4,0,Not Spam
72,6,0.705,8,307,4,0,Not Spam
61,14,0.544,13,687,4,0,Spam
12,0,0.526,7,496,5,0,Not Spam
61,3,0.292,10,44,1,1,Not Spam
33,0,0.595,9,450,5,0,Not Spam
45,10,0.027,1,297,0,0,Not Spam
90,17,0.065,3,336,3,0,Spam
92,13,0.734,3,657,1,1,Spam
69,10,0.322,11,831,1,1,Spam
8,9,0.347,1,377,2,0,Not Spam
25,16,0.208,12,295,3,1,Spam
91,3,0.446,7,896,4,0,Not Spam
46,14,0.052,2,709,5,1,Spam
87,15,0.3,1,363,4,1,Spam
30,20,0.527,6,450,2,0,Not Spam
47,12,0.466,14,578,5,1,Spam
87,8,1.0,0,731,4,0,Spam
49,10,0.389,14,582,0,0,Spam
47,10,0.387,15,458,4,1,Spam
84,5,0.504,15,481,5,1,Spam
82,0,0.19,5,826,0,1,Not Spam
18,5,0.876,12,289,2,0,Not Spam
66,12,0.572,12,728,2,0,Spam
68,4,0.192,2,450,0,0,Not Spam
94,14,0.793,12,40,5,1,Spam
33,17,0.034,2,162,5,1,Not Spam
36,19,0.983,14,779,4,1,Spam
82,13,0.865,4,887,2,1,Not Spam
19,14,0.58,13,372,2,0,Spam
28,4,0.111,2,484,0,1,Not Spam
40,3,0.215,11,487,2,0,Not Spam
84,1,0.279,3,532,4,0,Not Spam
97,6,0.241,12,483,2,0,Spam
76,9,0.498,12,896,0,1,Spam
15,15,0.945,14,869,4,1,Spam
41,9,0.444,2,413,3,1,Not Spam
39,17,0.662,15,938,0,1,Spam
2,16,0.689,6,805,3,1,Spam
63,20,0.872,15,772,2,1,Spam
29,12,0.034,2,77,4,1,Not Spam
74,0,0.404,13,145,2,1,Not Spam
66,0,0.785,9,860,4,1,Not Spam
51,14,0.815,3,897,1,1,Spam
75,0,0.927,1,480,2,1,Not Spam
77,5,0.703,1,71,2,1,Not Spam
10,12,0.245,8,754,2,1,Not Spam
14,0,0.506,10,833,5,1,Not Spam
82,4,0.032,0,894,0,0,Not Spam
51,8,0.647,15,288,5,0,Not Spam
73,16,0.554,0,115,4,0,Spam
39,15,0.667,15,292,4,1,Spam
28,7,0.93,9,342,4,0,Not Spam
3,16,0.687,0,592,0,1,Not Spam
84,14,0.32,13,852,4,1,Spam
70,0,0.199,2,712,5,0,Not Spam
27,11,0.855,1,152,5,1,Not Spam
2,4,0.194,2,947,2,1,Not Spam
93,5,0.162,13,108,3,1,Not Spam
38,0,0.207,4,704,1,1,Not Spam
3,0,0.509,8,843,4,0,Not Spam
16,9,0.124,1,24,0,1,Not Spam
94,9,0.938,15,376,0,0,Spam
40,2,0.966,11,362,4,0,Not Spam
2,16,0.974,10,223,3,1,Spam
81,18,0.039,14,693,5,0,Spam
41,10,0.946,13,592,4,1,Spam
12,17,0.997,0,490,0,1,Not Spam
35,1,0.942,10,483,1,0,Not Spam
65,8,0.671,5,516,3,0,Not Spam
55,16,0.701,2,721,4,0,Spam
45,13,0.122,12,856,1,1,Spam
79,3,0.874,6,82,4,0,Not Spam
90,16,0.06,5,575,3,0,Spam
85,16,0.318,10,258,0,0,Not Spam
62,11,0.991,15,559,5,1,Spam
49,19,0.422,6,217,5,1,Spam
95,17,0.131,12,800,3,0,Spam
25,2,0.969,12,702,2,0,Not Spam
23,10,0.984,4,49,5,0,Not Spam
24,17,0.187,0,685,4,1,Not Spam
38,3,0.865,13,228,1,1,Spam
28,16,0.39,2,82,1,1,Not Spam
21,17,0.381,2,860,5,1,Spam
54,4,0.263,6,76,3,1,Not Spam
18,13,0.045,14,851,3,0,Spam
36,9,0.268,13,739,3,0,Not Spam
99,14,0.054,12,452,1,1,Spam
45,0,0.924,2,327,0,1,Not Spam
73,15,0.662,10,594,1,0,Spam
53,10,0.887,4,779,0,0,Spam
30,19,0.717,3,485,3,0,Not Spam
60,5,0.131,3,672,2,0,Spam
98,15,0.941,12,624,1,0,Spam
32,1,0.9,6,126,3,0,Spam
67,0,0.348,0,896,1,0,Not Spam
67,8,0.112,6,619,3,0,Not Spam
28,11,0.704,14,320,1,0,Not Spam
44,16,0.728,15,639,4,0,Spam
79,14,0.897,7,65,1,0,Not Spam
41,18,0.053,2,96,4,1,Spam
63,9,0.142,14,748,0,1,Spam
23,11,0.598,2,188,1,1,Spam
75,13,0.619,3,833,0,0,Not Spam
48,8,0.034,14,148,2,0,Not Spam
32,12,0.397,12,732,5,1,Spam
57,2,0.584,5,727,5,1,Spam
100,20,0.738,13,879,4,0,Spam
33,13,0.316,6,287,1,0,Not Spam
24,20,0.484,0,619,5,0,Not Spam
39,9,0.814,14,784,0,1,Not Spam
34,15,0.954,12,769,5,0,Spam
56,6,0.23,3,604,5,0,Spam
28,3,0.253,11,438,3,0,Not Spam
37,19,0.94,6,889,5,0,Spam
7,10,0.396,15,886,0,1,Spam
68,15,0.718,10,180,5,1,Spam
37,19,0.612,1,77,1,0,Not Spam
56,3,0.286,0,403,5,1,Not Spam
65,16,0.654,0,904,2,1,Not Spam
65,12,0.656,9,822,5,0,Not Spam
47,10,0.592,13,529,4,1,Spam
20,2,0.1,13,449,3,0,Not Spam
19,8,0.995,5,359,0,0,Not Spam
29,5,0.4,11,597,5,1,Spam
74,20,0.638,4,959,5,0,Spam
60,10,0.886,0,45,1,0,Not Spam
18,15,0.423,9,829,1,0,Not Spam
92,18,0.774,2,608,4,0,Spam
35,4,0.972,14,817,3,1,Spam
43,13,0.359,10,391,0,0,Not Spam
95,16,0.405,6,947,0,1,Spam
91,2,0.906,11,55,0,1,Spam
11,3,0.16,8,550,4,1,Not Spam
49,15,0.029,12,809,4,0,Spam
38,15,0.909,8,852,5,1,Spam
64,20,0.822,14,844,3,1,Spam
69,3,0.973,5,286,0,1,Not Spam
8,18,0.058,2,813,0,1,Not Spam
34,16,0.156,0,451,5,1,Not Spam
48,12,0.105,2,38,3,1,Not Spam
56,0,0.683,9,358,3,1,Not Spam
76,11,0.606,1,159,3,0,Not Spam
65,3,0.359,10,86,1,0,Not Spam
31,10,0.057,4,843,3,1,Not Spam
4,4,0.64,7,549,2,1,Not Spam
50,1,0.57,4,388,4,0,Not Spam
69,16,0.113,15,280,3,1,Spam
30,7,0.909,0,643,1,1,Not Spam
88,5,0.199,2,939,2,0,Not Spam
59,20,0.744,11,993,1,1,Spam
67,8,0.885,4,646,1,1,Not Spam
75,12,0.579,6,697,5,1,Spam
45,10,0.247,4,598,1,1,Spam
4,15,0.309,13,786,1,0,Not Spam
26,15,0.886,9,601,0,1,Spam
27,1,0.298,4,991,4,1,Not Spam
46,9,0.746,6,839,5,0,Spam
64,11,0.99,12,222,5,0,Spam
91,7,1.0,14,658,0,1,Spam
51,10,0.533,7,954,2,1,Spam
50,9,0.827,13,974,0,1,Spam
6,12,0.99,7,429,5,1,Spam
59,16,0.375,6,852,2,1,Spam
15,6,0.252,12,99,5,1,Not Spam
30,2,0.114,13,707,3,1,Not Spam
42,19,0.141,2,132,2,0,Not Spam
37,12,0.854,10,642,5,0,Spam
42,18,0.589,1,840,0,1,Not Spam
35,6,0.874,0,156,5,1,Not Spam
87,8,0.789,5,664,0,1,Spam
6,18,0.674,12,903,2,1,Not Spam
68,12,0.609,8,859,0,1,Not Spam
18,7,0.048,2,208,2,1,Not Spam
73,17,0.872,4,296,1,0,Not Spam
29,1,0.418,8,756,4,0,Not Spam
77,17,0.56,13,122,2,1,Spam
59,17,0.022,13,126,1,1,Spam
47,10,0.936,8,594,1,1,Spam
17,0,0.903,6,935,1,0,Not Spam
96,13,0.543,13,973,1,0,Spam
22,15,0.577,3,776,2,0,Not Spam
68,10,0.705,10,192,0,1,Spam
69,0,0.265,1,937,1,0,Not Spam
37,6,0.222,1,864,3,1,Spam
49,15,0.674,3,350,1,1,Spam
13,13,0.104,0,741,0,1,Not Spam
34,14,0.454,13,210,0,1,Spam
86,13,0.493,3,689,4,0,Spam
53,20,0.381,11,850,4,1,Spam
87,10,0.185,13,244,1,1,Spam
51,15,0.355,10,703,1,0,Not Spam
3,18,0.338,5,342,5,1,Spam
42,16,0.499,15,973,5,1,Spam
98,5,0.675,5,527,4,1,Spam
32,10,0.968,6,980,1,0,Not Spam
51,16,0.144,4,567,5,1,Spam
85,8,0.873,8,153,3,1,Spam
46,17,0.284,1,56,2,0,Not Spam
21,16,0.591,1,112,4,1,Not Spam
44,11,0.547,3,94,4,1,Spam
11,4,0.557,14,775,0,1,Not Spam
68,10,0.723,3,202,1,1,Spam
1,3,0.382,3,736,4,0,Not Spam
92,3,0.319,0,478,4,0,Not Spam
63,2,0.853,3,718,5,1,Spam
24,16,0.22,11,697,3,0,Spam
99,6,0.18,4,646,1,1,Not Spam
13,3,0.016,8,428,2,1,Not Spam
98,12,0.211,2,226,3,0,Not Spam
11,11,0.519,14,264,2,1,Spam
100,0,0.539,2,352,0,1,Not Spam
51,20,0.254,13,692,4,1,Spam
17,18,0.072,4,544,5,1,Spam
99,20,0.745,9,313,3,0,Spam
82,19,0.758,5,973,2,0,Spam
86,17,0.998,2,935,1,0,Spam
24,10,0.9,0,767,0,0,Not Spam
19,19,0.926,9,292,0,0,Not Spam
37,2,0.798,7,398,4,1,Not Spam
85,16,0.616,11,645,4,0,Spam
8,11,0.129,0,683,2,0,Not Spam
28,9,0.622,1,45,2,1,Spam
5,7,0.056,2,699,0,1,Not Spam
17,14,0.885,5,563,2,1,Spam
36,4,0.482,3,752,4,1,Spam
19,3,0.697,3,737,0,1,Not Spam
64,20,0.052,14,952,0,0,Spam
91,19,0.534,8,873,1,0,Spam
98,18,0.301,5,629,1,0,Not Spam
11,20,0.285,11,110,2,1,Spam
54,3,0.39,1,495,2,0,Not Spam
45,14,0.001,6,908,4,1,Spam
47,16,0.467,14,745,4,0,Spam
12,11,0.487,12,207,1,1,Spam
21,2,0.863,2,588,0,0,Not Spam
11,9,0.449,8,638,3,0,Not Spam
92,14,0.364,5,973,5,1,Spam
5,9,0.995,15,214,5,1,Spam
81,17,0.571,7,553,3,1,Spam
56,0,0.473,12,717,2,0,Not Spam
20,2,0.496,15,899,5,1,Spam
41,20,0.809,12,104,5,1,Spam
46,11,0.341,0,611,3,1,Not Spam
12,0,0.389,1,860,3,0,Not Spam
70,2,0.756,5,96,1,1,Not Spam
17,2,0.073,2,349,0,0,Not Spam
19,4,0.865,0,402,4,0,Not Spam
26,18,0.43,5,452,1,0,Not Spam
48,0,0.581,4,396,5,1,Not Spam
52,3,0.757,12,360,4,0,Spam
96,3,0.266,8,196,1,1,Spam
70,16,0.89,5,445,1,1,Spam
55,13,0.979,4,443,3,1,Spam
100,17,0.494,0,986,4,0,Spam
75,0,0.937,14,193,1,0,Spam
33,15,0.001,0,425,3,0,Not Spam
62,2,0.894,10,101,2,1,Spam
88,20,0.311,0,40,4,1,Spam
23,8,0.311,6,710,1,0,Not Spam
15,3,0.228,5,417,5,0,Not Spam
27,20,0.317,13,349,2,1,Spam
75,4,0.213,15,244,3,1,Spam
64,10,0.906,4,796,1,1,Not Spam
81,20,0.899,15,421,5,1,Spam
51,8,0.102,3,800,3,0,Not Spam
53,2,0.143,10,782,3,0,Not Spam
78,5,0.862,13,804,5,1,Spam
91,10,0.399,12,913,3,0,Spam
82,8,0.169,12,874,4,0,Spam
92,14,0.511,10,940,2,1,Spam
51,2,0.417,7,457,2,1,Not Spam
47,0,0.219,10,291,0,0,Not Spam
4,19,0.721,7,299,1,1,Not Spam
7,18,0.631,4,242,3,0,Not Spam
35,13,0.1,14,606,1,1,Not Spam
48,16,0.925,3,682,2,0,Spam
73,13,0.558,14,956,2,1,Spam
72,16,0.25,1,890,3,0,Not Spam
45,13,0.206,6,528,4,1,Not Spam
81,11,0.136,4,361,5,1,Spam
81,15,0.425,2,948,3,1,Spam
97,0,0.136,8,636,3,1,Spam
96,12,0.416,8,61,0,1,Spam
72,5,0.149,10,195,5,0,Not Spam
19,16,0.657,14,264,4,0,Spam
63,11,0.785,10,272,1,1,Spam
38,18,0.55,9,293,5,0,Spam
67,5,0.68,13,978,4,0,Spam
59,6,0.938,15,353,3,1,Spam
69,0,0.638,10,623,3,0,Spam
13,0,0.364,15,30,3,0,Not Spam
47,4,0.449,7,171,3,0,Not Spam
61,5,0.861,0,208,3,0,Spam
31,15,0.131,11,979,5,1,Spam
80,15,0.326,2,695,5,0,Spam
96,13,0.577,1,657,5,0,Not Spam
22,0,0.676,15,230,4,0,Not Spam
93,12,0.763,3,992,3,0,Spam
86,19,0.318,1,116,2,1,Spam
43,9,0.146,11,840,5,0,Spam
67,9,0.955,10,358,2,1,Spam
54,8,0.076,7,66,0,1,Spam
10,12,0.096,0,839,1,1,Not Spam
42,2,0.495,3,755,5,1,Not Spam
64,17,0.819,4,994,2,1,Spam
21,19,0.775,13,76,0,0,Spam
80,1,0.938,9,94,4,0,Spam
76,16,0.142,3,273,1,1,Spam
66,18,0.376,7,682,3,1,Spam
41,12,0.282,1,590,5,0,Spam
24,12,0.861,8,856,5,0,Not Spam
35,0,0.488,1,971,3,1,Not Spam
56,1,0.027,1,617,4,0,Not Spam
30,0,0.708,12,189,1,0,Not Spam
57,4,0.389,1,165,5,1,Not Spam
94,2,0.531,11,858,2,1,Spam
47,6,0.894,15,52,1,1,Not Spam
35,12,0.257,9,534,0,1,Not Spam
19,17,0.24,7,815,5,1,Spam
8,20,0.263,2,276,4,0,Not Spam
26,6,0.338,9,145,2,1,Not Spam
71,0,0.107,10,978,1,0,Not Spam
30,4,0.697,13,132,1,1,Not Spam
7,16,0.207,9,834,2,1,Spam
67,7,0.926,14,824,0,1,Spam
65,14,0.216,13,361,0,1,Spam
36,19,0.256,7,67,1,1,Spam
25,3,0.297,6,383,3,1,Spam
37,1,0.769,9,806,2,0,Not Spam
1,4,0.428,3,417,5,1,Not Spam
15,0,0.819,6,214,0,1,Not Spam
37,4,0.785,10,870,5,0,Spam
13,5,0.929,7,756,0,0,Not Spam
8,1,0.757,5,744,0,1,Not Spam
5,0,0.052,5,340,4,0,Not Spam
60,3,0.837,2,813,5,0,Not Spam
73,6,0.938,4,157,3,1,Spam
1,0,0.994,9,374,0,1,Not Spam
36,0,0.125,1,864,3,0,Not Spam
35,7,0.613,11,89,1,1,Not Spam
66,19,0.199,4,830,1,0,Spam
63,15,0.263,4,601,4,0,Not Spam
23,20,0.746,6,502,3,0,Not Spam
9,12,0.978,15,739,2,0,Not Spam
34,17,0.595,3,731,4,1,Not Spam
46,19,0.851,13,78,0,1,Spam
78,9,0.009,10,790,1,1,Not Spam
4,11,0.037,5,408,1,1,Not Spam
30,0,0.597,8,872,2,1,Not Spam
95,9,0.389,3,370,4,1,Spam
75,8,0.89,10,865,3,1,Spam
99,2,0.302,13,888,1,1,Spam
72,18,0.432,5,358,0,1,Spam
3,8,0.528,12,696,2,1,Not Spam
14,9,0.273,11,776,2,1,Not Spam
60,18,0.908,8,615,5,1,Spam
77,15,0.465,9,455,2,0,Spam
45,17,0.424,11,469,0,1,Spam
96,13,0.85,15,396,2,1,Spam
34,2,0.312,0,978,3,1,Not Spam
45,1,0.817,7,410,5,1,Spam
61,0,0.122,0,500,3,1,Not Spam
83,17,0.183,15,840,4,0,Spam
16,8,0.951,3,133,4,0,Not Spam
66,12,0.842,2,765,3,1,Spam
40,1,0.388,3,793,0,1,Not Spam
17,6,0.638,13,922,5,1,Spam
34,15,0.943,6,191,4,0,Spam
16,20,0.212,12,37,2,1,Spam
60,18,0.059,13,254,3,1,Spam
66,14,0.537,8,329,1,0,Spam
66,10,0.143,8,914,0,0,Not Spam
90,0,0.187,9,688,0,1,Not Spam
13,20,0.892,0,742,3,1,Spam
56,6,0.007,14,300,1,0,Not Spam
31,19,0.817,9,850,0,1,Spam
34,7,0.517,0,215,5,1,Spam
39,9,0.559,8,134,4,0,Not Spam
67,4,0.672,3,416,5,1,Spam
8,8,0.431,11,691,1,0,Not Spam
87,0,0.116,12,686,5,1,Spam
78,1,0.103,13,582,2,1,Spam
55,18,0.754,2,437,4,0,Not Spam
27,13,0.221,12,303,1,0,Spam
93,19,0.028,8,604,3,0,Not Spam
53,9,0.98,4,347,0,0,Not Spam
39,8,0.98,11,360,4,0,Not Spam
65,9,0.378,5,641,3,0,Not Spam
17,5,0.026,0,817,1,0,Not Spam
30,16,0.727,15,240,2,0,Spam
53,5,0.831,0,28,0,0,Not Spam
13,3,0.125,12,928,0,1,Not Spam
21,19,0.135,13,101,4,1,Spam
19,2,0.822,15,851,3,0,Not Spam
53,18,0.922,6,313,1,1,Spam
19,17,0.791,9,394,1,0,Not Spam
57,3,0.201,14,553,3,0,Not Spam
25,7,0.412,7,434,0,1,Not Spam
86,16,0.601,15,118,3,0,Spam
31,4,0.16,10,701,5,0,Not Spam
81,12,0.211,7,721,1,0,Not Spam
55,0,0.283,13,637,3,0,Spam
23,12,0.51,12,851,0,1,Spam
32,3,0.511,6,989,4,0,Not Spam
62,13,0.814,12,796,5,1,Spam
74,2,0.753,10,401,0,1,Spam
10,4,0.914,8,882,2,0,Not Spam
100,6,0.833,0,959,2,1,Spam
72,0,0.254,1,523,3,1,Not Spam
54,11,0.331,12,466,0,1,Not Spam
52,10,0.5,2,699,0,1,Not Spam
20,7,0.014,12,363,1,0,Not Spam
32,5,0.904,11,444,4,0,Not Spam
14,1,0.044,12,644,5,0,Not Spam
50,18,0.322,4,859,0,1,Spam
28,19,0.569,3,325,5,1,Spam
53,19,0.518,3,167,3,0,Not Spam
24,13,0.654,14,868,1,1,Spam
79,0,0.528,7,751,5,1,Spam
22,9,0.229,7,473,5,0,Spam
30,15,0.201,10,957,5,1,Spam
63,3,0.907,6,52,5,1,Not Spam
4,10,0.264,0,751,5,0,Not Spam
77,15,0.281,9,520,1,0,Spam
59,19,0.413,14,338,3,0,Spam
87,0,0.139,3,716,5,0,Not Spam
8,15,0.507,0,212,5,0,Not Spam
82,18,0.665,15,892,3,0,Spam
12,20,0.786,10,199,0,0,Spam
31,8,0.711,13,886,0,1,Not Spam
78,8,0.148,4,537,1,0,Not Spam
34,8,0.456,2,410,1,1,Not Spam
82,16,0.039,2,540,4,0,Spam
98,11,0.018,3,376,1,1,Not Spam
75,12,0.44,1,592,3,1,Spam
76,7,0.253,6,483,5,1,Spam
49,15,0.683,11,949,3,1,Spam
79,17,0.724,12,694,4,1,Spam
57,0,0.895,3,118,2,0,Not Spam
95,0,0.761,4,167,2,0,Not Spam
93,11,0.048,11,589,3,0,Spam
26,5,0.372,13,746,2,1,Not Spam
18,8,0.273,15,335,2,1,Spam
96,4,0.386,1,201,4,1,Spam
86,15,0.16,5,566,5,0,Spam
38,17,0.098,8,322,1,1,Not Spam
81,16,0.521,15,577,1,1,Spam
87,17,0.72,7,618,2,0,Spam
88,0,0.702,7,23,0,0,Not Spam
50,18,0.451,1,797,4,0,Spam
8,7,0.522,14,126,5,1,Spam
41,2,0.516,3,94,5,1,Not Spam
6,4,0.692,7,59,2,0,Not Spam
69,7,0.048,10,658,0,1,Not Spam
44,18,0.71,0,714,0,1,Not Spam
64,17,0.582,7,138,5,1,Spam
29,17,0.198,2,92,4,1,Not Spam
28,20,0.049,7,571,1,0,Not Spam
11,0,0.109,5,223,5,1,Not Spam
65,14,0.525,6,996,5,1,Spam
19,17,0.758,1,115,3,0,Not Spam
9,6,0.335,14,298,0,1,Not Spam
27,15,0.379,0,162,3,1,Not Spam
34,15,0.934,5,134,3,0,Not Spam
44,14,0.213,11,495,4,1,Spam
68,5,0.104,2,903,5,0,Not Spam
100,8,0.343,3,152,1,1,Spam
82,6,0.746,12,187,4,1,Spam
15,13,0.626,14,933,0,1,Spam
51,10,0.416,8,264,1,0,Spam
13,20,0.965,2,296,5,1,Spam
83,15,0.735,1,994,2,1,Spam
49,5,0.062,15,278,1,0,Not Spam
70,15,0.745,1,65,4,1,Spam
56,19,0.024,1,365,4,1,Spam
76,15,0.65,5,866,3,1,Spam
51,11,0.21,1,914,5,0,Spam
37,16,0.696,10,256,2,0,Spam
17,4,0.31,15,72,5,0,Not Spam
58,12,0.873,6,167,1,1,Spam
87,7,0.337,6,718,2,0,Not Spam
90,4,0.62,6,552,5,1,Spam
29,11,0.286,13,109,3,0,Not Spam
33,8,0.917,12,252,2,0,Spam
60,2,0.781,1,746,2,1,Not Spam
91,2,0.243,6,900,1,0,Not Spam
89,0,0.949,9,70,2,0,Spam
55,17,0.357,7,684,3,1,Spam
10,11,0.652,7,855,0,1,Spam
47,8,0.743,13,647,0,1,Not Spam
23,8,0.023,1,413,4,1,Not Spam
85,17,0.959,4,233,0,1,Spam
21,17,0.344,13,470,1,1,Spam
13,6,0.19,5,358,4,1,Not Spam
33,3,0.851,8,370,0,1,Not Spam
24,12,0.703,5,668,0,0,Not Spam
11,16,0.087,9,304,4,1,Spam
17,1,0.117,5,952,1,0,Not Spam
68,13,0.715,9,897,4,1,Spam
47,2,0.075,9,602,1,1,Not Spam
25,4,0.917,14,264,1,0,Not Spam
94,13,0.742,5,569,5,0,Spam
73,2,0.335,8,747,3,0,Spam
21,6,0.363,9,658,0,1,Spam
84,17,0.506,6,603,5,1,Spam
83,12,0.361,0,245,0,1,Not Spam
83,9,0.783,0,846,5,1,Spam
12,12,0.975,13,460,2,0,Not Spam
37,15,0.585,3,493,4,1,Spam
42,8,0.446,14,463,5,0,Spam
17,1,0.223,11,815,3,1,Not Spam
48,4,0.653,1,431,0,1,Not Spam
28,16,0.686,2,833,2,0,Spam
41,3,0.685,11,265,3,1,Spam
99,16,0.027,6,602,1,0,Not Spam
47,8,0.899,13,726,0,1,Spam
18,19,0.338,6,519,5,1,Spam
78,1,0.744,13,970,4,1,Spam
99,17,0.76,11,569,3,1,Spam
71,20,0.651,2,136,2,1,Spam
13,10,0.395,12,769,4,0,Not Spam
82,12,0.608,1,383,1,1,Not Spam
13,7,0.04,14,933,4,1,Not Spam
100,0,0.762,12,223,2,1,Spam
31,16,0.1,12,370,1,1,Spam
2,11,0.397,0,338,2,0,Not Spam
16,3,0.104,8,378,0,1,Not Spam
9,20,0.837,9,536,2,0,Not Spam
73,12,0.55,2,959,4,0,Spam
38,8,0.691,8,508,0,0,Not Spam
75,6,0.683,14,688,0,0,Spam
54,4,0.842,14,126,3,0,Not Spam
56,4,0.133,3,759,4,1,Not Spam
86,16,0.66,14,673,4,0,Spam
97,8,0.575,9,845,1,0,Spam
100,5,0.031,5,191,2,0,Not Spam
87,18,0.201,12,677,5,0,Spam
45,15,0.268,6,538,2,0,Not Spam
34,20,0.073,9,874,4,0,Spam
9,1,0.355,13,884,2,1,Not Spam
88,9,0.027,5,977,4,1,Spam
8,15,0.553,0,832,0,0,Not Spam
7,4,0.212,5,547,2,0,Not Spam
36,14,0.287,10,339,2,0,Spam
18,12,0.91,13,56,4,0,Not Spam
3,12,0.503,5,518,4,0,Not Spam
28,12,0.269,4,684,1,1,Not Spam
70,14,0.598,2,284,2,1,Spam
44,13,0.202,9,714,3,1,Spam
21,7,0.074,2,687,4,1,Not Spam
28,10,0.021,10,668,3,1,Spam
54,17,0.952,9,927,0,1,Spam
54,3,0.725,12,421,0,0,Not Spam
65,9,0.8,6,621,3,0,Spam
100,0,0.981,7,971,5,1,Spam
21,4,0.932,13,237,0,0,Not Spam
99,12,0.737,2,349,3,1,Spam
13,0,0.694,2,205,1,1,Not Spam
57,7,0.337,6,400,1,1,Not Spam
49,2,0.104,9,228,0,0,Not Spam
54,2,0.574,11,582,3,0,Spam
10,6,0.576,6,307,3,1,Not Spam
53,3,0.952,10,107,3,0,Spam
44,2,0.443,8,963,5,1,Not Spam
47,14,0.691,13,155,0,0,Spam
53,7,0.575,5,177,5,0,Not Spam
74,2,0.177,14,813,3,1,Spam
46,6,0.592,12,939,4,1,Not Spam
13,17,0.54,6,174,3,1,Spam
37,10,0.494,10,482,4,1,Spam
24,10,0.513,9,239,1,0,Not Spam
2,16,0.164,0,478,4,1,Not Spam
86,5,0.463,6,186,1,0,Spam
81,7,0.606,1,341,0,1,Not Spam
100,0,0.489,6,710,5,0,Spam
14,9,0.489,2,860,5,1,Spam
10,18,0.078,8,581,1,1,Not Spam
35,2,0.191,12,832,1,1,Not Spam
25,3,0.321,4,531,3,0,Not Spam
3,10,0.419,6,106,2,0,Not Spam
17,14,0.594,7,564,1,1,Spam
12,0,0.863,12,294,4,0,Not Spam
54,8,0.159,15,160,0,1,Not Spam
24,10,0.015,15,737,5,0,Spam
29,18,0.449,11,755,4,1,Spam
43,12,0.432,1,644,5,1,Spam
25,15,0.552,10,809,0,0,Not Spam
100,3,0.833,0,935,4,0,Not Spam
60,0,0.802,6,372,5,0,Not Spam
90,19,0.1,14,24,1,1,Spam
65,12,0.934,5,401,2,0,Not Spam
84,0,0.11,5,743,1,0,Not Spam
28,4,0.635,1,787,5,0,Not Spam
16,4,0.672,2,353,3,0,Not Spam
47,13,0.68,3,494,4,0,Not Spam
81,13,0.265,2,947,2,1,Spam
92,7,0.33,1,49,4,1,Not Spam
58,3,0.549,2,366,3,0,Not Spam
76,6,0.2,13,941,3,1,Spam
27,19,0.02,5,613,3,0,Not Spam
53,18,0.562,8,512,5,0,Not Spam
42,14,0.465,3,767,1,1,Spam
59,3,0.657,5,514,5,1,Spam
47,18,0.147,0,875,1,1,Not Spam
94,8,0.841,11,407,2,1,Spam
34,20,0.146,5,892,3,1,Not Spam
37,12,0.891,11,854,1,1,Spam
6,13,0.45,15,272,0,1,Not Spam
7,13,0.55,2,649,0,0,Not Spam
96,9,0.897,8,958,1,0,Spam
96,15,0.3,3,49,2,0,Not Spam
25,4,0.182,6,642,4,1,Not Spam
33,5,0.446,3,931,5,0,Not Spam
55,1,0.244,10,785,3,0,Not Spam
58,12,0.528,5,730,1,0,Not Spam
7,12,0.275,13,826,2,0,Not Spam
57,18,0.864,6,361,5,1,Spam
12,17,0.607,1,828,4,0,Not Spam
16,18,0.0,9,306,2,0,Not Spam
80,0,0.805,5,964,4,0,Not Spam
43,7,0.33,7,416,0,0,Not Spam
100,15,0.32,14,528,5,0,Spam
77,1,0.383,12,956,5,1,Spam
7,7,0.63,12,263,4,0,Not Spam
100,5,0.442,14,240,0,0,Spam
51,15,0.629,11,175,3,0,Spam
73,10,0.147,5,402,1,0,Not Spam
32,16,0.97,1,767,0,0,Not Spam
75,18,0.73,3,339,2,0,Spam
8,10,0.25,0,392,4,1,Not Spam
97,7,0.724,14,550,5,0,Spam
87,3,0.575,6,234,2,0,Spam
89,10,0.109,7,386,5,1,Spam
72,7,0.178,9,133,0,1,Not Spam
45,8,0.041,1,219,5,0,Not Spam
86,1,0.809,9,44,5,0,Spam
59,15,0.552,14,953,5,1,Spam
4,5,0.317,4,140,5,0,Not Spam
67,20,0.126,10,761,2,1,Spam
29,20,0.484,7,630,4,0,Not Spam
29,18,0.525,10,877,1,0,Spam
98,7,0.702,7,22,2,0,Spam
98,13,0.97,14,917,3,1,Spam
28,15,0.435,4,792,4,1,Spam
77,11,0.406,7,464,4,1,Spam
79,4,0.37,13,273,3,1,Spam
87,18,0.827,5,39,0,0,Spam
44,17,0.156,14,223,3,0,Spam
90,8,0.344,14,825,0,1,Spam
4,1,0.725,4,995,1,1,Not Spam
90,19,0.016,12,376,0,1,Spam
9,11,0.289,13,147,1,1,Not Spam
5,1,0.641,10,377,1,0,Not Spam
56,9,0.186,3,311,5,1,Spam
96,0,0.303,4,193,5,0,Not Spam
84,3,0.486,11,752,3,1,Spam
50,11,0.422,3,374,1,0,Not Spam
75,8,0.106,0,900,0,1,Not Spam
15,3,0.938,2,56,2,0,Not Spam
32,8,0.044,7,329,5,0,Not Spam
28,5,0.75,6,680,4,0,Not Spam
22,0,0.071,11,936,4,0,Not Spam
17,9,0.467,14,623,0,0,Not Spam
59,13,0.175,6,601,5,0,Spam
90,17,0.141,10,103,2,0,Spam
71,5,0.126,2,529,1,0,Not Spam
57,17,0.453,8,463,5,0,Spam
26,19,0.515,15,439,0,1,Spam
25,15,0.133,14,224,1,1,Not Spam
10,14,0.979,5,507,5,0,Not Spam
45,15,0.258,7,798,3,1,Spam
83,7,0.459,7,107,2,1,Not Spam
11,12,0.216,2,271,4,0,Not Spam
77,10,0.494,3,742,0,0,Not Spam
53,6,0.756,13,874,4,1,Spam
72,16,0.521,5,50,1,0,Not Spam
68,17,0.286,1,888,1,0,Spam
95,18,0.248,11,440,3,0,Spam
28,12,0.759,11,847,1,1,Spam
75,14,0.118,10,80,1,1,Spam
65,0,0.37,11,598,4,1,Spam
49,15,0.151,15,245,4,0,Not Spam
47,4,0.258,6,944,0,0,Not Spam
52,2,0.153,1,982,0,0,Not Spam
88,9,0.887,10,354,1,0,Spam
54,18,0.732,4,858,5,0,Spam
60,4,0.561,11,598,2,1,Not Spam
57,6,0.224,3,659,0,0,Not Spam
47,13,0.51,8,130,1,1,Not Spam
31,2,0.521,12,510,5,0,Spam
46,12,0.59,12,291,5,1,Spam
26,12,0.06,14,832,4,0,Spam
5,9,0.973,1,53,5,0,Not Spam
84,1,0.465,6,231,3,0,Not Spam
52,5,0.927,12,319,4,0,Spam
75,7,0.01,6,392,4,1,Not Spam
54,3,0.248,15,144,3,0,Not Spam
33,11,0.104,6,122,4,1,Not Spam
50,14,0.77,0,737,0,1,Not Spam
38,7,0.32,7,139,4,1,Spam
27,6,0.84,1,701,3,0,Not Spam
98,13,0.832,14,566,1,0,Spam
15,18,0.668,14,913,1,1,Spam
96,13,0.666,4,350,1,0,Not Spam
61,12,0.7,1,777,3,1,Spam
21,20,0.674,15,871,3,1,Spam
46,0,0.387,12,945,0,0,Not Spam
69,18,0.683,4,328,3,0,Spam
6,0,0.897,6,589,5,1,Not Spam
38,3,0.333,5,431,1,1,Not Spam
62,9,0.945,12,418,3,0,Spam
86,2,0.014,14,953,2,0,Not Spam
62,19,0.349,11,325,4,0,Spam
82,8,0.132,4,672,0,1,Spam
78,2,0.127,3,642,1,1,Not Spam
74,5,0.815,7,182,5,1,Spam
46,5,0.918,10,642,5,0,Spam
13,11,0.778,13,683,1,1,Spam
95,0,0.977,7,907,5,1,Spam
94,15,0.216,0,84,2,1,Spam
3,4,0.141,9,637,0,0,Not Spam
94,8,0.521,1,235,4,1,Spam
6,9,0.829,2,622,0,0,Not Spam
93,12,0.04,12,933,0,1,Spam
8,14,0.996,0,973,1,1,Spam
44,11,0.602,10,45,3,0,Spam
33,4,0.979,2,688,4,0,Not Spam
81,4,0.365,9,603,0,0,Not Spam
75,17,0.458,11,63,2,1,Spam
77,11,0.752,7,109,1,0,Spam
50,2,0.793,15,152,3,1,Not Spam
11,6,0.233,3,180,3,1,Not Spam
95,16,0.93,12,763,1,0,Spam
28,18,0.867,12,399,0,0,Spam
70,17,0.018,6,280,5,0,Spam
41,0,0.129,6,402,1,0,Not Spam
16,4,0.496,15,388,5,1,Spam
68,1,0.461,10,130,3,1,Spam
99,0,0.708,4,695,3,0,Not Spam
48,6,0.09,11,96,2,0,Not Spam
56,10,0.645,15,228,2,1,Spam
64,10,0.616,0,32,3,1,Not Spam
59,17,0.234,9,940,2,0,Not Spam
90,16,0.542,3,589,2,1,Spam
62,1,0.222,6,917,2,1,Not Spam
76,6,0.147,13,875,3,1,Spam
11,6,0.573,4,567,0,1,Not Spam
89,9,0.977,1,44,0,1,Spam
18,20,0.237,13,565,4,1,Spam
19,2,0.355,7,159,2,1,Not Spam
87,11,0.257,1,294,0,1,Not Spam
55,2,0.266,10,389,4,0,Not Spam
82,10,0.404,7,893,1,1,Spam
26,11,0.702,12,241,2,0,Not Spam
6,3,0.039,10,56,0,0,Not Spam
4,15,0.957,15,894,0,0,Spam
29,19,0.046,1,148,5,0,Spam
59,17,0.881,10,335,0,0,Not Spam
98,3,0.894,15,342,5,1,Spam
17,5,0.524,15,452,4,0,Not Spam
43,20,0.137,4,237,5,1,Spam
80,14,0.565,3,866,1,0,Spam
66,0,0.629,0,961,2,1,Not Spam
34,2,0.858,13,267,0,1,Spam
8,4,0.551,11,130,3,0,Not Spam
13,16,0.411,7,835,2,1,Not Spam
8,13,0.838,9,751,3,0,Not Spam
94,8,0.981,15,727,4,1,Spam
96,2,0.645,11,166,0,1,Spam
100,12,0.874,2,363,2,0,Not Spam
94,2,0.599,12,528,2,1,Spam
65,10,0.69,3,524,0,1,Spam
43,1,0.688,3,571,1,1,Not Spam
39,14,0.705,4,153,4,1,Spam
81,12,0.321,2,483,0,1,Spam
59,18,0.576,8,883,5,1,Spam
84,15,0.594,3,210,2,0,Not Spam
88,17,0.315,13,182,1,1,Spam
86,6,0.35,9,475,2,0,Not Spam
93,12,0.762,14,80,3,1,Spam
86,3,0.583,10,24,2,0,Spam
44,8,0.149,15,56,4,1,Not Spam
9,9,0.838,10,479,0,0,Not Spam
37,8,0.883,3,236,2,1,Not Spam
74,6,0.466,5,756,5,0,Spam
36,14,0.209,14,747,3,0,Spam
92,7,0.948,7,158,3,0,Spam
28,18,0.882,12,637,0,1,Spam
42,10,0.244,6,118,3,1,Spam
43,4,0.096,3,699,0,1,Not Spam
85,1,0.441,3,980,4,0,Not Spam
88,9,0.676,4,283,0,1,Spam
42,15,0.175,9,618,1,0,Not Spam
66,12,0.513,4,615,3,1,Spam
55,7,0.425,11,243,3,0,Not Spam
72,8,0.891,0,30,5,0,Not Spam
48,10,0.43,12,346,2,0,Spam
91,10,0.534,7,717,1,1,Not Spam
22,15,0.955,9,369,2,0,Not Spam
27,9,0.3,12,398,0,1,Spam
93,11,0.289,4,963,4,0,Spam
67,5,0.8,2,250,5,1,Not Spam
13,11,0.278,2,160,3,0,Not Spam
45,9,0.832,3,637,4,0,Not Spam
10,17,0.096,15,784,0,0,Spam
100,17,0.111,11,975,0,1,Spam
9,3,0.901,6,68,1,0,Not Spam
54,8,0.541,15,470,2,0,Not Spam
27,6,0.719,4,794,3,1,Not Spam
34,17,0.225,0,510,3,1,Not Spam
1,7,0.166,13,224,4,0,Not Spam
32,10,0.835,11,888,1,1,Spam
89,6,0.359,12,428,5,1,Spam
93,8,0.455,4,426,0,0,Not Spam
71,7,0.028,13,70,1,1,Not Spam
67,2,0.386,4,194,3,0,Not Spam
84,16,0.77,5,756,5,0,Spam
20,1,0.821,13,280,2,0,Not Spam
94,14,0.699,6,499,4,1,Spam
35,13,0.692,4,753,0,1,Not Spam
99,17,0.506,14,242,0,0,Spam
91,15,0.538,12,288,0,0,Spam
90,19,0.743,10,829,2,1,Spam
78,3,0.247,13,912,3,1,Not Spam
17,19,0.232,1,920,3,0,Not Spam
18,5,0.95,13,938,1,0,Not Spam
45,5,0.028,1,337,5,0,Not Spam
93,10,0.139,12,404,1,1,Spam
84,16,0.57,3,605,3,0,Spam
53,2,0.738,0,645,0,1,Not Spam
91,12,0.538,6,238,2,0,Not Spam
82,2,0.355,12,73,3,1,Spam
68,15,0.978,0,219,2,1,Spam
65,14,0.704,2,903,4,0,Spam
1,10,0.831,9,662,0,1,Spam
58,17,0.04,6,358,4,1,Spam
26,14,0.236,10,723,3,0,Not Spam
20,4,0.374,11,710,1,1,Not Spam
87,15,0.183,11,917,3,1,Spam
10,15,0.073,5,324,4,0,Not Spam
59,16,0.225,14,818,2,1,Spam
75,8,0.534,14,771,5,1,Spam
41,2,0.696,6,264,5,0,Not Spam
5,19,0.774,4,861,3,0,Not Spam
65,12,0.043,15,648,1,0,Spam
17,2,0.428,7,227,4,1,Not Spam
22,6,0.122,5,743,3,0,Not Spam
98,5,0.431,11,530,4,0,Spam
41,8,0.434,3,278,4,0,Not Spam
93,11,0.498,13,399,0,0,Spam
68,14,0.893,10,182,5,0,Spam
69,20,0.805,0,757,5,0,Spam
11,19,0.637,1,360,2,0,Not Spam
56,2,0.885,11,951,0,1,Spam
51,9,0.678,5,595,5,1,Spam
21,0,0.819,3,947,4,0,Not Spam
99,18,0.564,2,777,1,0,Spam
76,18,0.525,6,549,1,1,Spam
26,12,0.724,6,53,0,0,Not Spam
19,11,0.02,15,843,1,1,Spam
60,0,0.69,1,342,4,0,Not Spam
71,18,0.935,7,200,3,1,Spam
47,15,0.714,14,982,4,0,Spam
71,14,0.037,14,366,5,1,Spam
26,15,0.378,10,725,3,1,Spam
40,10,0.81,15,211,1,0,Not Spam
5,5,0.959,0,598,2,1,Not Spam
21,10,0.37,10,740,2,1,Not Spam
78,2,0.841,9,897,4,0,Spam
4,14,0.864,6,698,4,1,Spam
23,0,0.123,15,265,1,1,Not Spam
84,6,0.846,9,264,2,1,Spam
15,0,0.324,11,697,2,1,Not Spam
93,16,0.593,0,827,4,0,Spam
8,8,0.539,12,934,5,1,Spam
41,12,0.663,11,742,2,1,Spam
19,10,0.74,14,152,4,1,Spam
46,19,0.441,13,216,0,1,Spam
28,5,0.888,2,929,2,0,Not Spam
91,0,0.809,15,366,3,1,Spam
68,6,0.785,15,68,1,0,Not Spam
15,11,0.458,2,83,4,0,Not Spam
99,19,0.038,9,643,2,1,Not Spam
37,18,0.492,13,887,2,0,Spam
1,16,0.898,1,716,5,1,Not Spam
67,3,0.19,13,123,4,1,Spam
24,2,0.983,9,950,3,1,Spam
27,0,0.808,12,232,2,0,Not Spam
40,17,0.71,4,536,0,0,Not Spam
63,20,0.677,3,138,1,1,Not Spam
61,14,0.587,12,875,4,0,Spam
36,7,0.721,5,780,2,0,Not Spam
98,0,0.422,1,698,5,0,Not Spam
93,19,0.845,13,914,5,0,Spam
24,13,0.696,3,261,1,1,Not Spam
24,3,0.771,11,299,4,1,Spam
4,4,0.792,6,443,4,1,Not Spam
67,12,0.092,0,382,4,0,Not Spam
34,14,0.056,12,769,3,1,Not Spam
57,5,0.801,10,325,0,1,Not Spam
49,0,0.259,2,736,5,1,Not Spam
87,18,0.582,0,505,4,0,Not Spam
53,12,0.444,1,333,3,0,Not Spam
23,5,0.022,8,532,4,0,Not Spam
69,14,0.04,9,702,4,1,Spam
95,15,0.827,15,186,3,1,Spam
53,15,0.608,4,413,0,1,Spam
62,9,0.524,12,789,1,0,Not Spam
41,8,0.944,3,82,5,1,Spam
57,8,0.173,11,291,2,0,Spam
60,16,0.258,3,56,4,0,Not Spam
54,16,0.757,7,35,0,0,Spam
70,16,0.775,11,785,5,1,Spam
57,11,0.405,2,362,2,0,Not Spam
10,12,0.951,14,365,4,1,Spam
40,11,0.938,11,867,2,0,Not Spam
7,13,0.012,15,558,3,1,Spam
38,9,0.172,11,978,5,0,Not Spam
85,18,0.82,3,642,0,1,Spam
61,1,0.335,1,252,0,1,Not Spam
84,3,0.095,5,595,5,0,Not Spam
3,18,0.785,11,628,1,1,Spam
51,6,0.455,15,435,1,1,Spam
86,14,0.492,8,924,2,0,Spam
47,14,0.186,11,286,3,0,Not Spam
68,5,0.661,3,345,2,1,Not Spam
92,2,0.551,10,945,4,0,Spam
76,5,0.207,5,763,0,1,Not Spam
38,15,0.34,3,930,2,0,Not Spam
36,1,0.597,13,462,2,0,Not Spam
41,6,0.925,1,579,5,0,Not Spam
69,10,0.92,12,881,0,1,Spam
13,6,0.288,13,741,0,0,Not Spam
87,3,0.736,5,95,1,1,Spam
58,19,0.776,11,266,1,1,Spam
50,6,0.809,6,847,0,0,Spam
30,3,0.571,3,599,2,0,Not Spam
62,11,0.011,11,332,4,0,Spam
25,4,0.762,10,595,2,0,Not Spam
27,18,0.107,6,713,4,0,Not Spam
51,4,0.117,12,611,0,1,Not Spam
78,18,0.606,10,362,5,0,Spam
57,20,0.984,7,734,4,1,Spam
47,2,0.243,10,201,1,1,Not Spam
100,10,0.646,2,974,5,0,Spam
39,6,0.304,14,745,0,0,Not Spam
16,16,0.899,1,954,3,1,Not Spam
22,8,0.594,4,651,4,1,Not Spam
85,20,0.207,1,418,4,0,Not Spam
54,8,0.262,9,260,5,1,Spam
21,9,0.432,4,866,3,1,Not Spam
72,12,0.122,9,733,3,1,Not Spam
16,14,0.079,14,943,0,0,Not Spam
59,4,0.68,12,311,5,1,Spam
31,2,0.407,5,73,2,1,Not Spam
42,7,0.726,7,164,3,1,Not Spam
74,19,0.11,5,375,4,0,Spam
32,9,0.61,3,617,3,0,Not Spam
59,12,0.443,2,496,0,1,Spam
34,2,0.058,15,41,0,1,Not Spam
9,7,0.545,13,350,4,1,Spam
81,8,0.083,13,311,4,0,Spam
11,20,0.828,1,255,4,0,Not Spam
96,11,0.632,12,48,2,1,Spam
10,10,0.557,0,714,4,1,Not Spam
86,1,0.133,1,957,5,1,Not Spam
17,17,0.287,1,179,0,1,Not Spam
68,8,0.493,14,929,0,1,Spam
48,1,0.633,4,549,3,1,Not Spam
52,1,0.183,8,569,4,1,Not Spam
25,2,0.009,0,120,2,0,Not Spam
21,15,0.345,3,309,5,0,Not Spam
65,18,0.483,9,396,1,0,Not Spam
63,3,0.184,6,192,3,1,Not Spam
89,17,0.492,10,362,5,0,Spam
51,19,0.338,13,947,2,1,Spam
36,17,0.455,9,897,4,0,Not Spam
81,9,0.347,2,598,2,0,Not Spam
88,10,0.628,7,210,1,0,Not Spam
66,16,0.043,2,458,5,0,Spam
15,19,0.171,15,574,2,0,Spam
96,15,0.433,7,654,1,1,Spam
39,19,0.356,12,809,1,1,Spam
70,12,0.392,1,362,5,0,Spam
1,1,0.804,4,727,1,1,Not Spam
23,1,0.886,3,864,5,0,Not Spam
39,13,0.249,10,144,2,0,Spam
57,3,0.836,8,627,4,0,Spam
81,16,0.459,2,909,0,1,Spam
34,12,0.274,11,688,0,0,Not Spam
41,3,0.985,10,571,2,0,Not Spam
93,2,0.825,4,379,4,1,Not Spam
73,11,0.994,15,522,0,0,Spam
13,7,0.168,9,192,1,1,Not Spam
70,1,0.144,8,906,2,1,Not Spam
6,5,0.503,12,413,2,1,Not Spam
84,9,0.639,5,480,3,1,Spam
52,11,0.171,15,704,3,1,Spam
3,20,0.86,1,139,3,1,Not Spam
81,9,0.532,0,292,5,1,Not Spam
63,9,0.411,11,377,4,1,Spam
49,2,0.602,10,405,2,1,Not Spam
76,19,0.635,0,932,3,1,Spam
47,9,0.043,6,895,2,1,Not Spam
55,8,1.0,13,877,1,1,Spam
64,19,0.364,11,906,3,1,Spam
65,18,0.062,1,953,2,1,Spam
81,13,0.852,6,952,4,1,Spam
67,1,0.993,0,338,5,1,Spam
90,4,0.816,3,280,4,1,Not Spam
15,19,0.852,9,300,4,0,Spam
100,7,0.626,14,348,3,0,Spam
32,6,0.922,14,143,4,1,Spam
96,5,0.036,12,495,5,1,Spam
68,10,0.767,10,297,0,0,Spam
18,11,0.671,3,112,5,0,Not Spam
83,17,0.05,14,978,1,1,Spam
43,18,0.544,4,566,5,1,Spam
35,9,0.515,13,842,2,0,Spam
78,20,0.692,15,147,0,1,Spam
58,13,0.078,13,551,3,0,Spam
33,2,0.805,9,792,2,1,Spam
14,17,0.139,14,186,5,0,Spam
34,14,0.419,14,850,2,1,Spam
61,5,0.881,0,255,4,1,Spam
4,9,0.561,6,51,2,0,Not Spam
88,11,0.38,10,250,2,1,Spam
59,6,0.048,1,210,5,0,Not Spam
29,16,0.672,11,861,1,0,Spam
83,0,0.987,14,955,5,0,Spam
6,17,0.912,15,676,3,1,Spam
97,14,0.717,10,632,0,0,Spam
49,18,0.105,14,610,4,1,Spam
40,0,0.239,12,527,1,0,Not Spam
83,4,0.187,10,476,0,0,Spam
65,14,0.355,12,691,0,0,Spam
69,2,0.236,1,274,1,0,Not Spam
27,0,0.244,7,298,4,1,Not Spam
80,7,0.617,14,990,3,1,Spam
6,11,0.319,8,719,1,1,Not Spam
13,18,0.677,5,992,1,1,Spam
64,11,0.948,10,741,1,1,Not Spam
62,12,0.638,0,772,4,1,Spam
99,0,0.752,0,75,1,0,Not Spam
19,18,0.752,13,668,1,1,Spam
76,5,0.331,10,125,2,1,Not Spam
80,7,0.015,6,600,2,1,Spam
43,3,0.055,7,721,2,1,Not Spam
74,4,0.282,2,211,2,1,Not Spam
89,6,0.69,8,297,1,1,Spam
20,3,0.907,3,563,2,0,Not Spam
95,19,0.959,3,194,0,0,Spam
68,3,0.026,2,789,3,1,Not Spam
44,14,0.99,7,654,2,0,Not Spam
23,20,0.322,8,104,4,1,Spam
2,4,0.843,0,967,3,0,Not Spam
22,8,0.18,1,747,5,1,Not Spam
57,1,0.063,0,235,5,0,Not Spam
72,6,0.378,13,33,0,0,Not Spam
7,16,0.859,3,56,3,1,Not Spam
78,15,0.221,9,46,3,1,Spam
56,16,0.154,6,683,0,0,Not Spam
67,19,0.91,13,595,5,1,Spam
16,1,0.938,6,89,2,1,Not Spam
83,10,0.013,11,173,0,1,Spam
51,1,0.727,5,457,4,1,Spam
82,0,0.309,12,784,0,1,Not Spam
80,1,0.375,10,290,1,1,Not Spam
72,8,0.469,15,560,5,0,Spam
97,1,0.427,4,93,1,1,Spam
12,14,0.515,10,815,5,1,Spam
53,9,0.582,3,590,5,0,Not Spam
75,14,0.466,11,774,3,0,Spam
5,9,0.702,12,860,2,0,Not Spam
27,16,0.719,15,168,2,1,Spam
12,8,0.44,13,525,5,0,Spam
17,17,0.142,7,29,5,0,Not Spam
6,3,0.641,6,663,1,0,Not Spam
97,8,0.773,10,521,4,0,Not Spam
5,15,0.638,10,81,0,0,Spam
57,3,0.588,9,407,5,0,Not Spam
28,15,0.229,0,914,5,0,Spam
78,18,0.645,5,793,0,0,Spam
69,0,0.335,13,749,0,1,Not Spam
59,5,0.92,1,251,4,1,Spam
33,9,0.654,3,867,4,0,Not Spam
62,15,0.278,4,603,0,1,Spam
50,3,0.473,7,547,5,1,Spam
19,12,0.847,5,569,5,1,Not Spam
86,15,0.335,10,708,0,0,Spam
69,19,0.525,1,464,5,0,Spam
66,5,0.68,4,340,4,1,Spam
94,10,0.755,14,913,0,0,Not Spam
47,2,0.174,4,102,4,1,Not Spam
39,19,0.565,5,453,5,0,Spam
68,9,0.912,0,36,5,1,Not Spam
33,0,0.968,7,388,3,0,Not Spam
13,19,0.656,2,687,1,0,Not Spam
84,10,0.984,4,703,1,1,Spam
54,11,0.571,6,927,4,1,Not Spam
7,13,0.443,2,601,0,1,Spam
79,7,0.552,13,602,1,1,Spam
87,10,0.116,9,274,5,0,Spam
14,3,0.402,14,475,2,0,Not Spam
87,6,0.458,12,662,0,1,Spam
19,9,0.849,14,580,4,1,Spam
54,18,0.759,5,552,5,0,Spam
93,3,0.601,4,411,5,0,Not Spam
20,1,0.347,6,339,2,0,Not Spam
29,20,0.187,9,239,4,0,Spam
24,17,0.348,14,718,0,1,Not Spam
82,13,0.68,10,433,5,1,Spam
63,15,0.263,2,51,3,0,Not Spam
74,10,0.427,12,734,5,0,Spam
57,9,0.387,13,807,3,1,Spam
8,16,0.766,1,773,3,1,Not Spam
90,13,0.884,3,35,0,0,Spam
62,3,0.699,2,428,0,1,Not Spam
29,18,0.342,14,847,2,1,Spam
74,1,0.433,3,192,5,0,Not Spam
17,6,0.143,6,668,0,1,Not Spam
66,8,0.168,4,198,0,0,Not Spam
6,18,0.164,3,890,2,0,Not Spam
58,15,0.131,13,592,2,0,Spam
69,15,0.18,14,516,5,1,Spam
28,17,0.203,5,955,4,1,Spam
62,20,0.112,6,123,1,1,Spam
41,20,0.64,11,336,5,0,Spam
69,10,0.99,13,726,1,1,Spam
82,6,0.879,10,787,4,1,Spam
90,8,0.046,4,995,3,0,Not Spam
84,3,0.423,11,607,5,1,Spam
41,12,0.859,6,802,0,1,Not Spam
49,3,0.135,2,200,2,0,Not Spam
91,18,0.848,6,151,5,1,Spam
49,1,0.593,11,682,2,1,Spam
76,8,0.931,14,174,3,1,Not Spam
71,11,0.876,2,378,2,1,Spam
3,1,0.677,13,254,3,1,Not Spam
10,5,0.658,5,779,4,1,Spam
98,4,0.213,15,184,3,0,Spam
89,4,0.117,7,736,1,0,Not Spam
35,19,0.415,12,446,5,0,Spam
80,4,0.187,14,696,3,1,Spam
2,3,0.102,5,507,5,0,Not Spam
24,8,0.302,9,232,4,0,Spam
74,9,0.86,10,944,3,0,Spam
38,15,0.017,2,785,4,1,Not Spam
22,9,0.293,11,176,1,0,Not Spam
26,9,0.424,4,708,0,1,Not Spam
43,18,0.511,8,94,4,0,Not Spam
55,9,0.182,7,454,0,0,Not Spam
39,5,0.964,15,197,4,0,Spam
91,16,0.579,5,815,3,0,Spam
29,4,0.522,15,861,0,1,Spam
20,5,0.009,8,664,4,0,Not Spam
91,14,0.486,1,656,5,0,Spam
41,18,0.838,12,331,4,0,Spam
54,17,0.22,10,851,0,1,Spam
20,3,0.351,8,146,5,0,Spam
19,7,0.021,9,396,4,0,Not Spam
84,15,0.977,12,364,0,1,Spam
99,18,0.067,9,244,1,1,Spam
66,19,0.898,5,36,2,0,Not Spam
30,2,0.313,15,516,1,0,Not Spam
53,9,0.588,8,492,0,0,Not Spam
34,1,0.679,11,884,3,0,Not Spam
22,3,0.141,3,330,3,1,Not Spam
67,5,0.444,4,777,2,0,Not Spam
6,10,0.325,1,156,0,0,Not Spam
79,13,0.057,2,494,5,0,Spam
27,15,0.833,0,236,4,1,Spam
10,20,0.045,3,215,1,1,Not Spam
73,18,0.653,11,220,5,0,Spam
97,1,0.314,1,385,1,1,Spam
96,16,0.192,11,738,2,0,Spam
48,8,0.667,14,547,2,0,Spam
70,16,0.575,15,419,2,1,Spam
59,14,0.315,1,544,5,1,Spam
100,6,0.513,0,609,5,1,Not Spam
59,18,0.246,9,233,2,0,Spam
2,2,0.864,11,360,5,1,Not Spam
29,0,0.314,1,348,2,0,Not Spam
68,3,0.245,3,978,5,1,Spam
65,17,0.752,5,138,2,0,Not Spam
83,7,0.018,12,444,4,0,Spam
26,18,0.268,11,712,4,0,Not Spam
89,5,0.375,6,855,1,1,Spam
10,0,0.882,6,861,1,1,Not Spam
53,7,0.95,6,886,2,1,Spam
79,0,0.716,14,392,1,0,Not Spam
59,18,0.493,3,668,5,1,Spam
22,10,0.641,11,198,2,1,Not Spam
51,20,0.414,4,451,4,1,Spam
48,14,0.299,13,739,3,1,Spam
21,10,0.951,15,964,4,0,Spam
22,18,0.115,10,421,0,1,Spam
100,20,0.346,11,413,4,0,Spam
98,9,0.899,2,1000,0,0,Spam
30,11,0.723,0,902,1,0,Not Spam
25,0,0.029,13,585,4,0,Spam
28,6,0.023,7,98,3,0,Not Spam
65,16,0.517,9,802,5,1,Spam
45,9,0.484,10,926,4,1,Spam
68,5,0.443,6,443,5,0,Not Spam
7,16,0.302,13,137,4,1,Not Spam
49,17,0.987,8,387,4,0,Spam
9,4,0.272,13,125,5,0,Not Spam
36,17,0.49,9,124,5,0,Not Spam
83,16,0.405,3,322,2,0,Not Spam
1,15,0.17,11,649,4,1,Not Spam
10,7,0.203,14,913,4,0,Not Spam
36,12,0.918,11,760,3,1,Spam
73,15,0.858,4,167,5,1,Spam
46,10,0.199,4,885,5,1,Not Spam
32,5,0.876,12,169,0,1,Not Spam
32,2,0.209,6,835,0,0,Not Spam
6,0,0.627,12,275,5,1,Spam
48,17,0.081,8,101,3,0,Not Spam
38,4,0.88,7,35,1,1,Not Spam
17,12,0.052,6,920,4,0,Not Spam
74,9,0.555,13,212,1,0,Not Spam
27,4,0.78,0,742,3,1,Not Spam
54,13,0.117,11,93,1,1,Not Spam
50,16,0.404,9,296,0,1,Spam
35,0,0.042,12,80,2,0,Not Spam
85,1,0.683,5,992,1,1,Not Spam
25,6,0.307,9,970,2,1,Not Spam
28,9,0.559,14,555,1,1,Not Spam
15,19,0.933,14,554,3,0,Spam
4,6,0.306,8,362,2,1,Not Spam
93,15,0.049,12,414,1,1,Spam
73,4,0.676,6,962,3,0,Not Spam
27,11,0.787,0,277,5,1,Not Spam
26,16,0.958,8,217,0,0,Not Spam
19,15,0.158,2,72,4,0,Not Spam
92,19,0.392,13,670,3,0,Spam
17,15,0.844,8,290,3,0,Spam
43,18,0.807,3,220,0,0,Not Spam
41,14,0.625,14,415,2,0,Spam
42,11,0.269,8,397,1,0,Not Spam
50,20,0.284,12,910,2,0,Spam
84,9,0.124,14,695,3,0,Not Spam
40,1,0.922,7,623,5,0,Not Spam
39,6,0.173,15,554,1,0,Not Spam
23,12,0.573,6,942,4,0,Spam
96,2,0.584,3,107,4,0,Not Spam
52,14,0.37,8,417,1,0,Not Spam
47,0,0.353,3,201,3,1,Not Spam
63,2,0.669,0,886,5,0,Not Spam
97,9,0.388,5,302,0,1,Not Spam
69,14,0.255,3,552,5,1,Spam
43,5,0.399,9,580,2,1,Not Spam
48,19,0.808,2,209,5,1,Spam
34,14,0.966,11,224,5,1,Spam
40,20,0.636,4,987,2,1,Spam
75,6,0.782,15,63,0,0,Spam
61,20,0.533,2,319,0,1,Spam
50,4,0.625,10,659,4,0,Spam
67,3,0.988,8,720,0,0,Not Spam
62,17,0.438,11,701,1,1,Spam
58,2,0.066,5,298,4,0,Not Spam
33,16,0.957,14,732,3,0,Spam
75,17,0.793,2,404,4,1,Spam
16,17,0.398,4,656,5,0,Not Spam
82,1,0.982,7,823,5,1,Spam
94,12,0.346,13,330,4,1,Spam
48,14,0.372,15,897,2,1,Spam
10,4,0.61,7,547,0,1,Not Spam
82,2,0.274,5,876,5,1,Spam
38,4,0.699,4,293,5,0,Not Spam
19,4,0.153,14,501,1,1,Not Spam
36,4,0.108,4,825,0,1,Not Spam
59,2,0.535,0,470,5,0,Not Spam
63,2,0.555,15,551,2,1,Spam
77,19,0.107,1,550,5,1,Spam
46,17,0.964,14,544,0,1,Spam
3,19,0.573,11,36,1,1,Spam
74,3,0.151,10,737,0,1,Spam
65,0,0.311,3,49,2,1,Not Spam
91,15,0.8,5,489,1,1,Spam
8,7,0.523,10,830,0,0,Not Spam
51,16,0.188,6,323,2,1,Spam
81,7,0.103,0,574,2,0,Not Spam
73,6,0.431,15,112,4,1,Spam
6,7,0.337,7,901,5,1,Spam
89,20,0.656,11,597,1,1,Spam
39,11,0.925,0,650,1,0,Spam
60,15,0.248,8,840,5,0,Spam
28,11,0.855,14,603,0,0,Not Spam
97,18,0.92,3,865,4,1,Spam
54,9,0.902,11,181,1,1,Spam
37,6,0.952,14,992,2,0,Spam
9,11,0.842,6,861,1,0,Not Spam
82,19,0.593,10,347,4,1,Spam
56,4,0.41,13,986,5,1,Spam
59,15,0.492,5,800,3,1,Spam
85,8,0.873,14,749,5,0,Spam
2,6,0.301,12,273,2,0,Not Spam
61,19,0.159,8,459,1,1,Not Spam
58,13,0.141,15,590,5,1,Spam
60,10,0.827,13,563,2,1,Spam
40,6,0.761,1,870,0,0,Not Spam
36,9,0.498,14,139,2,1,Spam
37,8,0.275,14,994,1,0,Not Spam
79,3,0.678,10,841,0,0,Not Spam
92,15,0.038,6,533,0,0,Spam
18,9,0.568,10,649,0,1,Not Spam
98,18,0.398,4,568,3,1,Spam
63,16,0.978,12,998,3,0,Spam
22,8,0.508,6,116,0,0,Not Spam
11,12,0.552,0,890,5,1,Not Spam
58,0,0.712,10,389,5,0,Not Spam
57,1,0.485,10,436,5,1,Spam
77,12,0.225,9,276,1,1,Spam
4,8,0.537,8,147,0,1,Not Spam
86,6,0.944,0,378,5,1,Not Spam
7,15,0.41,13,175,0,0,Not Spam
61,18,0.68,4,676,2,1,Spam
54,6,0.978,13,76,5,0,Not Spam
88,5,0.83,7,601,2,0,Not Spam
68,17,0.659,0,967,2,0,Spam
92,18,0.736,6,575,5,1,Spam
79,10,0.936,1,743,4,1,Spam
1,11,0.96,6,706,2,0,Not Spam
55,9,0.969,6,672,5,1,Spam
3,12,0.626,8,95,2,1,Spam
78,11,0.385,5,177,1,1,Spam
38,20,0.133,3,104,3,1,Spam
1,9,0.386,6,341,3,1,Not Spam
38,19,0.943,6,328,3,0,Spam
85,17,0.89,3,549,4,1,Spam
29,3,0.524,1,303,0,1,Not Spam
5,4,0.537,12,919,2,0,Not Spam
74,4,0.309,10,61,1,1,Not Spam
92,11,0.455,8,913,4,0,Spam
21,2,0.714,13,904,3,0,Not Spam
71,7,0.402,7,153,4,1,Spam
67,1,0.188,4,633,1,0,Not Spam
47,17,0.541,13,668,5,0,Spam
84,8,0.225,4,423,4,1,Spam
83,12,0.974,0,512,3,0,Spam
35,6,0.39,10,241,0,1,Not Spam
68,9,0.91,8,248,3,0,Spam
69,8,0.226,10,825,3,1,Spam
1,14,0.189,13,471,3,0,Not Spam
68,4,0.617,9,325,4,1,Spam
12,11,0.779,10,847,1,1,Not Spam
60,0,0.567,7,928,3,0,Spam
27,11,0.23,4,138,5,0,Not Spam
56,5,0.038,9,630,4,1,Spam
23,18,0.618,5,881,1,0,Not Spam
25,18,0.131,11,957,0,0,Not Spam
21,15,0.343,9,343,3,0,Spam
61,18,0.676,10,940,2,1,Spam
63,2,0.098,15,178,4,1,Not Spam
52,9,0.127,9,258,5,1,Spam
88,17,0.062,15,415,0,0,Not Spam
25,12,0.996,7,339,0,0,Not Spam
55,17,0.387,5,866,0,0,Not Spam
46,2,0.906,9,208,4,1,Spam
32,2,0.294,13,328,1,1,Not Spam
55,11,0.753,3,268,2,1,Not Spam
96,19,0.219,2,557,5,1,Spam
5,6,0.498,6,720,1,0,Not Spam
36,7,0.825,12,525,3,0,Not Spam
49,8,0.816,1,413,2,0,Not Spam
58,13,0.794,6,671,1,1,Spam
39,4,0.824,0,425,3,0,Not Spam
80,20,0.211,12,200,2,0,Spam
97,18,0.482,9,40,4,1,Spam
85,20,0.485,4,694,5,1,Spam
61,15,0.891,14,602,5,0,Spam
9,11,0.297,8,613,3,1,Not Spam
6,20,0.931,12,174,1,0,Not Spam
35,3,0.451,14,847,2,0,Not Spam
39,7,0.67,12,886,3,1,Spam
22,6,0.269,0,578,3,1,Not Spam
41,14,0.41,7,213,4,0,Spam
5,5,0.71,8,243,3,1,Not Spam
42,4,0.513,8,418,2,1,Spam
87,13,0.931,7,768,0,0,Spam
81,20,0.737,15,299,2,0,Spam
76,12,0.564,3,999,2,0,Spam
87,9,0.887,13,29,4,1,Spam
80,17,0.666,13,395,4,1,Spam
67,3,0.647,6,491,5,1,Spam
30,7,0.246,0,171,5,0,Not Spam
57,10,0.395,6,875,3,1,Not Spam
86,16,0.683,5,635,5,0,Spam
73,17,0.892,4,143,4,1,Spam
29,20,0.316,0,716,3,0,Spam
37,10,0.215,7,821,0,1,Spam
87,15,0.594,9,572,1,0,Spam
13,11,0.067,0,443,4,0,Not Spam
32,12,0.715,15,542,4,0,Spam
46,15,0.703,0,749,0,0,Not Spam
23,20,0.355,13,532,4,1,Spam
45,0,0.893,14,945,5,1,Spam
17,15,0.502,2,190,5,1,Not Spam
85,14,0.646,12,869,5,1,Spam
66,5,0.21,7,813,0,1,Not Spam
6,11,0.417,15,584,3,0,Not Spam
18,7,0.862,7,144,4,1,Not Spam
94,6,0.213,13,194,4,1,Spam
22,1,0.391,14,523,5,0,Spam
33,11,0.318,6,796,3,1,Spam
30,20,0.151,4,796,4,1,Spam
81,13,0.29,14,404,2,1,Spam
32,15,0.233,7,730,0,0,Not Spam
42,10,0.924,1,787,1,0,Not Spam
78,19,0.741,7,703,2,1,Spam
10,8,0.316,11,590,1,0,Not Spam
36,9,0.763,10,971,2,1,Spam
34,16,0.022,1,125,2,0,Spam
73,11,0.527,9,966,2,0,Spam
28,5,0.25,15,656,0,1,Not Spam
11,18,0.114,4,547,1,0,Not Spam
78,10,0.884,10,57,3,1,Spam
39,8,0.199,12,414,3,0,Spam
47,20,0.822,3,774,5,1,Spam
19,5,0.413,14,940,4,0,Not Spam
15,15,0.014,12,496,0,1,Not Spam
28,19,0.733,0,486,5,1,Spam
24,15,0.596,4,741,5,1,Spam
72,5,0.344,6,524,0,1,Spam
9,4,0.282,0,334,0,0,Not Spam
47,20,0.074,1,304,2,1,Spam
33,3,0.941,11,483,0,0,Not Spam
62,1,0.494,14,699,3,0,Not Spam
97,5,0.086,13,283,0,1,Spam
19,8,0.869,8,629,2,1,Spam
67,16,0.279,11,665,1,1,Spam
74,13,0.204,4,448,5,1,Spam
40,6,0.281,13,384,0,0,Not Spam
47,18,0.565,12,200,5,1,Spam
65,0,0.074,6,753,1,1,Not Spam
29,19,0.482,1,895,4,1,Spam
50,14,0.896,6,680,2,1,Spam
98,17,0.188,15,263,5,0,Spam
13,2,0.331,6,332,0,0,Not Spam
1,17,0.396,6,95,4,0,Not Spam
34,1,0.586,4,900,4,1,Spam
93,9,0.919,8,281,1,0,Not Spam
48,10,0.395,1,250,5,1,Not Spam
77,2,0.069,3,722,5,0,Not Spam
48,6,0.348,1,399,3,1,Not Spam
49,7,0.19,7,665,3,0,Not Spam
64,18,0.652,11,328,3,1,Spam
61,17,0.029,10,783,5,1,Spam
29,12,0.292,0,407,5,0,Not Spam
39,12,0.545,15,776,3,1,Spam
88,18,0.277,8,796,2,0,Spam
26,11,0.551,11,344,0,0,Not Spam
17,16,0.115,12,861,0,0,Not Spam
71,11,0.943,13,898,2,1,Spam
13,12,0.291,4,475,1,0,Not Spam
69,11,0.923,10,531,0,1,Spam
26,18,0.326,11,362,5,1,Spam
49,13,0.782,2,535,4,0,Not Spam
67,6,0.246,11,461,5,0,Not Spam
7,12,0.67,10,568,0,1,Not Spam
58,5,0.324,3,602,2,1,Not Spam
49,18,0.509,0,281,1,0,Not Spam
53,18,0.674,15,768,0,1,Spam
65,3,0.589,2,838,2,1,Not Spam
62,18,0.576,10,482,4,1,Spam
17,8,0.066,7,886,3,0,Spam
43,15,0.249,11,709,4,0,Not Spam
25,3,0.572,1,627,4,0,Not Spam
3,5,0.018,1,929,1,1,Not Spam
79,7,0.251,8,246,0,0,Not Spam
29,15,0.229,4,542,3,0,Not Spam
32,4,0.25,4,797,2,1,Not Spam
26,20,0.536,0,208,3,0,Not Spam
16,9,0.582,12,228,0,0,Not Spam
25,12,0.909,15,32,1,0,Spam
54,13,0.386,5,908,0,1,Spam
28,6,0.927,7,181,2,1,Not Spam
73,19,0.652,5,591,3,0,Spam
56,5,0.913,13,512,4,1,Spam
65,6,0.833,14,454,0,0,Spam
93,4,0.688,6,24,5,0,Spam
86,20,0.356,13,221,1,0,Spam
80,17,0.241,3,435,1,0,Not Spam
41,11,0.222,1,31,3,1,Not Spam
51,5,0.952,0,967,4,0,Not Spam
71,0,0.959,15,416,2,1,Spam
78,3,0.725,11,360,4,1,Spam
29,18,0.884,5,771,3,0,Spam
83,11,0.919,8,969,4,0,Spam
19,14,0.512,9,392,3,0,Spam
66,2,0.629,4,397,4,0,Spam
41,19,0.419,11,244,0,1,Spam
45,7,0.418,1,201,1,1,Not Spam
15,10,0.038,0,316,3,1,Not Spam
3,15,0.434,2,835,3,1,Not Spam
11,8,0.673,3,326,1,0,Not Spam
53,2,0.422,15,450,5,0,Spam
46,4,0.872,6,709,5,1,Spam
30,19,0.333,8,137,2,1,Not Spam
57,13,0.133,7,371,3,1,Spam
18,14,0.812,8,607,0,0,Not Spam
51,5,0.674,6,65,4,0,Not Spam
48,3,0.242,9,246,0,1,Not Spam
66,7,0.536,7,375,3,0,Not Spam
96,18,0.402,7,313,2,1,Spam
8,4,0.939,0,259,3,1,Not Spam
22,12,0.607,11,367,2,0,Not Spam
6,15,0.158,13,160,1,0,Not Spam
76,0,0.502,14,223,4,1,Spam
57,12,0.863,11,681,0,0,Not Spam
36,10,0.671,14,661,2,0,Not Spam
79,20,0.842,8,880,0,0,Spam
92,7,0.25,1,864,1,0,Not Spam
57,7,0.888,11,288,3,0,Spam
49,13,0.756,10,332,2,0,Spam
45,12,0.729,13,437,4,1,Spam
82,2,0.347,6,934,2,1,Spam
66,3,0.888,12,156,5,1,Spam
77,19,0.638,9,647,3,1,Spam
45,14,0.852,9,370,3,0,Not Spam
79,14,0.361,12,180,4,1,Spam
20,20,0.146,4,686,4,0,Spam
64,12,0.332,3,192,1,1,Spam
93,8,0.455,0,149,0,1,Not Spam
93,9,0.533,0,98,2,0,Not Spam
67,11,0.511,2,998,1,0,Not Spam
83,13,0.546,13,588,0,1,Spam
3,0,0.842,14,882,1,0,Not Spam
54,13,0.17,0,76,5,0,Not Spam
78,13,0.316,7,419,4,0,Spam
64,7,0.889,2,382,4,0,Spam
40,15,0.56,10,354,3,1,Spam
59,13,0.583,9,153,2,0,Spam
55,0,0.478,1,33,2,1,Not Spam
62,15,0.549,5,302,2,1,Spam
4,17,0.198,3,825,1,1,Not Spam
60,6,0.547,15,678,1,1,Spam
75,14,0.997,12,440,2,1,Spam
95,16,0.566,12,146,3,1,Spam
96,18,0.044,13,791,0,1,Spam
91,12,0.796,10,845,5,0,Spam
30,8,0.396,13,237,1,1,Not Spam
2,14,0.154,12,924,2,0,Not Spam
62,2,0.863,10,764,4,0,Spam
49,0,0.198,12,900,1,1,Not Spam
9,15,0.921,3,699,0,1,Spam
92,7,0.442,1,674,1,1,Not Spam
31,12,0.743,1,508,0,0,Not Spam
98,7,0.547,10,279,0,0,Spam
61,16,0.257,5,237,1,0,Not Spam
79,13,0.671,4,839,0,1,Not Spam
48,20,0.958,8,677,1,0,Spam
25,20,0.77,3,508,1,1,Spam
36,6,0.604,4,968,3,0,Not Spam
8,14,0.991,14,462,4,1,Spam
73,15,0.265,0,118,5,1,Spam
58,18,0.062,11,201,0,1,Not Spam
45,5,0.032,11,188,1,0,Spam
62,0,0.711,1,252,0,0,Not Spam
39,11,0.83,2,975,1,0,Not Spam
96,17,0.635,4,112,5,0,Spam
58,15,0.905,11,648,1,0,Not Spam
81,11,0.698,4,491,1,1,Not Spam
99,19,0.371,3,535,4,1,Spam
83,12,0.181,13,104,0,1,Not Spam
64,7,0.925,15,698,4,1,Spam
44,0,0.104,9,538,4,0,Not Spam
29,20,0.543,2,400,4,0,Not Spam
59,6,0.314,8,426,4,1,Spam
71,14,0.271,0,251,3,1,Not Spam
92,12,0.646,5,270,0,0,Spam
9,12,0.231,6,104,0,0,Not Spam
92,8,0.916,9,338,1,1,Spam
6,14,0.406,3,212,0,1,Spam
29,3,0.677,9,654,5,0,Not Spam
58,12,0.728,2,956,4,0,Spam
17,11,0.683,7,620,2,0,Not Spam
16,4,0.903,8,626,0,1,Not Spam
87,6,0.231,12,906,2,1,Spam
95,7,0.086,0,319,5,0,Spam
3,4,0.055,14,377,3,1,Not Spam
21,8,0.878,14,576,1,1,Spam
64,13,0.973,14,784,1,0,Spam
90,11,0.303,14,472,1,1,Spam
36,3,0.694,10,904,3,1,Spam
86,19,0.009,11,582,4,1,Spam
62,7,0.189,9,525,2,0,Not Spam
42,16,0.689,8,84,0,0,Spam
76,7,0.066,6,585,4,1,Spam
42,20,0.469,0,971,1,1,Spam
61,0,0.663,6,241,1,1,Not Spam
13,19,0.766,4,485,4,1,Spam
11,1,0.454,9,91,2,0,Not Spam
54,3,0.63,12,907,4,1,Spam
16,20,0.54,12,493,3,1,Spam
8,0,0.052,6,699,1,1,Not Spam
59,6,0.743,15,717,2,1,Spam
57,0,0.172,11,674,0,0,Not Spam
40,8,0.032,8,38,1,1,Not Spam
59,2,0.451,7,541,4,0,Not Spam
2,11,0.866,5,803,2,0,Not Spam
94,18,0.151,1,702,1,1,Spam
94,14,0.013,7,434,0,0,Not Spam
76,15,0.11,11,383,0,0,Not Spam
10,9,0.364,13,547,5,0,Spam
44,5,0.58,3,99,4,1,Not Spam
11,16,0.193,7,815,3,0,Not Spam
79,20,0.802,14,209,4,0,Spam
80,16,0.753,6,167,2,1,Not Spam
81,20,0.696,3,694,4,0,Spam
90,18,0.487,7,462,2,1,Spam
2,17,0.365,10,284,5,1,Spam
50,10,0.376,10,891,5,1,Spam
12,6,0.503,11,669,5,1,Spam
90,9,0.077,10,528,3,1,Spam
23,6,0.682,1,320,5,0,Not Spam
18,4,0.352,8,485,4,1,Not Spam
62,11,0.225,5,384,0,0,Not Spam
96,15,0.278,6,418,2,0,Spam
62,20,0.18,9,512,2,1,Spam
38,17,0.902,0,561,0,0,Spam
67,2,0.169,2,835,4,0,Not Spam
38,19,0.883,13,499,3,1,Spam
67,14,0.572,9,187,1,1,Spam
94,4,0.867,4,622,4,1,Spam
61,12,0.474,14,110,5,0,Spam
1,18,0.928,11,742,4,0,Spam
94,11,0.211,6,861,2,0,Spam
45,20,0.555,0,319,2,0,Not Spam
96,4,0.126,8,193,3,1,Spam
28,5,0.447,4,665,5,0,Not Spam
21,6,0.57,12,392,3,0,Not Spam
13,9,0.606,11,43,3,1,Not Spam
27,15,0.366,2,220,0,0,Not Spam
100,7,0.076,6,750,1,1,Spam
7,8,0.655,9,26,1,0,Not Spam
22,3,0.488,15,25,5,1,Spam
74,20,0.137,7,649,3,0,Spam
53,20,0.936,9,180,2,1,Spam
79,7,0.956,9,616,1,0,Not Spam
79,6,0.857,2,897,4,0,Spam
4,14,0.844,6,267,0,1,Not Spam
96,20,0.099,6,185,2,1,Spam
23,2,0.993,15,447,0,1,Spam
70,16,0.4,3,164,4,0,Not Spam
88,10,0.163,9,530,1,1,Spam
84,8,0.812,8,562,0,1,Not Spam
84,4,0.226,0,952,5,0,Spam
76,9,0.526,0,528,0,1,Not Spam
33,14,0.128,4,926,0,1,Not Spam
28,13,0.475,12,239,4,1,Spam
8,3,0.558,2,664,2,0,Not Spam
1,20,0.446,9,595,2,0,Not Spam
37,19,0.069,12,95,4,0,Spam
63,1,0.485,8,662,0,1,Spam
22,11,0.469,4,843,0,0,Not Spam
70,0,0.262,6,338,3,0,Not Spam
21,19,0.922,0,892,5,0,Not Spam
96,4,0.418,1,57,1,1,Not Spam
35,5,0.864,14,585,1,0,Not Spam
79,10,0.11,10,661,2,0,Spam
5,7,0.319,11,749,4,0,Not Spam
60,6,0.176,3,533,0,0,Not Spam
46,3,0.408,14,265,5,1,Spam
50,5,0.112,8,159,1,0,Not Spam
48,15,0.441,4,827,4,0,Spam
6,19,0.354,4,277,4,0,Not Spam
89,14,0.223,8,636,0,1,Spam
56,13,0.642,7,400,5,1,Spam
59,11,0.951,1,867,4,0,Spam
29,11,0.207,6,497,1,1,Not Spam
71,15,0.712,0,204,3,0,Spam
77,14,0.742,15,322,1,1,Spam
18,12,0.498,9,513,5,1,Spam
2,10,0.898,10,775,3,0,Not Spam
8,16,0.966,10,183,4,1,Spam
75,20,0.362,14,663,1,1,Spam
97,14,0.651,8,222,0,0,Spam
54,13,0.662,2,427,5,0,Spam
38,9,0.404,12,229,4,1,Not Spam
48,11,0.317,1,878,0,1,Not Spam
27,15,0.934,3,120,3,1,Spam
20,14,0.79,15,465,2,1,Spam
12,9,0.114,3,917,2,0,Not Spam
43,3,0.12,2,802,3,1,Not Spam
61,8,0.923,15,990,2,0,Spam
31,20,0.081,1,580,5,0,Not Spam
91,19,0.688,4,387,4,0,Spam
96,8,0.227,3,258,4,1,Spam
61,20,0.035,4,746,5,1,Not Spam
74,19,0.06,12,310,1,0,Not Spam
67,10,0.374,11,391,4,0,Spam
91,10,0.078,11,881,2,0,Spam
35,6,0.597,7,450,5,0,Not Spam
95,20,0.647,10,299,0,0,Spam
15,9,0.373,15,486,1,1,Spam
16,3,0.743,14,335,0,1,Spam
13,4,0.49,1,96,2,1,Not Spam
35,4,0.43,8,835,0,1,Not Spam
75,10,0.407,9,170,2,0,Spam
59,8,0.431,15,415,4,0,Spam
21,15,0.968,0,515,1,1,Not Spam
54,8,0.681,7,316,3,0,Not Spam
75,3,0.315,11,688,2,0,Spam
30,1,0.734,4,729,5,0,Not Spam
48,13,0.33,1,966,5,1,Not Spam
35,2,0.126,7,915,4,1,Not Spam
86,17,0.475,4,426,5,1,Spam
38,20,0.751,9,306,0,1,Spam
31,5,0.378,14,512,4,1,Spam
78,10,0.869,13,936,5,1,Spam
24,20,0.387,9,555,0,0,Spam
49,17,0.35,12,475,0,1,Spam
96,11,0.998,13,511,0,0,Spam
100,4,0.482,2,28,5,1,Spam
32,8,0.805,6,937,0,1,Not Spam
55,19,0.805,3,151,1,0,Spam
79,17,0.926,10,96,5,1,Spam
58,18,0.085,15,757,0,0,Not Spam
99,2,0.271,10,150,1,1,Not Spam
3,8,0.768,9,907,3,0,Not Spam
80,3,0.563,11,431,1,1,Spam
69,16,0.56,14,109,5,0,Spam
85,16,0.166,5,517,5,1,Spam
10,1,0.281,9,648,0,0,Not Spam
83,8,0.521,7,641,5,1,Spam
25,8,0.277,0,908,3,1,Not Spam
68,4,0.21,1,373,4,1,Not Spam
61,14,0.088,13,290,1,1,Spam
29,14,0.156,12,411,4,1,Spam
19,2,0.769,7,451,3,1,Not Spam
43,18,0.719,14,758,1,0,Not Spam
66,2,0.046,6,491,0,0,Not Spam
74,5,0.203,9,775,1,0,Not Spam
61,3,0.56,8,327,0,0,Not Spam
43,12,0.323,1,527,2,0,Not Spam
25,12,0.823,7,74,1,0,Not Spam
20,10,0.785,5,56,1,1,Not Spam
48,4,0.892,14,919,4,1,Spam
83,0,0.563,0,74,4,1,Not Spam
87,8,0.352,3,543,3,0,Spam
24,16,0.606,13,934,0,1,Spam
11,0,0.089,14,482,5,0,Not Spam
98,2,0.01,1,716,4,0,Not Spam
55,14,0.017,6,497,3,0,Not Spam
28,20,0.408,8,768,0,1,Spam
69,9,0.228,15,824,0,1,Spam
63,7,0.157,5,735,0,0,Not Spam
59,11,0.615,3,230,2,1,Spam
5,14,0.995,4,245,0,1,Not Spam
51,8,0.178,10,26,3,0,Not Spam
21,9,0.546,0,751,0,1,Not Spam
12,19,0.12,12,842,5,1,Spam
50,8,0.934,3,559,5,0,Not Spam
4,14,0.292,12,824,0,0,Not Spam
42,20,0.878,9,231,3,1,Spam
84,20,0.283,2,208,1,1,Spam
38,0,0.806,8,94,0,1,Not Spam
25,1,0.209,5,773,3,0,Not Spam
14,18,0.293,14,133,4,0,Not Spam
75,13,0.192,3,698,3,0,Not Spam
32,7,0.264,2,637,2,1,Not Spam
11,5,0.835,11,170,4,1,Not Spam
61,11,0.639,14,455,5,0,Spam
18,14,0.406,12,897,5,0,Spam
27,13,0.972,3,103,1,0,Not Spam
55,20,0.465,7,231,1,1,Spam
54,0,0.97,11,798,3,1,Spam
82,10,0.197,4,853,3,1,Spam
87,2,0.905,12,800,0,1,Spam
75,18,0.014,14,480,0,0,Spam
21,17,0.545,10,956,5,1,Spam
44,19,0.423,0,196,2,1,Spam
5,1,0.525,4,802,0,0,Not Spam
87,6,0.553,7,331,5,0,Spam
41,7,0.389,10,713,3,0,Not Spam
59,18,0.998,14,178,3,1,Spam
89,14,0.977,11,720,0,0,Spam
54,9,0.962,15,205,2,1,Spam
74,0,0.979,3,490,5,0,Not Spam
22,5,0.793,13,975,3,1,Spam
83,12,0.989,1,328,5,1,Spam
65,13,0.892,12,265,2,0,Spam
64,2,0.416,14,848,3,0,Not Spam
71,10,0.785,15,995,5,1,Spam
4,2,0.912,15,403,2,0,Not Spam
65,18,0.713,2,61,2,1,Not Spam
15,9,0.423,13,304,2,0,Spam
76,14,0.066,10,999,0,1,Spam
22,10,0.81,8,942,1,1,Not Spam
86,14,0.953,13,319,5,0,Spam
47,12,0.362,6,920,2,1,Not Spam
81,4,0.152,2,455,5,1,Not Spam
93,3,0.327,4,388,2,1,Not Spam
46,12,0.583,2,893,5,1,Not Spam
14,8,0.317,9,505,3,0,Not Spam
50,16,0.611,3,968,5,1,Spam
20,1,0.967,11,455,1,1,Not Spam
50,4,0.671,7,825,3,0,Spam
33,15,0.363,13,447,3,0,Spam
59,6,0.936,2,200,2,1,Not Spam
43,0,0.566,2,902,4,1,Not Spam
79,11,0.128,10,917,1,1,Spam
12,20,0.499,10,896,3,0,Spam
40,10,0.654,7,713,4,1,Spam
20,11,0.838,9,359,4,1,Spam
94,18,0.936,12,510,3,0,Spam
38,11,0.317,9,514,2,1,Spam
3,11,0.156,6,992,0,0,Not Spam
28,13,0.074,6,749,3,1,Not Spam
56,1,0.738,9,182,2,0,Not Spam
90,1,0.795,1,577,1,1,Not Spam
94,3,0.409,11,475,2,1,Spam
13,19,0.396,6,111,4,0,Spam
77,15,0.954,9,124,1,0,Spam
66,9,0.917,10,738,1,1,Not Spam
37,12,0.233,9,458,0,0,Spam
49,1,0.781,2,517,0,0,Not Spam
66,2,0.623,13,347,3,0,Spam
36,18,0.154,6,670,2,1,Not Spam
54,5,0.357,12,560,3,1,Spam
26,18,0.177,3,528,0,0,Not Spam
75,20,0.295,12,270,4,0,Spam
72,19,0.615,7,984,0,0,Spam
40,18,0.375,7,210,2,1,Spam
43,7,0.394,5,66,4,0,Not Spam
22,13,0.54,12,898,3,0,Spam
20,9,0.087,11,270,3,1,Spam
8,2,0.739,2,794,0,0,Not Spam
29,5,0.402,5,904,0,1,Not Spam
40,14,0.48,5,83,5,1,Spam
90,17,0.974,2,869,3,0,Spam
30,13,0.344,10,339,3,1,Spam
81,18,0.648,3,879,1,1,Spam
84,9,0.393,14,799,2,1,Spam
55,14,0.894,1,543,1,1,Spam
16,3,0.847,14,311,1,0,Not Spam
46,1,0.242,0,48,3,1,Not Spam
62,2,0.692,1,670,5,0,Not Spam
7,6,0.065,6,456,2,1,Not Spam
80,15,0.963,9,985,3,1,Spam
45,9,0.349,15,616,1,0,Not Spam
59,18,0.832,4,605,1,1,Spam
56,16,0.318,15,782,3,0,Spam
48,18,0.633,8,755,0,1,Spam
27,4,0.984,2,66,0,1,Not Spam
53,19,0.877,1,436,3,0,Spam
87,12,0.16,14,612,4,1,Spam
88,12,0.547,3,470,4,1,Spam
73,10,0.349,1,652,0,0,Not Spam
35,10,0.434,10,574,2,1,Not Spam
51,15,0.335,6,677,5,1,Spam
84,14,0.336,9,93,1,1,Spam
37,16,0.543,5,72,2,1,Spam
81,17,0.192,7,252,0,1,Spam
95,18,0.537,12,826,3,0,Spam
57,3,0.279,4,894,4,0,Not Spam
8,4,0.289,1,219,0,1,Not Spam
79,6,0.739,12,693,2,1,Spam
95,1,0.03,3,568,2,1,Not Spam
94,0,0.381,0,956,5,0,Not Spam
20,11,0.408,1,116,0,1,Not Spam
53,9,0.485,3,68,1,1,Not Spam
12,7,0.669,5,915,2,1,Not Spam
49,0,0.37,3,541,1,1,Not Spam
17,11,0.213,3,59,1,0,Not Spam
64,1,0.885,13,933,3,1,Spam
42,9,0.981,10,172,0,1,Not Spam
94,16,0.02,9,125,0,1,Not Spam
29,2,0.546,15,572,1,1,Spam
19,6,0.342,9,695,3,1,Not Spam
11,11,0.277,1,789,2,1,Not Spam
98,7,0.336,15,230,2,1,Spam
50,19,0.639,8,221,0,0,Not Spam
71,11,0.191,11,452,1,1,Spam
58,2,0.913,9,726,3,0,Not Spam
34,16,0.466,7,584,3,0,Spam
20,8,0.326,7,166,2,1,Spam
50,9,0.766,4,518,2,1,Spam
88,5,0.016,2,301,4,1,Not Spam
10,0,0.432,5,329,4,0,Not Spam
32,11,0.355,13,774,1,0,Not Spam
52,4,0.338,8,70,4,0,Not Spam
15,12,0.337,7,514,3,1,Not Spam
84,14,0.031,6,428,4,1,Spam
3,10,0.152,13,645,0,0,Not Spam
37,7,0.142,10,292,0,0,Not Spam
40,4,0.989,14,477,5,1,Spam
72,1,0.022,7,139,2,0,Not Spam
40,11,0.167,15,720,2,0,Not Spam
56,1,0.974,3,65,1,0,Not Spam
23,15,0.628,5,262,0,0,Not Spam
11,20,0.451,14,330,5,0,Spam
64,2,0.079,14,581,1,0,Not Spam
8,9,0.67,13,350,1,0,Not Spam
93,18,0.138,4,30,4,1,Spam
94,7,0.671,11,927,2,0,Spam
56,6,0.979,1,443,1,1,Not Spam
60,0,0.532,7,67,1,1,Not Spam
10,11,0.214,2,396,2,0,Not Spam
39,4,0.625,13,587,2,1,Spam
28,15,0.513,4,27,0,0,Not Spam
49,3,0.533,7,545,2,1,Spam
36,16,0.478,10,746,4,1,Spam
13,20,0.674,14,389,0,0,Not Spam
96,1,0.572,8,459,5,1,Not Spam
36,11,0.987,12,776,1,0,Not Spam
26,0,0.826,15,585,4,1,Not Spam
86,11,0.265,14,503,4,0,Spam
4,11,0.726,8,292,0,0,Not Spam
95,11,0.214,13,960,1,1,Spam
82,18,0.782,4,920,0,0,Not Spam
64,16,0.148,1,150,3,0,Not Spam
38,19,0.474,6,540,3,1,Not Spam
88,10,0.791,15,743,0,0,Spam
87,12,0.28,10,653,1,1,Spam
22,7,0.837,10,133,1,1,Not Spam
2,9,0.644,6,551,2,1,Not Spam
31,7,0.398,14,518,4,0,Spam
11,19,0.423,11,358,0,1,Spam
92,7,0.926,12,40,4,0,Spam
46,8,0.218,7,739,4,1,Spam
96,6,0.693,7,52,3,1,Spam
62,13,0.707,15,152,3,1,Spam
69,1,0.922,15,939,5,0,Spam
64,10,0.713,4,722,0,1,Spam
10,7,0.584,14,994,5,0,Not Spam
40,12,0.903,0,45,0,0,Not Spam
24,20,0.829,12,383,1,0,Not Spam
99,14,0.717,10,620,0,0,Spam
44,2,0.033,12,111,1,0,Not Spam
60,13,0.374,3,564,1,1,Not Spam
62,14,0.632,3,257,0,0,Not Spam
87,1,0.522,14,37,1,1,Spam
17,18,0.319,10,293,4,1,Spam
65,11,0.144,2,953,1,0,Not Spam
95,19,0.553,7,308,4,1,Spam
95,3,0.286,2,46,4,1,Not Spam
57,2,0.233,12,836,4,0,Not Spam
55,4,0.399,4,453,2,0,Not Spam
53,2,0.785,1,930,5,1,Not Spam
56,14,0.488,5,127,2,0,Not Spam
98,18,0.216,14,992,1,0,Spam
9,1,0.117,5,967,5,1,Not Spam
22,11,0.499,7,757,5,0,Not Spam
13,4,0.794,7,343,5,0,Not Spam
89,16,0.653,0,886,0,0,Not Spam
48,13,0.232,4,550,1,0,Not Spam
18,9,0.437,1,754,2,0,Not Spam
76,2,0.855,9,812,5,0,Spam
40,3,0.178,11,123,5,1,Spam
17,5,0.532,4,863,3,0,Not Spam
15,15,0.356,9,351,5,1,Spam
15,6,0.124,11,381,5,1,Not Spam
79,14,0.05,8,940,3,1,Spam
63,20,0.556,3,308,1,1,Spam
39,19,0.021,7,463,2,0,Spam
13,10,0.103,0,56,4,1,Not Spam
81,20,0.348,7,367,2,0,Spam
32,0,0.044,5,911,1,1,Not Spam
9,4,0.4,7,775,2,1,Spam
40,12,0.13,5,62,3,0,Not Spam
20,20,0.35,10,145,5,0,Spam
90,13,0.791,2,28,5,1,Spam
91,8,0.626,14,545,4,0,Spam
85,16,0.445,11,150,1,1,Spam
82,14,0.092,14,344,5,0,Spam
77,20,0.619,10,203,1,0,Spam
80,6,0.164,7,301,0,1,Not Spam
73,11,0.077,4,914,4,0,Spam
63,5,0.664,11,72,1,1,Not Spam
76,20,0.912,9,572,2,0,Spam
44,15,0.461,15,869,2,1,Spam
38,4,0.041,4,889,2,1,Not Spam
83,8,0.88,14,552,2,1,Spam
60,13,0.067,11,396,1,0,Not Spam
71,7,0.868,6,314,3,1,Spam
99,13,0.392,5,227,4,1,Spam
48,11,0.365,8,682,2,0,Spam
18,9,0.543,6,496,1,1,Not Spam
16,19,0.957,2,989,5,1,Spam
55,19,0.899,10,973,5,1,Spam
39,20,0.47,10,88,1,0,Spam
68,12,0.696,11,862,2,0,Not Spam
59,18,0.58,4,944,0,1,Spam
89,14,0.693,8,849,1,0,Not Spam
96,7,0.829,10,456,4,1,Spam
62,20,0.034,12,320,4,0,Spam
13,9,0.326,14,46,0,1,Not Spam
81,2,0.959,9,647,5,1,Spam
6,20,0.949,13,949,5,1,Spam
83,2,0.011,1,673,1,0,Not Spam
77,4,0.201,0,572,0,1,Not Spam
60,15,0.994,10,125,1,1,Spam
90,16,0.493,7,605,1,0,Spam
14,5,0.573,7,591,0,0,Not Spam
95,19,0.166,1,829,5,1,Spam
54,19,0.894,13,653,3,0,Spam
4,15,0.231,12,966,2,1,Not Spam
39,1,0.19,7,734,2,0,Not Spam
72,19,0.228,4,30,2,0,Spam
25,14,0.92,1,950,0,1,Not Spam
77,17,0.703,6,678,1,1,Spam
32,0,0.769,6,235,1,1,Not Spam
59,18,0.377,2,905,4,0,Not Spam
63,11,0.909,13,340,1,1,Spam
38,7,0.789,0,479,5,0,Spam
92,5,0.751,10,976,3,1,Spam
53,11,0.971,15,834,2,1,Spam
94,6,0.366,3,545,5,1,Not Spam
67,17,0.611,1,598,5,0,Spam
28,13,0.91,3,711,3,1,Spam
3,7,0.791,7,896,2,0,Not Spam
98,19,0.563,1,773,0,1,Spam
80,13,0.076,0,179,3,1,Not Spam
22,4,0.653,10,483,5,0,Not Spam
96,8,0.527,13,541,1,0,Spam
38,7,0.184,15,655,2,0,Spam
72,1,0.882,14,292,4,1,Spam
72,15,0.343,14,260,3,1,Spam
62,12,0.387,2,955,5,0,Not Spam
57,6,0.672,9,983,0,1,Spam
6,15,0.489,6,978,5,0,Spam
78,6,0.089,12,674,4,0,Spam
32,13,0.387,11,884,0,1,Not Spam
99,13,0.094,5,186,2,0,Not Spam
10,11,0.191,5,588,3,1,Not Spam
3,0,0.007,6,669,0,0,Not Spam
59,0,0.181,7,346,4,1,Not Spam
76,11,0.33,2,884,5,0,Spam
49,19,0.538,2,548,4,1,Spam
59,20,0.919,9,863,1,0,Spam
31,14,0.54,12,292,0,1,Not Spam
93,3,0.706,7,898,3,1,Spam
69,6,0.358,15,395,3,1,Spam
62,15,0.752,15,931,5,0,Spam
52,2,0.62,11,394,5,1,Spam
89,6,0.46,12,353,5,0,Spam
41,5,0.194,13,22,1,0,Not Spam
31,15,0.304,12,262,4,0,Spam
85,7,0.621,6,639,5,1,Spam
84,5,0.426,9,70,0,0,Not Spam
22,9,0.889,4,901,5,0,Not Spam
4,15,0.235,15,369,4,1,Spam
13,10,0.073,3,193,0,1,Not Spam
45,12,0.589,5,135,0,1,Not Spam
42,5,0.886,8,714,0,1,Not Spam
49,0,0.365,5,380,4,0,Not Spam
20,20,0.648,7,374,5,0,Spam
77,18,0.231,0,685,4,0,Spam
81,11,0.558,11,778,4,0,Spam
54,5,0.787,13,95,2,0,Spam
36,17,0.867,5,946,4,1,Spam
97,12,0.105,13,775,1,0,Spam
1,6,0.356,13,100,2,1,Not Spam
15,12,0.64,1,248,0,1,Not Spam
77,20,0.035,2,91,5,0,Not Spam
17,7,0.691,5,422,3,0,Not Spam
24,20,0.528,1,237,5,0,Spam
58,16,0.289,3,471,2,1,Spam
72,8,0.815,5,930,2,1,Not Spam
91,19,0.29,4,774,0,1,Spam
23,12,0.991,5,386,4,0,Spam
46,1,0.816,14,845,4,1,Spam
72,3,0.708,5,609,2,1,Spam
8,1,0.061,7,689,4,1,Not Spam
59,3,0.904,8,579,2,1,Spam
90,17,0.79,4,331,5,0,Spam
59,4,0.229,5,317,3,1,Not Spam
13,18,0.392,5,43,5,0,Not Spam
39,9,0.269,5,129,3,0,Not Spam
28,17,0.984,1,71,0,0,Not Spam
89,20,0.854,15,958,1,0,Spam
61,9,0.93,3,309,1,1,Not Spam
16,4,0.789,0,463,5,0,Not Spam
2,16,0.456,13,486,4,0,Spam
82,12,0.205,11,278,1,1,Spam
17,16,0.208,15,343,3,1,Spam
30,8,0.152,0,670,0,1,Not Spam
13,11,0.547,0,928,3,1,Not Spam
96,13,0.92,6,837,2,0,Spam
93,13,0.992,15,357,4,1,Spam
94,7,0.287,0,806,4,1,Not Spam
82,4,0.697,15,575,1,0,Spam
13,18,0.597,15,948,2,0,Spam
43,13,0.489,5,441,1,1,Not Spam
85,8,0.666,1,278,1,0,Not Spam
94,6,0.371,5,644,1,1,Not Spam
21,7,0.944,5,758,2,1,Not Spam
55,13,0.705,11,84,1,0,Spam
81,13,0.754,10,182,4,0,Spam
40,10,0.242,2,183,1,0,Not Spam
83,13,0.169,14,697,2,0,Not Spam
15,20,0.394,7,58,2,1,Spam
73,7,0.767,10,684,3,1,Spam
52,2,0.939,3,339,1,0,Not Spam
74,17,0.427,12,379,2,1,Spam
95,2,0.774,6,288,5,0,Spam
53,12,0.47,3,343,1,1,Spam
87,11,0.295,0,345,0,1,Not Spam
52,14,0.739,5,606,4,1,Spam
30,17,0.798,4,276,4,1,Spam
33,4,0.203,8,219,5,1,Not Spam
57,6,0.305,14,457,1,1,Spam
52,10,0.495,13,629,4,0,Spam
9,10,0.187,13,123,4,0,Not Spam
54,14,0.929,14,391,0,0,Spam
1,9,0.591,8,924,4,1,Spam
44,14,0.121,11,183,4,0,Spam
99,12,0.184,10,132,2,1,Spam
75,13,0.954,12,634,4,1,Spam
98,16,0.738,7,568,1,1,Spam
80,12,0.734,14,125,4,0,Spam
9,9,0.072,6,718,1,1,Not Spam
32,0,0.895,13,383,4,1,Spam
15,0,0.444,1,40,1,0,Not Spam
12,14,0.66,13,679,4,0,Spam
97,15,0.96,7,148,5,0,Spam
78,11,0.1,2,502,1,1,Not Spam
57,5,0.482,5,718,4,1,Spam
8,5,0.05,9,815,0,0,Not Spam
72,11,0.5,6,218,2,1,Spam
27,14,0.252,11,766,2,1,Spam
62,3,0.911,5,971,2,1,Spam
12,3,0.398,4,639,2,0,Not Spam
65,1,0.634,3,540,0,1,Not Spam
42,11,0.86,1,980,5,0,Not Spam
62,6,0.984,8,439,5,0,Spam
11,19,0.504,13,245,0,0,Not Spam
43,8,0.456,15,949,4,1,Spam
95,8,0.076,6,228,0,1,Not Spam
17,7,0.013,6,264,2,1,Spam
97,13,0.609,3,307,5,0,Spam
32,0,0.065,13,85,3,0,Not Spam
93,20,0.38,15,887,4,1,Spam
85,11,0.004,4,172,1,1,Spam
85,1,0.615,5,510,5,0,Not Spam
40,12,0.425,11,454,2,1,Spam
23,3,0.127,10,722,5,0,Not Spam
56,19,0.296,11,237,2,0,Spam
6,17,0.57,1,448,2,0,Not Spam
86,18,0.657,3,521,5,0,Spam
50,15,0.462,14,685,5,1,Spam
37,13,0.804,12,808,5,0,Spam
64,7,0.112,3,613,0,0,Not Spam
54,11,0.085,11,240,5,1,Spam
72,8,0.044,12,454,1,0,Not Spam
49,5,0.536,3,299,4,0,Not Spam
99,17,0.706,6,642,2,0,Spam
11,1,0.131,12,111,5,0,Not Spam
88,7,0.639,6,543,1,1,Not Spam
49,13,0.477,6,158,3,1,Spam
21,5,0.987,6,686,5,1,Spam
66,9,0.717,1,42,0,1,Not Spam
63,7,0.657,4,436,2,0,Spam
83,16,0.57,9,995,1,0,Spam
28,11,0.997,1,751,5,1,Spam
17,16,0.98,15,367,1,0,Spam
6,12,0.538,4,256,2,1,Not Spam
19,18,0.455,11,784,1,0,Spam
56,11,0.462,5,953,1,1,Spam
28,15,0.428,15,202,5,1,Spam
66,4,0.531,2,527,5,1,Spam
38,15,0.274,5,217,4,1,Spam
37,5,0.927,14,701,0,0,Not Spam
68,10,0.49,4,142,4,0,Spam
86,16,0.842,3,944,0,0,Not Spam
90,13,0.475,9,565,0,1,Spam
49,5,0.718,8,400,4,1,Not Spam
43,10,0.337,10,844,2,0,Not Spam
36,11,0.625,15,534,1,0,Spam
58,12,0.498,15,25,3,0,Spam
13,3,0.367,13,323,4,0,Not Spam
52,6,0.882,7,633,4,1,Spam
58,1,0.113,11,211,2,1,Not Spam
32,5,0.487,6,395,1,0,Not Spam
81,5,0.194,10,544,5,0,Not Spam
100,17,0.861,14,55,4,0,Spam
60,19,0.253,0,994,3,1,Spam
83,7,0.633,8,89,1,0,Not Spam
58,7,0.166,15,308,4,1,Spam
99,7,0.405,8,124,5,1,Spam
56,7,0.899,5,735,4,0,Not Spam
28,0,0.166,6,332,5,0,Not Spam
1,1,0.663,12,74,0,0,Not Spam
42,11,0.205,15,126,0,1,Spam
82,14,0.416,2,672,4,0,Spam
48,3,0.541,4,756,2,0,Not Spam
40,2,0.577,6,326,0,1,Spam
97,13,0.603,0,879,4,1,Spam
63,7,0.64,11,840,5,1,Spam
76,12,0.272,0,55,1,0,Not Spam
72,18,0.401,4,152,5,1,Spam
88,4,0.037,8,906,3,1,Spam
80,12,0.769,6,44,0,1,Spam
4,19,0.837,0,868,4,1,Spam
38,0,0.199,12,56,0,1,Not Spam
27,15,0.201,12,38,5,0,Not Spam
9,1,0.042,14,54,5,1,Not Spam
16,6,0.97,15,382,1,1,Spam
56,5,0.807,15,437,2,1,Not Spam
76,4,0.361,11,841,4,0,Spam
31,3,0.482,4,449,1,0,Not Spam
88,1,0.292,14,537,3,1,Spam
14,9,0.597,7,486,4,1,Not Spam
25,4,0.717,7,916,3,1,Spam
34,17,0.447,11,218,2,1,Spam
67,9,0.874,1,565,4,0,Spam
24,14,0.517,6,587,4,0,Spam
73,8,0.144,9,787,1,0,Not Spam
26,10,0.622,4,230,0,1,Not Spam
20,20,0.462,15,628,4,1,Spam
64,16,0.936,8,813,2,0,Spam
10,20,0.392,2,520,4,0,Not Spam
83,8,0.403,0,260,4,1,Spam
67,15,0.651,12,189,4,0,Spam
24,5,0.527,3,878,4,0,Not Spam
5,10,0.374,6,313,2,0,Not Spam
67,16,0.99,0,941,1,0,Spam
58,3,0.302,1,758,0,0,Not Spam
27,14,0.278,15,334,2,1,Spam
80,0,0.864,13,146,2,1,Spam
15,19,0.003,15,487,3,1,Not Spam
35,0,0.201,4,811,0,1,Not Spam
76,8,0.59,15,386,1,0,Spam
53,11,0.162,8,40,5,1,Spam
44,3,0.986,13,335,1,0,Spam
26,12,0.464,0,777,5,0,Spam
47,6,0.597,11,109,3,1,Spam
34,7,0.16,3,423,3,1,Not Spam
87,12,0.289,11,537,2,1,Spam
95,10,0.615,13,470,1,1,Spam
50,8,0.55,2,797,5,0,Not Spam
84,15,0.784,13,927,1,0,Spam
12,9,0.269,4,628,5,0,Not Spam
87,10,0.654,4,169,1,1,Not Spam
4,11,0.291,9,465,2,1,Spam
87,13,0.587,1,976,5,0,Spam
48,18,0.605,4,99,1,0,Not Spam
55,11,0.122,8,36,4,1,Not Spam
1,17,0.549,4,157,3,1,Not Spam
89,20,0.012,14,671,3,0,Spam
66,16,0.501,10,870,5,0,Spam
30,2,0.698,9,527,3,0,Not Spam
3,0,0.073,1,571,3,1,Not Spam
21,18,0.939,6,938,4,0,Spam
89,3,0.459,15,699,0,0,Not Spam
84,15,0.938,14,93,1,1,Spam
49,11,0.107,5,93,5,0,Not Spam
86,20,0.95,6,69,3,0,Spam
85,20,0.109,7,29,1,0,Not Spam
62,12,0.461,9,122,1,1,Spam
97,16,0.938,4,881,4,1,Spam
38,7,0.233,1,407,1,0,Not Spam
15,12,0.035,6,404,3,1,Not Spam
52,19,0.793,6,318,5,0,Spam
79,4,0.596,7,358,1,0,Spam
46,17,0.514,6,408,4,1,Spam
25,14,0.034,15,493,5,0,Spam
21,11,0.653,9,635,5,1,Spam
88,16,0.172,6,821,5,1,Spam
5,14,0.931,13,981,3,0,Spam
70,1,0.686,12,811,4,0,Not Spam
47,5,0.707,8,161,2,1,Spam
87,16,0.233,7,828,0,1,Spam
68,15,0.881,14,189,1,0,Spam
91,16,0.538,1,32,1,1,Not Spam
18,19,0.857,1,688,1,0,Not Spam
21,8,0.271,6,468,2,0,Not Spam
92,4,0.755,9,193,5,1,Spam
99,0,0.575,14,693,5,0,Spam
86,5,0.048,10,978,0,1,Not Spam
23,13,0.405,12,151,4,0,Not Spam
64,16,0.184,14,559,2,0,Spam
67,18,0.359,9,614,2,0,Not Spam
40,0,0.383,2,916,3,0,Not Spam
10,0,0.475,0,951,5,0,Not Spam
89,12,0.6,8,894,2,0,Spam
52,13,0.571,15,288,2,1,Spam
72,5,0.039,13,270,1,1,Not Spam
75,5,0.751,14,389,5,0,Spam
61,0,0.949,13,637,3,1,Spam
64,13,0.349,13,792,4,1,Spam
5,2,0.18,2,884,0,1,Not Spam
53,9,0.54,0,545,4,1,Spam
55,18,0.705,5,611,3,1,Spam
37,18,0.679,3,907,1,0,Not Spam
56,18,0.612,13,525,0,0,Spam
59,3,0.146,0,691,4,0,Not Spam
93,19,0.837,15,197,5,0,Spam
69,18,0.426,3,686,5,0,Spam
73,9,0.221,7,566,0,1,Spam
59,1,0.086,15,278,0,1,Not Spam
2,3,0.417,10,279,0,0,Not Spam
65,5,0.618,6,154,2,0,Not Spam
60,6,0.665,14,480,3,1,Spam
51,15,0.963,11,508,5,0,Spam
30,6,0.153,0,662,5,0,Not Spam
11,17,0.986,9,100,3,1,Spam
92,19,0.655,11,386,1,0,Spam
76,18,0.454,8,78,5,0,Spam
39,8,0.888,5,93,4,0,Not Spam
90,19,0.694,15,258,1,0,Spam
77,9,0.349,1,148,4,0,Not Spam
72,12,0.884,2,431,0,1,Not Spam
63,17,0.667,6,334,5,0,Spam
64,15,0.699,2,393,4,0,Not Spam
61,16,0.896,12,456,4,1,Spam
54,12,0.448,2,157,0,0,Not Spam
92,11,0.657,4,474,1,0,Not Spam
94,9,0.745,2,634,4,1,Spam
73,0,0.454,2,918,5,1,Spam
95,7,0.083,10,922,1,1,Spam
58,20,0.771,4,28,1,1,Spam
85,17,0.048,13,251,3,1,Spam
56,1,0.718,4,630,5,0,Not Spam
34,15,0.911,15,749,5,1,Spam
31,11,0.347,11,984,0,1,Spam
52,8,0.102,8,416,0,1,Not Spam
89,2,0.233,0,768,2,1,Not Spam
76,20,0.562,13,753,5,0,Spam
1,3,0.943,0,699,1,1,Not Spam
55,1,0.512,10,901,2,0,Not Spam
22,7,0.113,13,593,5,0,Spam
40,9,0.628,8,337,0,1,Not Spam
1,15,0.733,4,526,0,0,Not Spam
65,10,0.393,3,541,5,0,Spam
63,17,0.722,1,765,2,0,Not Spam
54,13,0.325,11,106,0,1,Not Spam
42,7,0.789,8,798,0,1,Spam
21,14,0.341,5,735,3,0,Not Spam
79,16,0.256,14,337,4,1,Spam
81,20,0.879,8,352,5,1,Spam
22,17,0.548,4,379,3,1,Not Spam
38,5,0.285,3,260,4,0,Not Spam
99,13,0.935,6,75,5,1,Spam
80,2,0.691,4,129,3,1,Not Spam
8,6,0.221,7,68,3,0,Not Spam
62,14,0.615,7,774,5,1,Spam
47,20,0.87,12,35,1,0,Spam
17,15,0.696,1,92,2,1,Not Spam
17,15,0.245,12,903,5,1,Spam
90,7,0.649,14,221,3,1,Spam
13,6,0.619,4,112,1,1,Not Spam
17,5,0.821,9,668,3,0,Not Spam
38,1,0.178,7,52,2,1,Not Spam
81,12,0.7,2,619,1,0,Not Spam
78,11,0.027,6,438,5,0,Spam
45,14,0.696,2,222,4,1,Spam
6,8,0.96,14,570,2,1,Spam
35,1,0.174,5,645,0,1,Not Spam
14,16,0.311,1,864,5,1,Not Spam
72,4,0.583,5,778,5,1,Spam
61,10,0.732,5,874,5,1,Spam
15,18,0.344,7,940,1,1,Spam
54,6,0.664,4,901,0,1,Not Spam
27,1,0.899,13,739,1,1,Not Spam
13,15,0.727,0,331,4,0,Not Spam
31,11,0.711,14,963,1,1,Spam
35,14,0.382,7,488,5,1,Spam
60,0,0.911,11,413,3,0,Spam
6,12,0.277,8,828,0,1,Not Spam
69,5,0.205,0,891,0,1,Not Spam
86,12,0.364,4,230,1,0,Not Spam
58,17,0.65,11,886,3,1,Spam
49,2,0.862,5,590,3,0,Not Spam
23,0,0.132,3,175,1,1,Not Spam
89,14,0.814,13,653,2,1,Spam
34,12,0.813,10,651,4,1,Spam
26,4,0.587,1,828,1,0,Not Spam
47,12,0.761,4,341,5,0,Spam
5,4,0.182,13,454,3,0,Not Spam
90,18,0.17,13,593,4,0,Spam
20,20,0.863,3,689,1,1,Spam
6,17,0.498,12,59,4,0,Not Spam
70,20,0.246,6,773,2,1,Spam
59,9,0.689,5,59,3,1,Spam
64,7,0.892,2,472,2,1,Not Spam
18,14,0.632,8,889,2,1,Spam
4,20,0.347,13,209,3,1,Spam
17,19,0.483,3,765,5,0,Not Spam
14,3,0.752,14,34,2,1,Not Spam
78,1,0.068,15,143,1,1,Not Spam
13,5,0.217,10,759,1,0,Not Spam
7,2,0.463,4,918,4,1,Not Spam
44,6,0.604,13,299,1,0,Spam
15,9,0.339,2,956,1,1,Not Spam
19,5,0.298,7,978,4,0,Not Spam
63,15,0.041,10,67,0,1,Spam
35,1,0.033,6,208,3,1,Not Spam
81,16,0.279,10,323,1,0,Spam
35,12,0.531,10,578,4,1,Not Spam
19,0,0.556,14,715,2,1,Not Spam
20,5,0.494,6,124,2,0,Not Spam
100,4,0.41,7,388,5,0,Spam
35,12,0.252,6,520,1,1,Spam
32,17,0.401,2,479,3,0,Not Spam
48,11,0.139,2,266,4,1,Spam
44,6,0.115,1,283,5,0,Not Spam
24,14,0.3,12,225,5,0,Not Spam
61,2,0.995,0,526,4,0,Not Spam
17,15,0.326,4,549,4,1,Spam
71,0,0.936,11,383,4,1,Not Spam
50,15,0.392,3,782,4,1,Not Spam
65,11,0.439,15,769,3,0,Spam
99,18,0.797,14,359,4,1,Spam
32,7,0.094,12,426,3,1,Not Spam
36,11,0.182,10,472,3,0,Not Spam
13,14,0.974,1,852,3,0,Spam
70,1,0.506,0,896,2,1,Not Spam
58,16,0.044,13,833,0,1,Spam
14,6,0.047,13,597,5,1,Not Spam
37,12,0.907,2,867,1,1,Not Spam
79,0,0.873,12,984,2,1,Spam
68,5,0.458,5,169,0,0,Not Spam
40,12,0.163,12,212,5,1,Spam
59,10,0.83,1,927,2,1,Spam
80,9,0.325,9,166,5,1,Not Spam
92,15,0.419,14,425,3,0,Not Spam
16,19,0.682,12,202,3,0,Spam
62,16,0.353,6,125,4,1,Not Spam
4,16,0.629,10,255,3,1,Spam
45,3,0.885,6,657,2,1,Not Spam
90,4,0.797,10,977,5,1,Spam
28,13,0.382,2,198,1,0,Not Spam
96,19,0.288,13,451,5,1,Spam
66,9,0.286,0,420,3,1,Not Spam
31,13,0.349,8,544,5,1,Spam
3,0,0.494,10,762,0,0,Not Spam
8,10,0.417,4,559,5,0,Not Spam
24,17,0.133,1,910,2,0,Not Spam
15,15,0.163,14,342,0,0,Not Spam
43,17,0.343,7,280,4,0,Not Spam
31,7,0.562,11,631,4,1,Spam
73,9,0.593,9,719,5,0,Spam
45,9,0.486,9,418,1,1,Spam
66,4,0.739,3,356,2,1,Not Spam
8,9,0.737,10,319,1,1,Not Spam
71,17,0.428,9,138,0,0,Spam
57,20,0.124,11,577,1,0,Not Spam
80,5,0.53,6,432,0,0,Not Spam
99,2,0.381,13,599,1,1,Spam
30,7,0.138,12,403,4,1,Spam
74,8,0.982,4,499,2,0,Not Spam
18,4,0.37,12,324,1,0,Not Spam
69,1,0.626,2,702,5,0,Not Spam
93,1,0.49,9,889,0,1,Not Spam
39,6,0.143,7,215,5,1,Spam
60,16,0.056,1,352,2,0,Not Spam
98,9,0.626,0,39,5,1,Not Spam
43,11,0.247,4,642,4,1,Spam
45,1,0.244,10,677,4,0,Not Spam
23,9,0.957,3,723,3,1,Not Spam
69,19,0.462,10,452,2,1,Spam
94,0,0.029,15,902,1,1,Spam
6,3,0.34,9,445,4,0,Spam
56,12,0.584,14,248,1,1,Spam
4,11,0.329,6,543,1,1,Not Spam
93,10,0.027,14,236,0,0,Spam
23,9,0.444,12,610,5,0,Not Spam
6,14,0.106,8,394,1,1,Not Spam
32,4,0.619,15,55,3,1,Spam
18,16,0.62,5,795,2,1,Not Spam
15,4,0.038,10,47,2,0,Not Spam
40,1,0.291,0,391,0,0,Not Spam
96,8,0.414,14,105,3,1,Not Spam
73,5,0.55,15,207,5,0,Spam
74,17,0.296,7,324,3,0,Spam
84,13,0.288,1,785,2,0,Spam
6,18,0.983,3,441,3,0,Not Spam
63,13,0.042,2,99,5,0,Not Spam
67,7,0.989,5,205,4,0,Spam
11,16,0.048,1,24,1,1,Not Spam
43,2,0.288,4,577,1,1,Not Spam
17,9,0.494,10,885,2,1,Spam
96,16,0.143,15,516,2,0,Spam
4,10,0.135,8,528,5,1,Not Spam
63,7,0.256,14,633,3,1,Spam
68,0,0.974,2,990,5,0,Spam
81,12,0.38,1,21,0,1,Spam
41,20,0.566,1,236,2,1,Spam
83,3,0.704,14,556,2,1,Not Spam
5,6,0.742,8,276,2,1,Not Spam
32,13,0.688,5,754,5,0,Not Spam
86,4,0.337,1,472,5,1,Spam
70,10,0.112,2,443,3,0,Not Spam
35,16,0.282,14,343,4,0,Spam
22,4,0.21,13,518,2,1,Not Spam
65,19,0.136,0,600,4,0,Not Spam
84,2,0.024,1,216,5,0,Not Spam
22,4,0.936,14,523,3,0,Not Spam
11,14,0.921,1,291,5,0,Not Spam
77,18,0.05,10,713,0,1,Spam
3,15,0.173,1,978,1,1,Not Spam
9,7,0.14,6,37,1,0,Not Spam
60,12,0.281,2,126,5,0,Not Spam
76,15,0.204,12,548,1,0,Spam
87,2,0.946,14,144,1,0,Not Spam
14,0,0.084,13,502,3,1,Not Spam
97,8,0.212,10,613,1,0,Not Spam
18,8,0.081,3,23,3,1,Not Spam
73,16,0.98,1,646,0,0,Not Spam
23,1,0.918,4,370,2,0,Not Spam
74,8,0.717,13,370,2,0,Spam
83,18,0.426,8,668,2,1,Spam
47,12,0.19,11,818,3,1,Spam
69,4,0.221,8,920,3,1,Not Spam
47,8,0.443,6,247,3,0,Not Spam
87,12,0.768,11,35,0,1,Spam
30,0,0.265,7,829,4,0,Not Spam
25,14,0.311,12,444,3,0,Spam
28,3,0.6,13,483,3,1,Spam
98,3,0.238,4,743,2,0,Not Spam
25,19,0.584,4,265,5,1,Spam
74,9,0.387,11,817,1,0,Spam
78,5,0.034,2,813,1,0,Not Spam
58,11,0.403,5,196,0,0,Not Spam
94,19,0.92,0,562,1,0,Spam
41,15,0.293,2,528,4,0,Spam
25,2,0.323,10,581,2,1,Not Spam
78,13,0.066,1,674,0,0,Not Spam
99,0,0.615,6,583,1,0,Not Spam
48,9,0.849,8,252,1,1,Spam
98,14,0.353,3,697,5,1,Spam
10,6,0.24,6,57,2,0,Not Spam
99,3,0.957,7,510,0,1,Spam
75,13,0.745,9,463,2,0,Spam
11,15,0.567,1,39,0,1,Not Spam
85,13,0.306,6,630,1,1,Spam
21,2,0.221,15,746,2,0,Not Spam
86,16,0.716,12,575,2,1,Spam
45,20,0.522,11,130,4,0,Spam
7,13,0.521,2,506,5,0,Not Spam
81,17,0.074,15,108,2,0,Spam
64,2,0.512,7,338,0,1,Not Spam
64,18,0.823,5,137,4,0,Spam
2,2,0.947,2,453,2,1,Not Spam
76,11,0.107,7,937,2,0,Spam
42,4,0.631,10,258,4,1,Spam
82,9,0.568,12,91,1,1,Spam
54,8,0.89,2,841,2,1,Not Spam
75,0,0.751,8,924,3,1,Spam
16,12,0.965,10,418,5,0,Spam
18,2,0.96,2,835,1,0,Not Spam
99,18,0.226,15,423,2,0,Spam
59,10,0.725,15,694,1,0,Not Spam
90,15,0.531,0,270,0,1,Spam
16,5,0.215,12,888,1,0,Not Spam
6,2,0.195,1,214,4,1,Not Spam
57,18,0.081,3,591,2,1,Not Spam
47,5,0.796,12,629,1,0,Not Spam
48,7,0.325,15,949,3,0,Spam
42,12,0.857,10,887,0,0,Not Spam
76,11,0.608,1,886,0,0,Not Spam
60,9,0.674,3,604,1,0,Not Spam
77,2,0.292,3,241,4,1,Not Spam
4,3,0.457,3,650,0,0,Not Spam
2,0,0.412,15,201,1,0,Not Spam
90,12,0.236,0,915,1,0,Not Spam
59,3,0.833,8,749,0,1,Spam
27,10,0.622,9,275,1,0,Not Spam
27,18,0.037,10,927,1,1,Spam
79,10,0.82,6,107,5,1,Spam
72,11,0.106,1,892,3,1,Spam
7,10,0.404,2,806,1,0,Not Spam
63,5,0.571,12,511,5,1,Spam
46,11,0.008,7,355,5,1,Spam
63,8,0.653,6,557,1,1,Not Spam
12,9,0.66,3,426,4,0,Not Spam
13,2,0.653,3,652,0,1,Not Spam
43,2,0.163,8,308,5,0,Not Spam
17,19,0.256,15,381,5,1,Spam
63,15,0.247,14,460,4,1,Spam
81,2,0.96,4,49,2,0,Not Spam
36,9,0.068,13,938,4,1,Spam
85,10,0.429,12,733,2,1,Spam
8,7,0.871,10,913,2,1,Spam
69,5,0.769,4,567,4,0,Not Spam
90,19,0.822,14,656,3,0,Spam
80,10,0.972,6,242,4,0,Spam
36,20,0.387,0,766,5,1,Spam
28,11,0.31,2,143,0,1,Not Spam
93,15,0.031,1,702,4,1,Not Spam
47,17,0.15,10,981,3,0,Spam
76,12,0.562,9,712,4,0,Spam
30,2,0.158,5,234,3,0,Not Spam
23,14,0.736,10,137,0,1,Spam
16,20,0.037,11,246,1,0,Spam
14,13,0.259,5,910,3,0,Not Spam
74,17,0.695,9,463,3,1,Spam
71,13,0.256,0,568,5,0,Not Spam
52,4,0.729,13,848,3,1,Spam
37,20,0.996,13,627,0,1,Spam
29,13,0.797,5,651,2,0,Spam
67,7,0.342,9,456,3,0,Not Spam
15,14,0.901,15,31,0,1,Spam
100,14,0.051,1,141,5,0,Not Spam
47,18,0.725,10,566,5,1,Spam
46,19,0.023,3,508,1,0,Not Spam
52,5,0.175,5,270,3,0,Not Spam
19,18,0.988,2,598,2,1,Not Spam
77,7,0.361,2,501,0,1,Not Spam
21,5,0.82,11,569,1,0,Not Spam
64,19,0.376,15,299,2,0,Spam
37,14,0.84,2,761,1,1,Not Spam
27,2,0.965,15,356,2,0,Not Spam
55,9,0.436,3,187,4,0,Not Spam
29,14,0.559,8,980,4,0,Spam
20,15,0.629,3,972,4,1,Spam
25,16,0.935,12,347,1,0,Spam
70,18,0.257,3,265,4,0,Spam
63,10,0.611,3,610,0,0,Not Spam
36,15,0.325,6,645,0,1,Spam
2,4,0.217,4,320,4,1,Not Spam
22,4,0.085,11,748,2,0,Not Spam
96,13,0.621,1,219,2,1,Spam
16,17,0.882,15,912,1,1,Spam
18,7,0.351,6,519,2,0,Not Spam
69,4,0.553,2,883,3,0,Not Spam
54,6,0.642,10,773,2,1,Spam
100,15,0.415,0,32,0,0,Not Spam
30,13,0.903,8,385,5,0,Spam
45,4,0.363,4,738,2,0,Not Spam
19,8,0.125,9,793,1,0,Not Spam
87,3,0.144,0,116,2,1,Not Spam
34,3,0.891,10,90,1,1,Not Spam
13,15,0.988,0,834,3,0,Not Spam
43,16,0.289,0,880,4,0,Not Spam
62,14,0.144,11,761,3,1,Spam
93,3,0.482,8,376,0,0,Not Spam
100,5,0.71,15,831,5,0,Spam
22,15,0.612,12,563,3,0,Spam
52,3,0.951,7,269,3,1,Not Spam
52,5,0.818,10,273,0,0,Not Spam
36,4,0.869,12,790,0,0,Not Spam
73,15,0.542,14,201,4,0,Spam
19,15,0.327,12,871,4,0,Not Spam
38,9,0.702,5,993,2,0,Spam
70,8,0.439,9,185,1,1,Spam
79,3,0.288,14,23,0,0,Not Spam
57,13,0.152,14,482,3,1,Spam
20,3,0.528,5,164,3,1,Not Spam
9,11,0.594,5,184,4,0,Spam
32,9,0.569,3,363,1,0,Not Spam
4,3,0.117,4,893,0,0,Not Spam
50,17,0.57,9,124,4,0,Spam
82,12,0.168,2,567,1,0,Not Spam
5,12,0.664,2,333,0,0,Not Spam
20,13,0.429,9,188,3,0,Not Spam
87,17,0.849,6,539,3,0,Spam
75,0,0.778,4,982,4,0,Spam
37,20,0.724,7,945,1,0,Spam
22,15,0.701,4,617,3,1,Not Spam
58,14,0.56,11,455,1,0,Spam
68,4,0.061,3,628,4,0,Not Spam
93,5,0.655,13,531,2,0,Spam
44,5,0.467,2,428,1,1,Not Spam
34,2,0.47,11,455,5,1,Not Spam
77,15,0.379,1,334,1,1,Spam
42,11,0.929,2,561,4,0,Spam
9,3,0.249,6,632,5,1,Not Spam
95,0,0.317,7,598,2,0,Not Spam
7,3,0.963,14,919,3,0,Not Spam
68,0,0.81,4,880,0,1,Not Spam
19,20,0.014,10,972,4,0,Not Spam
94,7,0.906,0,82,0,1,Not Spam
31,4,0.227,2,51,2,1,Not Spam
35,1,0.706,3,618,5,1,Not Spam
57,11,0.553,15,230,2,0,Not Spam
85,16,0.537,9,482,1,0,Spam
61,6,0.718,12,582,0,0,Not Spam
31,10,0.207,12,594,0,0,Spam
83,3,0.159,11,99,2,1,Not Spam
95,4,0.652,3,362,5,0,Not Spam
53,5,0.291,11,251,0,1,Not Spam
32,10,0.974,0,897,3,0,Not Spam
66,0,0.452,9,632,2,1,Spam
59,9,0.112,8,148,1,1,Not Spam
10,19,0.686,11,38,1,0,Not Spam
2,20,0.306,9,376,1,1,Not Spam
66,10,0.149,14,438,0,0,Not Spam
60,16,0.423,14,978,2,0,Spam
88,7,0.964,3,625,1,1,Spam
17,12,0.411,1,100,2,0,Not Spam
96,19,0.347,15,634,0,1,Spam
16,17,0.445,12,900,3,0,Not Spam
16,15,0.012,8,685,3,1,Not Spam
46,1,0.133,13,800,3,1,Spam
39,4,0.85,3,137,0,0,Not Spam
31,17,0.978,3,873,1,0,Not Spam
88,2,0.158,10,513,0,1,Not Spam
1,16,0.536,5,810,2,0,Not Spam
11,15,0.966,7,511,3,1,Spam
85,5,0.157,4,894,2,0,Not Spam
4,18,0.186,11,244,0,1,Not Spam
71,6,0.927,7,438,4,0,Spam
26,17,0.706,0,799,4,1,Spam
50,13,0.152,12,156,0,0,Not Spam
12,5,0.393,3,245,1,0,Not Spam
95,7,0.056,0,353,5,1,Not Spam
81,14,0.433,2,248,2,1,Not Spam
97,14,0.778,10,342,0,1,Spam
75,14,0.554,6,127,0,1,Spam
92,15,0.647,0,831,4,1,Spam
96,0,0.327,4,464,3,1,Not Spam
65,10,0.161,0,936,3,0,Not Spam
47,4,0.013,5,26,5,0,Not Spam
92,4,0.821,8,147,1,1,Spam
53,20,0.637,2,372,1,0,Spam
71,5,0.229,10,286,5,1,Spam
2,1,0.418,10,704,1,0,Not Spam
24,5,0.801,13,947,4,1,Spam
4,13,0.539,11,233,0,1,Not Spam
19,10,0.3,14,266,1,0,Not Spam
26,3,0.267,5,637,4,1,Not Spam
75,8,0.218,3,614,2,0,Not Spam
40,2,0.824,5,823,0,0,Not Spam
50,15,0.582,1,393,5,0,Spam
43,10,0.709,3,440,2,0,Spam
75,3,0.86,12,734,3,0,Not Spam
67,0,0.987,12,60,3,0,Spam
12,20,0.249,6,736,0,0,Not Spam
67,15,0.181,15,367,1,0,Not Spam
27,18,0.462,10,580,0,0,Not Spam
54,15,0.035,5,162,1,0,Not Spam
66,10,0.792,8,160,5,1,Spam
49,7,0.884,10,584,3,0,Spam
16,0,0.686,6,126,0,0,Not Spam
2,20,0.268,0,52,0,1,Not Spam
60,8,0.123,5,219,5,1,Not Spam
54,11,0.382,10,138,1,1,Not Spam
30,7,0.833,2,819,3,1,Spam
84,16,0.348,15,248,3,0,Spam
38,9,0.034,7,649,1,0,Not Spam
28,6,0.274,12,707,5,0,Not Spam
25,18,0.99,0,983,1,1,Spam
96,5,0.677,9,204,5,1,Spam
10,20,0.901,1,849,1,0,Not Spam
60,18,0.775,2,869,3,1,Spam
42,17,0.54,15,234,3,0,Spam
40,14,0.149,13,752,0,1,Not Spam
97,1,0.349,2,149,5,1,Spam
77,13,0.584,6,864,3,0,Spam
42,20,0.871,12,291,5,0,Spam
47,9,0.269,7,777,5,0,Not Spam
37,15,0.121,14,654,2,1,Not Spam
80,6,0.559,8,27,2,1,Spam
22,7,0.177,6,422,1,0,Not Spam
57,9,0.61,7,947,5,0,Spam
84,14,0.264,10,598,1,0,Spam
27,7,0.231,14,646,1,1,Not Spam
41,12,0.399,5,388,0,1,Not Spam
80,11,0.593,1,819,2,0,Spam
34,7,0.545,0,636,2,0,Not Spam
32,14,0.245,2,1000,3,0,Not Spam
90,11,0.891,8,556,2,1,Spam
89,10,0.11,15,72,3,1,Spam
66,18,0.039,12,266,5,0,Not Spam
12,13,0.603,6,356,0,1,Not Spam
40,17,0.123,1,300,1,0,Not Spam
73,12,0.505,13,52,1,0,Spam
76,3,0.952,0,818,5,0,Spam
90,16,0.699,1,567,3,1,Spam
73,18,0.617,14,362,4,0,Spam
10,8,0.575,2,910,5,0,Not Spam
96,6,0.18,15,258,3,1,Spam
98,0,0.433,13,511,5,0,Spam
48,6,0.343,5,748,0,0,Not Spam
20,6,0.953,11,196,5,0,Spam
39,19,0.242,8,63,5,0,Spam
60,6,0.472,7,323,2,1,Spam
66,7,0.938,9,689,3,1,Spam
65,15,0.789,8,288,0,0,Spam
51,2,0.965,10,702,1,1,Spam
36,12,0.608,10,752,4,1,Spam
24,9,0.334,7,419,4,1,Not Spam
27,17,0.827,6,761,3,1,Spam
2,6,0.291,5,622,5,1,Not Spam
31,20,0.165,7,941,2,1,Spam
57,20,0.706,5,990,5,1,Spam
78,4,0.639,1,450,3,1,Not Spam
66,6,0.879,12,440,4,0,Spam
29,16,0.962,8,150,4,0,Not Spam
15,3,0.857,8,429,5,0,Not Spam
12,15,0.06,2,757,5,0,Not Spam
28,18,0.665,8,244,5,0,Spam
84,9,0.785,1,162,1,0,Not Spam
24,2,0.982,11,597,2,0,Not Spam
21,2,0.375,15,559,2,0,Not Spam
10,16,0.17,13,144,4,1,Spam
78,9,0.853,2,231,4,0,Spam
18,16,0.317,15,953,3,0,Spam
88,16,0.598,13,447,3,1,Spam
14,20,0.39,5,456,1,1,Not Spam
34,3,0.402,13,611,4,0,Not Spam
58,20,0.732,3,257,3,0,Spam
76,5,0.361,7,663,1,0,Not Spam
22,11,0.693,0,347,2,1,Not Spam
70,19,0.014,12,831,4,0,Spam
36,16,0.325,5,138,0,1,Not Spam
45,16,0.319,1,65,4,0,Not Spam
36,9,0.749,5,103,3,1,Not Spam
22,6,0.315,13,813,4,1,Spam
78,15,0.633,15,371,0,1,Spam
80,12,0.689,0,32,4,0,Not Spam
61,2,0.658,14,656,3,0,Spam
100,1,0.603,1,856,2,1,Not Spam
56,15,0.414,8,191,3,1,Spam
89,5,0.373,5,253,1,1,Spam
96,5,0.565,7,200,3,0,Not Spam
33,12,0.064,6,70,1,1,Not Spam
45,6,0.876,8,800,4,0,Not Spam
36,4,0.825,8,700,1,0,Not Spam
20,6,0.346,10,414,5,1,Not Spam
18,1,0.567,3,952,4,1,Not Spam
38,16,0.932,6,847,1,0,Spam
67,12,0.272,4,819,3,0,Not Spam
23,20,0.742,6,448,0,0,Not Spam
96,20,0.083,3,293,4,1,Spam
16,15,0.523,11,880,1,0,Not Spam
59,19,0.884,9,226,0,0,Spam
69,1,0.552,10,167,1,1,Not Spam
68,4,0.616,10,319,1,0,Not Spam
21,17,0.908,0,951,1,1,Not Spam
78,6,0.715,3,472,3,1,Spam
95,10,0.696,14,568,1,1,Spam
78,10,0.586,12,692,0,1,Not Spam
70,16,0.633,9,997,5,1,Spam
12,15,0.804,14,402,1,1,Spam
16,12,0.979,2,806,5,1,Spam
81,4,0.795,8,966,2,1,Spam
87,19,0.708,4,819,4,1,Spam
14,15,0.136,3,637,3,0,Not Spam
61,15,0.817,15,553,2,1,Spam
71,15,0.736,7,252,2,0,Spam
46,13,0.77,14,653,0,0,Spam
32,5,0.231,4,148,0,1,Not Spam
15,1,0.903,15,841,5,1,Spam
44,13,0.097,2,748,5,1,Spam
17,15,0.254,15,679,3,0,Not Spam
41,19,0.663,1,589,3,1,Spam
54,12,0.674,14,950,4,0,Spam
44,14,0.313,7,256,1,0,Spam
98,11,0.702,11,601,3,0,Spam
5,8,0.388,1,985,3,1,Not Spam
27,17,0.0,13,720,5,1,Not Spam
87,20,0.163,7,773,1,0,Spam
78,13,0.883,15,594,4,0,Spam
79,19,0.223,4,504,0,0,Spam
43,3,0.113,7,260,4,0,Not Spam
97,7,0.682,15,976,1,1,Spam
31,7,0.441,4,716,0,1,Not Spam
99,15,0.797,0,790,0,0,Not Spam
17,9,0.861,11,760,0,0,Not Spam
92,20,0.846,12,242,4,0,Spam
83,16,0.313,10,118,5,1,Spam
54,0,0.506,13,778,1,1,Spam
62,17,0.65,10,576,4,0,Spam
87,9,0.322,1,930,4,1,Not Spam
32,20,0.041,13,292,2,1,Spam
40,3,0.496,15,418,3,0,Not Spam
13,0,0.013,5,536,4,1,Not Spam
84,3,0.951,2,449,2,1,Spam
35,3,0.797,7,542,5,1,Not Spam
5,3,0.192,4,979,5,1,Not Spam
73,16,0.288,2,367,1,1,Spam
29,8,0.983,11,929,2,1,Spam
70,18,0.374,9,570,4,0,Spam
25,12,0.784,6,470,1,0,Not Spam
95,3,0.447,13,970,2,0,Spam
22,4,0.864,7,61,4,1,Not Spam
66,12,0.704,3,734,1,1,Not Spam
45,15,0.023,12,113,1,1,Spam
69,4,0.294,12,505,3,0,Not Spam
91,7,0.558,10,536,5,0,Spam
89,15,0.926,8,583,4,1,Spam
72,0,0.102,5,169,3,1,Not Spam
1,5,0.601,13,736,1,1,Not Spam
84,10,0.302,0,831,1,1,Not Spam
44,15,0.889,4,518,2,1,Not Spam
87,4,0.765,4,390,3,0,Spam
96,15,0.37,6,1000,0,0,Spam
75,6,0.167,6,718,4,1,Spam
39,18,0.011,5,504,5,0,Not Spam
54,0,0.621,14,684,3,1,Not Spam
88,8,0.406,14,402,1,0,Spam
75,17,0.315,7,647,2,1,Spam
29,12,0.986,1,680,4,1,Spam
54,14,0.466,13,751,5,1,Spam
90,2,0.75,12,211,4,1,Spam
16,9,0.177,15,764,2,0,Not Spam
99,8,0.013,12,855,1,1,Spam
20,12,0.418,6,240,5,1,Spam
46,15,0.666,9,66,0,1,Spam
67,2,0.507,14,146,2,1,Spam
65,14,0.89,6,822,0,0,Spam
58,16,0.434,3,746,3,0,Not Spam
53,13,0.311,11,26,4,0,Spam
1,6,0.916,9,715,5,1,Spam
81,19,0.407,1,135,1,0,Spam
66,15,0.27,3,583,0,1,Spam
29,20,0.098,3,385,1,0,Not Spam
84,7,0.793,11,65,3,0,Not Spam
70,3,0.825,11,412,0,1,Spam
8,19,0.033,5,973,1,0,Not Spam
29,14,0.359,13,42,1,1,Spam
51,4,0.75,6,150,3,0,Not Spam
33,12,0.946,2,146,2,1,Spam
3,5,0.378,14,464,5,1,Not Spam
60,4,0.872,9,796,3,1,Spam
35,16,0.394,0,328,0,1,Not Spam
69,6,0.179,2,727,0,0,Not Spam
91,5,0.003,8,452,4,1,Spam
76,1,0.33,0,492,1,0,Not Spam
84,10,0.378,12,985,5,1,Spam
20,6,0.945,7,67,0,1,Not Spam
73,20,0.206,1,910,2,1,Spam
39,7,0.382,5,101,2,1,Spam
4,4,0.025,2,128,3,0,Not Spam
19,17,0.764,6,282,0,0,Not Spam
91,15,0.915,1,886,5,1,Spam
45,13,0.238,3,50,5,0,Not Spam
43,11,0.429,9,377,0,0,Not Spam
13,16,0.122,8,587,4,1,Spam
13,4,0.457,5,499,4,0,Not Spam
60,13,0.133,3,886,4,1,Spam
57,5,0.523,1,208,0,1,Not Spam
86,14,0.735,9,24,3,0,Spam
92,6,0.553,13,305,5,0,Spam
52,13,0.245,8,809,3,1,Spam
53,17,0.354,14,676,3,1,Spam
86,0,0.639,3,413,3,1,Spam
43,5,0.59,8,474,2,0,Not Spam
83,2,0.137,13,727,0,1,Spam
72,4,0.845,1,445,1,1,Not Spam
72,11,0.475,6,46,0,1,Spam
42,10,0.162,10,146,3,1,Not Spam
90,12,0.123,10,154,2,1,Spam
26,15,0.966,4,554,2,0,Not Spam
23,17,0.282,7,350,0,0,Not Spam
43,16,0.909,10,648,1,0,Not Spam
77,16,0.411,13,411,3,0,Spam
28,10,0.386,7,27,2,0,Not Spam
9,19,0.701,13,632,3,1,Spam
20,9,0.01,13,280,3,0,Not Spam
56,15,0.338,3,218,5,1,Not Spam
83,1,0.303,12,617,3,0,Not Spam
39,16,0.868,3,759,4,0,Not Spam
51,19,0.529,14,405,5,1,Spam
12,9,0.365,7,491,3,0,Not Spam
79,12,0.266,2,198,3,0,Spam
95,11,0.591,6,469,1,1,Spam
55,14,0.152,7,259,5,0,Spam
78,6,0.246,7,543,5,0,Spam
11,20,0.294,10,834,1,0,Spam
26,12,0.608,9,765,4,1,Spam
42,11,0.373,3,202,5,0,Not Spam
27,11,0.506,8,813,4,0,Spam
11,1,0.65,14,377,3,1,Spam
38,4,0.956,9,395,2,0,Not Spam
98,1,0.765,3,960,2,1,Spam
43,19,0.405,7,721,0,1,Spam
19,12,0.748,5,857,2,1,Not Spam
64,2,0.95,4,746,2,1,Not Spam
6,10,0.499,14,789,1,0,Not Spam
46,15,0.41,3,557,0,0,Not Spam
42,0,0.078,4,801,0,1,Not Spam
92,18,0.892,14,101,1,0,Spam
65,10,0.246,12,377,2,0,Not Spam
99,8,0.064,14,204,2,0,Spam
72,13,0.537,10,307,0,1,Not Spam
59,8,0.846,0,81,2,0,Not Spam
52,6,0.407,6,902,0,1,Spam
47,15,0.783,7,526,2,1,Spam
7,2,0.836,11,481,3,0,Not Spam
11,18,0.454,8,49,1,0,Not Spam
61,3,0.591,12,928,5,1,Spam
68,6,0.534,2,955,4,1,Spam
25,11,0.939,14,50,3,1,Spam
12,17,0.726,8,312,2,0,Not Spam
26,4,0.925,9,192,4,1,Spam
12,9,0.22,4,633,5,0,Not Spam
43,11,0.31,9,147,3,0,Not Spam
51,7,0.071,5,105,5,0,Not Spam
37,18,0.5,0,334,1,0,Not Spam
46,14,0.874,8,47,4,1,Spam
53,0,0.327,8,141,5,1,Not Spam
88,2,0.128,5,270,4,1,Spam
80,17,0.068,7,592,1,1,Spam
13,17,0.448,3,422,5,1,Spam
89,1,0.164,4,702,3,1,Not Spam
54,4,0.346,4,462,4,1,Not Spam
57,0,0.82,6,291,5,0,Not Spam
4,9,0.384,6,856,1,1,Not Spam
75,19,0.61,6,831,5,0,Spam
96,9,0.502,4,132,5,0,Not Spam
49,4,0.719,3,725,3,1,Spam
7,17,0.156,7,413,2,1,Not Spam
11,20,0.92,0,962,0,1,Spam
92,14,0.644,0,38,2,1,Spam
54,19,0.271,5,871,2,0,Spam
87,7,0.123,1,624,0,0,Not Spam
45,16,0.15,11,748,5,0,Not Spam
23,11,0.783,2,484,2,0,Not Spam
28,20,0.588,3,710,2,1,Not Spam
57,11,0.381,13,928,1,0,Spam
26,0,0.333,15,210,1,0,Not Spam
25,3,0.856,1,512,3,1,Not Spam
54,7,0.875,9,931,4,1,Spam
29,0,0.581,6,968,5,1,Not Spam
83,14,0.525,14,182,3,0,Spam
97,17,0.816,9,631,1,1,Spam
36,0,0.749,0,718,1,1,Not Spam
14,10,0.4,2,314,0,0,Not Spam
78,1,0.083,1,598,0,1,Not Spam
35,0,0.769,12,92,1,0,Not Spam
30,11,0.169,8,763,2,1,Spam
92,15,0.016,15,720,3,1,Spam
17,9,0.843,7,581,1,1,Spam
67,17,0.578,2,328,5,1,Spam
80,14,0.892,4,321,1,0,Not Spam
30,16,0.485,2,327,0,0,Not Spam
93,9,0.926,13,143,3,0,Spam
45,2,0.354,10,688,3,1,Spam
79,20,0.725,12,280,4,0,Spam
89,15,0.301,11,214,1,0,Spam
51,5,0.001,10,861,4,1,Not Spam
47,2,0.38,11,370,0,0,Not Spam
53,8,0.738,10,862,4,0,Spam
64,10,0.15,5,787,2,0,Spam
38,20,0.505,4,996,1,1,Spam
64,12,0.212,10,955,1,0,Not Spam
87,17,0.075,1,508,3,1,Spam
89,3,0.617,13,219,4,1,Spam
7,7,0.952,9,903,3,0,Not Spam
22,12,0.311,15,527,5,0,Spam
81,9,0.581,7,917,4,0,Not Spam
82,1,0.954,5,599,4,1,Spam
41,7,0.65,13,465,0,0,Not Spam
74,5,0.673,14,99,4,1,Spam
10,15,0.179,2,764,3,0,Not Spam
57,17,0.493,12,717,5,1,Spam
7,16,0.367,14,636,4,0,Not Spam
50,5,0.471,12,488,4,1,Spam
91,12,0.801,0,856,1,1,Spam
52,13,0.461,4,461,1,1,Spam
33,20,0.063,11,950,5,0,Not Spam
1,9,0.906,10,673,1,1,Not Spam
53,10,0.545,1,930,2,1,Not Spam
60,12,0.924,12,921,1,1,Spam
34,11,0.572,1,291,2,0,Not Spam
4,8,0.07,8,362,5,1,Not Spam
17,3,0.553,10,143,2,1,Not Spam
4,6,0.576,12,242,5,0,Not Spam
43,1,0.214,14,509,3,1,Not Spam
90,6,0.471,9,705,1,0,Not Spam
4,8,0.459,6,722,4,0,Not Spam
1,4,0.623,5,671,0,0,Not Spam
71,14,0.26,14,316,4,0,Spam
94,17,0.582,12,138,1,1,Spam
50,3,0.241,0,806,4,0,Not Spam
73,18,0.446,14,95,1,1,Spam
61,19,0.123,13,640,1,0,Spam
35,6,0.037,9,650,4,1,Not Spam
8,7,0.321,1,992,2,1,Not Spam
24,16,0.275,10,900,3,1,Spam
83,12,0.407,6,277,3,1,Spam
36,20,0.962,14,551,3,1,Spam
50,10,0.522,2,650,3,0,Not Spam
43,0,0.553,1,370,0,1,Not Spam
27,1,0.942,5,668,5,1,Spam
32,16,0.921,7,296,1,1,Spam
78,4,0.884,14,274,0,0,Spam
18,5,0.098,7,283,3,0,Not Spam
28,6,0.634,10,698,3,0,Not Spam
29,20,0.808,15,696,4,0,Spam
16,14,0.836,1,48,3,0,Spam
99,18,0.578,5,486,1,0,Spam
47,15,0.017,11,54,3,1,Spam
59,12,0.974,4,768,3,0,Spam
31,4,0.472,6,313,0,1,Not Spam
4,2,0.394,3,621,1,1,Not Spam
37,2,0.395,11,222,2,1,Not Spam
17,18,0.424,12,759,4,1,Spam
39,13,0.242,1,950,2,1,Not Spam
48,15,0.327,15,87,5,1,Spam
46,16,0.985,9,150,0,0,Spam
90,3,0.368,2,896,3,1,Not Spam
48,12,0.527,8,130,4,0,Spam
39,7,0.848,9,543,5,1,Spam
4,18,0.527,7,307,5,1,Spam
30,4,0.324,12,706,1,1,Not Spam
30,1,0.524,8,850,4,1,Not Spam
22,14,0.114,4,685,5,0,Not Spam
75,1,0.13,12,62,0,0,Not Spam
66,10,0.694,4,894,3,0,Not Spam
12,12,0.917,6,736,0,0,Not Spam
94,9,0.726,6,703,5,1,Spam
36,2,0.075,0,313,1,1,Not Spam
18,4,0.403,11,304,2,0,Not Spam
90,2,0.003,15,842,3,1,Spam
53,5,0.511,14,583,3,1,Spam
71,12,0.193,13,646,0,0,Not Spam
1,9,0.868,4,38,0,0,Not Spam
58,18,0.104,7,526,0,1,Not Spam
90,7,0.001,6,566,5,0,Spam
87,17,0.451,10,67,3,1,Spam
90,2,0.155,1,764,0,1,Not Spam
6,16,0.738,13,238,4,1,Spam
70,7,0.92,7,641,5,1,Spam
44,9,0.042,1,785,5,1,Spam
72,1,0.396,9,207,4,1,Not Spam
24,11,0.997,0,50,4,1,Spam
86,5,0.733,10,278,5,0,Spam
19,1,0.953,10,694,3,0,Not Spam
18,20,0.164,13,363,0,0,Not Spam
95,2,0.221,10,327,1,0,Not Spam
30,16,0.155,2,90,0,0,Not Spam
42,6,0.302,15,326,3,1,Spam
33,20,0.724,2,587,4,1,Spam
74,4,0.165,5,118,3,0,Not Spam
12,0,0.524,11,40,0,1,Not Spam
94,7,0.269,2,916,3,0,Spam
27,11,0.829,6,639,1,1,Not Spam
39,13,0.007,15,584,3,1,Spam
9,15,0.223,7,25,2,1,Not Spam
21,9,0.605,2,250,3,0,Not Spam
76,14,0.097,8,101,0,1,Spam
29,20,0.466,0,977,2,0,Not Spam
33,14,0.436,14,236,4,1,Spam
62,9,0.853,2,354,0,0,Not Spam
15,20,0.625,11,578,5,0,Spam
2,6,0.64,15,883,1,0,Not Spam
52,2,0.952,2,893,3,1,Not Spam
44,1,0.982,6,772,3,1,Not Spam
54,5,0.653,10,709,0,1,Not Spam
18,20,0.522,10,613,3,1,Spam
3,8,0.608,4,818,3,0,Not Spam
7,9,0.382,3,723,4,1,Not Spam
43,3,0.987,1,944,3,0,Not Spam
82,2,0.705,6,674,3,0,Not Spam
38,8,0.291,2,845,4,1,Spam
37,16,0.058,6,810,5,0,Spam
58,13,0.045,9,953,3,1,Spam
33,9,0.205,11,572,5,1,Spam
59,12,0.233,15,478,4,1,Spam
95,11,0.415,6,802,1,0,Spam
11,0,0.215,10,106,3,1,Not Spam
68,18,0.631,15,534,0,0,Spam
82,18,0.211,1,742,2,1,Spam
68,5,0.188,6,532,1,1,Not Spam
98,12,0.471,5,606,3,1,Spam
93,18,0.889,9,497,0,0,Spam
88,12,0.468,3,517,2,0,Not Spam
22,20,0.414,10,926,4,0,Spam
66,3,0.578,4,975,3,1,Not Spam
44,1,0.257,11,762,5,1,Not Spam
6,14,0.353,7,468,5,0,Not Spam
42,11,0.214,4,607,4,1,Not Spam
25,6,0.572,2,279,1,1,Not Spam
57,19,0.697,1,556,5,1,Spam
85,17,0.674,5,219,2,1,Spam
55,12,0.255,5,482,5,0,Spam
16,16,0.78,6,958,2,0,Not Spam
95,3,0.256,7,113,5,0,Not Spam
14,13,0.15,3,955,4,0,Not Spam
39,19,0.35,11,371,4,1,Spam
28,12,0.598,7,127,5,0,Not Spam
96,2,0.142,11,374,1,0,Not Spam
92,17,0.648,0,488,0,1,Spam
51,13,0.863,5,114,5,0,Spam
49,14,0.293,5,887,3,1,Spam
9,2,0.45,2,110,0,1,Not Spam
58,0,0.228,8,63,5,0,Not Spam
45,16,0.361,11,475,2,0,Not Spam
22,2,0.022,11,974,3,0,Not Spam
32,13,0.954,15,403,1,1,Spam
69,2,0.416,4,42,0,1,Not Spam
87,12,0.789,14,721,0,0,Spam
69,14,0.143,0,42,3,1,Spam
42,17,0.812,6,253,1,0,Not Spam
53,13,0.86,9,717,5,1,Spam
96,20,0.715,14,330,1,0,Spam
59,2,0.903,13,436,5,1,Spam
74,18,0.167,2,352,0,1,Spam
39,7,0.476,9,594,5,0,Spam
15,3,0.62,9,122,0,1,Not Spam
71,3,0.596,15,519,4,0,Spam
29,18,0.861,10,847,3,1,Spam
3,10,0.216,3,502,1,0,Not Spam
83,0,0.176,5,208,2,0,Not Spam
10,7,0.253,7,867,3,0,Not Spam
92,14,0.892,12,479,5,1,Spam
29,0,0.941,3,208,4,0,Not Spam
79,6,0.57,14,370,3,1,Not Spam
35,20,0.501,11,600,0,0,Not Spam
6,19,0.605,8,133,3,1,Not Spam
12,19,0.616,7,123,5,0,Not Spam
38,10,0.17,9,639,3,1,Not Spam
77,13,0.686,9,527,3,1,Spam
93,15,0.452,5,364,5,1,Spam
19,13,0.517,6,40,2,0,Not Spam
67,11,0.03,7,406,4,0,Spam
8,16,0.765,1,963,3,1,Spam
8,13,0.835,15,797,3,1,Spam
84,9,0.619,4,874,2,1,Spam
47,13,0.749,12,228,1,0,Spam
4,17,0.523,6,701,3,0,Not Spam
51,8,0.618,7,502,5,1,Not Spam
85,16,0.395,4,492,5,0,Spam
67,5,0.792,2,725,3,0,Not Spam
45,7,0.468,14,878,1,0,Spam
8,12,0.68,5,961,5,0,Spam
87,17,0.621,4,412,3,0,Spam
16,4,0.702,7,654,3,1,Not Spam
77,5,0.785,8,708,3,1,Spam
67,20,0.513,8,535,4,0,Spam
9,18,0.813,11,207,5,1,Spam
60,3,0.497,11,365,0,0,Not Spam
78,6,0.957,5,371,4,1,Spam
77,3,0.753,14,560,1,0,Not Spam
71,10,0.171,3,617,4,0,Not Spam
15,11,0.83,3,66,4,0,Not Spam
71,13,0.552,8,96,2,1,Not Spam
98,12,0.984,3,362,1,1,Not Spam
41,9,0.719,7,210,1,1,Spam
22,17,0.084,8,562,1,0,Not Spam
24,15,0.395,4,838,4,0,Not Spam
44,4,0.517,12,700,1,1,Spam
1,7,0.839,5,55,5,1,Spam
10,13,0.729,2,776,2,0,Not Spam
80,4,0.369,11,443,3,0,Spam
72,7,0.653,4,370,4,0,Spam
56,5,0.577,4,207,3,1,Not Spam
89,15,0.126,14,546,3,0,Spam
50,3,0.235,13,353,4,0,Not Spam
12,11,0.341,15,502,5,0,Spam
89,10,0.195,1,235,4,0,Not Spam
81,2,0.15,9,177,1,1,Not Spam
60,11,0.058,5,945,2,0,Not Spam
26,4,0.873,8,686,4,1,Not Spam
78,5,0.289,10,260,3,0,Not Spam
41,18,0.29,14,315,4,1,Spam
36,17,0.206,6,481,2,1,Spam
23,15,0.475,13,64,0,1,Spam
43,10,0.514,7,514,5,1,Spam
6,4,0.208,1,990,3,0,Not Spam
69,8,0.609,10,194,0,1,Not Spam
43,2,0.723,12,365,0,1,Not Spam
25,7,0.374,13,75,2,0,Not Spam
18,5,0.585,8,585,5,1,Not Spam
62,3,0.502,2,360,4,1,Not Spam
13,11,0.196,9,796,0,0,Not Spam
43,11,0.73,4,905,1,1,Not Spam
78,20,0.801,13,770,4,0,Spam
28,15,0.649,6,852,5,1,Not Spam
18,9,0.324,3,127,3,1,Not Spam
59,13,0.927,6,729,4,1,Spam
60,12,0.455,15,916,2,0,Spam
63,8,0.266,7,233,2,1,Not Spam
57,6,0.408,14,518,3,0,Spam
92,11,0.692,12,777,3,1,Spam
51,4,0.846,9,416,3,1,Spam
56,17,0.357,13,569,2,1,Spam
27,3,0.233,9,516,5,1,Not Spam
32,1,0.626,3,192,5,0,Not Spam
9,2,0.921,15,124,4,0,Not Spam
96,11,0.183,14,571,0,0,Spam
84,2,0.803,4,498,0,1,Not Spam
92,3,0.477,10,418,1,0,Not Spam
97,5,0.8,2,453,2,0,Not Spam
68,11,0.506,4,661,3,1,Spam
46,18,0.377,7,712,5,0,Spam
98,9,0.697,2,941,4,1,Spam
67,0,0.901,14,213,5,1,Spam
26,16,0.32,15,862,2,0,Spam
8,15,0.461,13,820,1,0,Not Spam
6,8,0.229,12,485,5,1,Not Spam
80,20,0.183,4,360,0,1,Spam
24,8,0.778,9,78,4,1,Spam
48,8,0.201,0,882,0,1,Not Spam
94,11,0.793,1,557,4,0,Not Spam
45,8,0.429,2,497,3,1,Not Spam
13,14,0.995,0,122,4,0,Not Spam
69,1,0.197,12,552,3,1,Spam
25,10,0.093,10,964,2,0,Not Spam
20,10,0.075,15,611,0,1,Not Spam
82,7,0.835,11,858,4,1,Spam
82,5,0.438,10,730,4,0,Spam
66,20,0.003,8,341,1,1,Spam
74,19,0.875,8,568,0,0,Spam
45,6,0.877,4,33,2,1,Spam
47,2,0.806,13,475,3,1,Spam
63,7,0.248,3,240,2,1,Not Spam
76,17,0.373,4,895,1,0,Not Spam
77,16,0.745,3,410,2,1,Not Spam
55,10,0.489,11,697,3,0,Not Spam
75,1,0.154,4,192,0,1,Not Spam
19,20,0.243,6,681,5,0,Spam
35,18,0.973,10,703,1,0,Not Spam
53,6,0.151,7,100,4,1,Spam
26,17,0.726,1,355,4,1,Not Spam
14,7,0.478,3,244,0,1,Not Spam
45,13,0.749,7,890,5,1,Spam
44,6,0.661,6,54,2,0,Not Spam
88,20,0.439,8,889,4,0,Spam
65,3,0.354,4,207,1,1,Not Spam
51,16,0.754,5,243,5,0,Spam
43,4,0.323,14,662,3,1,Spam
86,11,0.788,10,905,2,1,Spam
23,8,0.68,7,982,5,1,Not Spam
56,19,0.578,14,987,3,1,Spam
19,12,0.369,11,513,5,1,Spam
82,17,0.205,13,882,5,0,Spam
76,19,0.71,14,330,2,1,Spam
55,8,0.091,10,540,1,0,Not Spam
92,3,0.971,15,600,3,1,Spam
92,20,0.979,14,559,1,1,Spam
60,7,0.13,4,930,3,1,Not Spam
59,0,0.104,13,388,2,1,Not Spam
33,16,0.413,8,494,1,0,Spam
19,8,0.964,3,765,2,0,Spam
28,19,0.4,7,50,5,1,Spam
52,12,0.364,11,846,5,1,Spam
49,1,0.704,13,251,2,1,Not Spam
37,12,0.179,2,869,3,1,Not Spam
26,8,0.363,4,516,5,0,Not Spam
99,19,0.291,14,585,3,0,Spam
98,5,0.602,7,983,1,1,Spam
99,0,0.163,14,1000,4,0,Spam
40,4,0.549,9,194,5,0,Spam
80,2,0.858,11,317,5,1,Spam
38,3,0.514,6,810,0,0,Not Spam
77,0,0.683,0,384,3,1,Not Spam
87,13,0.075,11,105,2,0,Spam
54,8,0.449,3,596,0,0,Not Spam
22,3,0.095,1,108,1,1,Not Spam
16,17,0.599,1,73,0,0,Not Spam
28,13,0.281,12,649,0,0,Not Spam
35,3,0.287,14,380,4,0,Not Spam
60,9,0.077,6,495,4,0,Not Spam
45,2,0.31,11,248,0,0,Not Spam
46,6,0.507,11,798,4,1,Spam
72,9,0.585,2,850,4,1,Not Spam
55,12,0.067,2,553,0,0,Not Spam
86,3,0.651,14,969,3,1,Spam
85,17,0.489,15,778,4,0,Spam
26,10,0.537,5,392,0,0,Not Spam
85,3,0.833,5,488,3,1,Spam
25,13,0.342,0,439,5,0,Spam
65,17,0.174,14,845,4,1,Spam
6,7,0.552,14,551,0,0,Not Spam
23,9,0.945,14,419,4,0,Not Spam
64,4,0.518,0,203,3,1,Spam
87,6,0.832,10,880,0,0,Spam
43,11,0.757,5,581,3,1,Not Spam
23,2,0.518,6,109,5,1,Not Spam
96,3,0.648,8,635,2,0,Spam
30,9,0.407,3,725,1,0,Not Spam
77,3,0.531,15,402,2,1,Spam
18,14,0.507,13,388,4,0,Not Spam
87,9,0.709,9,93,3,0,Not Spam
79,20,0.41,5,288,0,1,Spam
97,15,0.1,11,34,3,0,Spam
21,14,0.789,2,348,4,0,Spam
57,18,0.685,12,814,0,1,Spam
23,19,0.95,12,411,2,0,Not Spam
91,18,0.429,10,729,3,0,Spam
45,17,0.078,15,453,1,0,Not Spam
