Age,Annual_Income,Credit_Score,Employment_Years,Loan_Amount,Debt_to_Income_Ratio,Existing_Loans,Dependents,Loan_Approved
56,109614,636,10,300528,0.65,5,5,Yes
46,108116,781,11,365687,0.77,0,2,No
32,76235,485,28,240428,0.24,4,1,No
60,34855,468,10,306366,0.69,0,5,No
25,56169,559,18,264487,0.63,3,1,No
38,66404,806,12,99605,0.55,0,2,Yes
56,39569,820,3,178888,0.34,4,0,Yes
36,145074,770,13,46882,0.13,1,3,Yes
40,149006,460,11,452255,0.41,0,5,Yes
28,74437,588,26,199418,0.13,1,0,Yes
28,68506,639,1,56056,0.43,3,4,Yes
41,45738,801,29,387997,0.67,2,0,Yes
53,26772,405,7,415412,0.8,2,3,No
57,110410,774,21,9999,0.2,4,1,Yes
41,39731,762,18,422242,0.21,0,3,Yes
20,30131,782,12,268874,0.66,3,5,No
39,86324,452,20,63175,0.4,3,3,No
19,74097,448,20,336104,0.74,1,3,No
41,101720,487,27,461050,0.63,5,0,No
61,116433,430,0,305974,0.6,4,1,No
47,22889,751,28,231324,0.13,3,1,Yes
55,29569,815,4,101762,0.08,0,5,Yes
19,107193,790,21,203815,0.29,3,0,Yes
38,95677,775,25,214639,0.21,2,0,Yes
50,105192,562,25,33008,0.58,4,0,Yes
29,143757,837,26,231092,0.39,1,4,Yes
39,107154,758,10,379315,0.44,0,4,Yes
61,97470,835,10,336048,0.66,2,3,Yes
42,128073,594,12,485607,0.41,3,5,No
44,108822,734,1,72763,0.46,4,4,Yes
59,146019,574,18,389471,0.68,4,0,No
45,27612,607,15,184594,0.37,0,0,Yes
33,71644,675,25,201196,0.11,1,0,Yes
32,52069,457,4,428538,0.44,2,1,No
64,101741,503,13,375900,0.48,5,5,No
61,47331,374,28,411033,0.43,1,1,No
20,75897,679,18,444690,0.24,0,4,Yes
54,33934,603,4,183202,0.22,0,2,Yes
24,30095,361,20,149298,0.33,2,2,No
38,111494,407,23,115016,0.17,4,0,No
26,122544,486,25,298301,0.55,4,1,No
56,38706,528,8,91300,0.51,2,5,Yes
35,63516,347,23,481956,0.52,1,3,No
21,123602,567,11,390672,0.22,2,4,Yes
42,117008,553,15,5188,0.23,5,1,Yes
31,54629,386,18,494149,0.64,4,0,No
26,66910,480,14,276558,0.57,1,0,No
43,108540,324,16,239597,0.71,3,2,No
19,144746,687,29,243046,0.35,1,5,Yes
37,40431,521,14,142818,0.46,4,5,No
45,76733,696,2,412547,0.6,0,0,Yes
64,60088,810,16,343934,0.78,1,0,Yes
24,64135,739,12,342897,0.79,1,3,Yes
61,135786,474,26,86119,0.8,0,4,No
25,58015,610,8,173452,0.72,4,3,Yes
64,120038,573,27,383720,0.53,3,2,Yes
52,51385,334,12,432534,0.06,3,1,No
31,90199,516,15,20800,0.57,2,5,No
34,58677,707,18,362892,0.23,3,2,No
53,138104,818,13,126747,0.09,3,5,Yes
57,32818,568,7,380013,0.57,1,0,No
21,108222,774,21,32492,0.62,2,4,Yes
19,83001,624,18,234200,0.54,3,0,Yes
23,43977,655,24,272377,0.32,1,4,No
59,69832,389,23,420235,0.43,2,4,No
21,60931,341,2,16447,0.75,1,4,No
46,103990,664,22,215644,0.6,0,1,Yes
35,98894,501,20,15998,0.43,4,2,No
43,92204,665,17,37801,0.5,4,5,Yes
61,65784,587,15,423087,0.75,4,5,No
51,126305,780,13,294220,0.35,3,1,Yes
27,29921,800,15,115275,0.13,4,1,Yes
53,54959,351,23,98688,0.29,4,1,No
31,52328,402,16,137501,0.36,2,3,No
48,28859,660,19,256006,0.25,2,3,No
32,144492,723,10,15381,0.45,5,3,Yes
25,109506,504,12,269131,0.28,2,1,No
31,94408,313,10,493071,0.13,3,0,No
40,143852,769,27,93191,0.19,5,3,Yes
57,104766,765,28,286410,0.74,5,3,Yes
38,46708,603,3,326197,0.52,4,1,Yes
33,38847,726,28,114273,0.29,3,2,No
62,75989,409,25,82425,0.33,3,0,No
35,112641,814,13,119550,0.42,3,4,Yes
64,145383,367,4,184549,0.55,3,4,No
41,24922,545,3,268691,0.49,3,5,No
43,89928,688,0,185686,0.75,3,0,Yes
42,72335,607,13,60859,0.52,5,1,No
62,146913,651,6,59457,0.73,4,2,Yes
58,33541,365,9,393328,0.05,2,2,No
46,39551,759,26,497033,0.72,5,4,Yes
32,39381,646,1,84086,0.59,1,2,Yes
62,133319,624,9,272318,0.18,1,4,Yes
18,75673,332,2,237942,0.25,1,5,No
42,121531,367,20,156259,0.46,0,3,No
24,42948,486,7,328175,0.14,2,5,No
26,112264,491,9,8938,0.64,4,1,Yes
41,79072,512,7,65833,0.64,3,2,No
18,87560,727,13,399687,0.28,1,1,Yes
61,102249,650,17,62155,0.1,2,3,Yes
25,22486,407,8,152793,0.79,4,0,No
41,86691,539,21,470803,0.24,1,0,Yes
28,30082,515,8,462521,0.1,2,0,No
34,122781,476,29,143516,0.3,5,4,No
25,104105,629,3,98193,0.78,4,4,Yes
52,27086,749,2,499932,0.64,5,0,No
52,147818,746,13,231407,0.41,2,3,Yes
50,87853,836,13,335072,0.28,3,5,Yes
22,121925,478,20,20729,0.37,2,4,Yes
59,90027,694,15,169816,0.06,2,5,Yes
56,35916,444,4,190202,0.59,0,5,No
58,35248,497,19,375885,0.12,3,0,No
45,88047,383,28,100245,0.44,5,1,No
24,44226,384,22,435052,0.47,2,0,No
26,45025,756,23,342575,0.05,3,0,No
25,127850,775,14,22255,0.78,2,1,Yes
29,68380,552,20,336089,0.28,3,5,No
51,27848,371,30,253349,0.11,4,4,No
50,34274,522,8,279888,0.69,1,5,No
40,140092,575,6,203157,0.16,0,1,No
41,74545,545,12,347765,0.07,1,4,No
54,149043,640,28,442683,0.42,2,3,Yes
52,116494,770,22,287989,0.15,2,4,Yes
61,135981,753,7,478488,0.79,4,2,Yes
57,55233,306,11,433605,0.06,2,4,No
39,36304,487,3,269673,0.09,5,2,No
44,133973,303,15,48117,0.67,3,4,No
52,31294,424,25,323458,0.23,5,1,No
18,46425,314,28,118045,0.73,1,4,No
52,88711,824,28,163004,0.28,2,0,Yes
54,126153,539,5,406567,0.1,4,4,No
64,130777,659,4,132819,0.06,0,1,Yes
31,113311,817,0,113598,0.26,5,1,Yes
20,29425,619,30,81536,0.41,1,4,No
18,111549,530,13,179031,0.05,4,4,No
22,113464,329,28,109703,0.49,4,4,No
43,64990,833,8,236957,0.3,1,5,Yes
31,126748,455,17,421165,0.34,4,5,No
56,93746,698,5,425785,0.25,0,3,Yes
44,88295,645,14,117230,0.45,0,2,Yes
26,36091,494,30,388937,0.22,2,4,No
32,139943,467,15,454324,0.15,3,4,No
32,143102,676,7,24318,0.72,2,2,Yes
43,20002,788,18,23695,0.34,3,0,Yes
59,142818,661,4,85704,0.11,1,3,Yes
30,70411,781,13,304240,0.22,4,3,No
49,60958,543,6,241199,0.28,2,0,Yes
56,147829,470,3,222320,0.63,4,2,No
49,115696,812,29,385420,0.07,2,2,Yes
21,40707,705,27,221108,0.41,2,1,Yes
47,35248,506,20,386485,0.36,0,2,No
54,91309,453,0,270891,0.78,3,5,No
40,98322,347,3,331544,0.19,1,3,No
56,71720,300,29,93744,0.52,4,5,No
62,35037,706,13,260901,0.2,2,1,Yes
32,87421,406,22,366907,0.46,4,4,No
60,125364,472,15,9430,0.47,0,4,No
46,101867,805,27,89371,0.11,1,4,Yes
53,60612,429,25,110635,0.39,3,1,Yes
30,108031,697,6,33927,0.4,3,3,Yes
49,33450,593,9,133065,0.29,2,2,Yes
24,29491,746,9,327555,0.26,1,1,Yes
39,137026,315,3,123778,0.22,3,3,No
45,94804,648,11,145035,0.05,1,2,No
19,138446,502,5,223033,0.05,4,0,No
59,113293,433,12,350175,0.49,0,3,No
62,139498,825,20,442487,0.27,1,5,Yes
23,127443,807,0,345278,0.18,1,5,Yes
45,26791,365,7,408002,0.56,3,0,No
45,125475,779,27,212529,0.45,5,4,Yes
61,48314,758,22,47241,0.74,2,4,Yes
61,71883,641,30,231861,0.67,2,3,Yes
37,114119,458,15,221577,0.6,5,5,No
47,135557,460,4,225593,0.14,5,0,No
28,107086,553,28,445448,0.55,5,1,No
45,85629,826,25,16020,0.57,4,2,Yes
42,121291,848,25,433357,0.62,3,4,Yes
56,131151,454,6,165533,0.25,3,4,Yes
50,29967,785,30,412568,0.53,0,4,Yes
18,101754,731,25,323138,0.51,2,4,No
44,63220,326,2,413560,0.34,3,5,No
30,94163,311,23,111837,0.55,5,3,No
58,24947,366,20,452466,0.12,4,5,No
20,59419,841,1,83661,0.53,0,3,Yes
56,76131,395,1,370171,0.5,2,0,No
23,108714,514,19,155274,0.21,2,1,No
25,48876,493,22,47232,0.66,2,0,No
44,108444,589,29,464461,0.71,0,5,No
26,121448,843,9,405208,0.21,4,5,Yes
54,39971,338,19,366186,0.11,4,1,No
50,82539,505,8,31354,0.5,3,3,No
59,118120,783,17,345913,0.41,3,4,Yes
61,69228,636,5,140662,0.37,2,0,Yes
41,143695,795,19,230314,0.62,5,1,Yes
32,94495,548,5,149790,0.78,1,2,No
49,141241,373,25,486223,0.41,3,1,No
49,48261,672,24,238094,0.05,4,0,Yes
41,126601,437,9,149177,0.5,2,3,No
58,81260,756,27,141153,0.54,4,4,Yes
29,124998,743,24,250430,0.67,2,2,Yes
56,101371,652,8,244305,0.2,0,0,Yes
19,104793,710,8,122266,0.44,3,3,Yes
20,23346,837,2,383390,0.39,5,1,No
54,116343,752,11,359398,0.55,0,3,Yes
34,115954,718,10,196039,0.1,3,3,Yes
19,76176,749,13,418600,0.71,5,4,No
19,72300,414,24,75081,0.43,5,0,No
45,31340,350,18,10339,0.71,5,5,No
40,144345,668,9,413569,0.31,4,3,Yes
54,145467,814,18,326631,0.54,4,1,Yes
49,53012,509,4,424592,0.77,1,1,No
50,55393,734,21,229636,0.76,4,4,Yes
18,122153,526,8,89636,0.76,2,3,No
36,95133,567,0,9302,0.08,1,1,Yes
19,45557,415,14,400025,0.35,2,5,No
61,84204,659,23,263897,0.1,1,1,Yes
43,93273,628,29,99453,0.28,2,4,Yes
49,132328,339,29,404046,0.18,1,3,No
23,130304,481,3,154453,0.52,3,4,No
49,126637,789,25,250532,0.64,5,3,Yes
21,37276,508,6,136057,0.44,3,1,No
28,74639,572,5,315781,0.65,1,5,No
34,141939,418,14,253691,0.06,0,0,No
55,27310,681,5,465882,0.67,1,1,Yes
41,55167,835,6,402628,0.18,0,0,Yes
22,122944,557,19,81420,0.4,5,3,No
51,104880,782,21,327664,0.38,2,3,Yes
23,30391,808,2,191737,0.7,1,2,Yes
39,142013,391,20,237172,0.77,0,3,Yes
28,70621,460,28,94668,0.24,5,3,No
33,30892,448,28,51775,0.1,1,2,No
50,96733,416,29,183805,0.54,3,0,No
26,98586,757,30,420923,0.43,3,3,No
23,56142,344,12,428694,0.47,1,4,No
33,65679,533,1,273889,0.08,1,3,Yes
46,61615,674,2,174042,0.63,4,3,Yes
20,67553,846,12,104859,0.22,5,1,Yes
37,129264,496,8,147954,0.3,3,3,Yes
53,99071,324,21,132816,0.22,2,3,No
36,61002,694,18,82300,0.76,1,4,Yes
43,128807,335,17,226173,0.18,4,2,No
20,142611,773,4,74979,0.6,5,2,Yes
36,90658,522,9,280727,0.23,1,2,No
37,29852,829,13,177362,0.37,3,1,No
49,25387,487,20,321001,0.8,0,3,No
24,147571,701,16,342816,0.13,5,0,Yes
58,117295,556,2,91759,0.71,0,0,Yes
50,125935,435,6,25342,0.76,3,4,No
57,59994,743,8,320960,0.57,2,1,Yes
56,123412,717,4,80412,0.06,5,5,Yes
35,136912,591,3,63314,0.67,4,1,No
57,120414,428,2,398962,0.71,1,3,No
18,53725,640,25,367632,0.79,1,5,Yes
28,92682,556,12,422546,0.68,1,0,No
45,20560,399,8,215660,0.38,4,1,No
42,144210,338,29,440560,0.57,4,4,No
40,76565,562,22,103112,0.41,3,0,Yes
48,21312,449,27,164678,0.31,4,1,No
47,38205,629,6,101537,0.52,1,3,Yes
59,145882,419,29,190545,0.63,5,3,Yes
52,31595,518,28,14210,0.53,1,5,No
24,107566,422,7,85615,0.67,4,3,No
33,41329,543,9,32154,0.18,4,3,No
43,123678,817,0,33687,0.33,3,0,Yes
19,88187,320,26,339828,0.28,0,0,No
18,148509,489,19,476607,0.2,4,1,No
29,95542,524,28,492268,0.38,0,4,Yes
22,128237,765,28,20473,0.76,2,2,Yes
54,139389,398,20,318320,0.45,0,2,No
49,146688,662,20,200651,0.26,4,3,Yes
26,134476,382,0,297429,0.32,1,1,No
58,55645,355,18,93093,0.51,1,2,No
52,107502,321,1,178574,0.31,4,2,No
36,113382,484,11,281363,0.45,3,2,No
33,107310,821,22,450079,0.26,5,2,Yes
20,89619,563,12,180078,0.31,4,5,No
37,53513,524,13,323314,0.58,4,2,No
41,28749,337,4,117661,0.49,5,5,No
50,50783,422,2,457014,0.12,3,5,No
41,80645,455,26,438181,0.78,3,1,No
28,102861,600,23,301614,0.09,2,2,No
25,73175,366,16,69147,0.11,2,2,Yes
53,104216,693,0,108833,0.58,2,5,No
55,82709,704,13,44984,0.58,3,1,Yes
57,37323,748,5,50380,0.06,0,0,Yes
37,70762,430,16,370865,0.53,4,0,No
52,108220,368,3,250509,0.07,2,0,No
42,84222,644,5,339004,0.77,0,2,No
52,54493,619,0,484009,0.57,4,1,No
42,78328,476,28,78849,0.19,5,0,Yes
46,144467,828,8,52227,0.17,5,3,Yes
35,32213,459,30,96588,0.48,5,3,No
63,117367,832,3,382097,0.53,0,1,Yes
35,127832,434,8,422819,0.67,5,2,No
19,66930,410,8,354442,0.73,1,5,No
52,47713,582,28,23508,0.34,1,0,Yes
33,127157,819,21,218423,0.68,5,2,Yes
58,92723,493,12,141046,0.46,4,5,No
53,118336,346,22,156233,0.4,0,0,No
50,52583,641,30,126725,0.57,0,4,Yes
21,148792,541,28,34730,0.13,5,4,Yes
50,133197,821,16,83259,0.25,3,2,Yes
31,99944,669,20,348153,0.66,2,3,Yes
38,42369,430,2,137157,0.43,4,2,No
37,67928,569,25,93115,0.73,0,0,Yes
25,88950,360,25,224251,0.12,2,2,Yes
24,135844,463,28,228278,0.29,5,2,No
20,39510,824,5,417085,0.32,4,0,Yes
34,142940,571,19,151843,0.37,0,3,Yes
50,32120,432,14,308204,0.79,5,4,No
29,119847,543,28,387230,0.28,1,5,No
39,118575,733,13,474098,0.44,0,0,Yes
39,149269,337,12,26462,0.45,1,2,No
63,25295,618,8,372650,0.63,5,1,Yes
47,40460,809,22,417648,0.44,1,2,Yes
55,34963,675,14,388334,0.5,3,5,No
55,97116,773,13,280318,0.61,5,2,Yes
62,107822,358,30,349863,0.13,5,1,No
25,47328,798,3,427913,0.77,3,5,No
44,104629,517,28,189046,0.68,2,2,No
44,144034,428,10,272755,0.34,4,1,Yes
51,41605,682,21,379639,0.6,2,2,Yes
38,130901,687,1,27393,0.62,3,3,Yes
47,64813,384,29,489623,0.69,2,5,No
50,66371,809,15,403479,0.19,4,4,Yes
45,128241,736,18,420170,0.58,4,3,No
64,67598,592,30,148068,0.08,0,0,Yes
50,80776,348,15,409021,0.14,2,0,No
22,143217,366,26,472859,0.63,3,2,No
36,92258,428,6,343147,0.66,0,0,No
21,60969,328,10,419240,0.49,2,0,No
52,56912,642,11,177679,0.49,5,2,No
34,58374,844,3,220287,0.61,4,2,Yes
61,92302,418,29,476022,0.73,3,4,No
45,82784,432,15,481567,0.37,5,1,No
47,69882,626,27,223164,0.14,2,2,Yes
46,35928,484,25,84423,0.68,4,4,No
63,41274,805,15,367809,0.31,4,3,Yes
23,149994,833,6,356605,0.15,5,0,Yes
52,54416,540,24,148396,0.51,2,1,No
58,106148,815,29,5723,0.48,2,5,Yes
54,80998,464,12,104851,0.41,3,3,Yes
41,120434,517,4,63323,0.69,0,2,No
46,132696,304,29,209883,0.25,4,3,No
63,49047,380,0,134923,0.06,0,5,No
48,63356,546,4,411621,0.29,0,4,Yes
52,57134,792,21,131366,0.06,4,2,Yes
50,87042,685,13,399581,0.46,2,2,Yes
38,71310,606,10,325037,0.33,4,1,Yes
49,137604,842,1,262444,0.66,5,4,Yes
40,100758,306,23,444643,0.65,0,0,No
50,32363,814,28,32338,0.38,3,3,Yes
20,105149,372,17,74389,0.21,4,5,No
35,64563,309,14,402898,0.37,3,1,No
42,50628,421,13,338640,0.53,2,5,No
59,128162,812,24,29727,0.19,2,1,Yes
48,130920,740,29,422289,0.63,5,2,Yes
20,140953,337,12,485293,0.3,3,3,No
57,89672,644,1,24882,0.75,3,1,Yes
63,66246,637,18,315376,0.43,4,2,No
41,31161,483,7,64556,0.69,2,2,No
49,120993,366,26,319281,0.51,3,4,No
64,109110,316,21,50054,0.47,1,2,No
39,112438,682,16,203175,0.56,4,0,No
40,22810,667,14,423003,0.66,4,4,No
19,79860,615,19,93589,0.53,1,4,Yes
44,97199,796,20,198253,0.65,2,0,Yes
59,91688,644,13,424971,0.19,3,0,Yes
19,85548,772,26,98335,0.26,3,5,Yes
43,82363,414,2,41959,0.22,2,1,No
34,31162,399,16,342398,0.65,1,5,No
57,107858,737,2,225148,0.11,1,1,Yes
50,93535,644,12,95633,0.65,1,5,Yes
26,27219,648,24,93437,0.34,4,0,Yes
60,90864,438,17,99058,0.11,3,1,No
56,23621,623,0,436119,0.37,0,0,No
46,138371,601,6,195118,0.28,4,0,No
59,109792,593,28,437735,0.49,4,5,Yes
43,64433,828,22,373657,0.4,3,2,Yes
52,139998,591,4,278816,0.27,2,1,No
42,96850,373,1,405390,0.7,5,4,No
41,146344,783,29,154175,0.36,3,4,Yes
30,86188,315,16,13061,0.4,2,1,No
24,74951,825,28,484150,0.68,3,1,Yes
53,101718,635,20,365306,0.12,4,1,Yes
62,127116,815,9,411481,0.34,5,1,Yes
37,56558,426,3,235254,0.35,1,2,No
18,148938,817,8,243161,0.42,4,0,Yes
25,35659,428,20,378378,0.13,4,1,No
63,54413,810,10,437256,0.13,0,5,Yes
33,30435,722,25,493224,0.36,4,1,No
31,139200,684,11,247118,0.07,4,0,No
29,73911,531,11,416209,0.24,4,0,No
40,48067,494,17,63219,0.2,5,0,No
32,107794,364,3,77250,0.42,0,5,No
45,113823,576,28,362447,0.06,2,3,Yes
51,89224,523,27,42877,0.56,5,4,No
19,93225,577,8,262183,0.69,5,5,No
49,21379,665,7,264158,0.58,0,1,Yes
40,122547,815,18,482584,0.66,1,2,Yes
39,128541,514,23,345429,0.53,2,2,Yes
42,47624,738,12,348568,0.43,5,0,No
39,111500,727,1,498656,0.21,5,2,Yes
39,108427,695,18,152092,0.26,0,4,Yes
59,134634,508,13,241342,0.29,1,1,Yes
23,142507,800,4,301965,0.08,1,2,Yes
32,148701,762,26,209371,0.73,3,4,Yes
60,77745,526,27,444216,0.73,3,4,No
54,71805,674,29,168923,0.13,5,3,Yes
50,123915,799,25,266369,0.47,5,3,Yes
25,140815,392,9,21025,0.4,4,2,No
61,32516,759,23,96551,0.56,2,4,Yes
61,99422,620,16,20431,0.5,0,0,Yes
22,105843,309,19,482804,0.14,4,3,No
56,149560,602,15,239607,0.55,2,4,Yes
21,44843,621,16,441395,0.51,5,3,No
23,132020,755,0,308802,0.45,3,1,Yes
62,25912,577,27,383652,0.35,0,4,Yes
49,41514,837,20,429208,0.77,1,4,Yes
47,107359,692,21,443801,0.69,1,5,No
64,77032,394,14,463407,0.49,4,1,No
52,48797,406,16,192473,0.05,4,5,No
57,26449,689,10,178130,0.37,0,3,Yes
33,21725,825,21,208180,0.58,1,1,Yes
30,101406,370,4,61779,0.14,4,2,No
59,29304,675,3,40662,0.35,1,0,Yes
47,93058,667,25,172257,0.19,3,3,Yes
36,145555,350,20,349312,0.3,4,4,No
34,33663,442,23,406026,0.07,5,2,No
36,90320,718,8,476426,0.15,2,3,Yes
45,95008,847,26,56042,0.39,4,0,Yes
43,135920,799,15,209488,0.72,3,4,Yes
54,114488,466,29,345330,0.42,0,1,No
43,147418,559,11,393391,0.39,1,0,No
40,95591,491,17,170955,0.64,5,5,Yes
26,115044,501,21,437565,0.25,0,3,No
29,32676,484,2,57215,0.12,4,4,No
18,45192,457,14,174491,0.21,2,3,No
18,44722,398,17,465558,0.64,0,0,No
64,27446,540,11,266724,0.56,2,4,No
51,139304,790,29,241676,0.12,4,0,Yes
49,24725,501,12,463022,0.55,2,3,No
42,105597,808,0,160943,0.75,2,5,No
57,133073,395,3,318990,0.08,3,4,No
62,108207,789,7,375631,0.51,0,4,Yes
18,77632,517,18,447207,0.33,4,4,No
33,86945,826,20,262891,0.43,3,3,Yes
56,93741,572,29,314280,0.45,2,2,Yes
22,36365,518,25,207101,0.63,3,5,No
39,85792,631,20,37548,0.47,3,3,Yes
46,84857,752,4,127911,0.49,2,1,Yes
20,136409,451,10,271794,0.3,4,2,No
29,35704,646,24,62278,0.14,1,3,Yes
43,70575,713,30,180907,0.56,3,1,Yes
33,49902,826,23,21225,0.05,0,0,Yes
54,139641,730,23,50360,0.3,2,1,Yes
39,121294,678,28,202400,0.21,1,5,Yes
46,21195,727,28,231411,0.34,3,4,No
31,139247,383,16,451559,0.28,2,5,No
45,73517,491,16,235465,0.58,2,2,Yes
22,54012,340,1,331152,0.25,3,3,No
64,31415,608,29,62573,0.47,5,5,No
47,59534,677,23,56932,0.39,5,3,Yes
63,41686,435,25,394477,0.65,0,4,No
22,97198,405,0,25881,0.37,2,2,Yes
29,134514,818,30,38557,0.7,2,2,Yes
33,48743,841,3,205802,0.05,3,5,Yes
43,52161,425,8,214166,0.5,1,4,No
43,81313,656,1,490126,0.06,2,2,No
38,135994,699,2,328468,0.59,2,4,No
56,128617,378,26,287985,0.23,3,1,Yes
53,22402,688,5,280619,0.33,5,5,No
50,83190,834,12,11671,0.34,2,4,Yes
47,135184,373,14,196656,0.68,3,3,No
54,72551,304,10,36764,0.13,0,0,No
40,33275,762,9,452003,0.55,3,1,No
27,48182,381,2,404177,0.79,5,5,No
22,34915,836,30,323034,0.07,1,5,Yes
53,20909,704,30,377496,0.77,2,5,Yes
51,134110,813,19,394952,0.06,0,3,Yes
48,85908,577,8,331028,0.68,2,1,No
27,147337,523,24,272299,0.77,2,3,No
36,42620,367,9,134518,0.79,5,2,No
49,54112,619,20,234689,0.39,3,4,Yes
18,94051,318,22,257393,0.7,2,3,No
22,22431,642,24,395419,0.14,5,3,No
62,106590,642,23,70768,0.37,0,2,Yes
21,82175,396,26,125423,0.28,5,0,No
33,137472,351,22,65851,0.35,5,0,No
41,52624,474,11,407437,0.58,5,4,No
33,96121,637,7,49566,0.12,4,2,Yes
19,81264,652,20,225841,0.8,5,1,No
45,133766,690,20,400927,0.53,2,3,No
49,51958,414,20,148603,0.71,5,4,No
44,144095,647,16,408696,0.67,3,0,Yes
37,21695,300,21,438924,0.62,1,1,No
41,120211,362,4,279335,0.08,2,5,No
29,139502,525,23,458165,0.44,5,2,Yes
52,69932,722,7,254104,0.3,5,5,Yes
50,119323,318,17,203730,0.13,3,3,No
50,64225,330,10,8779,0.31,2,5,No
60,21403,323,21,338334,0.53,4,5,No
54,103346,510,27,115678,0.22,4,3,Yes
29,94391,460,26,390904,0.38,0,0,No
20,58636,554,9,266752,0.35,4,5,No
18,30839,413,25,474921,0.09,3,0,No
50,85546,803,14,464924,0.52,4,4,Yes
57,124634,519,5,12317,0.51,3,5,No
27,67829,656,18,192968,0.77,2,5,No
60,29230,468,16,5159,0.27,0,3,No
61,71977,823,22,130373,0.36,5,3,Yes
46,60232,541,9,62115,0.35,5,5,No
30,133050,674,4,203737,0.74,5,5,Yes
29,121307,438,27,24462,0.36,0,3,Yes
48,114792,396,15,220221,0.38,5,3,No
63,45651,446,11,270061,0.24,4,1,No
19,117919,481,25,417613,0.05,5,2,No
52,59963,356,20,293269,0.13,5,1,No
40,75872,341,26,247141,0.58,1,5,No
34,137776,842,23,470078,0.56,4,2,Yes
43,99198,301,27,196801,0.29,5,1,Yes
25,33739,587,4,235955,0.4,1,4,No
46,83294,437,20,314421,0.27,4,2,No
43,68356,811,0,281493,0.6,3,3,No
27,21789,521,1,65715,0.68,3,2,No
43,39420,630,4,170800,0.72,5,3,No
51,109297,703,22,166864,0.18,5,4,Yes
58,125902,807,18,12902,0.57,1,5,Yes
24,57606,426,27,126345,0.77,0,2,No
21,58640,564,14,84569,0.54,1,0,No
62,138341,314,0,369292,0.31,2,3,No
28,64135,525,10,370145,0.53,0,2,No
46,57067,404,27,40158,0.57,1,1,No
53,78420,792,17,235795,0.35,2,2,Yes
42,37357,618,2,8917,0.13,2,3,Yes
38,59851,518,27,230019,0.5,5,0,No
53,58262,576,8,346886,0.65,4,0,No
27,144745,640,23,410836,0.8,5,1,No
54,96853,751,30,394474,0.22,1,4,Yes
26,78643,668,3,213430,0.58,3,0,No
41,138094,773,23,108246,0.07,5,5,Yes
52,41534,489,12,472106,0.78,4,4,No
52,111270,718,8,29691,0.06,5,3,Yes
53,121433,794,2,487706,0.32,5,2,Yes
35,52872,338,15,75734,0.11,0,4,No
56,125737,461,21,31046,0.52,3,5,No
49,27689,420,7,158458,0.3,2,3,No
41,89103,698,25,409487,0.6,0,3,Yes
40,106268,561,6,157598,0.41,4,3,No
49,106310,428,24,123540,0.36,5,5,No
54,108731,839,22,48798,0.31,2,1,Yes
29,135869,655,16,128293,0.11,5,5,Yes
30,57412,731,24,423473,0.2,2,1,Yes
40,67734,364,27,194057,0.53,2,4,No
42,129634,517,15,451346,0.42,3,3,No
52,107793,726,20,252192,0.1,4,4,Yes
58,89930,373,21,79396,0.46,4,0,No
47,121838,759,17,424861,0.09,5,4,Yes
34,42228,724,15,422405,0.43,3,2,No
37,140627,491,14,86298,0.77,4,3,No
42,97924,488,1,137040,0.28,2,4,Yes
39,31319,311,28,272944,0.59,2,1,No
30,26475,538,19,422445,0.61,5,2,No
36,117091,752,3,325668,0.35,2,4,Yes
53,103694,682,4,101585,0.49,4,4,Yes
29,34728,347,6,427933,0.4,1,4,No
58,130310,616,28,387423,0.26,0,5,Yes
36,49545,508,26,485519,0.62,1,5,No
29,116636,846,27,471222,0.58,3,5,Yes
26,142971,418,14,397069,0.73,1,1,No
24,101686,614,16,461454,0.51,5,4,No
45,118750,335,9,140891,0.34,1,5,No
31,118412,762,19,323928,0.59,5,0,No
48,81756,702,28,237611,0.51,3,0,Yes
36,88775,406,8,92175,0.51,1,0,No
64,58699,338,15,468052,0.69,0,4,No
33,56821,479,23,51935,0.73,4,2,No
22,50615,311,2,446645,0.19,3,1,No
52,33746,638,21,487545,0.29,1,0,No
29,106457,847,26,212679,0.54,2,0,Yes
42,42745,425,8,140070,0.47,2,5,No
38,21245,362,7,46750,0.54,3,2,No
53,137408,381,22,403396,0.37,2,0,No
40,132143,598,6,345432,0.36,0,1,Yes
33,44853,333,16,297657,0.14,1,2,No
56,47632,348,30,108725,0.52,0,3,No
62,32856,356,4,22879,0.18,0,1,No
59,76893,408,6,357042,0.55,4,1,No
56,90641,816,29,328977,0.78,1,4,Yes
31,121226,323,12,19316,0.24,3,3,Yes
48,88049,520,17,491396,0.16,2,3,No
22,78182,614,30,474651,0.07,4,2,No
52,22801,593,21,160597,0.33,0,0,No
40,117881,309,13,272522,0.21,2,3,No
46,99431,780,17,184741,0.42,1,2,Yes
60,59749,566,2,400793,0.44,0,3,No
28,93757,387,16,157762,0.31,0,5,No
35,75654,754,18,373581,0.61,1,1,No
64,91574,832,30,235611,0.73,3,5,Yes
29,117567,447,6,251818,0.21,4,3,No
26,75381,730,20,194586,0.68,1,0,Yes
27,78601,541,3,217249,0.15,2,2,No
61,35082,365,14,459178,0.22,2,0,No
34,34648,677,30,467411,0.47,0,4,Yes
55,20364,687,28,82383,0.28,5,0,Yes
24,54568,508,27,354432,0.08,4,0,No
63,99646,714,23,349120,0.27,3,2,Yes
30,91494,315,7,473836,0.73,3,5,No
57,94632,596,15,340152,0.18,5,1,No
59,27436,519,0,417169,0.62,2,5,No
26,106713,666,24,199260,0.59,3,3,No
44,46754,528,15,222072,0.13,2,3,Yes
19,80194,739,29,197872,0.3,4,2,Yes
22,44544,831,24,249972,0.19,5,2,Yes
46,80180,749,1,355441,0.07,0,5,Yes
54,83295,335,1,351012,0.18,2,1,No
55,32638,721,7,349286,0.2,4,1,Yes
36,85715,488,11,440815,0.17,5,4,No
25,89409,477,10,361678,0.12,2,3,No
62,148479,614,5,42985,0.44,1,3,Yes
18,138648,319,18,411753,0.29,2,4,No
39,103106,681,27,309861,0.73,4,2,Yes
34,148782,442,17,407243,0.19,3,3,No
24,146839,361,4,400752,0.5,2,0,No
42,133759,541,14,269669,0.73,0,2,Yes
62,37157,537,7,145248,0.09,4,2,No
21,65565,430,5,219349,0.44,3,1,No
53,89996,422,11,75423,0.39,4,5,No
23,133620,739,18,94642,0.75,2,4,Yes
48,85888,641,11,85383,0.55,1,5,No
36,76095,718,11,343932,0.31,1,5,Yes
61,84947,754,8,75013,0.58,0,2,Yes
56,107122,497,23,129326,0.49,5,1,No
44,90880,581,9,284899,0.31,5,0,Yes
27,24507,300,21,286752,0.64,0,0,No
43,123134,631,16,121562,0.55,3,3,Yes
36,63988,511,17,64843,0.05,1,4,Yes
56,118421,386,15,319657,0.7,2,4,No
20,36865,360,3,479847,0.35,4,1,No
62,122591,394,17,338784,0.53,4,3,No
30,149614,446,2,366590,0.35,1,5,No
45,47213,545,15,418909,0.71,1,4,No
37,75954,596,13,456124,0.54,4,3,No
45,77450,422,23,493155,0.48,3,1,No
25,24477,755,8,279870,0.79,4,3,No
58,82222,698,5,274042,0.26,0,2,Yes
56,26533,530,3,88508,0.1,2,2,No
18,69395,833,26,443161,0.44,1,2,Yes
20,145512,701,1,181756,0.37,5,2,No
30,43396,429,22,255758,0.39,1,0,No
45,32755,591,9,180946,0.52,3,5,No
42,20865,575,10,214290,0.51,0,0,Yes
50,31173,675,6,337022,0.34,4,4,No
55,78905,354,25,315152,0.7,0,0,No
23,58097,325,24,401578,0.54,0,5,No
61,53371,740,4,85119,0.72,3,3,Yes
62,124060,496,25,432620,0.73,3,3,Yes
49,31254,542,3,409320,0.18,5,0,No
62,24018,489,25,162120,0.56,4,3,No
64,25192,575,5,256987,0.29,5,5,No
38,22015,708,27,22628,0.68,4,4,No
33,128154,639,1,344609,0.6,2,1,No
38,88916,452,1,97210,0.2,0,0,No
28,48343,697,15,114093,0.75,4,2,Yes
54,89306,743,27,411484,0.56,3,3,No
53,25829,726,24,354370,0.76,2,3,No
52,54381,786,22,362900,0.2,5,1,Yes
36,131451,503,22,69734,0.7,2,4,No
37,101081,411,12,408920,0.55,3,3,No
35,38263,624,20,75050,0.46,4,2,Yes
64,123676,557,6,117726,0.67,3,1,Yes
58,73260,827,24,423050,0.52,4,3,Yes
31,63306,649,25,53308,0.55,3,5,Yes
32,111211,734,4,220350,0.24,3,5,No
48,78418,725,24,101428,0.66,1,2,Yes
18,110898,579,16,196809,0.54,4,5,Yes
20,20148,670,12,459338,0.68,0,3,No
33,21754,548,14,229595,0.31,1,2,Yes
40,46745,480,27,174455,0.3,1,5,Yes
28,92914,377,2,55420,0.07,1,1,No
29,131895,635,22,390963,0.63,1,4,Yes
27,75833,349,3,150912,0.3,0,0,No
49,40140,384,14,105680,0.3,1,5,No
33,94907,303,17,29771,0.57,5,0,No
25,80653,616,27,426949,0.24,0,4,Yes
55,112535,410,29,286624,0.73,5,3,No
29,81521,633,2,90555,0.45,0,1,No
41,98315,432,6,21945,0.78,5,2,No
45,51075,418,7,16641,0.11,1,1,No
25,50697,649,10,20232,0.3,2,4,No
45,143804,841,24,180398,0.34,0,3,Yes
53,74544,354,21,212923,0.6,1,3,No
43,29795,660,25,442067,0.21,3,4,No
25,84555,752,8,422831,0.33,3,1,No
45,72204,629,19,290399,0.73,4,0,Yes
45,123996,518,11,166781,0.14,0,1,Yes
54,89754,507,4,236880,0.61,0,5,No
58,84860,384,0,323317,0.58,5,3,No
53,123107,544,13,355035,0.15,3,3,No
44,71529,634,24,455244,0.57,0,5,No
34,31672,511,24,489115,0.48,0,5,No
26,74238,482,24,408284,0.27,3,4,No
50,116578,432,2,385929,0.28,1,1,No
37,55950,649,28,440305,0.67,5,0,No
30,31009,581,14,375903,0.22,3,1,No
45,67096,592,9,50832,0.43,2,5,Yes
46,39544,568,25,273966,0.56,3,3,No
30,75728,496,9,256638,0.15,5,1,No
63,49381,836,23,25893,0.75,3,3,Yes
52,147769,319,2,131901,0.25,5,3,No
23,45287,704,28,345177,0.29,1,2,No
35,84610,414,5,495553,0.55,3,0,No
22,88122,325,4,281395,0.11,3,4,No
64,88184,694,23,93106,0.52,1,5,Yes
42,60081,680,18,310289,0.74,3,0,Yes
19,103637,822,13,260596,0.24,1,1,Yes
27,65312,838,16,90480,0.32,2,5,Yes
47,107228,382,11,76215,0.22,1,5,No
62,92943,849,8,187909,0.66,0,2,Yes
22,102790,744,25,44380,0.18,0,3,Yes
50,100770,386,24,288349,0.31,5,0,No
18,72726,686,2,217880,0.5,1,3,Yes
35,42211,697,17,324103,0.35,3,3,No
49,49480,585,3,334092,0.1,4,2,No
64,67780,668,13,203857,0.76,4,5,Yes
28,77138,721,23,465991,0.3,2,5,Yes
38,110382,742,5,189426,0.38,2,0,Yes
43,62503,819,25,111177,0.18,4,2,Yes
42,77893,587,14,476366,0.7,4,3,No
39,66193,394,30,224885,0.27,1,0,No
44,134002,340,16,341515,0.06,4,5,No
30,147543,630,30,165100,0.29,0,3,Yes
50,81358,454,23,462298,0.79,2,3,No
51,100857,803,4,327036,0.16,5,0,Yes
58,98182,574,28,150875,0.07,2,4,No
52,140457,478,5,83331,0.48,0,2,No
18,42117,436,20,393829,0.33,2,1,No
38,148333,479,25,117745,0.65,4,5,No
23,79056,481,4,151725,0.6,2,3,No
45,137928,558,18,370633,0.19,0,5,Yes
34,78706,542,13,25674,0.47,2,2,No
22,90429,395,3,484278,0.07,5,2,No
48,29476,496,4,47345,0.38,5,0,No
22,102806,825,10,44920,0.59,5,0,Yes
55,75006,686,26,168686,0.36,5,0,Yes
20,107238,707,1,286112,0.14,4,2,No
40,136946,568,21,88521,0.1,5,0,Yes
54,89918,470,1,379246,0.69,5,1,No
54,83155,469,19,124630,0.72,1,2,Yes
27,87321,458,11,321994,0.31,5,0,No
27,65798,808,15,198220,0.17,4,3,Yes
36,97271,746,16,196733,0.78,5,2,Yes
34,50177,381,3,284335,0.46,2,4,No
38,116248,356,13,376299,0.41,5,4,No
31,148022,818,6,127033,0.61,3,2,Yes
26,142415,411,14,373754,0.18,2,2,No
63,102215,347,29,122415,0.48,5,4,No
18,63013,675,15,247294,0.72,5,3,No
62,120901,332,7,364588,0.07,2,3,No
30,102600,803,1,457826,0.55,0,3,No
21,116099,302,18,50252,0.46,3,1,No
18,139578,785,0,99608,0.76,0,5,Yes
57,73450,815,30,148165,0.24,5,5,Yes
49,118628,341,22,340845,0.69,0,1,No
51,67928,308,3,380532,0.28,4,3,No
45,142640,441,26,353235,0.37,1,4,No
48,112403,735,25,293169,0.21,2,1,Yes
25,65382,326,23,476326,0.7,3,0,No
56,119290,342,20,170408,0.2,2,5,No
43,105038,430,24,358578,0.69,0,1,No
51,20760,515,21,292580,0.39,1,4,No
20,44142,819,10,309834,0.68,0,4,Yes
29,130189,644,9,486573,0.25,2,2,Yes
18,127532,807,17,206512,0.15,4,4,Yes
61,37290,712,0,499453,0.47,2,3,Yes
22,91035,545,16,164166,0.43,0,4,Yes
47,20364,748,15,199471,0.32,3,1,Yes
47,76921,320,11,9509,0.55,3,1,No
34,39797,707,27,206134,0.12,3,1,Yes
64,126331,756,29,305821,0.52,3,4,Yes
40,52535,743,29,190573,0.21,3,3,Yes
32,66300,564,15,172007,0.15,5,5,Yes
54,67176,483,8,80646,0.73,1,3,No
38,36105,526,16,127294,0.39,1,2,Yes
31,27939,847,2,235716,0.62,4,0,Yes
19,99472,545,27,389841,0.12,3,3,No
28,62029,372,17,72050,0.09,0,5,No
56,35863,449,14,153867,0.42,0,5,No
55,98097,812,14,98148,0.29,2,1,Yes
51,30447,368,30,45492,0.05,3,2,Yes
55,116160,529,15,402383,0.19,0,5,Yes
51,66940,371,27,87942,0.21,5,3,No
35,130182,696,19,361883,0.27,4,3,Yes
47,97947,383,0,244854,0.71,0,0,No
32,105001,598,30,450126,0.37,5,0,No
44,123752,592,0,361928,0.56,5,0,No
51,39642,522,3,377411,0.06,4,3,No
55,116798,515,28,407520,0.66,3,5,Yes
50,115899,530,12,64289,0.23,2,3,Yes
41,87643,704,29,9808,0.28,2,1,Yes
32,27928,468,3,98991,0.08,1,4,No
47,68002,628,22,341513,0.36,3,0,Yes
59,104853,725,7,299041,0.69,0,1,Yes
34,134614,495,12,372181,0.33,2,1,Yes
22,137517,825,23,474181,0.73,5,5,No
46,45017,376,7,403123,0.7,4,2,No
21,99064,576,13,82214,0.1,5,1,Yes
27,139694,765,29,335905,0.28,4,0,Yes
34,33313,747,27,399230,0.73,0,4,No
27,21559,619,29,77304,0.07,0,1,No
34,70893,459,24,370906,0.62,3,3,No
37,35167,791,0,465773,0.73,0,3,Yes
41,100879,612,8,450044,0.63,0,1,No
22,58598,460,25,63884,0.61,0,0,No
51,27523,607,23,237482,0.68,2,5,No
23,69777,445,0,341542,0.55,3,5,No
19,48439,695,6,114265,0.37,0,4,No
30,136378,388,24,204192,0.1,0,4,Yes
60,101060,607,19,9942,0.64,5,0,No
60,33285,845,12,67681,0.73,5,3,Yes
28,30973,670,14,497797,0.43,4,3,No
64,142970,750,28,106347,0.45,2,5,Yes
40,42694,466,8,12370,0.35,0,5,Yes
33,55774,691,15,442348,0.69,2,2,Yes
48,24302,790,16,411888,0.06,3,1,Yes
28,135776,449,8,189006,0.52,3,5,No
33,42391,767,5,323353,0.73,5,1,No
25,24611,342,19,78905,0.13,1,5,No
21,29372,328,11,406683,0.77,4,3,No
57,44312,330,15,425151,0.78,1,1,No
21,34080,427,27,313865,0.75,2,0,No
42,100618,593,20,90401,0.4,4,4,Yes
20,132945,740,14,460446,0.34,5,5,Yes
49,128397,687,6,16551,0.58,0,2,Yes
20,116213,823,9,190996,0.29,5,0,Yes
44,40874,846,28,446868,0.1,5,0,Yes
46,82537,409,3,309528,0.73,4,0,No
49,93914,627,23,59488,0.53,4,1,Yes
36,21597,704,2,364097,0.21,3,4,Yes
38,31600,544,17,184669,0.06,1,2,Yes
22,23747,462,0,189346,0.59,3,3,No
35,99415,698,29,122648,0.69,3,0,Yes
45,137358,698,12,143969,0.35,1,0,Yes
59,98553,792,21,466221,0.11,3,0,Yes
39,44815,538,17,229269,0.54,4,3,No
38,104500,764,7,314748,0.27,2,5,Yes
23,114348,331,30,234005,0.16,0,1,No
18,125736,422,10,44819,0.43,0,1,Yes
22,44714,833,9,376012,0.41,3,4,Yes
58,38890,409,28,123756,0.44,1,1,Yes
29,81509,570,3,223435,0.67,4,1,Yes
43,81824,679,24,145854,0.41,3,2,Yes
63,24725,599,3,35398,0.73,4,2,Yes
51,63205,548,3,320676,0.68,4,1,No
31,40684,820,28,292832,0.54,5,2,Yes
43,111861,333,11,423860,0.09,0,5,No
62,77911,527,7,479755,0.7,2,4,No
44,118078,698,27,499065,0.73,2,1,Yes
26,131573,519,12,438649,0.33,1,2,No
43,33092,670,7,156105,0.44,2,3,Yes
64,115918,827,20,449182,0.26,3,2,Yes
39,59770,374,2,139979,0.06,0,2,No
64,45457,435,11,172571,0.41,0,3,Yes
47,91667,373,17,228376,0.15,4,4,No
60,131565,553,14,479035,0.19,3,3,Yes
34,110751,317,24,78221,0.41,3,4,No
43,82894,342,13,144345,0.7,4,5,No
53,81305,349,8,198491,0.68,5,3,No
18,32612,814,4,311810,0.77,5,4,Yes
25,122841,602,29,149550,0.41,4,4,Yes
52,98627,441,28,363124,0.46,0,0,No
32,120639,501,14,212976,0.67,3,0,No
64,57089,506,7,342697,0.57,2,2,No
39,115295,714,22,387701,0.19,2,3,Yes
31,131558,520,2,116925,0.35,0,4,Yes
43,72137,661,11,363359,0.75,2,0,No
45,20559,380,4,13273,0.16,2,2,No
40,86249,584,30,316389,0.21,3,2,Yes
31,57361,668,28,357250,0.35,3,2,Yes
41,100720,791,8,182472,0.75,1,0,Yes
19,35261,645,19,496862,0.14,3,5,No
62,40372,503,2,44708,0.55,1,1,No
43,75355,324,22,37552,0.15,5,5,No
31,117676,368,7,187632,0.44,3,5,No
24,118560,815,20,293574,0.45,4,2,Yes
20,77920,791,12,164647,0.08,3,1,Yes
64,132878,539,7,63433,0.77,1,1,No
40,52544,660,4,316919,0.65,2,1,No
63,20037,740,24,497387,0.28,3,2,Yes
60,63032,330,6,48436,0.15,2,4,No
64,98233,621,4,188696,0.31,2,1,Yes
62,61420,643,28,169010,0.72,3,0,Yes
35,134234,835,8,31358,0.15,3,0,Yes
55,117243,654,4,144841,0.31,4,1,Yes
52,111552,770,7,340939,0.42,5,1,Yes
32,149380,404,11,104819,0.07,1,1,No
42,147358,621,3,362409,0.25,3,0,Yes
54,54600,826,8,78728,0.5,2,3,Yes
45,68285,803,27,105502,0.29,2,4,Yes
27,82008,384,21,284429,0.7,3,3,No
56,109520,534,21,158359,0.75,1,0,No
34,25167,562,13,314505,0.38,5,0,No
56,146279,305,18,444021,0.45,2,2,No
39,20432,793,12,36347,0.52,5,3,Yes
43,89687,588,2,242131,0.55,5,1,No
61,133216,649,3,407202,0.1,4,5,No
42,91947,499,0,269210,0.09,2,1,No
34,116324,634,21,47779,0.7,1,0,Yes
30,70903,516,0,232362,0.21,0,2,No
37,112159,652,10,324858,0.49,4,3,Yes
42,74149,624,15,351602,0.52,4,2,No
21,107640,527,3,369355,0.17,0,4,No
27,76768,444,30,61112,0.62,4,2,Yes
20,80184,607,28,118904,0.7,4,4,Yes
58,85792,584,6,375694,0.26,4,3,No
62,53439,691,11,499116,0.71,2,1,Yes
35,53257,659,5,115962,0.11,2,4,Yes
64,125193,464,23,195104,0.65,3,1,No
53,64674,523,19,493180,0.53,3,2,No
64,71248,423,8,286849,0.49,2,2,No
39,103602,643,25,243706,0.22,4,3,No
51,65371,823,7,422320,0.32,1,1,Yes
64,118282,351,13,493784,0.73,0,3,No
25,87996,428,14,499141,0.4,3,4,No
57,57297,434,20,343600,0.5,4,2,No
61,74273,426,29,47125,0.75,3,2,No
36,81256,370,21,325996,0.4,5,2,No
59,54743,572,4,379197,0.34,1,5,No
58,88752,486,14,478175,0.72,5,2,No
54,99803,302,5,435542,0.73,4,2,No
23,95117,584,0,103226,0.32,2,4,No
43,90051,321,19,50536,0.49,1,4,No
51,42076,465,8,190142,0.77,3,3,No
62,130352,609,3,423315,0.09,4,0,Yes
23,95312,776,1,392282,0.08,5,2,Yes
54,139627,797,5,107643,0.44,4,2,Yes
50,107483,733,1,431222,0.27,0,0,Yes
39,22963,533,2,383052,0.49,0,3,No
38,139217,675,6,251528,0.59,5,4,Yes
23,92322,545,19,29810,0.1,0,2,Yes
23,33866,602,16,224322,0.71,2,3,Yes
21,124504,704,8,130640,0.26,4,0,Yes
47,52305,320,21,365038,0.34,4,4,No
28,82403,556,8,495785,0.3,3,4,No
47,102896,698,18,12388,0.68,2,3,Yes
48,125649,828,4,386424,0.18,0,1,Yes
41,146244,350,24,96631,0.07,4,1,No
26,52813,746,5,326391,0.78,0,5,No
20,86729,569,17,266421,0.79,1,5,No
48,80686,561,30,343106,0.24,2,1,Yes
57,24512,664,0,471369,0.06,0,0,Yes
54,139631,348,24,439066,0.53,2,1,No
53,42666,817,16,215530,0.54,5,3,Yes
41,36630,417,13,161583,0.76,4,4,No
48,137907,752,14,194684,0.27,1,3,Yes
23,147205,696,4,175296,0.19,3,3,Yes
19,94519,326,16,30394,0.51,1,2,No
37,20636,671,20,229751,0.47,2,0,Yes
45,23775,396,20,58269,0.59,1,4,No
28,87957,828,22,195531,0.71,4,2,Yes
21,84591,485,22,72975,0.47,2,0,No
32,98561,514,10,229571,0.16,2,4,No
23,94816,550,9,277163,0.5,4,2,No
47,122487,515,16,289614,0.33,5,5,No
55,31351,328,24,321120,0.39,0,1,No
19,135400,401,0,392612,0.77,3,3,No
32,140533,422,4,135752,0.47,5,5,No
28,123627,353,15,359871,0.16,5,1,No
25,75184,582,6,113369,0.38,1,4,No
43,148381,416,11,446219,0.22,5,5,No
62,131192,413,7,115803,0.15,3,5,No
61,115707,842,17,227957,0.58,3,2,Yes
22,89180,592,29,209999,0.52,5,2,No
23,101678,494,0,165730,0.42,4,2,No
43,93309,591,19,78905,0.37,0,3,Yes
21,114002,560,11,341802,0.29,3,2,No
36,30778,506,30,279072,0.12,2,0,No
37,32501,348,3,301948,0.27,5,0,No
50,132713,305,25,244053,0.68,0,0,No
37,22108,678,11,56243,0.64,4,5,No
29,114905,693,21,436534,0.78,5,1,Yes
64,56382,523,0,126118,0.54,3,4,No
18,111354,322,29,183884,0.47,5,1,No
43,95787,409,0,443264,0.27,4,5,No
31,43341,698,2,394705,0.11,1,1,Yes
55,97214,471,20,135218,0.51,4,3,Yes
54,34367,605,11,441091,0.42,2,5,No
28,139967,450,21,240702,0.62,4,1,No
53,115208,727,20,160663,0.36,0,3,Yes
30,89868,766,12,389495,0.79,1,0,No
60,32002,366,28,412107,0.35,5,0,No
20,148180,455,12,376574,0.3,5,1,No
50,105820,505,20,243404,0.7,2,1,No
23,79949,454,8,12721,0.35,1,0,No
27,35700,808,17,482293,0.7,2,2,Yes
22,99305,373,27,162224,0.07,5,0,No
40,82543,348,27,185529,0.57,1,2,No
27,49318,766,0,339803,0.1,3,0,No
61,109859,478,5,392914,0.16,4,4,No
19,47610,347,24,207420,0.58,0,3,No
30,92499,371,22,434328,0.27,0,3,No
57,139256,412,23,287984,0.21,3,4,No
19,93374,458,4,137280,0.65,1,2,No
37,85226,329,25,416458,0.76,4,1,No
18,65167,396,3,220695,0.22,3,1,No
54,97779,550,5,6971,0.29,1,3,No
26,47939,818,2,34795,0.59,4,1,Yes
34,81365,391,16,366561,0.66,1,2,No
26,87381,412,10,137055,0.8,0,1,No
28,66710,558,3,493693,0.26,4,0,No
32,36766,406,24,147574,0.47,0,4,No
41,122416,689,19,426793,0.15,0,3,No
55,32780,657,0,114267,0.3,4,1,Yes
52,68458,498,29,393176,0.08,3,2,No
47,76221,726,3,408570,0.21,1,1,Yes
48,138498,777,22,265371,0.43,4,4,Yes
22,128392,802,2,203735,0.17,5,0,Yes
61,21509,419,9,221631,0.72,0,5,No
31,109493,608,21,492602,0.58,1,3,Yes
28,130708,837,30,422076,0.07,4,3,Yes
26,54346,774,29,169400,0.71,3,2,Yes
51,102799,643,0,470404,0.78,4,0,No
29,136850,435,26,363659,0.43,4,1,No
52,66874,576,3,47769,0.29,2,1,Yes
52,46148,832,18,418987,0.25,5,5,Yes
18,51533,330,29,57084,0.12,1,5,No
57,128144,546,0,46250,0.42,4,5,No
39,142402,710,15,378277,0.09,0,2,No
46,98467,326,18,236285,0.43,0,0,No
25,21359,372,30,183939,0.24,2,2,No
28,139119,396,19,372678,0.41,0,4,No
58,110068,645,20,476633,0.36,4,4,Yes
54,80313,775,21,186652,0.28,1,1,Yes
31,40344,599,17,153403,0.39,2,4,No
47,138499,598,1,343399,0.41,5,2,Yes
52,89778,586,5,366796,0.68,2,3,No
38,40601,748,20,13572,0.55,3,4,Yes
54,134768,511,0,277040,0.37,3,2,Yes
22,39116,375,18,38077,0.73,1,3,No
36,76985,700,26,221406,0.62,1,3,Yes
31,121013,333,4,469541,0.11,2,5,No
43,137110,797,30,342370,0.17,4,5,Yes
21,138329,815,28,240944,0.11,4,4,Yes
42,50782,627,27,313365,0.29,3,0,No
62,131095,397,27,308764,0.38,1,5,No
59,69819,665,1,352511,0.43,1,4,Yes
42,104416,762,0,121961,0.69,4,4,Yes
35,89035,327,15,358753,0.06,3,0,No
57,117123,685,24,146336,0.37,4,4,Yes
25,64458,572,30,21049,0.36,4,2,Yes
56,111556,426,20,213236,0.76,2,0,No
57,144225,501,1,465894,0.23,1,2,No
31,28080,820,25,347523,0.14,2,3,Yes
49,108743,586,3,34236,0.16,2,0,Yes
55,53957,749,2,250551,0.44,4,3,Yes
50,33908,387,22,244173,0.34,3,5,No
40,116188,617,16,247863,0.62,4,1,No
32,115880,318,14,419339,0.29,5,1,No
50,141292,406,9,162079,0.15,3,2,No
42,110570,757,11,478577,0.34,1,3,Yes
34,111324,610,11,277286,0.71,5,3,No
50,98287,711,19,33498,0.35,5,0,Yes
64,143791,797,6,169298,0.68,5,1,Yes
19,67482,543,26,45348,0.33,0,2,Yes
31,119329,679,9,294668,0.26,1,2,Yes
57,142473,814,28,185561,0.63,4,0,Yes
57,145291,506,4,151370,0.21,3,0,No
56,118375,693,19,148207,0.22,5,5,Yes
23,58314,320,19,125138,0.09,0,2,No
23,120989,826,10,77916,0.19,5,0,Yes
20,94921,642,27,490341,0.33,3,5,Yes
24,142060,501,29,365146,0.35,3,3,No
25,103768,419,1,41788,0.37,0,2,No
59,128880,688,23,160992,0.41,0,4,Yes
32,120326,836,15,67015,0.48,1,1,Yes
64,35831,533,11,461226,0.19,2,1,No
46,141026,619,15,141715,0.51,5,4,No
50,40125,479,3,55094,0.3,0,4,No
47,82451,667,1,152801,0.6,5,3,No
56,65708,375,24,58046,0.47,2,2,No
44,37682,795,29,393343,0.47,2,0,Yes
53,122406,821,29,197111,0.56,2,1,Yes
46,102824,500,28,439500,0.3,2,4,No
55,55794,645,27,470362,0.37,0,2,Yes
50,79372,782,9,351202,0.49,5,0,Yes
54,59477,518,12,353453,0.37,3,1,No
44,73863,359,22,16804,0.38,5,2,No
50,109941,849,30,193939,0.25,5,1,Yes
21,58737,520,18,406032,0.27,0,3,No
39,22620,801,14,425689,0.57,0,1,Yes
19,120950,432,22,148004,0.05,4,3,Yes
27,123169,352,0,185482,0.12,4,3,No
22,142033,749,27,350174,0.76,1,3,Yes
27,55057,361,16,421925,0.19,2,0,No
50,60138,322,19,362869,0.36,2,5,No
55,99390,343,3,363585,0.69,4,0,No
30,73024,346,19,11487,0.05,3,3,No
48,29677,323,8,415420,0.74,1,2,No
64,64111,388,5,10988,0.09,5,5,No
53,44074,473,2,32364,0.18,3,5,No
62,37824,418,21,174475,0.07,4,3,No
41,20765,477,1,26048,0.44,5,2,No
32,65439,641,17,143165,0.76,3,1,No
46,145318,358,22,238980,0.68,2,0,No
25,117151,737,29,350627,0.53,4,2,Yes
22,68926,727,18,494487,0.19,5,5,No
46,56860,725,6,296340,0.7,3,2,Yes
64,32975,680,2,27727,0.62,1,2,Yes
21,94877,785,27,178239,0.25,1,4,Yes
29,113677,484,27,423100,0.65,0,0,No
62,97870,759,17,301751,0.71,5,4,No
19,134381,401,19,471427,0.57,4,1,No
44,101371,314,30,311456,0.13,4,2,No
48,46548,350,19,45769,0.79,5,0,No
53,120970,608,18,135205,0.11,4,5,No
53,110575,333,8,407791,0.54,2,0,No
43,118066,504,15,171146,0.13,2,0,Yes
60,58736,369,5,227364,0.73,4,2,No
44,81562,529,20,146736,0.31,5,5,No
22,60409,779,28,347794,0.43,3,3,Yes
37,104101,832,11,354204,0.18,2,3,Yes
28,29834,407,27,253446,0.46,5,3,No
27,122192,540,5,81695,0.75,4,4,No
57,20840,550,12,149371,0.73,2,2,No
55,99409,434,26,266982,0.1,5,1,Yes
23,51568,389,23,394469,0.33,0,4,No
25,30846,739,4,426248,0.25,1,0,Yes
40,25899,597,28,308541,0.41,0,3,No
64,106038,706,30,202063,0.68,4,0,Yes
43,86101,607,12,454135,0.6,5,4,No
63,58773,401,19,375209,0.31,1,5,No
60,149789,660,6,194519,0.34,3,3,Yes
29,127460,827,11,70498,0.54,4,2,Yes
43,128778,592,29,395595,0.2,3,3,No
30,94723,445,20,113114,0.13,3,3,No
57,92762,703,3,49572,0.23,2,5,Yes
35,127683,301,29,235888,0.14,2,3,No
42,124194,418,4,206346,0.31,1,4,No
50,131417,490,15,496018,0.75,1,3,No
64,24311,302,26,414991,0.14,5,5,No
57,129750,786,3,40389,0.66,2,4,Yes
60,76888,476,7,479470,0.45,1,0,No
29,61616,556,15,404392,0.52,5,2,No
61,72134,833,7,53263,0.18,0,3,Yes
53,111225,776,16,407328,0.16,4,4,No
21,26083,697,13,223711,0.17,0,3,Yes
22,32598,795,11,240417,0.55,4,3,Yes
54,102476,519,2,425249,0.61,5,5,No
25,137707,472,26,24984,0.74,2,3,No
59,112416,689,19,429958,0.35,0,1,Yes
45,22580,801,1,239586,0.4,3,2,No
48,142834,559,29,337188,0.4,0,2,Yes
26,132148,430,12,437426,0.25,1,4,No
46,77395,412,20,323950,0.3,0,0,No
31,62321,319,10,457348,0.69,2,0,No
57,29386,514,23,207824,0.31,2,0,Yes
58,73171,609,11,291413,0.7,1,3,No
39,39522,550,17,332940,0.28,4,5,No
28,85532,787,29,405049,0.3,1,4,Yes
40,111760,681,8,260965,0.47,5,3,Yes
18,34635,708,28,14527,0.13,4,5,Yes
63,20671,570,6,142016,0.74,2,1,No
54,53545,706,5,420734,0.67,2,4,No
38,74079,493,23,355939,0.55,5,4,No
43,46855,740,13,388660,0.79,4,5,No
63,55790,612,17,231468,0.06,0,4,Yes
53,71012,378,13,364239,0.36,0,5,No
40,137827,479,4,38102,0.69,1,1,Yes
18,132121,313,19,143741,0.37,2,4,No
57,149051,545,23,368227,0.05,0,5,Yes
32,34260,313,12,292523,0.17,2,5,No
38,85139,398,0,421928,0.38,1,1,No
64,21074,332,11,122125,0.55,3,0,No
26,62676,735,18,286335,0.17,2,5,Yes
26,29475,556,9,265978,0.39,3,5,No
27,98414,333,23,149331,0.06,2,4,No
43,35120,318,4,174030,0.41,4,3,No
58,43147,559,19,161588,0.72,5,2,No
52,21986,715,5,40931,0.5,3,1,Yes
42,129129,436,11,341774,0.38,4,0,No
43,52430,658,20,16624,0.17,5,0,Yes
28,127497,415,2,159944,0.2,4,2,No
55,75479,703,28,129148,0.11,1,4,Yes
19,102966,501,26,299935,0.61,1,3,Yes
24,22176,675,13,271796,0.11,0,2,Yes
35,104258,549,20,302660,0.34,3,4,Yes
44,128351,745,3,384282,0.61,0,5,Yes
51,135188,577,16,227580,0.58,3,4,Yes
44,104153,411,16,13095,0.48,1,1,No
34,81918,772,13,204965,0.48,1,3,Yes
60,148570,691,14,475848,0.12,5,3,Yes
61,47115,442,6,275239,0.18,5,1,No
41,122912,331,3,81216,0.45,1,4,No
42,97442,480,16,373531,0.31,3,4,No
24,60002,815,5,453340,0.06,1,3,Yes
23,77124,568,10,164314,0.65,0,3,No
41,26610,535,11,31333,0.54,4,3,No
50,128828,576,14,411385,0.29,5,3,Yes
46,69752,574,26,95075,0.12,3,4,Yes
60,148416,385,11,397543,0.49,4,3,No
39,98947,362,10,110373,0.31,0,5,No
43,138972,703,26,326366,0.24,2,4,Yes
45,94716,491,16,485474,0.59,5,1,No
38,67993,592,7,154988,0.3,1,5,Yes
24,30073,330,11,131394,0.15,5,0,No
34,57251,629,28,305249,0.41,5,1,Yes
37,116496,406,8,74309,0.67,5,1,No
58,91437,575,10,446410,0.69,0,2,No
37,58897,381,2,64422,0.69,2,1,No
39,70906,363,6,453833,0.37,3,2,No
45,71616,428,28,493697,0.64,0,2,No
57,128719,555,30,26045,0.69,3,2,Yes
24,24482,530,20,465809,0.39,4,5,No
18,127990,796,2,22061,0.29,4,1,Yes
49,110964,436,20,214746,0.58,3,0,No
30,92936,754,15,40742,0.73,4,5,Yes
47,59574,654,9,292004,0.78,4,2,Yes
40,143331,784,22,261152,0.27,1,3,Yes
36,63284,445,6,217511,0.77,3,3,No
49,92932,332,24,190872,0.42,3,4,No
47,27338,559,23,230650,0.28,2,3,Yes
46,62718,386,19,44212,0.79,5,3,No
62,32500,564,14,285368,0.71,1,2,No
46,31545,841,20,72414,0.57,0,5,Yes
47,81480,691,20,371737,0.72,1,1,Yes
33,25241,531,9,473554,0.56,0,5,No
57,109314,746,11,295682,0.38,3,5,Yes
36,42821,428,17,250371,0.76,1,3,No
35,24695,570,27,356283,0.77,2,1,No
18,97066,388,22,250139,0.29,5,0,Yes
31,132616,765,22,413253,0.32,4,5,Yes
64,137276,469,8,263188,0.34,0,5,No
19,34318,427,28,393183,0.67,4,3,No
45,70934,473,8,16690,0.64,5,0,Yes
47,42331,325,3,277467,0.79,3,0,No
55,141282,810,4,401530,0.4,3,4,No
21,72672,787,6,444401,0.6,3,1,Yes
18,111891,705,25,39146,0.69,4,1,Yes
25,96860,325,30,150428,0.22,5,4,No
46,113685,382,6,81805,0.52,3,2,No
56,88754,663,10,245582,0.46,3,4,Yes
20,105677,666,9,141412,0.61,4,5,Yes
49,122320,359,10,311996,0.57,3,4,No
27,22837,850,23,329694,0.66,5,4,Yes
27,145261,591,23,178747,0.28,0,0,Yes
36,140688,490,17,103756,0.21,1,1,Yes
63,134616,760,11,242909,0.65,0,2,Yes
51,125338,532,24,5392,0.32,3,3,No
50,60077,773,15,338151,0.27,5,3,No
40,99915,704,26,317565,0.3,5,3,Yes
45,24239,570,3,144209,0.1,3,2,Yes
49,130432,433,16,18997,0.63,3,3,Yes
24,106348,470,16,89970,0.59,3,2,No
46,49669,714,20,389112,0.46,4,3,Yes
25,68624,327,22,243538,0.59,5,3,No
18,95147,435,4,35278,0.33,1,2,No
20,24150,704,30,408613,0.27,4,1,Yes
41,144210,804,12,167602,0.7,4,5,Yes
40,31109,540,2,446580,0.37,5,5,No
25,119750,743,26,271938,0.2,3,2,Yes
64,46016,733,22,356474,0.61,0,2,Yes
54,31936,527,16,480301,0.3,5,4,No
20,31036,808,10,134057,0.21,0,0,Yes
50,59236,602,0,76899,0.07,2,0,No
45,34021,333,27,245671,0.78,5,1,No
64,140478,301,17,406295,0.4,1,1,No
25,56943,661,16,124718,0.17,5,1,Yes
51,133694,494,8,82568,0.62,2,0,No
52,123384,607,19,334185,0.72,4,1,Yes
49,101007,549,6,276592,0.45,2,5,No
41,133197,446,4,345920,0.07,2,1,No
31,70016,645,29,457822,0.32,5,2,Yes
49,43244,647,15,438393,0.23,2,5,No
63,83027,553,6,124028,0.53,1,5,No
60,134313,698,12,363419,0.44,5,2,Yes
33,143351,633,12,431193,0.32,0,0,Yes
21,58985,475,14,418393,0.54,0,2,No
54,123976,424,22,320817,0.49,2,1,No
38,21502,697,16,24431,0.73,5,2,Yes
31,73836,430,16,251740,0.5,1,5,Yes
48,119714,706,26,334799,0.43,0,4,Yes
35,23770,633,18,385577,0.67,3,2,Yes
24,62865,319,9,267321,0.2,5,0,No
27,73811,504,1,498066,0.23,5,1,No
24,24001,654,13,117490,0.64,0,5,No
50,80848,472,22,277370,0.38,0,5,Yes
40,72635,488,2,488626,0.36,1,1,No
38,40946,301,6,232593,0.72,1,0,No
36,86134,467,24,490895,0.51,0,2,No
36,115852,667,27,123254,0.65,3,1,Yes
53,111103,835,10,17231,0.66,3,1,Yes
46,112044,669,16,447642,0.14,2,4,Yes
35,63744,736,14,477768,0.54,2,0,No
19,137729,506,18,346814,0.76,0,5,No
18,142848,348,28,188219,0.41,0,5,No
64,59159,843,10,19082,0.6,0,2,Yes
22,115812,428,14,265907,0.48,5,2,No
37,43671,746,14,209383,0.2,3,1,Yes
28,36450,334,5,414391,0.2,4,3,No
59,34908,498,14,150205,0.38,2,4,No
19,77275,376,28,198949,0.41,2,4,No
20,64358,668,8,381816,0.43,4,4,No
40,69047,825,4,121315,0.77,0,5,Yes
29,55518,648,18,158499,0.13,2,1,Yes
37,77813,805,23,127511,0.34,3,0,Yes
22,116748,537,28,456048,0.44,4,0,Yes
54,128220,579,29,281981,0.77,3,4,Yes
55,26806,731,27,408762,0.43,5,5,Yes
47,124733,437,4,226600,0.63,0,3,No
26,60891,568,30,408964,0.61,2,5,No
51,146865,500,21,227104,0.47,3,3,Yes
61,103551,441,12,334233,0.15,4,2,Yes
52,149335,654,17,458245,0.21,0,3,Yes
39,59220,628,19,423457,0.23,2,4,Yes
61,37158,530,16,459661,0.08,2,2,No
41,100992,607,14,7469,0.33,0,4,Yes
34,47588,445,13,316211,0.51,0,5,No
27,82576,451,28,399690,0.16,0,5,Yes
47,108027,439,15,53554,0.18,5,0,No
63,44188,320,3,429325,0.58,3,4,No
40,112615,553,16,290005,0.18,1,2,Yes
49,78830,363,19,248135,0.15,5,4,No
34,24019,517,13,300249,0.78,2,1,No
34,32419,371,17,114655,0.06,3,5,No
31,53697,461,5,193684,0.29,4,2,No
26,104932,429,21,265160,0.08,2,3,No
57,139712,524,7,396845,0.68,5,0,No
19,124568,753,8,497607,0.49,1,3,No
62,115428,683,23,366741,0.09,4,4,Yes
42,27973,406,0,493824,0.51,2,3,No
56,128001,402,12,338644,0.14,1,2,Yes
26,106649,440,2,171668,0.42,0,1,No
39,142649,433,5,208080,0.55,1,3,No
60,31136,498,16,221965,0.16,2,4,No
63,104739,809,7,224653,0.42,1,3,No
21,82502,378,29,124645,0.39,5,3,No
43,51285,781,5,77100,0.74,2,2,No
46,43039,811,15,268480,0.8,2,4,Yes
62,86720,549,0,48316,0.54,1,4,No
51,143168,782,9,183989,0.69,1,1,Yes
40,108263,471,17,478933,0.54,5,2,No
54,79155,316,21,301579,0.71,4,5,No
28,36911,593,25,121513,0.37,4,2,Yes
23,20916,693,13,361286,0.51,3,0,No
35,79052,797,23,333892,0.68,2,1,Yes
38,89110,518,4,7768,0.74,4,1,No
59,121623,533,16,362417,0.07,3,4,Yes
53,37790,689,13,200149,0.13,5,4,Yes
58,103161,547,25,246983,0.75,2,1,Yes
55,25206,351,17,32634,0.48,5,2,No
51,141937,314,3,322072,0.79,3,0,No
34,105053,623,19,185668,0.64,4,4,No
54,69950,740,22,473341,0.66,3,0,No
42,136211,411,1,189605,0.34,1,1,No
55,76361,306,6,228402,0.24,5,2,No
29,81451,544,6,303588,0.5,3,0,No
40,57696,747,6,482446,0.71,5,5,No
59,101641,664,12,254800,0.59,0,3,Yes
39,121192,666,18,470837,0.4,0,1,Yes
38,88226,586,21,131486,0.61,3,2,No
44,122395,405,27,23211,0.57,0,1,No
48,141970,312,5,420885,0.73,3,1,No
23,144121,445,19,483355,0.25,5,0,No
44,66728,777,16,59711,0.14,3,0,Yes
57,75401,414,24,224763,0.4,3,3,No
51,86226,808,17,370136,0.32,0,4,Yes
29,45103,451,24,75047,0.78,2,3,No
62,54263,356,23,351136,0.06,3,5,No
24,146705,681,0,355834,0.75,3,2,No
27,96621,456,26,361445,0.77,1,2,No
62,70044,432,22,249016,0.09,1,1,No
34,77730,462,12,453696,0.72,4,0,No
43,45825,574,25,482466,0.4,0,1,Yes
38,96256,376,18,378914,0.62,2,4,No
45,124177,343,15,431669,0.11,3,1,No
63,57271,849,9,386790,0.77,3,5,Yes
19,97256,617,12,300596,0.51,0,2,No
60,66732,833,9,183841,0.72,4,5,Yes
18,86433,453,29,133013,0.55,4,2,No
53,102630,536,29,229121,0.45,1,5,Yes
43,121999,816,13,495287,0.18,0,3,Yes
46,120990,520,8,229895,0.18,4,5,No
38,43572,609,20,13532,0.4,4,1,Yes
28,58546,476,10,280035,0.7,2,0,No
57,142456,519,2,330390,0.14,1,4,No
28,35150,337,7,300645,0.8,1,4,No
53,74165,730,11,268640,0.71,1,5,No
56,83690,502,2,282298,0.34,5,0,No
57,73664,747,6,81682,0.24,4,4,Yes
52,102335,794,13,63475,0.74,3,5,No
51,95199,424,6,141522,0.14,5,5,Yes
64,148511,364,6,173475,0.31,4,0,No
41,56948,543,13,219724,0.11,4,0,No
39,57030,826,11,313935,0.77,0,3,Yes
22,47007,525,0,32289,0.51,1,5,No
50,120819,764,26,191751,0.3,1,1,Yes
53,111207,592,4,421325,0.26,2,2,No
64,110921,680,27,310583,0.38,1,2,Yes
37,96772,465,10,422631,0.12,4,5,No
36,42024,517,0,350483,0.72,0,1,No
52,132408,574,22,277325,0.43,2,4,Yes
60,59384,351,12,365396,0.59,4,0,No
34,102912,673,28,206318,0.23,4,2,No
62,144161,662,23,243055,0.43,5,3,Yes
60,122674,313,22,295539,0.21,2,4,No
51,38157,639,16,84036,0.66,5,3,Yes
26,105481,838,2,432425,0.63,4,2,No
43,122120,388,30,302302,0.16,4,1,No
19,108553,340,9,71920,0.11,5,1,No
26,21756,603,18,416756,0.67,0,3,No
26,120677,567,30,116440,0.13,0,5,No
57,88112,437,6,402612,0.46,5,4,No
34,111003,305,19,399607,0.45,0,2,No
18,122488,541,27,454790,0.2,1,0,No
42,116741,461,2,386632,0.49,2,1,No
60,78051,817,21,21652,0.43,0,3,Yes
57,120701,700,11,90837,0.43,4,2,Yes
59,84595,455,25,276860,0.32,1,4,No
42,98210,384,21,20568,0.68,2,5,Yes
56,63094,309,9,406885,0.11,0,0,No
52,128850,437,20,205879,0.38,0,0,No
20,107889,455,11,316534,0.24,2,5,No
54,115385,707,14,478980,0.69,0,1,Yes
61,24535,524,5,84792,0.22,5,0,No
61,76035,483,18,226793,0.63,2,2,Yes
47,142815,494,29,421602,0.51,2,1,No
55,67367,695,30,397633,0.71,4,1,Yes
51,127472,433,28,291296,0.5,2,1,No
29,37118,608,25,486019,0.47,3,5,No
36,79812,841,4,476531,0.65,0,2,No
54,79884,308,24,412650,0.47,4,3,No
61,86168,469,19,165072,0.68,1,0,Yes
34,33280,589,26,32973,0.09,3,0,Yes
27,34746,467,1,116036,0.42,2,3,Yes
64,122572,643,20,387617,0.66,1,1,No
29,73251,796,18,42861,0.69,1,4,Yes
33,104821,444,27,142510,0.68,1,2,Yes
41,103583,712,30,148801,0.5,1,1,Yes
36,133625,756,18,493218,0.8,4,1,Yes
25,30207,601,3,424623,0.19,4,1,No
48,91127,345,27,231170,0.18,1,0,No
38,47757,316,19,93094,0.07,3,5,No
34,36226,659,4,358410,0.79,0,5,No
40,115268,560,6,47711,0.31,5,5,Yes
54,81407,422,3,131478,0.62,0,0,No
33,47206,530,10,359741,0.09,4,5,No
23,40256,411,22,485581,0.27,3,4,No
25,53822,545,24,105637,0.52,3,2,Yes
42,61340,690,2,107690,0.44,2,1,Yes
35,131883,691,4,83191,0.21,4,5,Yes
42,72234,627,19,353645,0.4,3,0,Yes
29,63351,514,14,191922,0.13,3,3,No
32,126311,666,24,348996,0.46,0,0,Yes
43,68671,381,20,209967,0.12,3,1,No
58,95320,375,25,150244,0.53,3,1,No
62,122565,826,17,467294,0.17,1,0,Yes
43,145627,802,15,262961,0.46,0,3,Yes
64,55157,778,15,125574,0.15,0,3,Yes
49,39937,671,9,151601,0.35,1,1,Yes
27,74290,564,0,340734,0.31,0,0,No
33,66707,563,22,110218,0.62,2,2,No
24,31219,409,10,45281,0.53,5,2,No
34,29399,606,16,340949,0.75,2,1,No
40,146733,499,23,343770,0.74,4,3,No
43,118848,525,14,464860,0.59,5,2,No
38,47657,484,24,63235,0.63,0,0,Yes
39,40047,330,6,353820,0.52,0,4,No
24,120543,398,24,464976,0.57,2,4,No
31,96095,638,25,280020,0.51,4,3,No
32,105693,565,5,323824,0.28,4,5,No
24,120931,649,14,413313,0.31,2,4,No
26,92154,843,14,210364,0.48,2,0,Yes
25,64891,756,6,138931,0.59,5,5,Yes
40,26780,387,2,292021,0.35,1,1,No
46,47050,362,13,412844,0.16,4,1,No
35,93551,686,29,345261,0.39,4,0,Yes
48,88666,758,8,144372,0.77,1,1,Yes
47,113619,568,2,7412,0.21,2,0,Yes
56,102016,645,5,368095,0.54,1,0,No
52,133135,377,19,359981,0.79,1,4,Yes
35,73010,664,8,215413,0.33,3,5,Yes
59,121012,313,0,401554,0.72,4,4,No
56,58165,435,8,326628,0.7,2,3,No
34,31528,603,11,272948,0.3,3,4,Yes
31,140840,696,3,389063,0.12,5,1,Yes
48,69608,378,25,58675,0.18,3,5,No
41,25914,717,15,361989,0.32,3,4,Yes
52,57136,541,4,265463,0.77,2,0,No
61,31179,350,26,90733,0.26,1,4,No
62,106008,683,28,17392,0.75,2,1,Yes
51,32076,674,16,343128,0.19,4,3,No
20,143911,505,29,156101,0.78,5,5,No
54,44783,788,16,70263,0.27,5,2,Yes
60,136625,680,5,32097,0.52,5,5,Yes
57,66716,610,25,460740,0.1,4,0,Yes
43,70298,674,30,106721,0.27,1,1,Yes
40,74304,341,28,152467,0.21,2,1,No
61,99360,832,30,421209,0.05,1,2,Yes
56,89835,821,14,67088,0.17,1,3,Yes
32,149541,452,0,327754,0.49,2,0,No
21,132424,611,12,221137,0.34,4,3,No
46,28118,593,15,284402,0.59,2,2,Yes
39,96292,412,1,228617,0.55,5,0,No
42,143322,411,28,143375,0.65,4,4,No
30,76911,474,29,251643,0.7,0,3,No
35,93489,601,18,468402,0.66,0,4,No
50,123088,815,22,279321,0.39,0,0,Yes
33,35185,520,1,411963,0.28,5,2,No
62,61792,470,20,364462,0.43,3,4,No
59,100210,617,24,258470,0.45,4,4,No
61,70613,512,11,486933,0.28,4,1,No
19,130012,552,11,26823,0.46,2,0,Yes
52,53927,423,25,215790,0.13,4,5,No
59,20386,512,7,110312,0.22,2,2,No
51,112153,384,11,83812,0.61,3,1,No
47,92728,815,23,473523,0.19,2,3,Yes
30,96281,364,10,16963,0.15,0,2,No
30,50020,617,1,423144,0.27,2,1,No
35,62678,645,0,373610,0.33,2,3,No
49,106695,542,24,347529,0.3,2,2,Yes
49,81394,436,25,358762,0.33,4,1,No
52,88945,546,27,205095,0.15,1,2,Yes
56,135377,740,3,261803,0.17,1,4,Yes
63,141716,344,8,97141,0.23,5,1,No
46,76414,388,26,277182,0.35,1,4,No
46,74816,527,29,372985,0.3,5,1,No
61,75918,590,27,466142,0.64,4,4,No
33,111281,721,26,369478,0.44,0,0,Yes
61,131484,366,6,270582,0.48,1,4,No
64,135640,550,27,40151,0.47,1,0,Yes
27,82694,340,21,434351,0.35,3,5,No
47,49455,398,25,273311,0.79,5,2,No
42,124446,605,28,18172,0.08,5,3,Yes
56,58735,755,24,497985,0.21,3,3,No
37,114702,600,9,187375,0.26,0,3,Yes
22,125509,498,19,368931,0.71,2,0,No
18,113608,787,13,218565,0.74,2,3,Yes
47,134310,405,0,166432,0.68,3,3,No
20,32109,700,4,71310,0.36,3,4,Yes
62,65802,776,12,458925,0.74,0,5,Yes
31,88020,421,5,463694,0.12,0,3,No
47,54622,376,21,93950,0.54,4,0,No
21,129935,611,27,91258,0.75,2,4,Yes
35,149368,411,16,314589,0.62,4,0,No
54,137919,817,14,94941,0.26,1,1,Yes
42,22597,496,6,434914,0.59,5,3,No
18,60597,397,7,163328,0.27,5,0,No
63,60954,758,27,485096,0.13,0,0,Yes
32,89519,529,20,498740,0.59,2,4,No
26,76115,467,1,301351,0.18,2,1,No
32,124988,307,17,125934,0.13,4,1,No
41,63151,471,26,396327,0.46,3,3,No
21,145515,659,20,372872,0.52,3,5,No
29,37040,494,22,472657,0.09,0,2,No
54,64772,568,6,372148,0.05,5,2,No
54,142431,318,28,423367,0.71,3,4,No
60,116090,653,19,224331,0.14,1,3,Yes
23,83832,348,26,59236,0.49,2,4,No
56,47916,763,15,305422,0.77,3,5,No
63,64871,655,29,343853,0.43,0,3,Yes
41,141527,457,18,185293,0.15,1,1,No
28,46372,365,8,115260,0.35,5,2,No
30,81707,607,11,476882,0.52,5,0,No
51,59080,636,13,314494,0.62,4,2,No
42,126242,420,29,163024,0.51,4,3,No
24,62722,703,6,392229,0.08,1,5,No
21,140864,395,1,128797,0.16,0,2,No
25,49048,413,16,278081,0.33,4,0,No
37,105205,728,10,439918,0.58,2,1,No
46,29777,839,17,44496,0.49,5,1,Yes
62,74711,301,28,484286,0.08,5,3,No
63,56331,511,11,122221,0.65,2,2,Yes
27,145320,632,2,290938,0.5,5,3,Yes
60,40968,323,20,129717,0.72,5,2,No
51,73969,667,13,194792,0.36,5,4,Yes
43,123345,805,14,161057,0.42,0,3,Yes
58,31292,475,18,286535,0.35,0,2,No
20,140870,728,9,455511,0.59,2,4,No
23,60794,741,8,491280,0.61,0,3,No
22,99459,847,9,77406,0.59,1,1,Yes
22,137932,813,19,354198,0.27,0,5,Yes
64,70192,660,22,289137,0.53,5,4,Yes
40,47703,573,3,309783,0.3,2,3,No
26,104193,476,18,296864,0.68,3,0,No
52,89165,563,9,487914,0.09,0,5,No
37,87650,485,16,145978,0.08,4,1,Yes
59,76516,826,29,68820,0.13,1,5,Yes
52,119981,578,11,88117,0.2,1,5,Yes
35,149858,497,24,330382,0.08,1,4,Yes
34,121398,648,28,449705,0.1,4,2,Yes
41,111110,720,26,232897,0.28,4,0,Yes
20,117885,604,0,479957,0.12,1,2,Yes
49,42257,363,10,396958,0.65,1,5,No
52,120588,589,12,111390,0.09,1,0,Yes
55,123356,317,0,344088,0.73,0,3,No
30,141750,363,30,360212,0.7,5,3,No
64,103509,629,0,8193,0.21,4,2,Yes
42,111273,316,29,308130,0.1,2,5,No
26,71672,742,20,458697,0.13,5,2,Yes
21,83308,440,15,10220,0.47,0,2,No
31,97583,607,6,155429,0.5,2,4,No
54,139336,743,22,44299,0.29,0,5,Yes
51,42113,795,9,155621,0.27,0,1,Yes
28,20694,725,15,284618,0.45,2,2,No
58,142495,774,0,62593,0.28,1,3,Yes
20,35588,544,21,136213,0.75,5,5,No
45,81756,749,8,349330,0.34,2,5,Yes
46,84085,650,5,373167,0.21,3,5,Yes
26,131359,460,14,25694,0.16,4,3,Yes
20,134384,439,3,374135,0.52,3,2,No
42,81142,792,14,152935,0.29,5,5,Yes
51,84373,830,9,269834,0.19,0,5,Yes
29,105603,692,24,119153,0.26,2,2,Yes
59,26704,700,15,312200,0.28,1,3,No
26,60136,349,12,458640,0.52,5,4,No
32,87507,594,18,256759,0.18,1,5,Yes
57,67361,724,28,419536,0.6,3,0,No
42,78847,311,25,72963,0.28,3,3,No
22,126359,634,19,423635,0.42,0,0,No
28,31441,314,3,45832,0.54,4,2,No
51,117012,327,19,172055,0.46,0,1,No
41,138906,687,21,27365,0.55,5,2,Yes
32,34677,591,28,402127,0.29,1,2,Yes
55,47818,549,15,222069,0.77,5,2,No
25,21868,804,10,122037,0.39,2,5,Yes
22,103591,397,30,398865,0.29,3,3,No
43,143962,636,14,452904,0.27,1,3,Yes
35,87264,338,10,293613,0.08,0,1,No
23,93168,337,22,253616,0.56,4,0,No
54,32043,599,29,360506,0.25,2,0,Yes
30,91939,478,24,264349,0.77,4,0,No
45,35732,768,29,348183,0.21,0,2,Yes
22,75244,581,10,310490,0.45,0,1,No
30,38526,463,2,92498,0.6,1,2,No
34,29340,752,23,439100,0.7,2,1,Yes
57,124488,396,23,366802,0.17,5,4,No
62,42394,608,16,415893,0.79,0,3,No
49,118557,561,4,65390,0.73,1,5,No
46,24102,592,12,352322,0.77,0,5,Yes
20,121846,548,9,466465,0.69,1,5,No
57,39159,544,4,67635,0.71,4,2,No
51,142366,550,11,341275,0.5,1,4,Yes
57,85092,422,7,346459,0.68,5,0,No
44,26212,624,23,68734,0.45,4,5,No
30,117360,800,11,17164,0.45,3,4,Yes
62,57405,365,15,58184,0.47,0,5,No
50,97061,358,1,465298,0.8,3,3,No
23,114296,797,2,433590,0.13,2,5,Yes
41,75186,672,17,96964,0.65,3,3,Yes
36,64239,565,16,495459,0.25,1,5,No
33,130804,535,1,226996,0.32,1,5,Yes
57,112993,517,25,106678,0.11,2,3,Yes
45,143145,826,21,358185,0.31,2,5,Yes
50,133551,740,11,83709,0.79,0,4,Yes
58,30532,705,16,34580,0.35,1,0,Yes
30,99054,768,5,492403,0.55,2,2,Yes
60,92012,409,16,192864,0.14,5,5,No
62,137836,652,1,421534,0.74,3,0,No
42,105279,390,7,150699,0.67,1,1,No
59,86540,713,13,338758,0.34,5,1,Yes
53,128590,372,5,434307,0.31,2,2,No
44,123021,846,8,266707,0.37,0,5,Yes
55,23271,597,0,209974,0.35,5,5,No
24,65482,582,4,19444,0.24,4,3,No
22,20209,804,6,438089,0.79,1,2,Yes
60,110999,497,8,284891,0.66,1,4,No
62,25539,331,13,229079,0.25,1,5,No
48,134841,640,26,145301,0.79,1,3,Yes
40,39977,633,8,118332,0.06,4,2,Yes
59,94142,442,3,217912,0.38,4,2,No
27,129920,709,28,225943,0.48,5,4,Yes
49,148156,343,19,384843,0.08,5,4,No
60,119588,331,14,334770,0.17,0,0,No
47,88684,327,3,324948,0.24,1,1,No
56,119072,722,2,446445,0.59,2,2,Yes
48,143862,790,23,299512,0.75,3,0,No
35,25607,459,20,15944,0.52,1,3,No
53,105122,506,22,429968,0.47,5,3,No
19,114786,317,25,300060,0.45,4,1,No
31,146406,402,21,287961,0.31,0,3,No
30,71939,531,13,468850,0.67,1,1,No
46,38594,723,8,268277,0.46,0,3,No
29,78382,846,29,112603,0.22,2,3,Yes
56,27399,538,18,392626,0.15,2,2,No
19,141026,633,5,383945,0.79,2,4,No
49,146812,448,2,454923,0.06,2,2,No
30,45117,707,17,164742,0.75,3,0,Yes
63,118662,316,15,191234,0.21,0,4,No
44,53617,525,2,445940,0.54,1,2,No
58,27498,559,1,319981,0.28,3,4,No
34,122826,473,1,172046,0.69,1,4,No
57,137232,504,25,137181,0.46,4,4,No
48,149851,714,26,33755,0.16,5,3,Yes
51,131077,807,22,113473,0.25,3,4,Yes
41,136519,452,9,291946,0.29,5,3,No
62,70624,402,14,69771,0.71,3,5,Yes
52,29628,364,2,311043,0.63,5,4,No
23,20329,416,7,178044,0.67,5,3,No
36,58619,455,28,394139,0.09,4,4,No
47,27032,381,17,204714,0.48,5,0,No
24,68094,817,26,172776,0.8,3,2,Yes
27,58034,366,10,245370,0.64,5,5,No
58,122658,537,6,342338,0.14,0,4,No
49,141123,625,18,480092,0.56,5,0,Yes
51,142666,366,24,114484,0.61,2,2,No
45,106158,475,6,210069,0.44,5,1,No
32,75264,777,30,320102,0.11,1,5,Yes
47,114120,554,24,355613,0.08,4,5,Yes
54,67850,362,1,47491,0.75,2,4,No
46,24722,702,5,13495,0.24,3,1,Yes
39,37772,491,4,70181,0.33,0,2,No
21,106105,628,13,233899,0.65,5,2,Yes
37,61679,370,17,184184,0.57,5,4,No
49,88771,362,3,280241,0.78,3,0,No
53,24576,596,3,419748,0.12,4,4,No
21,46707,544,23,167182,0.58,3,0,No
44,119404,818,12,184615,0.11,0,4,Yes
34,61632,692,22,449300,0.05,5,0,No
29,61476,476,28,45702,0.14,3,3,No
39,137220,503,20,460564,0.51,3,0,No
34,50285,832,24,394045,0.56,5,0,Yes
27,44154,427,0,160789,0.38,3,2,No
18,40054,494,19,323085,0.08,5,1,No
39,37165,493,4,371223,0.53,3,4,No
43,34439,483,23,112304,0.11,0,2,Yes
35,138211,546,2,350011,0.16,1,1,No
31,64518,623,29,459511,0.43,2,2,No
64,108051,459,27,131292,0.31,4,5,No
46,46962,365,20,48252,0.4,1,2,No
29,73934,553,18,317061,0.53,0,4,No
53,128085,582,12,114419,0.17,4,5,No
52,57763,359,6,495383,0.72,4,3,No
29,136189,417,9,241548,0.47,5,2,No
24,130290,722,2,288543,0.07,5,4,Yes
46,84094,335,22,358194,0.52,3,0,No
28,130814,830,29,7496,0.4,2,1,Yes
50,39464,390,1,35985,0.58,5,4,No
23,62036,600,6,483698,0.64,2,3,No
64,143980,516,8,120950,0.75,0,4,No
32,115949,397,27,109697,0.8,5,4,No
49,53270,755,20,419650,0.46,1,0,Yes
28,62299,830,11,43178,0.47,3,1,Yes
40,105805,837,21,300454,0.07,2,5,Yes
43,51541,327,28,81407,0.7,3,1,No
51,93545,623,9,411606,0.07,1,3,Yes
63,102543,522,26,81682,0.52,4,5,No
51,111998,379,18,126352,0.12,1,5,No
46,149188,757,12,53577,0.26,4,1,Yes
21,97078,475,9,94643,0.16,1,0,Yes
34,102970,821,4,56933,0.15,3,3,Yes
52,49765,756,28,282623,0.11,1,0,Yes
30,43769,722,14,343863,0.29,5,0,No
58,108001,399,20,351676,0.37,2,5,No
56,107404,702,2,426440,0.4,2,4,Yes
32,40156,679,7,186423,0.38,0,4,No
46,105836,830,5,474061,0.44,5,4,No
46,138706,631,28,152245,0.69,2,5,Yes
28,70481,617,18,343552,0.52,2,2,No
49,33435,836,16,44800,0.06,4,0,Yes
19,89650,388,9,495698,0.18,5,1,No
64,66336,810,0,163496,0.31,3,3,Yes
31,56135,341,12,158779,0.76,3,2,No
37,93631,688,26,468440,0.11,4,4,Yes
39,57909,380,9,17854,0.58,2,5,No
28,89487,701,11,370234,0.07,1,2,No
44,41468,406,1,139753,0.32,4,5,No
20,112609,410,9,419829,0.63,3,2,No
34,67655,576,20,287023,0.31,0,0,No
61,54341,513,22,273222,0.37,3,0,Yes
45,131663,805,0,119166,0.73,1,5,Yes
46,84182,420,0,312605,0.1,3,1,No
38,71786,433,19,364036,0.45,4,3,No
64,88304,670,28,57314,0.32,0,3,Yes
33,123606,556,25,32941,0.77,3,4,No
54,66514,479,14,399632,0.65,4,1,No
37,140938,347,21,221100,0.14,4,3,No
23,53979,318,24,259468,0.75,4,2,No
36,110887,345,0,161497,0.21,0,2,No
22,100981,750,26,258589,0.11,4,3,Yes
20,75107,355,25,129781,0.46,0,2,No
18,148842,391,20,497427,0.6,5,5,No
55,134119,381,8,144579,0.59,1,2,No
32,21160,378,23,196659,0.45,1,5,No
51,107897,582,6,389405,0.42,1,4,No
52,92577,610,15,280717,0.78,5,2,No
42,104303,459,15,194923,0.67,4,5,No
41,30846,615,12,164770,0.57,0,3,No
29,149861,455,9,440694,0.2,5,0,No
35,124180,767,17,328638,0.66,1,2,Yes
32,39924,761,8,23318,0.61,2,3,Yes
61,131193,416,11,174791,0.79,1,2,No
33,33882,663,28,468096,0.15,4,1,Yes
44,100274,765,23,363672,0.59,5,5,Yes
25,106555,483,12,241802,0.78,2,4,No
63,21095,465,10,80529,0.4,5,0,No
42,124205,374,14,44102,0.6,3,5,No
34,60983,571,9,24006,0.78,2,2,No
46,131215,802,9,276192,0.46,3,3,Yes
25,34123,642,8,420165,0.57,2,0,No
32,113668,550,24,211676,0.07,0,2,Yes
44,86615,429,24,22909,0.44,2,1,Yes
63,115193,657,2,429551,0.24,1,3,No
24,65278,707,22,39184,0.15,3,4,Yes
20,117911,794,15,459039,0.58,3,2,Yes
46,110290,781,11,328359,0.08,5,3,Yes
61,71999,377,16,203402,0.73,1,2,No
41,51153,813,24,163713,0.44,0,4,Yes
20,38344,620,29,335400,0.54,2,1,No
37,119777,589,14,11826,0.24,0,5,Yes
63,57656,596,24,361460,0.19,1,4,Yes
32,90515,774,2,306707,0.23,2,4,No
42,149515,322,4,57828,0.22,1,4,No
47,21212,471,27,108380,0.7,3,5,No
31,140385,617,12,118766,0.64,3,0,Yes
24,29001,492,23,11369,0.69,3,3,No
34,98784,417,5,46312,0.6,4,2,No
61,118723,305,25,376871,0.53,4,5,No
37,101144,782,25,243995,0.45,3,1,Yes
53,56427,431,8,141898,0.25,4,2,No
26,51368,392,29,135371,0.58,4,0,No
55,90819,821,28,400408,0.15,5,1,Yes
39,81160,593,18,391801,0.43,1,0,No
19,45854,691,27,418136,0.2,5,2,Yes
41,30715,548,6,118554,0.43,2,1,Yes
25,101701,716,12,421899,0.27,3,5,No
28,78784,442,21,30692,0.09,5,2,No
30,149193,536,29,236696,0.43,5,3,Yes
34,119644,586,30,488007,0.19,4,0,No
25,46797,576,4,87453,0.17,1,3,No
38,67573,686,15,14409,0.34,1,3,Yes
35,96120,681,3,217137,0.32,5,2,Yes
47,34780,749,4,19795,0.7,2,2,No
35,57905,590,28,343860,0.47,1,4,Yes
63,41573,468,19,195644,0.69,0,4,No
64,136049,742,18,157807,0.16,0,1,Yes
48,149651,483,22,482115,0.32,3,2,No
55,53359,344,5,482212,0.47,5,0,No
49,86062,567,3,390555,0.16,2,2,No
28,93391,775,24,49036,0.15,5,2,Yes
62,63463,552,0,473888,0.55,0,5,No
42,119596,695,16,58387,0.54,2,3,Yes
50,136342,588,8,475043,0.23,3,3,No
55,115018,511,15,371689,0.22,1,4,No
58,36571,320,22,476301,0.61,1,5,No
25,117276,615,1,17021,0.14,1,1,Yes
28,148568,737,10,74650,0.74,0,1,Yes
39,39142,722,25,73120,0.76,2,2,Yes
41,45104,532,4,14740,0.7,0,5,No
58,28625,422,12,235864,0.21,4,0,No
34,59199,513,19,483795,0.06,2,3,No
29,140725,339,16,191626,0.75,3,0,No
63,35926,631,27,232351,0.31,0,5,Yes
49,51218,481,28,149391,0.28,1,3,Yes
32,64472,564,24,234603,0.25,1,5,Yes
33,111916,832,14,353535,0.23,1,5,Yes
39,143182,731,21,403458,0.6,0,2,Yes
45,40566,495,26,51169,0.73,0,1,No
37,76125,808,28,266932,0.64,1,5,Yes
50,53205,746,29,225615,0.56,1,2,Yes
27,129084,827,11,68711,0.27,1,3,Yes
57,49717,501,5,427623,0.46,4,5,No
49,69984,432,19,58504,0.23,0,1,Yes
50,127292,438,12,478602,0.13,1,0,Yes
19,45135,792,17,419528,0.14,3,0,Yes
50,48164,369,23,346774,0.5,1,4,No
50,94489,314,14,119481,0.08,0,0,No
58,58562,511,14,372763,0.78,3,4,No
30,89110,359,7,119050,0.8,5,1,No
47,40169,551,18,17988,0.16,5,2,No
50,79858,745,22,345878,0.37,5,5,No
30,41604,301,13,202306,0.63,0,5,No
43,109670,635,6,202045,0.77,0,2,No
39,134605,318,13,223811,0.72,0,5,No
56,108738,377,4,283139,0.24,2,1,No
19,20684,771,14,371628,0.11,3,5,No
55,148140,327,20,145948,0.27,4,5,No
56,122537,464,14,285681,0.38,4,1,No
43,135265,757,23,476654,0.32,2,3,Yes
63,131301,475,3,256798,0.63,0,0,No
32,28007,328,0,322304,0.24,4,0,No
51,134915,578,16,93295,0.69,3,0,No
59,120632,582,24,491242,0.22,1,4,Yes
61,137419,778,19,131097,0.32,3,0,Yes
57,61787,818,0,223128,0.39,0,5,No
28,69582,604,15,403494,0.27,3,5,No
20,94791,408,12,169799,0.62,5,3,No
23,117798,623,17,15031,0.36,0,2,Yes
26,103629,505,9,67745,0.72,3,2,No
23,25782,533,22,357533,0.77,2,5,No
26,86770,757,17,353284,0.69,3,4,No
56,77645,486,16,254516,0.44,5,3,No
48,123509,781,25,373035,0.43,4,1,Yes
49,119724,706,29,358599,0.21,1,5,Yes
58,51996,808,8,484906,0.49,2,2,Yes
29,49204,819,13,79442,0.76,3,3,Yes
25,37152,352,20,215906,0.11,0,1,No
25,75186,697,29,375145,0.61,2,4,Yes
45,127900,498,12,254681,0.7,4,5,No
37,110555,690,19,56866,0.79,1,0,Yes
64,105024,797,19,334027,0.3,5,5,Yes
24,122659,471,30,468760,0.32,1,3,No
28,39689,385,13,60237,0.22,3,5,No
37,70690,485,10,291697,0.64,5,2,No
33,114042,455,12,228626,0.16,4,4,No
21,103251,792,16,403084,0.25,4,5,Yes
23,77320,820,2,101441,0.27,1,3,Yes
39,84226,429,28,140032,0.33,1,4,Yes
43,76091,380,0,462169,0.37,4,1,No
20,126565,683,20,408160,0.47,1,3,Yes
58,99301,594,4,466257,0.76,0,5,Yes
59,41942,568,24,190320,0.24,1,5,Yes
31,58712,834,12,421975,0.63,0,0,Yes
28,146315,677,23,416337,0.56,5,1,Yes
35,125430,675,4,181201,0.14,1,0,Yes
29,85277,387,4,381291,0.66,2,4,No
40,69632,410,22,382940,0.12,2,0,No
29,58031,453,11,351743,0.6,5,1,No
30,40478,762,1,448405,0.59,5,1,Yes
42,42551,455,28,429775,0.57,2,1,No
62,68068,617,22,141832,0.26,5,5,No
36,113608,537,15,112407,0.48,0,4,Yes
63,55561,633,16,214689,0.62,0,2,Yes
53,22892,405,29,383928,0.53,3,4,No
62,119502,781,4,250161,0.65,3,1,Yes
25,44395,681,30,393037,0.57,1,4,No
46,38756,560,11,300270,0.26,0,3,No
49,136580,592,14,35961,0.16,2,3,Yes
61,107710,634,27,240329,0.52,2,2,Yes
35,54651,775,5,432060,0.62,2,4,Yes
23,140155,524,12,281232,0.16,1,5,No
35,86333,753,10,143308,0.18,0,4,Yes
36,93745,595,29,371119,0.06,5,3,Yes
39,126539,762,25,59967,0.45,1,1,Yes
54,69306,513,16,92684,0.46,5,0,Yes
49,41346,457,30,261055,0.43,4,1,No
58,133561,571,8,108278,0.29,4,2,No
20,48024,537,24,237903,0.37,3,0,No
45,114950,602,15,318598,0.62,5,1,No
27,138768,820,16,443276,0.19,0,4,Yes
52,60818,620,19,178636,0.2,5,5,Yes
46,25947,358,30,38843,0.55,5,4,No
32,95153,657,23,156504,0.7,2,3,Yes
50,106240,550,17,480464,0.31,0,4,Yes
24,147192,735,12,19433,0.75,5,4,Yes
29,146519,445,28,163880,0.09,5,2,No
47,114238,651,10,303389,0.14,5,5,Yes
38,87428,544,12,87922,0.39,3,0,No
48,49754,600,23,460438,0.59,2,1,No
41,83355,737,25,226760,0.33,1,1,Yes
37,78241,399,12,423118,0.47,2,2,No
54,88960,779,11,496414,0.07,5,0,Yes
21,149958,714,13,126074,0.4,5,4,Yes
45,147420,464,12,391551,0.23,4,5,No
61,127754,601,24,19702,0.44,1,2,Yes
37,33418,420,8,106125,0.44,5,4,No
41,115422,387,13,200283,0.61,2,1,No
49,120319,516,0,49185,0.45,1,2,Yes
58,108593,478,8,97393,0.51,4,5,Yes
53,75184,462,3,181779,0.45,4,2,No
51,24833,469,27,482516,0.79,0,2,No
53,95430,600,11,79222,0.64,5,1,No
19,134246,673,23,129018,0.62,4,5,Yes
32,61833,502,28,269560,0.52,4,1,No
51,20565,346,13,391380,0.45,4,3,No
53,60180,762,8,358409,0.31,5,5,Yes
23,38402,707,2,430887,0.64,3,1,No
56,62845,493,5,385081,0.19,4,5,No
59,95851,726,2,465894,0.08,0,1,Yes
29,32834,616,0,483524,0.57,1,4,No
20,87850,778,25,266002,0.16,3,1,Yes
62,57180,720,21,125003,0.73,1,5,No
35,23883,568,20,489129,0.63,1,0,No
57,129688,780,2,244610,0.5,0,4,Yes
38,95587,562,29,5207,0.29,3,5,No
32,126520,725,13,343526,0.53,5,5,Yes
50,31695,465,19,111968,0.41,2,5,No
52,147135,727,1,186862,0.27,4,3,Yes
43,43123,696,11,288655,0.76,1,0,Yes
25,78481,515,25,422927,0.17,1,3,Yes
53,93438,406,9,396777,0.62,0,2,No
47,131491,397,12,184086,0.65,5,2,No
40,149525,781,29,369804,0.76,0,2,Yes
59,37573,798,19,423962,0.46,0,1,Yes
61,141844,529,3,259409,0.45,3,1,No
31,114910,556,18,142096,0.74,5,4,No
31,76494,342,21,166464,0.65,4,0,No
19,32288,541,0,110909,0.62,3,0,No
54,66978,394,24,497956,0.64,0,5,No
22,92420,487,10,442747,0.42,0,2,No
55,137845,684,25,289903,0.08,5,2,Yes
62,96095,699,15,359404,0.2,5,5,Yes
58,74672,805,18,66586,0.53,1,1,Yes
64,81821,466,18,443988,0.35,3,3,No
31,103661,424,11,243074,0.51,3,5,No
56,89224,386,2,409013,0.46,5,0,No
42,109405,788,22,257007,0.38,4,0,Yes
37,132418,525,23,64727,0.23,3,3,Yes
19,123673,644,17,95557,0.59,5,0,Yes
56,74796,817,16,368229,0.73,4,0,Yes
23,64706,330,4,234819,0.63,2,1,No
34,148554,595,15,185341,0.14,5,0,Yes
42,143777,713,23,309644,0.45,4,2,Yes
45,24023,434,13,263976,0.68,0,2,No
19,134286,824,18,114266,0.49,2,4,Yes
52,102636,303,5,234942,0.38,1,1,No
54,56735,477,2,287130,0.26,1,1,Yes
22,92959,558,30,154392,0.3,1,2,Yes
18,59218,364,5,435167,0.23,0,1,No
57,32213,662,11,307838,0.2,5,1,Yes
29,121519,316,19,178684,0.49,1,4,No
53,142513,499,29,451939,0.43,4,3,Yes
62,118694,843,10,436785,0.6,5,5,Yes
40,48460,511,30,379244,0.28,0,0,No
64,144579,734,6,479773,0.4,3,4,Yes
48,84680,572,26,189614,0.56,0,3,No
28,137725,589,25,419415,0.77,0,0,Yes
27,51017,782,0,338180,0.31,3,2,Yes
20,118536,533,15,296810,0.27,4,3,No
31,112038,707,15,141474,0.39,2,0,Yes
33,50990,445,16,224979,0.59,3,4,No
27,39515,729,14,42549,0.77,0,0,Yes
46,49991,731,20,499206,0.45,1,1,Yes
27,27634,844,8,151587,0.66,3,5,No
29,97034,796,4,219195,0.4,3,0,Yes
47,96452,388,19,395054,0.08,2,2,No
58,49377,710,7,114433,0.72,0,4,Yes
18,53001,540,28,208665,0.27,1,3,No
22,21391,522,20,200670,0.15,1,0,Yes
37,85206,767,0,259357,0.8,2,4,No
25,129388,621,6,279243,0.31,5,2,Yes
60,62215,674,10,119159,0.15,1,5,Yes
29,99720,411,30,379026,0.28,4,3,No
18,47114,826,19,27097,0.44,3,0,Yes
37,31882,711,25,75719,0.12,3,2,Yes
45,133142,568,20,451582,0.31,1,1,Yes
60,37273,551,12,418679,0.55,1,4,Yes
54,126206,673,21,54094,0.74,1,4,Yes
64,65647,749,12,363740,0.35,3,0,Yes
54,102665,836,6,21696,0.47,1,2,Yes
29,84892,667,10,275498,0.53,4,3,No
54,62679,554,17,416128,0.1,4,3,No
61,20427,762,30,181420,0.31,3,3,Yes
45,116952,567,29,230969,0.56,5,3,No
64,149669,425,30,289024,0.6,0,0,No
32,86267,692,0,113061,0.32,0,0,Yes
23,20799,633,11,348440,0.06,0,4,No
61,75659,667,2,75304,0.06,4,2,Yes
37,114409,755,25,28951,0.45,2,1,Yes
31,27025,366,27,169238,0.46,0,0,No
19,34481,365,0,380692,0.47,2,3,No
26,45411,699,3,191854,0.59,3,1,No
54,116894,586,5,459146,0.74,4,4,No
37,125928,485,4,153503,0.79,5,3,No
43,143014,583,28,285470,0.58,0,5,Yes
46,34961,815,10,163778,0.44,4,2,Yes
18,41767,536,19,300151,0.16,3,1,No
52,140895,317,22,228542,0.34,4,4,No
23,71690,713,12,44232,0.48,1,0,Yes
54,72870,308,10,38439,0.8,0,2,No
22,126536,719,26,495976,0.15,4,3,Yes
50,56135,328,5,318915,0.64,5,1,No
31,84514,647,18,422519,0.8,4,4,No
29,106928,749,24,40229,0.65,4,1,Yes
59,148705,679,14,229577,0.63,3,2,Yes
37,98798,665,20,455961,0.24,0,0,No
41,90765,526,12,318402,0.05,5,0,No
60,43772,417,9,287676,0.22,0,5,No
51,38799,711,0,235463,0.64,1,2,No
42,132051,655,12,339456,0.13,1,3,Yes
46,149941,553,5,145406,0.27,4,1,Yes
56,43555,842,20,386213,0.47,0,3,Yes
48,112152,743,25,129945,0.48,0,4,Yes
64,147219,380,23,173964,0.46,4,3,No
60,39333,345,19,33484,0.79,2,5,No
40,24261,348,11,33831,0.06,0,2,No
61,139833,748,16,246527,0.42,4,5,Yes
55,89002,706,26,251156,0.43,4,0,Yes
37,66553,582,17,159737,0.27,2,5,Yes
40,23088,772,23,296349,0.44,1,2,No
62,65783,715,25,252315,0.55,5,2,Yes
33,21115,420,7,339734,0.55,4,1,No
59,90114,302,28,179540,0.12,0,2,No
25,88126,615,13,133609,0.65,1,4,No
38,92908,759,4,266736,0.75,1,1,No
18,89109,526,21,459941,0.14,1,1,No
25,22978,378,1,464780,0.36,4,3,No
46,128943,843,26,408584,0.43,0,5,Yes
49,29422,370,27,288579,0.15,5,2,No
55,63626,496,24,218662,0.43,2,3,No
22,109233,357,30,119426,0.21,3,3,No
64,76174,723,21,435578,0.75,3,5,No
39,116356,768,27,216219,0.39,1,1,Yes
64,57743,347,24,411610,0.8,3,3,No
51,90461,734,10,105159,0.08,3,3,Yes
18,77199,484,25,395261,0.15,4,1,No
43,149000,464,2,119623,0.38,2,1,Yes
60,142778,630,21,101284,0.71,3,0,Yes
27,49430,629,25,495476,0.47,5,2,No
47,48834,420,15,385261,0.6,5,0,No
35,44435,512,20,445969,0.37,2,5,No
34,107212,806,15,321572,0.08,3,1,Yes
43,75797,467,8,179110,0.54,5,4,No
25,63554,845,12,454354,0.53,1,3,No
64,74555,726,9,490334,0.1,1,3,Yes
57,105350,520,30,215205,0.18,5,1,Yes
29,34716,309,16,14880,0.41,2,3,No
44,80261,419,24,419031,0.38,2,0,No
25,47528,546,20,480705,0.61,2,3,No
42,21995,659,16,355520,0.34,2,4,No
63,42414,520,9,214494,0.55,0,2,No
21,33844,805,7,448514,0.58,1,5,No
50,56659,357,6,475718,0.53,3,5,No
18,35522,759,13,423656,0.5,0,5,No
36,125449,427,21,142586,0.65,2,0,No
48,149632,385,17,304812,0.54,3,2,No
33,94034,403,20,312513,0.68,1,2,No
31,62322,442,18,54179,0.53,2,4,No
22,87638,504,17,266274,0.17,4,5,No
58,121334,337,13,315213,0.28,2,4,No
43,28524,662,9,206957,0.3,3,4,No
45,50846,608,0,266668,0.12,1,4,No
19,93643,351,8,333709,0.57,2,5,No
23,80096,300,17,470368,0.5,1,0,No
26,134930,310,12,301908,0.49,0,4,No
50,103804,513,26,448709,0.41,4,0,No
58,67703,817,16,424040,0.46,5,3,Yes
42,44399,714,29,200616,0.06,5,2,Yes
30,95160,307,22,228320,0.12,0,5,No
26,112662,304,24,315605,0.56,5,3,No
30,108667,661,21,416687,0.25,4,3,No
48,143182,411,15,423472,0.13,0,1,No
58,68591,572,23,38142,0.3,1,5,Yes
28,40714,721,30,49329,0.24,1,3,Yes
21,126167,564,10,139117,0.07,0,3,No
51,55877,757,22,150800,0.36,3,1,Yes
55,104106,511,8,34713,0.07,0,5,Yes
63,98018,377,6,84374,0.05,2,3,Yes
21,119854,520,28,27659,0.64,3,1,No
55,79136,668,21,240325,0.29,1,0,No
36,53414,646,0,497325,0.48,0,2,Yes
23,140832,324,8,404568,0.27,3,4,No
51,106576,719,9,355710,0.75,2,3,No
35,98943,653,15,103582,0.6,4,0,No
30,143592,716,20,465157,0.33,1,2,Yes
58,65468,814,28,46747,0.21,3,0,Yes
40,118841,514,17,208758,0.15,5,1,No
36,99702,411,30,296767,0.62,3,0,No
62,92108,727,13,22716,0.39,5,3,Yes
28,118538,515,27,209673,0.22,3,3,Yes
18,112508,712,10,410780,0.74,0,5,No
41,66835,679,23,24531,0.34,1,4,Yes
24,83333,531,28,261297,0.46,1,4,Yes
42,62464,557,3,45760,0.69,0,3,No
38,132454,555,29,8449,0.68,0,0,Yes
32,42923,702,18,365880,0.53,5,5,No
18,136062,723,12,258786,0.72,5,5,No
29,81855,364,0,300921,0.76,5,3,No
24,87445,489,20,12279,0.75,0,0,Yes
32,143795,472,18,443025,0.31,2,3,No
38,130454,526,14,10191,0.35,3,2,Yes
36,141906,687,19,341188,0.23,2,0,No
46,118384,700,14,249756,0.68,1,1,No
42,87619,512,24,272451,0.14,0,1,Yes
50,66146,352,10,140288,0.32,3,4,No
49,80032,438,29,465117,0.06,5,2,No
52,133521,717,22,372244,0.5,4,1,Yes
61,136378,442,26,459959,0.54,3,3,No
55,37140,808,4,407343,0.24,4,1,No
43,22670,785,23,90438,0.6,3,3,Yes
28,56519,736,21,115283,0.34,0,2,Yes
52,64512,842,9,433752,0.28,4,5,Yes
25,77811,592,17,267639,0.77,4,5,No
63,123565,583,6,74128,0.49,1,5,Yes
31,34691,313,0,334912,0.24,3,4,No
27,125156,571,2,459578,0.79,2,5,No
19,54262,324,27,45816,0.34,5,1,No
63,74892,621,0,417535,0.54,2,4,No
26,45595,402,29,200367,0.59,1,5,No
20,77207,339,30,347347,0.37,1,5,No
38,148590,534,16,18000,0.45,1,2,Yes
43,135589,388,14,142791,0.23,0,0,Yes
25,53440,399,4,74981,0.4,0,5,No
19,28630,443,21,315085,0.28,0,2,No
23,51250,381,15,105671,0.46,0,2,No
45,114334,528,11,474528,0.55,1,2,Yes
46,149228,694,18,44323,0.51,1,0,Yes
43,128572,812,13,218897,0.63,0,0,Yes
42,118748,496,2,193392,0.08,0,2,No
29,127461,573,18,147491,0.11,4,0,Yes
22,97518,671,0,209508,0.2,3,3,Yes
51,94191,379,20,31403,0.79,4,2,No
54,84791,534,0,33298,0.65,3,5,Yes
32,104118,586,25,228764,0.74,0,1,Yes
61,120591,844,9,304509,0.25,0,3,Yes
53,83753,736,2,356717,0.48,5,2,No
32,130261,426,12,444449,0.47,0,1,No
60,80520,716,5,468761,0.48,4,5,Yes
40,24008,340,10,77771,0.59,1,1,No
23,64464,768,5,489843,0.35,3,4,Yes
63,127408,596,2,454576,0.56,5,4,Yes
61,20496,341,15,329110,0.64,4,1,No
60,119767,578,8,43056,0.27,5,2,Yes
62,148747,758,7,324109,0.76,0,2,Yes
38,43212,332,26,379762,0.44,1,2,No
40,40637,575,2,69237,0.6,4,2,No
60,65227,389,4,147267,0.6,3,1,No
33,102413,823,20,259063,0.47,5,5,Yes
64,139753,459,30,437590,0.29,5,0,No
32,140118,757,13,330683,0.55,5,0,No
42,103346,698,4,162320,0.12,0,5,Yes
53,29884,390,18,187526,0.79,3,5,No
28,136481,765,4,424442,0.19,5,2,Yes
32,88259,519,20,258085,0.26,0,4,No
21,69810,718,19,91315,0.77,0,1,Yes
38,149926,678,19,81202,0.19,2,0,Yes
30,24761,746,1,353059,0.18,3,5,No
39,93166,445,24,36709,0.65,1,1,No
36,147342,532,30,119439,0.24,0,4,Yes
51,36375,670,6,441066,0.12,1,5,No
31,127045,533,0,494570,0.22,4,1,No
21,45218,666,20,390144,0.72,0,4,Yes
63,50565,780,17,307681,0.26,5,5,Yes
44,122654,662,9,393125,0.57,0,4,No
46,52975,810,5,199530,0.35,5,3,Yes
64,47073,394,6,35949,0.25,0,5,No
45,89726,515,11,380434,0.16,5,4,No
52,21883,842,17,161925,0.78,1,3,Yes
25,88422,434,10,235803,0.44,2,5,No
33,69629,382,21,420213,0.14,3,5,No
59,84170,690,30,171942,0.2,0,4,Yes
53,94489,346,28,63529,0.36,3,4,Yes
47,28381,691,18,330515,0.46,5,1,No
35,43238,684,24,317751,0.19,3,3,No
19,33795,680,30,456739,0.26,5,5,No
30,115964,376,3,170186,0.64,3,0,No
21,82999,558,18,439804,0.36,5,0,No
43,69907,698,12,317510,0.05,1,1,Yes
42,29638,399,26,34871,0.09,5,0,No
47,90467,800,18,465713,0.38,3,0,Yes
28,62623,682,1,253755,0.1,4,4,No
24,58492,491,27,238988,0.18,5,2,No
48,46411,644,8,329428,0.6,1,2,No
61,130724,309,7,113043,0.41,1,0,No
27,40534,563,20,403906,0.41,4,1,No
56,122364,567,13,151240,0.5,2,1,Yes
30,49181,494,29,444091,0.64,2,3,No
48,123069,706,28,253618,0.17,5,1,Yes
24,39996,595,8,469210,0.18,0,1,No
59,92089,396,12,70116,0.14,2,4,Yes
59,125682,761,17,490694,0.75,0,4,Yes
53,103609,386,5,394230,0.48,3,5,No
37,136004,376,22,146105,0.12,0,0,No
21,92666,782,21,340727,0.22,2,5,Yes
24,49405,445,30,9902,0.59,0,1,Yes
18,121490,410,2,127793,0.07,1,2,Yes
61,146900,596,9,399712,0.59,2,1,Yes
62,91325,725,29,66263,0.73,0,1,Yes
59,48930,633,9,294808,0.09,2,0,Yes
64,134426,822,9,309347,0.19,4,2,Yes
30,37529,837,8,271726,0.05,2,0,Yes
39,73546,461,29,296626,0.13,4,1,No
38,27942,729,30,433027,0.51,0,2,Yes
39,27548,368,11,172216,0.08,4,1,No
45,135248,432,23,308620,0.37,2,5,Yes
26,38296,488,30,299016,0.43,1,0,No
43,71016,578,7,87754,0.73,4,0,Yes
26,117780,729,23,415223,0.41,2,4,Yes
32,20296,841,8,186271,0.16,1,2,No
27,87945,460,16,317860,0.27,3,4,No
41,79980,752,7,484118,0.55,5,5,Yes
59,76782,469,17,100363,0.13,4,2,Yes
25,54229,356,19,118195,0.22,4,3,No
41,116382,539,16,239816,0.8,0,2,No
33,73444,657,27,169336,0.05,3,1,Yes
43,55036,500,5,102143,0.16,0,2,Yes
44,135682,743,9,201302,0.68,0,4,Yes
54,149114,601,0,294149,0.13,2,0,Yes
21,59322,405,27,244831,0.08,0,0,No
41,134695,400,20,298619,0.14,4,2,No
36,47167,396,30,415142,0.57,0,3,No
53,71667,328,24,38683,0.79,1,0,Yes
56,114527,805,0,481937,0.49,4,5,No
27,103337,737,8,81810,0.14,5,0,Yes
42,71468,678,19,250841,0.19,2,5,Yes
35,92894,372,2,313193,0.45,0,5,No
36,73084,553,23,366627,0.59,1,5,No
53,83138,815,5,128045,0.55,5,0,Yes
27,42588,849,6,244823,0.48,1,3,Yes
50,82901,319,8,236447,0.79,4,4,No
22,37671,834,4,257790,0.2,0,2,Yes
64,145724,720,28,228922,0.18,1,5,Yes
52,103038,745,15,447699,0.69,0,3,No
61,110664,435,1,117177,0.27,4,2,No
51,51645,804,2,175985,0.3,3,1,Yes
50,27637,600,2,459150,0.46,1,5,No
38,20660,332,19,440710,0.34,2,2,No
34,127211,577,25,266731,0.27,0,5,Yes
39,26922,432,22,297432,0.74,5,0,No
54,113697,826,27,117880,0.15,4,3,Yes
32,64721,425,9,128060,0.35,4,5,No
52,77256,644,21,96428,0.05,5,3,Yes
45,141025,316,2,387944,0.66,2,4,No
24,137217,677,14,30682,0.18,3,1,Yes
49,89506,359,13,72125,0.63,0,4,No
28,88943,766,22,166881,0.16,3,4,Yes
27,144338,690,3,351550,0.36,4,1,Yes
26,47843,486,9,256594,0.6,1,0,No
31,29046,797,10,187814,0.25,3,3,No
30,109336,660,10,457800,0.29,1,2,No
42,83985,748,7,79215,0.55,2,1,Yes
19,100083,480,30,144875,0.19,4,4,No
52,123064,429,22,319716,0.76,1,2,No
24,116925,448,22,387040,0.19,0,5,No
38,146417,771,8,327682,0.61,4,1,No
35,136585,799,7,375037,0.65,2,5,Yes
20,50346,654,11,110518,0.33,0,1,Yes
59,108284,510,16,186680,0.17,4,0,No
56,143152,329,22,48153,0.17,3,5,Yes
58,131769,323,14,491402,0.79,5,0,No
28,122391,521,18,53657,0.59,4,3,Yes
56,111384,700,27,145601,0.39,0,3,Yes
41,73526,811,19,230606,0.24,1,2,Yes
63,93143,387,5,315352,0.06,1,3,No
36,56787,764,4,80928,0.55,4,5,No
21,53583,349,7,173337,0.77,4,5,No
43,32563,402,17,384699,0.13,2,1,No
55,66060,667,20,140655,0.62,3,1,No
59,149537,791,20,197298,0.16,2,1,Yes
49,141943,567,14,31690,0.64,5,5,Yes
56,134462,696,2,408544,0.33,2,1,Yes
62,53690,619,13,92174,0.58,1,0,No
63,131233,819,25,283382,0.74,1,1,Yes
53,114712,748,14,437329,0.52,0,1,Yes
57,34925,775,30,224563,0.74,5,1,Yes
54,106787,539,12,323379,0.23,5,4,No
50,103184,557,20,157754,0.78,2,5,No
53,40108,689,19,445658,0.7,0,5,No
20,96515,642,26,218070,0.13,4,2,Yes
26,88258,686,20,133596,0.36,0,5,No
25,25355,693,25,207260,0.75,1,2,Yes
50,66069,569,8,283905,0.11,2,1,Yes
23,114335,448,22,231843,0.39,1,5,No
58,120854,679,16,460404,0.59,4,1,No
56,74471,327,18,488103,0.08,3,2,No
21,52705,448,24,260672,0.61,5,3,No
30,63909,719,3,409392,0.32,2,4,No
19,108606,579,19,371389,0.24,1,4,No
22,148501,481,9,455714,0.48,3,5,No
61,136361,465,21,104450,0.46,4,3,No
44,73739,316,2,53329,0.71,3,1,No
49,96820,449,18,292783,0.56,1,2,No
38,107273,638,30,203824,0.37,1,4,Yes
25,43241,344,8,118733,0.54,4,3,No
55,47414,801,28,425631,0.61,4,3,Yes
25,70818,488,4,37657,0.75,3,0,No
20,40895,360,13,305361,0.58,3,5,No
61,112307,593,6,350527,0.46,5,3,Yes
20,82409,332,20,188694,0.33,5,0,No
39,75324,598,5,22900,0.72,1,0,Yes
23,86920,714,23,16242,0.64,4,5,Yes
19,73555,848,30,363753,0.11,0,4,No
40,138642,730,7,435407,0.57,4,1,No
61,85453,794,1,445817,0.45,2,1,Yes
19,42689,399,26,69930,0.13,2,3,No
55,84356,322,24,416126,0.47,4,2,No
34,113011,719,25,360866,0.19,3,2,Yes
52,28252,723,27,130272,0.58,2,0,Yes
51,50844,786,27,151050,0.26,5,5,Yes
40,115687,388,27,448156,0.16,1,3,No
47,125542,508,13,388352,0.11,1,3,No
25,43365,570,21,280750,0.42,1,1,No
39,26026,705,6,168103,0.2,5,2,No
61,118303,577,2,12421,0.69,4,4,No
53,48523,505,19,322873,0.05,2,5,No
22,141297,627,21,269692,0.68,3,3,Yes
30,30482,635,22,12252,0.44,5,3,Yes
46,132105,337,5,445840,0.74,5,1,No
48,68888,527,20,83385,0.2,1,4,No
64,133884,782,13,468360,0.13,5,4,Yes
33,126968,433,11,488843,0.52,5,4,No
59,70110,689,17,379275,0.58,3,5,No
47,110644,724,11,388472,0.33,5,4,Yes
33,20493,809,30,404961,0.06,1,2,Yes
29,76194,726,30,434046,0.36,5,5,No
34,102001,773,6,305193,0.23,4,0,Yes
33,59767,660,4,173602,0.31,1,4,No
29,49550,510,11,428438,0.43,4,0,No
25,33833,478,8,265460,0.58,2,0,No
37,22970,357,28,260519,0.77,2,1,No
20,118315,372,10,407856,0.16,3,4,No
33,115494,514,3,169806,0.56,5,2,No
47,142512,372,13,191300,0.22,1,1,No
62,147424,766,25,223686,0.22,2,1,Yes
40,133855,570,11,396100,0.53,5,0,No
45,102681,798,17,193779,0.63,0,3,Yes
57,121489,653,6,234483,0.78,0,2,Yes
22,69177,533,22,421781,0.63,3,5,No
37,87342,618,0,180126,0.17,5,4,No
57,141339,318,26,374262,0.22,2,4,No
61,91200,671,29,320712,0.62,4,2,No
18,81501,483,12,71045,0.45,5,4,No
47,48900,576,15,339495,0.27,0,3,No
38,34126,444,4,112560,0.4,5,5,No
37,131198,380,18,193719,0.74,2,3,No
23,90690,621,24,63312,0.62,4,4,No
39,107744,734,8,47398,0.39,1,1,Yes
35,99303,342,22,328009,0.79,5,5,No
25,105579,612,27,107175,0.65,2,5,No
56,67994,592,8,125201,0.05,1,4,Yes
49,87061,368,11,430624,0.13,0,4,No
50,119064,355,17,250329,0.47,1,2,No
33,36978,503,26,224500,0.31,0,3,No
29,76344,719,25,200297,0.66,3,5,Yes
55,66648,849,23,83812,0.72,3,1,Yes
51,21055,542,25,372612,0.23,0,2,No
31,95582,500,9,401716,0.62,4,2,No
53,121387,773,25,318495,0.45,3,1,Yes
50,101214,826,28,148618,0.34,4,1,Yes
40,64876,376,16,189125,0.64,4,2,No
62,138363,777,18,45526,0.47,4,4,Yes
19,112160,739,23,216650,0.53,2,1,Yes
58,127954,562,10,109374,0.1,5,5,Yes
38,58725,484,15,253030,0.49,2,0,No
19,25255,354,7,436369,0.28,5,1,No
44,94947,607,29,5229,0.42,5,5,Yes
26,73380,815,25,449854,0.22,4,2,Yes
18,134648,598,23,160797,0.51,0,0,No
28,73333,529,26,431893,0.16,5,2,No
20,62459,676,14,213328,0.14,3,3,No
40,136518,585,27,186201,0.19,1,3,Yes
43,56163,437,10,36879,0.66,2,4,No
21,53971,777,6,480770,0.08,2,1,Yes
35,116771,306,1,363798,0.6,1,2,No
23,85149,718,18,402933,0.09,4,0,Yes
52,147150,771,8,482326,0.49,5,5,Yes
39,104730,719,17,83771,0.63,1,1,Yes
60,39476,575,12,272333,0.22,4,4,No
32,88580,389,22,394173,0.2,2,2,No
39,140759,581,0,91859,0.27,1,5,No
54,125576,847,18,487217,0.57,5,5,Yes
59,106593,470,12,237850,0.24,0,2,No
29,89050,654,13,126383,0.43,3,3,Yes
64,95526,503,16,82508,0.15,3,4,Yes
59,124496,588,21,372642,0.4,3,5,No
55,129071,761,19,137937,0.52,1,2,Yes
35,134832,472,0,496818,0.1,5,3,No
62,27507,600,4,126389,0.66,4,3,No
52,90393,828,29,238101,0.75,5,0,Yes
47,32118,439,19,491719,0.2,5,5,No
41,70529,577,13,402756,0.62,2,4,No
59,88682,810,26,193513,0.29,3,4,Yes
47,111937,645,25,491525,0.56,1,2,No
31,74176,439,29,244673,0.28,3,0,No
23,135481,413,26,214072,0.7,5,1,No
20,111713,806,25,173654,0.31,4,2,Yes
33,124060,665,17,84132,0.69,0,3,Yes
24,24414,696,12,256894,0.62,0,1,Yes
31,103030,410,22,232993,0.2,5,1,No
26,140360,657,11,85922,0.17,2,5,Yes
32,105973,537,14,418122,0.63,0,2,No
38,82137,302,23,419018,0.34,0,5,No
52,23937,703,3,470570,0.76,1,0,No
19,56731,324,8,69761,0.76,1,4,No
44,106862,808,2,62276,0.57,2,0,No
19,58665,764,28,242538,0.43,5,2,No
52,94510,360,21,370937,0.2,2,4,Yes
35,132681,807,10,109389,0.71,5,1,Yes
31,37500,422,29,210645,0.11,1,3,No
37,134360,796,14,74721,0.33,0,5,Yes
35,21750,354,15,41994,0.29,5,0,No
27,85018,462,29,357160,0.77,4,5,No
42,145456,338,6,123569,0.14,0,5,No
19,24027,382,6,12692,0.72,0,4,No
42,129832,845,21,456612,0.39,4,0,Yes
50,25745,412,8,131728,0.09,2,4,No
53,81731,724,30,418215,0.6,1,3,No
48,106984,529,16,208413,0.13,2,5,Yes
31,127983,582,12,401373,0.23,2,2,Yes
18,48451,586,8,433089,0.65,2,2,No
63,113743,454,28,436160,0.17,1,4,Yes
33,91474,464,8,431977,0.29,2,4,Yes
63,81536,481,19,346385,0.32,2,2,Yes
20,32150,538,28,352160,0.49,3,1,No
52,33406,638,27,234565,0.64,0,1,No
58,39781,811,30,167750,0.22,3,1,Yes
23,77417,565,11,359379,0.2,1,3,No
42,136047,486,20,490746,0.22,5,4,No
30,143971,339,18,100106,0.34,5,0,No
51,123157,792,22,417498,0.45,4,0,Yes
25,38325,690,14,453224,0.06,5,4,No
38,88684,559,17,279937,0.64,4,2,No
51,114415,475,7,162614,0.75,5,4,No
21,134547,628,24,91169,0.68,3,1,Yes
42,93469,499,5,438030,0.08,3,1,No
32,29436,495,24,396073,0.44,3,0,No
21,37669,830,5,282781,0.66,0,4,Yes
62,147385,361,2,90331,0.31,1,0,No
29,92010,626,25,361202,0.72,5,2,No
49,132983,580,2,79774,0.72,5,5,No
49,96764,526,1,397623,0.16,5,5,No
45,119074,357,4,228757,0.42,2,5,No
30,21843,776,28,447973,0.07,3,3,Yes
48,85609,675,29,376566,0.26,0,3,Yes
31,70812,542,19,315323,0.66,4,2,No
37,36059,666,11,126170,0.78,4,1,Yes
35,106269,799,5,490286,0.73,4,1,Yes
46,141790,551,15,407472,0.08,3,1,Yes
23,60768,621,4,59947,0.75,4,0,Yes
49,45395,675,5,398733,0.67,4,5,Yes
46,40202,708,3,130334,0.7,4,0,Yes
60,33273,787,13,214033,0.74,2,3,Yes
19,68889,642,28,92138,0.42,4,1,No
40,118635,539,2,281820,0.21,0,1,No
36,136109,438,16,451175,0.07,3,5,No
48,93048,421,4,485571,0.07,5,2,No
22,113767,719,21,408997,0.53,2,3,No
36,108810,603,20,351336,0.3,2,5,No
51,123235,414,20,250573,0.42,3,0,No
27,144571,642,27,367756,0.15,4,3,Yes
42,65510,550,5,69758,0.78,5,5,No
19,107945,306,19,161750,0.15,5,1,No
28,131730,478,29,468544,0.38,4,1,No
48,139096,444,27,54962,0.38,1,0,Yes
32,90649,715,3,213563,0.06,4,0,Yes
26,126723,420,26,312672,0.55,5,3,No
40,22881,423,12,144340,0.45,0,4,No
36,65913,449,7,416909,0.42,4,1,No
26,131860,696,10,111212,0.66,3,1,Yes
52,104785,680,23,161673,0.23,4,4,Yes
38,85037,300,27,490392,0.7,3,3,No
26,82457,543,18,206047,0.7,2,2,No
45,55343,697,22,53139,0.67,1,2,Yes
63,82389,550,30,149299,0.31,2,1,Yes
24,98250,598,4,310845,0.17,3,2,Yes
33,124489,596,4,231125,0.41,1,3,No
33,28656,799,27,100238,0.24,2,2,Yes
50,25741,414,28,76925,0.09,4,0,No
21,36661,300,2,329569,0.26,5,3,No
21,117091,781,1,492327,0.4,5,4,Yes
56,48690,809,28,376868,0.13,4,1,Yes
57,52833,634,2,50229,0.76,1,3,Yes
34,122566,764,14,352622,0.54,2,2,Yes
54,91240,440,6,226000,0.15,0,3,No
56,133659,436,2,480981,0.66,0,5,No
46,126898,466,14,292412,0.75,0,4,No
53,97711,642,10,475992,0.25,2,5,Yes
55,77141,709,15,67448,0.16,5,3,No
56,98232,364,12,494752,0.29,2,4,No
54,59023,366,1,202940,0.67,2,4,No
52,60209,732,19,409445,0.18,3,3,Yes
24,113590,349,11,312436,0.63,5,1,No
44,146324,613,20,11300,0.59,0,1,Yes
45,106612,608,28,219266,0.54,0,2,Yes
39,100522,414,6,44934,0.37,0,5,No
31,131654,641,0,161892,0.33,5,3,No
24,34440,829,13,333017,0.11,3,5,No
54,139107,794,23,434278,0.32,3,5,Yes
39,27960,568,9,231514,0.5,2,3,No
22,42462,379,2,447704,0.72,5,0,No
19,145919,755,29,411661,0.67,5,1,Yes
44,37821,598,10,6867,0.07,0,4,Yes
38,77772,501,21,99117,0.15,0,0,No
55,47258,802,19,487050,0.69,5,3,Yes
32,112889,784,29,464246,0.75,4,0,Yes
38,108952,317,20,140714,0.09,5,1,No
27,82524,777,25,397374,0.58,4,3,Yes
40,42115,787,27,107190,0.32,4,5,Yes
56,138066,745,14,13352,0.32,3,5,Yes
22,66433,639,5,138108,0.53,2,1,No
18,110504,830,17,200164,0.66,1,0,Yes
30,108267,415,12,19722,0.26,0,2,Yes
38,108321,373,14,315468,0.58,4,4,No
43,124933,568,2,152258,0.53,0,4,Yes
62,99364,415,14,326229,0.44,0,2,No
38,90077,463,23,375147,0.5,0,2,No
35,60644,521,23,395645,0.06,5,2,No
54,82643,425,0,485219,0.05,2,1,No
62,33311,475,9,254320,0.46,0,3,No
49,143221,674,23,96487,0.44,2,2,Yes
53,143012,797,26,194969,0.1,1,1,Yes
34,149466,384,17,269425,0.42,1,5,No
52,50531,682,25,101231,0.62,3,0,Yes
28,34588,762,25,264965,0.46,0,0,Yes
38,69416,750,28,441044,0.44,4,2,Yes
43,32380,817,7,399817,0.59,3,0,Yes
21,62645,849,11,443003,0.18,5,2,Yes
51,37818,415,25,377120,0.39,3,0,No
35,50857,307,4,399515,0.16,1,0,No
57,41711,517,0,63054,0.44,4,3,No
52,25097,703,7,413010,0.49,0,3,Yes
58,136348,603,27,362828,0.14,0,0,Yes
46,48393,766,4,118052,0.11,1,3,Yes
46,42076,387,30,493465,0.18,5,2,No
55,104274,309,16,189391,0.49,2,4,No
59,77609,607,14,152098,0.19,1,2,Yes
38,49317,733,3,363777,0.26,4,3,Yes
59,124765,463,12,416646,0.58,2,1,No
30,78480,538,16,446001,0.24,4,0,No
58,27044,616,12,106185,0.35,0,3,No
34,91033,634,24,420074,0.75,2,5,No
26,139237,317,25,383649,0.67,4,5,No
58,75486,370,1,351262,0.24,0,3,No
18,75162,474,23,401548,0.5,4,3,No
19,99287,638,3,169943,0.55,2,5,Yes
46,49882,547,24,466929,0.73,0,2,No
50,74078,492,1,164242,0.46,4,0,No
27,78734,718,11,114970,0.47,3,4,Yes
57,127608,624,18,68455,0.72,2,5,Yes
38,128730,605,17,494355,0.09,2,5,Yes
45,63826,503,9,105481,0.52,2,5,No
28,107985,422,29,222493,0.36,5,3,No
51,64028,746,4,305953,0.73,0,1,No
25,71331,790,10,100264,0.77,2,5,Yes
39,139655,732,0,210335,0.18,4,0,Yes
25,118938,427,27,347212,0.26,3,4,No
32,138319,847,2,44828,0.26,4,5,Yes
34,52543,346,16,358325,0.13,4,1,No
40,144279,804,25,50329,0.41,2,5,Yes
41,49362,414,14,199278,0.43,3,4,No
62,47315,715,13,160780,0.48,3,4,Yes
36,47746,522,23,480399,0.55,3,5,Yes
22,30057,802,14,283100,0.1,3,0,Yes
49,131649,395,15,220044,0.52,1,2,No
61,62915,406,27,330900,0.74,3,1,No
18,41061,331,3,108250,0.39,2,5,No
40,71370,792,18,347748,0.13,5,3,Yes
54,54157,365,23,92745,0.11,3,4,No
25,131375,478,28,215340,0.26,4,1,No
30,31322,742,24,67809,0.61,1,0,Yes
25,89812,848,7,92964,0.25,4,1,No
40,97842,500,5,9089,0.66,2,3,No
60,54017,348,15,297932,0.66,2,3,No
18,76792,562,29,97959,0.39,5,0,No
62,47742,432,30,496877,0.28,5,1,No
41,117136,643,2,84535,0.5,3,5,No
52,84808,475,7,255180,0.66,5,2,No
41,140400,690,28,79478,0.1,2,2,Yes
34,149198,310,4,414056,0.77,1,5,No
22,37629,500,4,139322,0.53,5,4,No
37,148614,302,11,263303,0.35,4,5,No
38,28245,513,24,60714,0.43,2,4,No
57,116950,606,0,203866,0.34,5,1,No
48,63870,843,6,243478,0.36,5,5,Yes
63,115634,626,23,254570,0.5,2,4,Yes
53,84829,498,10,497103,0.1,1,3,Yes
28,134530,408,9,352502,0.18,0,0,No
32,30588,590,2,259528,0.22,0,4,Yes
36,20442,407,7,347181,0.36,1,5,No
24,125280,707,0,60509,0.33,2,2,Yes
45,122979,351,7,277912,0.59,1,5,No
60,97339,411,22,391895,0.24,1,3,Yes
22,60721,594,19,69684,0.09,0,2,Yes
22,57145,488,10,489480,0.09,3,4,No
47,30599,364,6,387978,0.06,5,5,No
49,92594,764,25,386822,0.08,2,4,Yes
25,102742,557,29,446215,0.69,4,3,No
27,97430,630,26,23167,0.57,1,2,Yes
55,22939,800,15,186317,0.8,0,0,No
64,141784,509,6,261051,0.07,3,0,No
49,42149,388,12,222524,0.69,2,3,No
45,147616,327,9,315649,0.57,1,5,No
34,86567,537,28,272261,0.53,0,4,No
48,30208,635,27,307850,0.32,1,5,No
25,86098,362,16,266870,0.33,4,3,No
57,129034,799,2,408549,0.68,2,2,Yes
42,69492,840,6,233910,0.59,5,0,Yes
26,40951,768,10,282066,0.55,2,4,Yes
19,68920,350,12,351197,0.07,2,2,No
32,66766,411,4,62861,0.19,2,0,No
20,77014,600,24,423533,0.77,0,0,Yes
53,48351,389,22,207728,0.39,4,1,No
21,104216,528,18,7477,0.64,1,4,Yes
31,69386,449,14,354022,0.34,0,3,No
58,107122,437,0,273281,0.62,3,1,No
58,29308,434,4,302788,0.14,2,0,Yes
42,79252,756,29,103346,0.08,2,4,Yes
27,95145,793,30,133823,0.4,1,4,Yes
38,115031,826,12,436813,0.49,2,1,Yes
53,103211,632,9,254201,0.29,2,2,Yes
29,48064,661,28,144667,0.59,1,2,No
44,73879,473,4,161974,0.42,4,3,No
57,146534,512,22,51261,0.75,0,4,Yes
19,28720,642,29,375856,0.11,4,5,Yes
30,146204,360,0,93266,0.1,1,1,No
49,62940,360,9,372297,0.73,5,0,No
48,99993,823,17,404902,0.55,5,2,Yes
33,88475,515,26,179181,0.55,5,1,No
49,67113,722,21,68039,0.07,2,3,Yes
49,68926,722,7,64737,0.75,2,3,Yes
51,58203,670,19,187874,0.63,4,5,No
28,108901,505,2,361793,0.62,3,4,No
27,25392,585,18,255105,0.73,0,3,No
32,45905,404,18,233534,0.48,2,3,No
34,93508,842,1,217269,0.35,1,5,Yes
57,70385,541,16,55029,0.41,4,5,Yes
35,50653,790,30,301798,0.63,0,2,Yes
26,111865,797,15,202911,0.63,5,2,Yes
42,104720,734,20,449108,0.51,3,3,Yes
57,145813,783,9,350176,0.21,5,5,Yes
31,34799,746,20,463152,0.66,5,4,No
42,80103,683,15,224032,0.54,2,2,Yes
39,137463,809,4,77988,0.22,4,2,Yes
47,35052,469,19,396838,0.41,2,5,No
37,26044,622,30,293618,0.8,4,3,No
38,39871,773,2,437102,0.3,3,4,No
61,109303,531,27,102409,0.14,1,3,Yes
49,132719,658,2,242815,0.07,1,0,Yes
63,40234,574,1,126483,0.19,0,0,Yes
38,145407,331,20,257804,0.19,2,5,No
52,41381,476,3,19426,0.69,2,4,Yes
49,37274,364,21,431551,0.17,2,0,No
47,132162,326,17,131689,0.7,1,5,No
56,107840,778,1,35541,0.12,0,4,Yes
29,144945,567,23,387790,0.73,1,0,Yes
58,103108,365,5,342060,0.24,5,1,No
64,123948,432,2,392619,0.51,4,2,No
35,147177,665,20,235729,0.17,2,5,Yes
38,69892,381,2,344484,0.34,4,3,No
30,70521,627,26,248791,0.11,5,4,No
38,111501,397,1,96092,0.48,3,0,No
25,103920,626,2,141037,0.31,4,1,Yes
63,103391,841,16,463920,0.69,4,0,Yes
57,37920,424,13,127400,0.19,4,1,No
63,36702,509,6,180196,0.26,1,3,No
24,145144,432,21,466423,0.18,4,2,No
40,123457,802,20,414978,0.47,5,2,Yes
61,21894,456,5,428120,0.13,2,1,No
49,50985,681,7,334612,0.19,0,5,No
28,48287,321,18,19213,0.56,3,0,No
39,147699,718,18,169033,0.11,2,2,Yes
39,145702,771,11,291983,0.61,0,0,Yes
60,93527,533,4,428158,0.13,2,4,Yes
42,35439,753,4,297469,0.49,4,0,No
39,148676,461,13,96583,0.8,3,5,No
45,114620,600,26,15207,0.18,2,4,Yes
46,62235,605,16,363115,0.25,3,4,No
30,47659,301,15,468368,0.72,1,2,No
35,44976,570,3,108318,0.52,1,4,No
19,124239,720,24,209486,0.42,4,0,Yes
46,102643,442,7,413030,0.47,4,3,No
38,87865,834,2,284828,0.27,1,5,Yes
32,127631,336,20,172040,0.69,2,0,No
44,88306,406,4,270517,0.61,0,1,No
48,76697,596,22,95685,0.53,0,1,Yes
32,90382,396,23,113033,0.75,1,0,No
40,36651,580,24,366831,0.48,0,1,No
41,69044,409,6,20178,0.43,2,3,No
61,34633,848,30,293100,0.78,0,1,Yes
30,99164,487,17,385369,0.2,5,2,No
39,20569,787,23,462899,0.16,0,3,Yes
60,79900,653,7,45692,0.17,5,2,Yes
54,87509,318,10,49119,0.79,1,2,No
50,143425,692,28,358779,0.54,3,3,Yes
20,121126,560,13,9991,0.28,3,5,Yes
36,139148,709,17,272346,0.24,2,2,Yes
40,147522,702,12,132492,0.09,3,1,Yes
46,53038,783,5,287460,0.15,4,0,Yes
47,69088,603,12,34695,0.73,1,3,Yes
56,93177,317,25,401838,0.61,5,0,No
61,94466,483,0,458953,0.76,5,3,No
64,92216,704,10,382296,0.37,3,3,Yes
42,86793,430,6,324276,0.5,0,2,No
54,93786,778,9,268754,0.41,3,0,Yes
64,58138,307,1,439788,0.71,1,5,No
25,83310,617,30,131092,0.79,0,1,No
59,48757,690,15,415204,0.75,0,0,Yes
33,90394,818,4,100862,0.5,5,3,Yes
25,126885,435,15,258727,0.1,1,1,Yes
18,99027,830,29,202228,0.51,2,2,Yes
61,110830,666,22,413551,0.12,2,1,Yes
22,76151,788,25,269746,0.15,1,1,Yes
20,130740,310,15,359439,0.19,5,0,No
18,131174,745,26,322769,0.32,1,3,Yes
21,69272,413,30,352864,0.49,1,3,No
57,26908,495,14,241474,0.3,0,3,No
52,30844,622,8,486674,0.39,0,4,No
49,71455,811,29,496675,0.09,1,2,Yes
59,123165,464,0,373608,0.51,5,0,No
51,88447,551,8,348078,0.54,0,3,Yes
60,94527,343,10,229537,0.12,4,1,No
42,97108,769,4,197327,0.64,1,4,Yes
27,63066,788,5,196333,0.54,0,2,Yes
38,115229,480,29,20903,0.42,2,3,No
63,60004,376,7,409525,0.46,1,4,No
56,58333,673,14,433699,0.43,1,2,Yes
44,141219,366,26,238715,0.09,1,5,Yes
44,103029,824,15,13070,0.6,3,5,Yes
19,59697,391,29,388522,0.43,1,1,No
58,37634,543,17,38217,0.18,2,4,No
30,145520,640,11,396445,0.56,0,0,No
26,44561,603,22,362105,0.57,1,2,No
53,38033,697,27,263453,0.21,5,4,Yes
39,92887,747,3,66305,0.65,4,4,Yes
59,75063,396,24,20106,0.39,5,2,Yes
43,45921,630,21,300981,0.19,5,4,No
29,39340,504,15,271161,0.54,0,4,No
34,82781,748,22,34420,0.5,2,2,Yes
31,34901,717,10,491919,0.18,3,1,Yes
31,30638,376,21,368267,0.7,2,5,No
51,58596,848,26,280726,0.69,5,0,Yes
37,106914,724,23,84403,0.68,3,2,Yes
28,64324,728,21,482421,0.35,0,3,No
33,108356,784,6,473979,0.67,3,4,Yes
48,110596,434,23,374830,0.68,0,0,Yes
23,52642,553,14,186623,0.8,2,0,No
36,142302,554,16,348627,0.77,5,2,No
54,45378,798,14,344612,0.34,2,3,Yes
21,70867,783,9,253008,0.2,3,3,Yes
64,93686,345,27,147057,0.27,4,1,No
21,62875,742,3,404591,0.42,5,3,No
37,138171,303,21,282949,0.65,5,5,No
27,109595,300,16,22107,0.59,2,2,No
41,120061,589,3,178473,0.64,3,0,No
52,103729,408,21,78071,0.33,1,0,No
43,84377,759,22,435804,0.24,0,3,Yes
54,149267,565,28,414686,0.07,1,4,No
55,74691,437,21,160153,0.52,1,5,No
38,140736,733,10,11846,0.65,1,1,Yes
57,129503,343,3,249531,0.72,3,3,No
56,113337,809,11,336829,0.41,2,5,Yes
38,84303,561,28,252511,0.75,5,2,No
27,80839,451,22,237796,0.2,1,1,No
55,145200,512,9,297069,0.44,3,5,No
63,69063,533,13,321133,0.21,2,3,No
21,111782,660,17,380477,0.19,0,1,No
62,148824,619,5,253243,0.77,2,4,Yes
37,98343,521,4,73748,0.66,2,2,No
34,103071,509,1,250023,0.06,1,3,No
24,25492,695,24,467674,0.25,3,0,No
21,141399,788,12,363224,0.2,5,2,Yes
46,51357,763,22,364745,0.16,4,4,Yes
31,91838,751,13,183769,0.57,0,5,Yes
20,52314,712,2,359745,0.48,3,4,No
41,68697,775,30,289838,0.39,5,0,Yes
54,90283,555,22,142114,0.19,1,2,Yes
33,79567,449,10,144085,0.26,3,3,No
21,67006,426,26,36285,0.32,5,0,No
41,80011,691,21,47446,0.64,4,3,Yes
51,126706,779,22,319823,0.79,0,1,Yes
47,30686,696,3,357328,0.19,2,3,Yes
35,57449,701,12,456284,0.31,5,1,No
36,81606,573,28,8754,0.26,0,3,Yes
48,38891,438,25,278331,0.08,4,1,No
36,72115,402,28,435349,0.21,0,2,No
63,121732,541,7,259170,0.73,5,4,Yes
36,80719,416,7,381455,0.68,0,2,No
39,115464,513,22,71082,0.18,1,0,Yes
41,93030,783,12,434713,0.32,2,2,No
62,56723,828,22,110654,0.28,4,2,Yes
29,49877,523,9,116693,0.16,1,4,No
47,138393,569,12,249019,0.52,0,5,No
55,113517,433,12,453252,0.47,0,2,No
48,34026,413,23,446671,0.37,3,0,No
53,40422,740,16,367416,0.69,1,2,Yes
36,29244,664,5,232207,0.51,4,2,Yes
62,53481,531,1,9516,0.24,4,2,Yes
53,109180,757,16,333939,0.33,4,2,Yes
47,129384,674,11,248521,0.16,5,4,Yes
50,141699,506,25,28376,0.49,5,4,Yes
35,78031,819,22,356820,0.49,5,0,Yes
45,28521,767,5,89853,0.7,4,5,No
64,21746,742,4,335189,0.69,0,0,Yes
28,103127,620,30,49968,0.68,5,0,No
62,112254,392,4,410480,0.46,0,5,No
50,135472,707,24,394704,0.54,1,2,Yes
34,88232,457,8,154018,0.63,2,5,No
23,32012,398,27,429851,0.12,4,3,No
21,100224,524,27,211885,0.28,0,2,Yes
37,43457,740,21,31365,0.18,1,3,Yes
64,90572,700,28,160531,0.43,4,0,Yes
44,125431,363,30,331057,0.68,2,2,No
32,49960,578,2,467421,0.22,4,5,No
23,122022,818,22,101100,0.6,5,5,Yes
64,107695,547,19,482617,0.35,3,5,No
31,27910,667,4,61350,0.73,4,5,Yes
28,22693,397,6,21588,0.52,3,0,No
56,135313,567,30,151112,0.78,2,4,Yes
26,35858,359,11,153197,0.23,3,0,No
43,48810,799,6,264252,0.74,2,2,Yes
33,40092,607,30,397948,0.32,1,4,Yes
22,108779,792,9,166831,0.52,3,5,Yes
27,68700,710,7,360750,0.18,5,4,Yes
20,78105,439,16,77585,0.62,4,3,No
30,50505,627,4,217124,0.78,4,1,No
60,93228,763,14,435247,0.64,1,4,Yes
47,48555,462,27,324133,0.51,0,1,No
62,91934,359,8,271881,0.39,5,0,No
23,92788,330,30,55257,0.31,5,0,No
34,97257,632,22,348707,0.36,2,4,No
62,37939,375,10,241206,0.3,5,3,No
36,31825,616,27,277159,0.67,0,0,No
59,110787,716,12,64991,0.72,0,1,Yes
52,122491,489,17,304109,0.76,1,4,No
63,44151,788,16,151167,0.36,1,4,Yes
43,148068,614,23,151125,0.46,3,3,Yes
22,20036,595,8,381920,0.48,5,4,No
46,113948,800,9,486624,0.54,3,2,No
54,103707,476,4,167591,0.05,3,1,No
37,59051,514,29,330530,0.68,3,5,Yes
38,118297,631,10,394727,0.25,3,2,Yes
27,100738,427,21,113702,0.4,4,2,No
22,93596,568,14,319481,0.68,1,1,No
53,80071,850,1,421279,0.8,2,4,No
23,93601,834,26,207914,0.65,2,4,No
43,49873,665,20,17573,0.07,2,2,Yes
21,56648,647,27,22248,0.33,2,5,Yes
56,91468,441,19,373694,0.24,2,1,No
56,46470,444,23,386503,0.77,4,0,No
52,85129,544,23,359336,0.25,1,1,No
18,28328,741,13,284085,0.76,5,5,No
41,26333,589,4,345698,0.75,3,2,No
53,140447,411,26,411304,0.68,3,1,No
23,141173,513,23,353355,0.12,3,1,Yes
58,66638,499,5,21124,0.05,1,0,No
63,31268,704,25,480583,0.65,1,3,No
61,90603,720,21,498341,0.68,5,3,Yes
48,133920,306,28,8819,0.77,4,0,No
37,130379,824,14,100822,0.21,4,1,Yes
41,37045,585,28,16164,0.6,5,2,No
42,60741,688,3,37701,0.44,3,0,Yes
53,108306,715,9,218083,0.3,5,3,Yes
38,62770,449,27,382439,0.5,1,5,No
47,27887,727,26,112747,0.46,3,3,Yes
41,118718,592,18,185509,0.27,4,0,Yes
61,117906,633,8,483057,0.25,5,1,Yes
59,125154,571,20,213106,0.41,3,4,Yes
47,44918,342,25,168941,0.41,4,2,No
39,55497,767,9,303747,0.28,0,4,Yes
45,113562,618,3,127857,0.25,2,2,No
24,81009,791,21,9235,0.77,0,4,Yes
52,31929,826,29,247498,0.7,5,4,Yes
45,133292,471,3,391702,0.66,3,2,No
31,122201,620,30,17015,0.21,3,5,Yes
27,147121,343,5,19601,0.19,1,2,No
33,81762,831,25,274653,0.66,2,3,Yes
33,120473,753,7,437700,0.19,4,1,Yes
48,99099,382,15,415134,0.43,3,1,No
59,136566,842,7,45975,0.22,4,3,Yes
42,48546,621,27,308664,0.33,4,5,Yes
30,141142,533,15,302837,0.69,4,4,No
23,98424,839,5,294103,0.72,0,5,Yes
61,57338,551,16,268053,0.8,4,5,No
26,145497,748,28,473357,0.76,1,2,Yes
62,54283,538,0,347185,0.55,0,0,No
53,102494,789,29,370456,0.37,0,4,Yes
60,98170,763,18,136190,0.09,3,1,Yes
37,104787,613,17,426854,0.51,2,2,No
35,66566,474,16,73649,0.21,2,3,No
60,105464,479,16,376700,0.69,5,5,No
38,122781,684,27,109457,0.46,3,4,Yes
21,148279,594,11,347445,0.6,2,0,Yes
50,101991,514,11,219483,0.56,4,4,No
44,112680,374,5,23480,0.31,1,3,No
24,48013,643,6,275088,0.62,4,0,No
23,72132,441,30,40022,0.68,2,4,No
32,143997,498,7,357769,0.61,2,3,No
35,107412,470,2,53707,0.63,1,4,No
49,112498,705,16,496315,0.32,0,2,Yes
28,48084,527,20,191327,0.76,0,4,No
37,127855,710,7,464985,0.37,1,5,Yes
41,41143,361,27,223250,0.72,0,3,No
32,111627,626,26,33708,0.69,2,1,Yes
24,142772,432,29,429153,0.14,0,3,No
38,34179,488,10,63823,0.77,2,4,No
59,118343,655,19,305543,0.8,3,2,Yes
43,78726,370,17,391564,0.5,4,1,No
61,30222,562,15,201737,0.64,0,5,No
31,79965,605,24,257514,0.75,3,3,No
54,140061,523,27,385575,0.07,5,1,Yes
38,147941,627,12,154227,0.75,0,2,Yes
35,84068,373,8,265754,0.52,3,5,No
22,43949,810,18,287982,0.67,1,0,Yes
20,36116,441,6,159226,0.46,3,1,No
40,71052,401,28,311179,0.45,2,3,No
43,71369,364,16,35294,0.72,1,2,No
54,68817,492,7,133557,0.43,1,3,No
41,123100,361,7,258010,0.4,2,2,No
36,122910,831,28,469025,0.51,0,3,Yes
42,103203,540,2,79233,0.44,1,2,No
38,94311,709,15,403844,0.38,0,4,Yes
29,49655,599,11,370361,0.19,4,3,No
58,77802,494,14,444065,0.35,3,2,No
50,67632,753,20,423630,0.26,3,0,Yes
21,34193,600,3,115367,0.35,2,2,No
59,100212,755,22,75254,0.49,2,0,Yes
24,50776,501,26,286204,0.51,5,5,No
39,63225,601,6,136168,0.23,3,1,Yes
50,80010,636,10,351027,0.11,4,2,No
34,102735,331,23,239777,0.61,2,1,No
41,85451,397,4,363076,0.45,4,1,No
51,68812,490,12,389599,0.38,5,4,No
45,100602,840,10,16058,0.15,2,5,Yes
60,38895,347,4,148290,0.36,1,2,No
58,85782,549,7,415198,0.66,5,4,Yes
56,41209,525,20,327469,0.49,0,5,No
39,124820,571,28,496033,0.12,3,4,Yes
34,102336,784,29,205571,0.3,0,1,Yes
51,131646,627,28,357684,0.78,5,3,No
23,81807,479,16,51622,0.46,3,1,No
63,43086,322,10,421893,0.26,5,5,No
23,105637,669,18,311885,0.74,2,5,No
51,102027,544,17,465076,0.3,0,1,No
18,47207,459,27,425382,0.6,5,5,No
27,127334,672,9,179446,0.16,5,0,Yes
38,40897,584,4,314052,0.17,4,3,No
22,83083,820,28,488247,0.47,5,1,Yes
19,115028,749,23,121455,0.23,2,3,Yes
39,86957,435,30,370612,0.09,5,0,No
19,117551,395,24,96628,0.74,1,3,No
27,98506,418,24,334019,0.09,0,2,No
51,27283,673,0,53316,0.59,0,0,No
33,114024,573,16,148358,0.3,1,3,Yes
56,101481,476,16,68539,0.75,3,4,No
39,20255,576,0,34235,0.79,2,3,No
29,141936,437,24,213203,0.3,1,0,No
41,96555,431,0,458106,0.49,5,4,No
64,35487,343,22,30552,0.63,4,5,No
57,127333,422,21,280773,0.14,2,3,No
55,39346,435,8,313633,0.58,1,3,No
27,55050,666,26,371914,0.73,1,0,Yes
52,28744,672,24,457174,0.18,0,4,Yes
49,44756,425,3,195000,0.68,0,4,No
24,81596,738,8,100461,0.14,0,3,Yes
38,103397,350,13,370911,0.48,2,5,No
37,45146,436,14,436474,0.3,5,2,No
43,139640,457,15,148915,0.4,3,0,Yes
21,75032,355,15,102571,0.28,2,0,No
63,62687,727,12,291132,0.25,0,1,No
39,66103,742,13,383102,0.61,0,4,No
32,41976,625,21,365363,0.22,2,4,No
57,82863,379,20,234594,0.36,5,1,No
38,141779,773,8,300445,0.26,5,3,Yes
32,20591,676,30,85513,0.23,1,3,Yes
39,26277,632,22,144023,0.52,1,0,Yes
45,81860,474,8,96607,0.08,0,3,No
31,22260,740,20,342245,0.64,0,2,No
44,129443,425,3,295859,0.46,3,2,No
58,149505,518,9,320119,0.67,5,2,Yes
57,85883,577,2,197365,0.21,1,1,Yes
45,44741,784,20,185288,0.58,3,5,Yes
43,139720,440,8,42109,0.37,0,2,Yes
19,57211,409,18,436066,0.11,5,1,No
42,129392,351,15,182736,0.61,0,0,No
20,147373,618,15,344014,0.62,3,0,No
25,61542,498,16,381516,0.25,3,5,No
61,26869,345,17,227908,0.74,0,2,No
50,113618,804,9,130085,0.62,4,1,Yes
59,107616,839,20,24369,0.28,0,2,Yes
52,84732,813,18,239970,0.23,1,5,Yes
23,114515,316,21,226009,0.38,5,5,No
56,39422,614,14,115150,0.27,5,3,Yes
40,55613,735,14,327360,0.21,0,1,Yes
42,77016,687,10,381030,0.35,2,1,Yes
60,80110,376,7,418855,0.07,0,1,Yes
36,108529,670,21,331449,0.35,4,1,Yes
22,97922,464,15,218996,0.22,1,3,No
28,54033,323,9,285650,0.25,0,2,No
29,65213,334,8,199697,0.11,3,0,No
27,149633,813,14,214374,0.49,1,5,Yes
25,81993,760,21,339376,0.4,1,4,No
41,32938,437,29,460982,0.61,4,4,No
45,96695,564,4,271125,0.79,5,1,No
58,22274,632,19,263434,0.14,3,1,Yes
53,104390,487,1,349535,0.25,2,0,No
54,51815,362,21,24789,0.56,0,4,Yes
38,96018,578,15,398524,0.23,2,1,No
25,38961,841,17,98046,0.07,5,5,Yes
26,40044,470,15,362052,0.13,3,5,No
64,119372,802,4,471459,0.38,1,3,Yes
32,41975,832,0,217130,0.37,4,4,No
63,34706,598,18,171887,0.78,4,3,No
57,25974,500,9,31497,0.4,1,0,No
35,149675,434,20,101060,0.56,4,0,No
59,96464,571,28,180031,0.42,2,4,Yes
37,41213,834,12,170857,0.25,5,5,Yes
23,21950,741,22,149438,0.13,1,2,Yes
29,142971,386,23,42649,0.69,0,4,No
19,105013,330,22,497998,0.16,0,3,No
24,30411,420,22,163000,0.12,3,2,No
33,148603,368,10,91117,0.21,5,3,No
20,107231,795,14,291249,0.05,5,3,Yes
62,66156,445,1,24843,0.1,1,3,Yes
20,82744,632,5,115250,0.53,5,1,Yes
44,37771,780,20,243799,0.23,2,2,Yes
60,89810,562,10,469186,0.3,5,1,No
57,55053,592,14,131000,0.68,1,1,No
55,137894,728,8,431555,0.63,1,3,Yes
50,72076,385,11,221581,0.42,2,0,No
45,27045,315,25,111643,0.51,4,5,No
18,77623,417,26,387750,0.11,2,4,No
25,49714,569,3,397402,0.62,1,0,No
54,54386,694,27,213243,0.44,1,3,Yes
49,129283,461,22,464348,0.48,1,4,No
60,28562,403,26,288601,0.55,1,5,No
54,75048,466,23,234023,0.43,3,4,No
21,113295,599,13,317366,0.44,4,5,No
47,32026,327,21,361001,0.42,1,3,No
23,126147,723,2,216442,0.42,3,1,No
63,51589,455,26,238626,0.61,5,4,No
36,128199,623,20,91245,0.37,1,5,Yes
49,117274,647,16,336051,0.05,4,4,No
26,46844,420,29,5157,0.51,4,4,No
29,43447,827,12,348712,0.76,2,4,Yes
28,110415,463,7,325410,0.24,3,2,No
63,97502,361,11,401534,0.66,5,1,No
33,103268,639,11,126399,0.39,4,2,No
18,74708,611,11,215070,0.53,0,2,Yes
62,83925,675,26,457906,0.72,1,5,No
38,90825,645,1,372669,0.63,4,3,No
47,71574,449,28,79493,0.71,5,1,No
30,105548,476,9,475595,0.06,5,0,No
51,38812,653,22,73148,0.19,3,1,Yes
21,121337,813,8,419162,0.37,3,0,Yes
45,75309,608,0,148092,0.69,3,5,Yes
55,84230,418,28,345453,0.68,2,5,No
48,61628,818,3,297391,0.19,5,4,Yes
44,143379,777,22,5443,0.16,1,5,Yes
22,60581,713,13,43741,0.68,0,0,Yes
42,136102,650,15,415504,0.46,3,0,Yes
20,66628,805,24,270054,0.52,1,5,Yes
50,108628,494,17,49169,0.66,3,0,No
21,45105,486,1,367249,0.21,3,4,No
42,99830,749,5,284453,0.15,5,4,No
37,141323,795,2,475665,0.69,0,2,Yes
51,89157,814,19,412481,0.13,1,0,Yes
43,52442,572,18,99499,0.12,3,1,Yes
22,146336,351,12,362585,0.26,5,3,No
52,107235,562,16,160307,0.29,2,2,No
45,135442,667,13,119360,0.23,3,0,Yes
46,22347,432,29,191154,0.61,5,2,No
26,115022,524,21,325239,0.78,1,5,No
55,67650,609,10,211034,0.2,4,5,Yes
23,37110,315,15,270066,0.64,3,5,No
36,82170,494,10,325150,0.08,2,0,No
61,24923,742,28,438539,0.14,2,0,Yes
28,71801,602,17,493843,0.44,3,2,Yes
19,82771,347,1,294915,0.8,1,0,No
64,144926,420,22,407992,0.76,3,0,No
61,101147,798,20,202527,0.13,2,3,Yes
61,68135,768,7,42772,0.23,3,1,Yes
26,39199,340,13,320515,0.76,2,4,No
38,29066,755,1,390091,0.16,4,3,Yes
41,121583,833,12,419170,0.61,3,4,Yes
51,72136,670,9,419053,0.05,0,4,Yes
39,112290,481,7,80494,0.52,3,1,No
20,56575,816,6,141647,0.42,2,3,Yes
29,109796,530,12,395489,0.4,1,0,No
45,140787,647,25,318249,0.67,2,1,Yes
47,66733,778,29,318864,0.11,4,0,Yes
43,134427,508,23,471697,0.33,1,0,Yes
38,36991,577,26,254468,0.38,0,5,Yes
45,42553,352,18,117498,0.14,0,0,No
43,109710,309,23,59080,0.11,4,0,No
50,107493,763,14,212471,0.18,4,3,Yes
38,20634,457,21,86393,0.23,4,4,No
52,115417,318,1,254159,0.77,5,4,No
51,32771,354,21,37309,0.41,4,3,No
58,145607,320,4,421170,0.43,3,4,No
64,135762,581,18,132984,0.58,2,5,Yes
35,38298,839,0,447810,0.56,5,1,No
28,99876,716,6,38368,0.43,3,0,Yes
40,118892,584,17,360422,0.3,1,0,No
39,55999,831,0,82670,0.3,0,5,Yes
34,91887,831,0,392833,0.09,0,0,Yes
22,79648,810,6,249666,0.72,1,2,Yes
61,82668,695,27,133450,0.63,0,1,Yes
28,89374,419,16,278724,0.52,4,2,No
47,87509,396,24,25966,0.35,4,3,No
32,132650,419,5,217645,0.49,5,2,No
44,123348,836,19,204394,0.41,4,4,Yes
52,95783,452,11,89615,0.26,1,4,No
50,64440,544,19,282375,0.27,2,1,No
37,51655,815,14,410056,0.71,1,2,Yes
33,63039,692,12,400268,0.53,2,2,Yes
51,75255,442,11,38399,0.05,0,0,No
19,92219,803,29,205050,0.3,5,1,Yes
52,74989,519,20,399970,0.3,0,0,No
57,31244,459,1,388852,0.58,0,1,No
45,114594,375,20,245601,0.58,2,1,No
64,78595,331,17,342450,0.4,0,2,Yes
56,59551,633,27,477251,0.76,1,5,No
23,83230,824,3,201597,0.7,2,0,No
26,123898,739,9,136097,0.7,4,3,Yes
37,48371,651,10,488082,0.31,2,0,Yes
18,89358,638,29,146473,0.37,1,3,No
25,48878,699,20,118172,0.36,5,4,No
40,56157,695,5,265978,0.38,1,1,Yes
20,25914,501,5,11553,0.72,1,0,No
21,103700,829,8,338439,0.24,0,1,Yes
42,47180,392,19,274899,0.65,5,5,No
64,23688,657,12,214992,0.44,4,0,Yes
55,100219,695,29,493680,0.24,5,4,No
32,98616,359,4,229086,0.45,4,0,No
38,116489,776,5,432113,0.2,3,4,Yes
52,29916,300,3,370444,0.13,5,1,No
63,76363,610,5,181136,0.68,5,2,Yes
31,115213,467,17,365054,0.57,1,5,No
53,47360,491,27,484281,0.2,5,3,No
29,57805,333,12,305553,0.76,0,1,No
34,33453,333,22,365048,0.07,2,5,No
56,146599,716,2,322193,0.3,0,5,No
26,42703,457,29,51669,0.07,1,2,Yes
52,79021,799,9,412587,0.16,0,1,Yes
30,94176,665,3,340049,0.19,5,1,Yes
32,114799,639,24,467647,0.66,1,0,Yes
35,118385,634,30,216061,0.79,5,4,Yes
50,124582,626,14,140869,0.7,2,4,Yes
23,101614,413,11,444025,0.53,2,0,No
44,108919,717,14,465580,0.59,4,0,Yes
40,101072,767,28,397360,0.44,5,1,Yes
44,136094,442,20,473479,0.37,3,4,No
51,27410,608,24,83053,0.57,0,1,Yes
63,101462,700,25,21943,0.78,3,2,Yes
55,68268,619,28,113374,0.07,0,2,Yes
31,54248,511,25,31831,0.29,4,0,No
53,51159,616,9,309188,0.3,4,4,No
25,62039,484,11,123602,0.36,2,2,No
52,121902,504,25,291958,0.52,2,4,Yes
36,67800,663,21,340730,0.44,5,4,No
47,60761,515,7,196330,0.06,2,3,No
31,114626,545,20,326583,0.36,5,2,Yes
37,106103,538,20,211271,0.51,0,2,Yes
42,138368,690,2,470652,0.43,5,1,Yes
57,63663,819,6,305499,0.7,3,1,Yes
41,100903,576,17,223404,0.35,3,5,No
31,60412,501,26,326533,0.06,2,4,Yes
43,138998,513,27,20784,0.26,4,0,Yes
55,130252,777,2,238988,0.15,3,1,Yes
40,136446,807,14,401899,0.24,4,1,Yes
39,55367,374,1,341076,0.32,2,5,No
36,140304,441,14,405563,0.56,0,5,No
63,25813,621,12,352664,0.29,5,4,No
20,79894,760,23,179169,0.71,1,5,Yes
59,122157,445,19,355707,0.27,3,2,No
36,145626,353,9,350277,0.15,5,1,No
26,71444,655,23,323643,0.18,5,0,Yes
45,54269,576,23,19072,0.75,2,4,Yes
37,81748,699,23,279170,0.39,2,2,Yes
62,61190,815,23,237467,0.35,5,3,Yes
24,60318,798,7,57832,0.1,3,0,Yes
31,57018,610,15,391703,0.6,1,5,Yes
26,144078,570,27,308110,0.57,0,2,Yes
36,59759,748,24,36041,0.33,3,4,Yes
64,36498,411,15,363667,0.57,5,3,No
31,45989,538,1,205106,0.33,0,5,No
55,122710,443,8,430472,0.1,2,5,No
53,45568,673,7,150977,0.6,5,0,Yes
57,137035,319,10,108810,0.77,5,1,No
34,86577,588,25,226447,0.54,3,1,No
47,125231,496,0,334817,0.26,0,0,No
26,134699,681,29,127343,0.25,4,1,Yes
50,50099,791,20,217554,0.75,4,4,Yes
42,109900,463,10,357188,0.28,4,0,No
31,60639,548,17,59100,0.63,5,0,No
28,124679,367,25,348300,0.53,0,5,No
52,43482,320,20,347503,0.49,4,1,No
58,89212,811,28,107169,0.19,2,5,Yes
31,75261,689,14,469212,0.08,5,0,No
47,131321,835,23,387280,0.42,0,3,Yes
58,107317,410,8,107800,0.79,2,0,No
21,50048,759,8,124140,0.2,1,1,Yes
21,23065,377,0,437882,0.45,0,1,No
45,22036,733,6,367994,0.55,4,1,No
25,55814,679,11,214330,0.41,4,1,Yes
19,79694,739,26,95230,0.43,5,4,Yes
58,36924,638,23,339894,0.55,1,1,Yes
63,149493,723,9,233519,0.66,5,3,Yes
39,80204,468,18,149382,0.3,3,0,No
58,52844,561,28,105699,0.72,1,2,No
33,137755,528,15,94591,0.41,4,2,Yes
46,134184,460,5,216482,0.55,4,4,No
47,101943,726,10,426159,0.13,3,2,No
29,41518,421,18,264584,0.42,1,1,No
52,37059,448,24,167989,0.06,2,2,No
28,43052,410,28,190738,0.34,1,3,No
63,145274,520,18,137774,0.09,2,5,Yes
38,89803,363,17,62873,0.72,4,1,No
38,91524,653,24,418274,0.55,4,2,Yes
22,113510,773,14,439478,0.64,1,1,Yes
37,145639,784,26,281681,0.4,4,4,Yes
54,109572,312,28,476011,0.69,5,3,No
20,28680,452,15,86428,0.7,5,0,No
61,87021,538,13,418851,0.32,5,5,No
50,100249,489,7,33544,0.33,3,1,No
26,40043,385,7,332693,0.43,0,3,No
26,146115,320,1,126875,0.08,2,4,No
21,22419,618,5,319099,0.8,4,4,No
52,76892,457,12,251648,0.32,2,3,No
34,141831,780,12,115024,0.4,1,2,Yes
51,133616,375,20,435524,0.62,3,3,No
41,121799,628,29,209698,0.27,2,2,Yes
49,37140,715,11,269313,0.2,4,2,No
18,63484,502,1,377208,0.15,0,3,No
25,83869,528,20,277567,0.45,5,4,No
62,65210,451,19,178875,0.05,3,0,No
40,77600,371,24,254411,0.58,1,0,No
64,136467,524,11,98988,0.4,4,3,No
57,98497,772,16,275161,0.45,3,1,Yes
29,128611,659,5,441894,0.25,4,3,No
29,26487,839,6,455608,0.18,1,0,No
63,80692,345,30,37948,0.57,1,5,No
64,82112,300,27,96529,0.21,0,3,No
32,51110,544,5,368912,0.64,3,5,No
58,127968,518,20,344291,0.2,0,5,Yes
36,36360,590,27,37219,0.51,0,5,Yes
43,69410,757,3,166932,0.53,0,4,Yes
46,122379,503,20,382361,0.43,5,0,No
39,110418,501,8,256531,0.8,2,0,No
57,142702,781,4,157135,0.33,1,0,Yes
38,103038,810,9,445790,0.71,0,4,Yes
55,133589,577,14,346745,0.18,2,0,Yes
37,93167,315,7,422540,0.3,2,1,No
46,23017,824,22,202894,0.16,2,0,Yes
21,106261,655,3,105494,0.5,0,3,No
24,80124,655,25,177738,0.53,2,1,Yes
45,136346,377,4,114713,0.39,0,2,No
45,110298,366,6,292013,0.59,3,0,No
21,70949,513,5,252321,0.7,1,2,No
39,78268,748,12,338308,0.63,4,2,No
29,86320,732,18,34093,0.23,0,4,Yes
62,113556,844,9,444866,0.29,1,3,Yes
20,123995,414,14,384443,0.34,0,5,No
39,101301,719,2,257320,0.2,5,3,Yes
61,51127,798,17,464412,0.32,3,2,No
19,23196,679,13,446232,0.23,1,4,No
41,95088,442,2,155634,0.8,1,1,No
51,61300,323,10,73925,0.64,2,0,No
44,69714,838,9,244674,0.7,0,5,Yes
58,51921,374,28,106367,0.74,0,1,No
18,24746,834,16,60553,0.55,4,0,Yes
25,88535,340,12,62279,0.18,2,2,No
40,85350,712,24,40608,0.62,2,4,Yes
55,70345,714,1,65840,0.06,4,4,Yes
23,129606,748,27,15770,0.13,2,5,Yes
39,69220,735,12,60461,0.07,2,5,Yes
42,101131,538,18,293771,0.15,3,3,No
35,42063,341,4,273290,0.61,5,5,No
34,137116,309,15,355625,0.71,1,3,No
29,91736,564,9,326897,0.26,4,1,No
23,123700,744,11,357624,0.14,3,5,Yes
43,108913,438,19,319223,0.25,5,3,No
44,98946,495,12,384225,0.54,3,0,No
25,65971,373,20,63074,0.31,3,4,No
36,23598,524,15,349960,0.77,2,4,No
59,30564,401,21,460723,0.15,5,2,No
18,131052,563,20,159323,0.79,5,2,No
46,116434,460,25,99771,0.06,4,5,No
62,143723,532,0,430112,0.39,2,5,No
52,69725,790,21,175185,0.24,2,1,Yes
57,106134,610,8,189783,0.47,3,2,No
31,125940,526,15,280466,0.12,0,0,Yes
52,79940,572,18,12747,0.71,4,3,No
62,82085,616,14,261632,0.15,4,3,Yes
37,37862,385,17,384212,0.49,3,1,No
30,30265,590,21,364892,0.08,3,3,No
55,29705,768,11,119702,0.28,1,4,Yes
63,75279,703,13,245696,0.16,3,3,Yes
25,82471,726,2,63697,0.78,2,2,Yes
60,111080,674,3,40903,0.06,3,4,Yes
37,99834,551,5,203885,0.31,4,2,No
50,82979,832,15,439186,0.28,0,2,Yes
43,75828,606,27,203264,0.54,0,1,Yes
56,118206,729,12,309351,0.09,2,1,Yes
38,136884,563,11,379496,0.66,0,4,No
59,128007,367,21,55812,0.4,3,3,No
60,66104,406,11,430619,0.39,0,5,No
58,60934,699,1,39531,0.22,3,5,Yes
26,143534,498,28,259493,0.42,5,0,No
41,134420,491,12,462225,0.32,1,3,No
54,26050,813,2,151485,0.23,4,4,Yes
58,63952,741,12,176705,0.18,5,0,Yes
34,106570,300,24,256598,0.6,2,2,No
41,131016,657,1,208518,0.16,1,2,Yes
38,28484,414,18,65032,0.18,0,0,Yes
56,82648,496,8,433601,0.48,2,2,No
58,79945,573,19,106058,0.22,3,3,Yes
56,73678,459,30,358184,0.39,1,1,Yes
30,51323,472,0,78637,0.46,4,5,No
28,106332,844,26,317722,0.26,4,3,Yes
63,114605,757,12,209675,0.31,1,2,Yes
36,107363,732,1,164307,0.21,1,1,Yes
28,144468,780,14,75744,0.4,1,3,Yes
30,143475,754,18,248553,0.79,0,5,Yes
63,55361,495,24,478680,0.32,5,2,No
62,30315,608,30,80961,0.54,5,3,Yes
18,67968,793,24,295629,0.53,5,2,Yes
57,46519,738,15,103059,0.64,4,4,Yes
61,29107,658,10,149254,0.58,4,0,No
36,141540,335,14,207830,0.06,0,2,No
29,75781,333,5,19480,0.28,2,5,No
25,23869,387,13,193032,0.7,4,3,No
25,100983,315,26,187285,0.45,2,5,No
62,47370,720,5,68094,0.13,2,2,Yes
29,82695,425,18,181129,0.26,2,2,No
50,80422,307,4,236939,0.26,4,5,No
62,27971,771,30,368251,0.7,3,3,Yes
43,116805,767,10,109513,0.47,2,3,Yes
56,143855,809,3,302205,0.51,5,1,Yes
45,45651,701,25,350689,0.33,3,5,No
22,76974,475,25,282933,0.1,0,5,Yes
25,121293,666,27,125497,0.11,5,2,Yes
42,43446,787,8,366019,0.37,3,4,No
44,146347,317,8,241775,0.18,3,0,No
63,58108,355,16,427323,0.13,1,5,No
40,95179,334,7,31287,0.25,2,2,No
47,23823,646,14,282158,0.61,4,3,No
62,33454,331,8,406790,0.1,1,1,No
64,23932,432,4,436813,0.39,5,2,No
40,30220,498,3,22467,0.67,3,4,No
64,94090,555,25,441693,0.25,0,3,Yes
37,87965,641,19,354594,0.28,4,4,No
35,48208,530,17,190426,0.71,0,4,No
35,92980,600,8,82897,0.54,3,5,No
19,30510,846,20,387262,0.65,0,0,Yes
21,64045,325,26,201037,0.27,1,0,No
47,30537,834,2,90417,0.8,0,5,Yes
50,92683,773,21,289024,0.16,1,2,Yes
53,125935,686,8,262266,0.77,2,0,Yes
35,89134,584,8,124618,0.73,4,2,No
54,122633,749,27,425467,0.46,0,2,Yes
36,92254,619,28,319690,0.49,1,5,Yes
64,128227,455,20,391227,0.63,3,3,No
45,142906,770,23,382605,0.28,5,3,Yes
57,33782,719,3,311160,0.45,3,1,No
37,134780,412,20,425105,0.73,1,0,No
50,145544,721,6,499117,0.1,4,5,Yes
29,143188,584,6,293123,0.73,2,1,No
32,85587,353,28,328660,0.6,2,5,No
58,102238,624,22,53741,0.63,4,4,Yes
56,95720,757,7,463251,0.1,5,2,No
19,98004,564,26,324277,0.19,0,2,No
46,42072,681,20,280504,0.74,1,3,Yes
58,101015,512,30,496354,0.14,2,4,Yes
27,114003,632,0,334083,0.52,4,2,Yes
19,108938,309,26,303232,0.64,2,2,No
28,92746,657,8,241615,0.22,2,4,Yes
30,65702,502,24,347462,0.57,0,4,No
27,122260,357,30,412236,0.1,2,2,No
31,26057,793,22,405636,0.42,1,4,Yes
35,148259,809,11,94059,0.3,4,0,Yes
26,50916,522,5,300781,0.53,5,4,No
56,47268,668,12,175282,0.72,5,1,No
45,63978,717,28,298597,0.14,5,1,No
20,132894,846,4,145347,0.39,0,2,Yes
37,144904,402,20,166124,0.37,5,2,Yes
23,43259,460,30,232669,0.29,0,3,No
44,73583,499,18,169813,0.41,5,4,No
19,99400,459,25,429829,0.71,4,1,No
46,54293,435,0,358481,0.78,1,3,No
55,131581,697,21,244370,0.05,5,2,Yes
20,27043,691,23,53162,0.6,2,5,Yes
33,70430,405,29,231838,0.51,2,5,No
47,127009,353,17,299343,0.8,5,0,No
57,58893,576,7,22572,0.12,1,4,Yes
19,60642,410,23,403363,0.66,3,3,No
34,98065,523,25,270587,0.75,4,0,No
58,50868,374,7,246502,0.73,1,5,No
29,46309,805,25,99521,0.47,2,2,Yes
52,146250,313,14,76220,0.3,4,1,No
60,43284,781,18,280739,0.53,5,3,Yes
18,146801,488,9,71857,0.28,4,3,Yes
62,133259,663,23,281954,0.36,2,2,Yes
32,120804,538,15,252783,0.38,1,2,No
43,89000,700,10,142812,0.28,3,1,Yes
54,104179,603,30,37712,0.31,4,1,Yes
38,82107,390,11,10468,0.06,5,1,No
48,85049,691,15,394755,0.27,4,0,Yes
42,49265,483,15,134468,0.4,4,0,Yes
40,101490,316,27,346198,0.18,5,2,No
41,149154,311,29,279848,0.65,5,3,No
55,43880,465,19,70974,0.45,5,0,No
45,104579,445,2,70700,0.65,1,2,No
38,20255,581,26,403894,0.15,4,5,No
60,21502,848,8,134443,0.67,5,5,No
35,90192,468,7,332026,0.77,2,0,No
53,85424,469,9,193059,0.31,2,1,Yes
52,95838,645,28,172177,0.26,5,5,Yes
62,90966,798,12,368798,0.54,0,2,Yes
26,61366,759,17,153443,0.53,4,5,No
55,47425,596,12,302441,0.13,3,1,No
47,72328,441,12,222604,0.75,0,4,No
61,134280,352,14,295897,0.41,4,5,No
51,87396,417,12,377854,0.62,4,3,No
49,91694,664,29,90765,0.32,5,1,Yes
20,25806,435,15,403972,0.25,1,3,No
20,106274,713,7,439089,0.13,1,2,Yes
45,37106,376,26,65630,0.26,2,4,No
61,76731,317,26,160675,0.8,0,3,No
32,95010,702,18,244592,0.54,0,5,No
58,102533,504,9,159380,0.65,5,0,No
40,138019,798,11,107897,0.77,0,5,Yes
57,52599,623,13,298400,0.11,5,5,Yes
28,91326,580,5,322958,0.17,2,2,No
49,137804,465,20,300105,0.75,3,4,No
53,95706,542,23,488919,0.47,3,0,Yes
50,29004,778,8,187713,0.53,5,0,Yes
41,128282,463,26,162505,0.37,3,5,Yes
56,135018,623,6,34731,0.66,5,4,No
51,71364,850,5,11401,0.44,0,1,Yes
45,45792,507,21,127992,0.67,4,4,No
54,115752,614,0,391341,0.79,0,4,Yes
24,84912,603,20,105041,0.54,5,4,No
21,74645,538,13,154517,0.45,4,3,No
54,27232,523,23,473634,0.32,1,1,No
18,98210,387,5,328156,0.2,5,2,No
18,74766,836,11,470035,0.54,5,0,No
64,140601,728,16,162042,0.1,2,5,Yes
37,101588,519,30,198962,0.77,3,3,No
36,68542,574,30,409576,0.54,0,1,No
46,25913,365,4,254319,0.77,0,4,No
27,132406,722,28,190685,0.25,1,5,Yes
35,133693,554,10,331501,0.76,4,5,No
45,113449,424,27,37235,0.51,3,3,No
52,30567,445,4,348539,0.66,2,3,No
60,58379,684,11,471351,0.18,4,0,No
64,94968,746,2,15428,0.43,4,2,Yes
48,20319,686,23,183257,0.48,5,1,No
44,110005,682,30,467635,0.34,3,5,Yes
28,130990,576,8,352315,0.24,2,5,Yes
55,112026,681,5,173893,0.73,3,1,No
22,106120,423,21,184073,0.11,3,1,No
25,24791,566,1,344804,0.17,0,4,No
51,117272,410,25,221006,0.29,2,4,No
29,20329,680,1,491814,0.74,4,3,No
55,94387,457,21,497648,0.47,3,5,No
18,81032,847,11,118020,0.33,1,2,Yes
48,64078,417,7,44633,0.35,2,0,No
21,108662,627,1,224464,0.68,1,5,No
62,41300,367,8,127104,0.07,4,0,No
22,95700,733,28,281551,0.06,2,2,Yes
47,149664,658,15,154152,0.08,0,1,Yes
41,70945,742,27,78860,0.4,2,2,Yes
20,75609,463,29,274551,0.49,4,0,Yes
28,80562,660,24,438229,0.52,0,4,No
62,110045,418,14,304577,0.6,4,2,No
21,81901,494,13,462164,0.19,5,3,No
43,25703,540,19,9220,0.25,2,4,No
44,112645,808,3,460690,0.23,4,3,Yes
63,83115,441,3,344411,0.16,2,3,Yes
60,128953,330,10,389406,0.23,0,2,No
44,108090,522,20,474932,0.51,2,3,No
59,47676,565,23,27554,0.32,4,5,No
23,81710,581,17,214102,0.63,4,1,No
32,80077,680,26,82021,0.45,5,2,Yes
47,141332,361,4,70847,0.21,5,0,No
59,109340,820,29,97541,0.4,4,1,Yes
54,65440,370,1,424577,0.5,1,4,No
54,56923,835,14,108738,0.7,1,2,No
59,49802,439,10,348247,0.68,1,0,No
54,110331,615,26,152052,0.37,3,0,No
52,82904,639,23,263343,0.54,5,2,No
40,80162,827,16,251161,0.27,2,1,Yes
23,144786,840,15,485690,0.52,1,5,Yes
21,85169,715,14,317892,0.73,4,0,No
35,88147,766,22,201729,0.52,4,2,Yes
26,42075,674,2,38518,0.28,1,2,No
46,137281,590,19,54257,0.53,5,5,No
30,102015,342,29,274078,0.73,1,3,No
64,94716,352,14,341931,0.15,4,2,Yes
34,29304,531,23,362925,0.41,1,0,No
62,149851,511,18,82895,0.29,5,3,No
49,140729,307,27,411071,0.23,3,0,No
39,79622,782,28,122926,0.35,3,1,Yes
21,74215,341,12,284772,0.35,5,1,No
22,100146,632,15,226259,0.21,3,0,No
54,93973,532,22,290393,0.35,0,4,Yes
58,128654,369,11,243577,0.53,3,4,No
30,32521,315,16,434266,0.07,4,4,No
51,138037,368,15,400491,0.79,5,0,No
62,44028,352,8,483944,0.27,0,2,No
39,59328,678,28,128332,0.52,4,3,Yes
40,47301,762,5,5765,0.26,4,2,No
20,58015,826,18,451950,0.35,5,5,No
59,107276,362,22,499235,0.46,5,0,No
51,56845,560,30,88417,0.51,1,5,Yes
49,106818,799,12,246300,0.63,5,5,Yes
62,96394,420,20,493253,0.64,2,2,No
38,64159,539,23,122526,0.44,3,5,No
63,63714,764,7,256796,0.11,5,1,Yes
61,100722,406,11,173906,0.47,2,3,No
38,119721,479,8,365937,0.41,2,0,No
61,116730,315,21,294143,0.21,1,3,No
28,45230,654,3,175214,0.06,2,4,Yes
56,112554,608,12,498455,0.29,3,4,No
21,69262,480,1,237125,0.24,0,1,No
18,110201,473,2,114792,0.41,4,0,No
45,61722,653,4,263522,0.62,3,4,No
41,66359,653,23,266696,0.38,1,3,Yes
52,82796,518,27,475635,0.76,0,3,No
30,60159,614,25,407511,0.22,1,1,Yes
64,129668,733,17,389644,0.22,3,5,Yes
51,128675,581,20,395829,0.5,4,4,No
28,107052,558,13,391623,0.72,2,2,No
53,120808,304,24,360537,0.55,5,4,No
34,144344,693,1,372912,0.56,5,1,Yes
52,110209,635,14,193001,0.65,2,4,Yes
35,25239,362,7,34867,0.55,1,0,No
57,134980,343,15,131040,0.62,0,1,No
39,111951,452,2,377585,0.7,5,2,No
41,70886,455,23,128105,0.06,4,3,No
36,123424,777,19,11286,0.71,1,4,Yes
54,47195,574,19,378443,0.21,4,5,No
56,124697,657,27,162362,0.73,5,3,Yes
38,114859,725,22,140221,0.25,1,1,Yes
25,120500,831,4,195659,0.39,0,3,Yes
45,121770,782,3,109152,0.75,3,5,Yes
22,116299,513,22,110960,0.13,2,5,Yes
34,54674,378,11,72881,0.61,4,5,No
54,38105,438,18,158005,0.34,4,5,No
53,130187,397,14,109984,0.07,0,0,Yes
36,49739,497,24,210378,0.75,4,5,No
44,133741,455,29,285226,0.14,3,1,No
51,51969,349,12,378235,0.63,3,1,No
28,34497,778,4,15863,0.34,0,4,Yes
62,21816,527,11,274128,0.66,1,1,No
64,143132,756,18,394325,0.61,1,0,Yes
29,138915,821,1,60189,0.52,4,4,Yes
38,146399,448,6,98039,0.75,4,0,No
28,112019,357,27,174096,0.12,0,2,Yes
56,79254,461,22,109855,0.65,3,4,No
45,129017,776,27,54430,0.55,0,1,Yes
22,107695,406,28,334148,0.29,1,1,No
34,89385,726,4,132652,0.46,3,1,Yes
37,107148,694,19,407348,0.53,4,2,Yes
58,125153,485,28,40086,0.6,1,0,Yes
63,53826,745,10,108651,0.19,2,1,Yes
29,130034,747,17,281606,0.13,1,5,Yes
23,83365,386,17,444565,0.13,3,3,No
34,104242,548,6,289467,0.27,3,5,No
36,143066,739,9,23167,0.17,0,1,No
43,70100,556,22,15067,0.45,3,4,No
61,110099,576,19,191854,0.38,2,4,Yes
61,145170,737,13,329131,0.72,2,3,Yes
49,24359,815,19,8226,0.59,3,2,Yes
23,116205,501,19,475672,0.2,4,4,No
53,32809,479,10,423777,0.08,3,2,No
55,84450,624,1,380720,0.58,4,2,No
28,58428,774,12,368267,0.68,3,3,No
50,114990,699,12,41738,0.58,1,4,Yes
41,92790,516,8,342938,0.53,3,5,No
40,131126,752,16,382256,0.24,1,1,Yes
32,110321,703,14,298799,0.42,4,5,Yes
44,22093,539,23,367553,0.59,3,5,No
28,64498,485,21,285998,0.2,4,5,No
34,136251,347,30,453262,0.41,2,2,No
31,60985,685,28,446891,0.14,5,2,No
44,52009,507,25,483930,0.45,0,4,Yes
35,102094,456,22,89811,0.48,4,4,No
45,148515,524,27,211483,0.45,1,5,No
64,37718,443,20,442349,0.4,0,3,No
64,36705,718,21,303059,0.49,5,0,Yes
21,107618,410,21,461604,0.8,3,5,No
24,82598,764,28,344933,0.52,1,5,Yes
62,97878,431,15,254811,0.61,0,0,No
52,32239,633,24,33737,0.19,0,0,Yes
26,66622,374,9,247478,0.45,4,2,No
25,66665,711,28,143973,0.06,3,3,Yes
62,52274,818,19,88094,0.07,3,0,Yes
34,31419,335,27,483085,0.29,3,5,No
34,128368,522,26,15001,0.4,4,4,Yes
50,35003,829,11,488764,0.48,4,5,Yes
49,50866,540,28,231069,0.72,3,2,No
25,41988,433,4,387948,0.63,0,2,No
36,75894,690,19,430027,0.27,5,5,No
55,128563,401,16,365682,0.61,3,4,No
20,142124,797,9,232018,0.46,4,3,Yes
22,110444,810,5,127600,0.63,3,3,Yes
30,25674,836,20,370218,0.36,4,0,No
64,90538,844,19,398162,0.12,3,4,Yes
63,113103,642,5,64489,0.51,5,1,Yes
48,86446,305,11,42896,0.47,0,3,No
33,49072,493,20,231206,0.77,0,0,No
49,53717,436,18,459135,0.17,4,2,No
39,107345,772,1,255616,0.54,4,3,Yes
46,46651,515,12,262513,0.41,1,1,No
39,137202,648,21,308071,0.33,2,2,Yes
60,64291,482,19,498994,0.65,1,2,No
20,142389,467,10,496746,0.66,4,4,No
27,129525,337,14,494200,0.59,5,4,No
59,83350,770,12,430546,0.11,4,5,Yes
38,102020,751,25,207768,0.31,3,3,Yes
33,24646,789,2,179642,0.09,1,1,Yes
29,59713,441,13,425067,0.31,2,4,No
19,87936,402,7,26185,0.54,1,0,No
58,64331,341,27,473759,0.44,0,2,No
41,42185,446,8,206965,0.58,0,0,No
52,104263,365,14,454916,0.46,1,2,No
47,118656,492,22,131734,0.47,5,0,Yes
47,72107,597,17,481546,0.43,1,2,No
64,133793,337,7,337444,0.32,5,4,No
52,86554,801,10,85125,0.38,4,0,Yes
36,37563,727,28,458939,0.13,5,3,Yes
25,90729,651,28,15037,0.68,3,3,Yes
43,35701,625,26,170177,0.72,0,1,Yes
57,89072,337,4,141492,0.62,2,1,No
24,68217,396,30,218109,0.49,3,5,No
47,64610,407,14,252857,0.48,5,1,No
24,104422,450,14,105117,0.4,1,0,Yes
20,122123,373,26,14779,0.22,0,2,No
18,141543,356,25,16444,0.34,1,5,No
53,70131,634,6,95654,0.79,0,1,Yes
42,148331,551,20,498894,0.16,2,4,Yes
54,49410,553,17,465278,0.46,3,3,No
18,119280,684,27,180599,0.7,2,3,No
32,78715,755,11,77623,0.39,2,4,Yes
54,136968,558,11,391293,0.5,3,3,No
30,58665,764,3,407009,0.67,5,0,Yes
57,35957,333,28,172454,0.46,3,4,No
25,68127,794,10,400365,0.6,5,0,No
22,83589,625,20,483437,0.31,2,5,No
26,66008,537,5,308491,0.6,1,3,No
18,81920,840,20,135978,0.08,3,4,Yes
53,148213,765,9,319976,0.16,2,4,No
52,52875,603,26,227786,0.53,2,5,No
19,133828,416,14,477767,0.39,2,5,No
57,143852,506,0,417882,0.67,1,5,No
40,21626,780,16,7696,0.31,4,4,Yes
26,110815,702,30,430389,0.63,4,3,No
51,83822,532,2,17626,0.15,3,3,No
63,91765,583,24,183359,0.75,4,3,Yes
31,92413,779,10,58303,0.36,0,1,Yes
21,53642,308,17,479066,0.22,5,1,No
47,58311,678,9,311937,0.64,3,2,Yes
48,52356,680,20,235681,0.76,3,4,No
55,23809,659,8,429507,0.74,2,3,No
28,63371,475,6,313351,0.23,5,4,No
52,54875,784,10,300628,0.55,0,5,No
25,130049,704,7,92765,0.46,4,0,Yes
20,29465,332,1,141830,0.59,3,0,No
31,86095,764,4,69495,0.42,5,3,Yes
30,93844,456,8,168323,0.4,0,1,No
62,85250,501,0,319951,0.71,1,2,No
49,106889,474,16,257119,0.7,1,1,No
51,35250,543,9,495585,0.64,2,4,No
62,66023,568,7,212791,0.58,0,1,No
36,121350,745,17,111809,0.56,3,3,No
55,66624,373,24,367728,0.09,1,5,No
33,36427,395,9,216688,0.61,5,5,No
19,53276,472,8,318918,0.53,1,1,No
57,91643,705,3,341759,0.28,5,0,Yes
34,99012,454,1,353406,0.67,4,3,No
51,23439,482,18,449857,0.67,4,3,No
59,105848,622,9,416522,0.75,0,3,No
33,107331,588,16,207886,0.36,4,1,No
55,98672,557,2,455483,0.46,0,0,No
19,99703,473,20,324345,0.73,3,1,No
19,37300,629,18,41797,0.29,3,4,No
43,80289,530,18,139135,0.65,3,5,No
30,37182,460,25,48147,0.79,4,2,No
64,90507,485,21,457043,0.54,4,2,No
48,70912,442,18,336572,0.79,2,5,No
51,46909,581,18,88657,0.44,1,2,No
56,39659,326,14,156676,0.16,5,5,No
20,51403,545,24,31484,0.18,3,4,No
25,134187,786,17,178402,0.6,4,4,Yes
40,53586,501,16,395737,0.05,1,4,No
31,30360,320,9,64321,0.55,3,0,No
44,41424,393,23,499915,0.16,3,3,No
46,118035,307,28,185199,0.79,5,5,No
56,130231,771,13,105758,0.17,1,4,Yes
56,68791,638,18,20828,0.46,1,2,Yes
18,23065,558,22,394283,0.55,4,5,No
34,88795,354,17,9957,0.66,1,2,No
58,135594,847,10,285815,0.39,1,5,Yes
47,32300,305,10,456796,0.75,4,5,No
30,53370,676,11,127838,0.41,3,1,No
38,89831,349,7,109596,0.24,5,3,No
36,47209,411,15,495055,0.49,1,4,No
36,128287,445,24,131054,0.54,5,3,No
42,121831,529,23,456766,0.43,2,4,No
39,40927,796,7,79232,0.6,0,2,Yes
48,54579,605,23,246335,0.37,5,3,No
34,130407,841,13,214420,0.05,1,3,Yes
40,29032,760,22,473347,0.25,5,4,No
49,113254,525,17,342639,0.76,1,4,No
27,98413,358,23,396942,0.62,0,3,No
27,60731,375,20,282527,0.19,2,5,No
53,139937,727,21,13892,0.1,5,4,Yes
25,133528,431,3,294924,0.31,3,3,No
37,112202,797,16,386945,0.68,2,1,Yes
49,73767,604,12,361401,0.13,0,3,Yes
31,143916,366,4,155461,0.46,5,0,No
45,127220,529,2,124478,0.26,1,3,Yes
63,92302,632,8,50081,0.59,3,5,No
41,143867,576,19,263034,0.05,2,1,Yes
32,69954,443,25,364049,0.26,2,1,No
39,137270,550,17,496530,0.56,3,5,Yes
47,108365,379,19,280239,0.46,2,2,No
21,105757,356,18,468973,0.63,0,5,Yes
30,45102,665,18,31634,0.17,3,2,Yes
40,54433,607,20,184311,0.45,0,0,No
25,35932,473,15,401893,0.2,3,4,No
35,45714,761,0,441995,0.53,0,4,No
29,77803,792,4,52873,0.15,1,1,Yes
48,59743,673,23,96084,0.16,1,1,Yes
31,22552,648,30,471086,0.3,2,2,No
51,76627,366,14,180824,0.35,3,1,No
35,65987,629,25,326942,0.42,5,3,No
51,99810,493,11,305076,0.49,3,3,No
28,65380,454,24,79569,0.4,0,0,No
58,49250,459,27,388692,0.08,5,3,No
29,88344,565,0,127793,0.31,2,0,No
32,84686,467,13,263406,0.1,2,2,No
48,129394,444,17,249265,0.14,5,3,Yes
46,140321,485,17,70820,0.12,3,0,No
43,146123,722,5,240919,0.17,1,4,Yes
35,65028,756,0,108874,0.66,3,0,Yes
49,35295,644,26,92651,0.52,5,5,Yes
39,133141,815,16,323907,0.43,3,3,Yes
55,75248,403,17,89355,0.6,4,0,No
34,100205,546,14,45291,0.77,0,5,Yes
40,30523,322,11,476464,0.36,0,2,No
41,65530,824,12,366477,0.33,4,1,Yes
25,148053,443,19,430513,0.78,2,4,No
58,33769,492,1,428807,0.63,5,2,No
23,83042,764,3,421184,0.63,0,4,No
22,132035,674,2,291619,0.5,2,4,No
61,64645,565,18,58603,0.43,1,5,No
46,110743,677,30,286494,0.46,2,0,Yes
45,82142,849,24,233092,0.54,0,1,Yes
28,120760,373,7,340435,0.33,5,0,No
18,45557,737,11,366001,0.64,5,0,No
60,123727,525,11,264934,0.73,2,3,No
36,99782,607,9,218259,0.48,1,0,No
26,98382,647,24,346883,0.34,4,1,Yes
44,57085,775,0,28519,0.57,0,2,Yes
51,70708,614,27,333920,0.19,5,5,Yes
61,71357,824,4,336839,0.78,1,0,Yes
21,130939,724,27,351553,0.54,3,1,No
53,33470,823,27,258618,0.1,4,0,Yes
35,98712,548,19,146852,0.45,4,5,No
32,138643,481,10,256154,0.61,0,4,No
30,127417,405,29,144733,0.26,1,5,Yes
36,99082,490,8,499807,0.09,5,0,No
23,26805,436,13,33512,0.42,5,3,No
29,102324,419,2,23403,0.68,3,4,No
54,148256,371,4,395956,0.24,5,1,No
34,114884,430,23,47983,0.59,1,5,Yes
40,82028,756,25,309693,0.36,5,0,Yes
43,70772,778,30,362229,0.09,2,4,Yes
46,149581,351,20,315863,0.28,5,4,No
50,72104,418,8,337993,0.29,0,2,No
44,93616,563,17,118351,0.73,2,4,No
42,121422,538,5,474004,0.79,5,5,No
27,109300,650,20,468069,0.21,5,1,No
64,149502,554,24,256584,0.37,5,0,Yes
40,26630,608,6,112915,0.78,2,5,No
38,144474,794,15,292600,0.36,5,4,Yes
38,118869,356,7,235214,0.31,4,1,No
60,35701,702,22,456311,0.13,5,2,Yes
30,34859,366,28,13461,0.61,4,0,No
54,41183,345,9,164017,0.39,2,3,No
50,60438,668,25,444906,0.53,5,4,Yes
41,117285,531,4,75363,0.43,1,4,Yes
61,137556,701,10,93907,0.18,0,2,Yes
28,117423,322,28,83439,0.18,5,1,No
34,143737,566,29,418103,0.75,0,2,Yes
21,62244,417,20,230144,0.72,1,1,No
64,94312,354,12,428319,0.51,2,0,No
42,35021,452,26,347080,0.05,0,4,Yes
47,89863,538,19,127512,0.37,5,3,No
26,75565,564,1,266157,0.45,4,2,No
38,68043,567,13,433059,0.39,3,5,Yes
37,93150,412,8,186536,0.74,4,3,No
36,84361,465,9,250655,0.08,1,3,No
36,21245,307,9,346870,0.54,3,4,No
29,61011,516,27,89204,0.29,0,4,Yes
54,30355,730,9,36869,0.47,5,5,Yes
59,118841,591,25,128263,0.54,0,3,Yes
34,68692,349,18,263132,0.38,3,0,No
54,69004,406,10,446068,0.16,0,5,No
56,135228,308,10,312445,0.44,3,3,No
45,49714,755,2,445707,0.75,2,1,No
58,37198,622,18,380712,0.45,1,5,Yes
52,86951,608,23,119550,0.14,5,1,No
64,129334,444,21,52369,0.67,4,1,Yes
35,21652,711,0,384640,0.22,3,1,No
31,63625,413,11,210603,0.33,3,2,No
52,147394,698,28,314475,0.37,2,0,Yes
61,105982,574,14,33911,0.3,5,2,Yes
58,38740,423,13,128976,0.35,5,2,No
24,23810,385,2,246310,0.65,4,1,No
58,143743,346,19,247051,0.22,2,0,No
30,36569,500,12,273665,0.4,2,0,No
35,147236,575,17,44123,0.07,1,3,No
54,119855,848,15,451087,0.43,0,5,Yes
30,99120,429,5,298658,0.13,5,2,No
53,46783,747,9,42539,0.26,5,5,Yes
48,141701,688,27,302608,0.29,4,5,Yes
19,119065,562,16,50226,0.11,2,0,Yes
33,98047,577,16,444447,0.32,0,4,No
26,29471,345,7,76332,0.42,0,5,No
26,130771,467,3,38576,0.37,0,2,No
55,26163,744,30,8293,0.26,5,5,Yes
28,83087,345,14,374945,0.27,0,0,No
39,82071,839,0,139531,0.53,1,4,Yes
50,36065,386,6,285947,0.59,1,5,No
53,142323,684,24,336904,0.48,2,4,Yes
62,130190,564,9,274715,0.78,0,4,No
40,137969,321,6,486499,0.76,2,1,No
62,103456,749,0,30772,0.12,3,3,Yes
62,124505,531,16,320863,0.25,5,5,Yes
51,137852,485,11,19171,0.7,1,5,No
26,68348,625,16,118627,0.07,1,3,Yes
41,39154,482,14,123212,0.49,5,0,No
25,144843,696,23,372199,0.77,4,0,Yes
24,125703,780,15,80253,0.56,3,5,Yes
53,40229,702,22,217019,0.12,1,5,Yes
35,72587,762,13,338917,0.61,0,3,Yes
20,139398,716,2,407452,0.33,5,4,No
45,69713,501,18,179185,0.74,0,0,No
23,46997,364,11,51927,0.26,5,5,No
61,41101,316,18,174159,0.4,0,1,No
61,60391,482,17,154323,0.61,5,1,No
38,95863,690,29,366823,0.24,2,3,No
45,92723,343,13,135328,0.19,1,0,No
57,115221,781,19,373578,0.05,2,0,Yes
18,79405,562,22,354465,0.42,1,5,Yes
53,54948,473,8,226795,0.75,4,5,No
38,120264,740,2,372440,0.26,2,4,Yes
60,73031,519,25,280994,0.08,1,0,No
52,57921,693,22,90236,0.52,4,3,No
30,92571,494,11,444219,0.09,1,0,No
27,97007,708,30,88518,0.43,3,5,Yes
61,48460,770,19,272093,0.34,5,0,Yes
64,137958,646,16,297725,0.41,2,1,Yes
27,41071,761,4,77108,0.17,0,3,Yes
63,86118,360,7,162625,0.12,4,2,Yes
30,68282,465,18,427949,0.61,4,3,No
54,111725,450,25,248106,0.23,0,3,No
55,78445,410,3,476341,0.65,4,5,No
41,101067,787,14,54790,0.62,0,2,Yes
19,102208,848,18,238542,0.2,0,5,Yes
39,74816,302,14,211722,0.73,1,2,No
34,126283,782,25,398861,0.17,2,1,Yes
53,105779,312,13,207492,0.65,3,4,No
31,23060,461,29,290196,0.37,4,3,No
27,145806,643,15,345141,0.19,1,3,Yes
52,33731,748,23,162646,0.75,3,3,Yes
42,97830,631,9,87009,0.77,3,3,Yes
20,135871,563,23,445687,0.43,4,1,No
64,40719,382,13,183976,0.4,4,3,No
55,67042,633,19,348101,0.73,1,2,No
34,136134,679,10,326854,0.5,4,2,Yes
29,69116,518,1,365998,0.25,3,0,No
41,141367,753,27,390083,0.37,4,1,Yes
46,46325,388,18,10224,0.68,5,0,No
60,42597,632,2,182390,0.69,5,3,No
42,87439,609,3,305493,0.75,1,1,Yes
53,34551,719,10,328710,0.27,1,1,Yes
43,113287,653,12,451546,0.56,1,4,No
55,44278,399,17,14435,0.1,4,4,Yes
18,111189,444,17,336159,0.59,2,0,No
37,35141,309,18,472889,0.47,1,0,No
45,87913,343,11,326128,0.24,2,2,No
33,53615,685,0,490280,0.54,0,2,No
64,142058,794,23,109395,0.15,1,5,Yes
34,82751,792,5,302545,0.3,2,5,Yes
57,132684,468,2,241166,0.35,2,5,No
45,47452,830,16,205109,0.63,3,2,Yes
29,42725,635,2,399105,0.28,2,1,No
44,70391,812,0,406981,0.09,3,3,Yes
59,140288,429,2,259464,0.19,5,0,No
64,95060,838,3,61398,0.51,5,2,Yes
47,133535,813,5,412413,0.06,5,1,Yes
58,31698,549,6,41928,0.64,2,4,Yes
51,128875,437,22,435035,0.73,2,3,No
54,106711,574,24,56382,0.42,0,4,No
23,97850,763,7,321481,0.58,2,5,No
24,129733,440,12,200394,0.4,4,4,No
49,22365,555,3,381675,0.28,4,3,No
49,117553,755,5,454743,0.17,5,1,Yes
42,117662,733,10,469949,0.44,4,4,Yes
50,63372,472,0,346212,0.75,0,1,No
24,64134,772,7,269427,0.72,2,4,No
29,57823,722,21,435968,0.74,0,2,Yes
33,91158,738,1,480747,0.77,2,5,Yes
33,116076,356,7,331590,0.17,3,3,No
60,135060,797,19,455997,0.16,0,0,Yes
53,126087,468,8,364403,0.37,5,3,No
30,21949,727,3,44605,0.57,4,4,Yes
24,69396,718,16,487242,0.38,4,4,No
53,128336,646,6,313644,0.72,4,5,No
64,51912,816,9,144787,0.59,2,2,Yes
26,76947,754,4,198978,0.53,2,2,No
49,140460,501,9,369025,0.1,0,3,No
28,117697,478,26,85275,0.18,5,0,No
25,64387,356,11,158942,0.37,1,5,No
50,83965,800,20,430557,0.78,2,3,Yes
40,36508,411,19,165543,0.3,1,0,No
42,65592,447,5,147662,0.52,1,1,No
25,129249,677,0,285789,0.79,2,4,Yes
62,21919,647,2,399239,0.25,0,1,No
39,62595,657,26,489907,0.18,5,3,Yes
21,29617,355,27,292041,0.46,1,0,No
57,95268,615,6,20437,0.46,0,0,Yes
20,53298,484,10,212926,0.74,0,1,No
46,126153,353,23,310935,0.07,5,2,No
58,26929,336,11,429791,0.36,2,2,No
46,122653,569,8,53198,0.28,5,5,Yes
51,34456,807,0,372683,0.48,1,1,Yes
51,129599,527,3,328763,0.06,0,2,Yes
45,106676,727,1,408835,0.58,1,0,Yes
30,103721,300,1,458540,0.41,0,3,No
32,57924,322,16,287285,0.58,2,2,No
40,44240,802,20,133680,0.39,0,5,Yes
61,107381,747,1,259401,0.41,2,0,No
43,29228,795,3,333964,0.72,2,5,Yes
21,41686,724,24,33094,0.21,1,3,Yes
43,31920,317,10,412682,0.21,1,0,No
57,27432,744,18,174193,0.47,5,4,Yes
26,83575,338,30,464655,0.55,1,3,No
22,130507,509,23,47137,0.32,3,4,Yes
49,91725,510,25,373969,0.44,1,2,No
37,113575,580,12,259588,0.22,1,5,Yes
28,53910,432,21,113385,0.15,5,2,No
32,141764,748,25,283509,0.23,0,0,Yes
49,50226,563,20,355074,0.74,5,1,No
45,93150,410,17,283115,0.65,3,0,No
39,79099,537,26,134076,0.16,3,5,No
58,132557,756,28,113363,0.08,0,5,Yes
34,106760,815,18,441691,0.12,1,5,Yes
43,38013,472,23,36359,0.27,5,4,No
61,41446,492,14,300324,0.66,4,5,No
24,135450,814,27,208247,0.29,2,3,Yes
59,125209,708,11,166284,0.19,3,1,Yes
43,123193,383,24,56567,0.35,0,0,No
42,90375,379,10,220578,0.14,4,4,No
27,82509,508,26,429572,0.4,2,4,No
62,122261,821,22,420171,0.56,4,2,Yes
36,115739,498,0,293284,0.33,1,0,No
28,20557,533,15,247178,0.18,0,0,No
30,50666,543,27,456040,0.39,2,5,No
25,57389,692,27,306469,0.62,2,5,No
57,67700,745,12,343147,0.11,1,4,Yes
21,119143,692,28,191504,0.1,1,0,No
64,44578,308,5,213640,0.29,1,5,No
48,94779,452,22,262263,0.36,0,2,No
45,29596,409,27,347806,0.21,3,1,No
28,77500,565,5,335562,0.07,4,4,No
60,92534,672,9,442919,0.21,0,2,Yes
18,30129,451,26,499039,0.38,0,2,No
64,83394,714,28,148877,0.11,4,3,Yes
55,86046,625,1,264532,0.59,2,1,Yes
41,31596,850,28,9400,0.46,4,2,Yes
64,85355,475,24,308758,0.38,1,3,No
48,32974,824,2,490305,0.44,2,3,No
58,86673,614,5,87100,0.54,0,0,Yes
63,132004,366,15,418725,0.8,4,5,No
43,140294,483,5,499539,0.63,0,2,No
22,146794,334,23,71300,0.46,5,4,No
37,113433,804,12,418735,0.63,0,0,Yes
58,90202,375,3,199746,0.41,4,1,No
28,94442,771,14,81094,0.28,5,5,Yes
50,41818,822,5,414391,0.25,5,4,No
55,63246,582,0,327786,0.35,5,4,No
44,75598,835,8,196195,0.05,0,3,Yes
51,22654,573,11,132867,0.18,3,2,No
32,53758,838,24,163019,0.14,3,3,Yes
49,44204,353,22,150286,0.77,0,3,No
38,147309,354,10,223030,0.1,2,2,No
63,54928,576,12,133042,0.43,2,2,Yes
22,140428,742,0,339479,0.74,2,2,No
23,73609,717,18,233629,0.51,2,3,Yes
55,50552,524,27,478261,0.42,3,5,No
39,133440,554,20,146046,0.61,2,2,No
35,30336,475,3,427572,0.32,4,2,No
31,67037,445,4,448432,0.2,2,4,No
27,36206,684,22,417056,0.69,4,3,No
63,54831,561,24,108985,0.09,3,2,No
30,63563,830,16,317642,0.66,4,3,Yes
48,38361,670,4,64571,0.13,5,1,Yes
47,61335,496,18,274141,0.52,4,0,No
20,94469,583,2,210982,0.41,0,4,No
47,147365,601,10,304044,0.8,4,4,No
23,137355,431,1,269597,0.34,5,3,No
46,45816,419,21,267682,0.77,0,2,No
25,146350,435,13,81151,0.35,5,3,No
61,35619,828,5,35593,0.56,2,5,Yes
62,123223,333,18,138375,0.53,4,0,No
60,112479,831,0,191645,0.11,4,4,Yes
61,46819,507,6,263740,0.61,1,4,No
50,31741,598,1,63384,0.21,2,0,No
34,143297,821,23,55543,0.34,4,3,Yes
28,142330,393,18,89092,0.64,4,4,No
30,28798,713,0,497855,0.76,1,2,No
28,45143,670,25,433243,0.47,0,3,Yes
48,69695,708,8,470367,0.44,2,2,No
45,52747,682,20,167540,0.43,1,5,Yes
61,132870,740,16,452902,0.66,2,5,Yes
23,119187,746,9,341371,0.79,2,5,No
58,149544,370,26,235186,0.53,0,1,No
33,41182,383,5,330319,0.33,0,0,No
21,142728,508,25,94268,0.21,3,5,Yes
52,29415,558,2,28940,0.2,1,4,No
43,31085,538,26,41481,0.69,5,0,No
29,35008,601,30,336384,0.79,1,0,No
28,107638,531,19,301122,0.57,2,2,No
54,38452,581,23,150283,0.77,3,4,No
42,142166,693,14,53866,0.31,3,1,Yes
35,84075,717,20,303657,0.52,2,0,Yes
36,28120,505,27,80714,0.43,0,2,No
40,84385,563,21,487927,0.41,3,5,Yes
55,93356,610,25,219483,0.52,1,2,Yes
35,130205,378,19,414032,0.28,0,5,No
43,38170,641,5,258061,0.53,4,4,No
23,36259,394,2,299585,0.55,3,3,No
21,42099,650,9,230454,0.68,2,3,No
61,29649,361,11,413836,0.6,1,1,No
46,149394,441,0,289988,0.29,3,5,No
51,115791,410,21,57200,0.39,2,2,No
34,79258,826,29,124607,0.14,1,3,Yes
60,61037,456,28,167661,0.24,3,0,Yes
60,31805,838,15,50986,0.44,1,1,Yes
33,135996,308,16,188158,0.13,4,5,No
19,143527,575,9,76646,0.48,1,0,Yes
51,63147,526,11,99476,0.34,2,3,No
25,94280,485,18,301729,0.08,3,2,No
30,66053,515,27,77149,0.38,2,3,No
59,126777,732,7,304231,0.26,4,1,Yes
25,117841,655,22,143303,0.1,5,5,Yes
47,111393,691,7,147286,0.27,0,1,Yes
49,144726,574,9,335557,0.27,1,0,Yes
53,148359,793,9,102743,0.32,2,0,Yes
64,96215,750,17,254774,0.32,5,1,Yes
47,132909,719,9,238463,0.37,3,0,Yes
18,115365,463,6,399363,0.12,3,4,No
60,30985,482,29,250317,0.05,0,5,No
56,113823,609,3,316533,0.6,3,1,Yes
34,32391,316,0,121810,0.3,4,5,No
37,24861,745,10,143681,0.51,0,0,Yes
41,83582,469,18,386427,0.28,4,5,No
39,71928,579,4,276881,0.79,1,3,Yes
46,54364,639,29,303895,0.29,4,2,Yes
39,102399,818,25,378003,0.5,1,4,Yes
61,117035,310,7,308046,0.21,4,4,No
26,138000,823,1,272750,0.44,0,2,No
54,140844,432,1,456546,0.48,1,2,No
27,113330,447,23,55775,0.19,5,5,No
53,62923,378,13,393145,0.14,4,5,No
54,27919,645,8,180758,0.78,4,3,No
45,75896,548,9,126914,0.72,3,5,No
45,128638,841,12,184653,0.55,4,2,Yes
59,105818,323,28,115397,0.7,3,4,No
60,67396,770,0,448090,0.12,4,3,No
38,54840,500,13,137167,0.6,2,2,No
41,62255,430,1,221819,0.26,3,3,No
59,91160,655,30,332406,0.45,0,3,Yes
57,148165,449,3,222277,0.62,0,5,No
19,119242,825,27,350059,0.08,1,5,Yes
25,28176,603,18,27065,0.57,5,0,No
44,53529,840,0,315988,0.38,5,2,No
39,76406,349,3,435645,0.38,0,5,No
54,32941,763,10,217789,0.73,1,0,Yes
44,21669,539,12,351847,0.69,0,5,No
46,125432,781,26,390179,0.09,3,4,Yes
20,105782,754,17,408303,0.51,2,3,Yes
61,137373,582,9,272826,0.38,1,4,No
30,64859,634,4,129656,0.14,2,3,No
62,75786,651,0,305873,0.69,4,2,Yes
27,71083,626,13,353832,0.1,4,1,No
53,60076,635,15,387592,0.07,2,2,Yes
26,40323,380,23,108508,0.2,3,3,No
44,119430,386,25,457676,0.28,2,1,No
51,146177,557,17,340232,0.1,2,1,Yes
18,26021,484,26,130300,0.53,2,2,Yes
49,147550,422,2,324542,0.38,1,4,Yes
42,124741,395,2,21468,0.36,1,2,No
46,59807,814,3,488283,0.16,2,3,Yes
24,148305,742,6,77620,0.38,5,4,Yes
20,140061,813,12,48848,0.34,3,3,Yes
37,70355,670,8,155235,0.34,4,5,Yes
37,122439,604,2,338735,0.21,4,5,No
47,133415,656,16,335349,0.12,4,4,Yes
52,64732,447,14,82564,0.25,0,0,Yes
52,28711,584,26,71544,0.55,3,4,Yes
56,83079,561,9,56516,0.1,1,0,Yes
44,27904,790,14,20523,0.34,4,3,Yes
43,84033,330,0,126456,0.44,1,2,No
31,120587,567,27,443523,0.77,1,3,Yes
34,106478,311,26,269343,0.68,1,2,No
35,140035,490,21,251669,0.74,5,5,No
62,109787,699,20,434423,0.67,1,0,Yes
46,75096,836,9,220905,0.49,2,2,Yes
37,110594,390,6,75231,0.7,1,3,No
44,120781,800,6,6006,0.47,0,3,Yes
35,23093,600,2,274258,0.32,1,3,No
21,44918,410,6,376692,0.33,4,4,No
18,92743,379,8,231403,0.47,1,3,No
18,82636,732,7,350207,0.66,4,4,No
43,78806,716,2,241928,0.15,1,1,Yes
62,29394,513,25,263350,0.08,3,0,No
37,144501,746,4,412243,0.64,2,1,No
40,149156,317,12,491548,0.54,4,1,No
27,112510,353,12,366672,0.67,0,4,No
28,113708,539,29,492206,0.78,1,4,No
58,117819,717,7,264074,0.24,4,0,Yes
58,133145,785,17,369943,0.2,5,0,Yes
22,124531,743,29,82977,0.31,2,5,Yes
18,33280,422,29,166261,0.71,5,0,No
34,56303,719,6,5181,0.06,1,3,Yes
39,47453,515,26,148884,0.06,2,3,No
51,141692,719,9,27716,0.21,0,0,Yes
62,128886,850,9,394139,0.33,4,4,Yes
58,80695,527,22,255706,0.28,0,1,No
46,88449,536,10,45218,0.67,2,0,No
21,45765,629,11,499465,0.57,3,5,No
22,22340,768,29,31633,0.68,3,0,Yes
28,146460,786,12,278083,0.34,5,1,No
38,111715,848,7,277216,0.5,4,2,Yes
52,113409,714,16,210454,0.44,1,0,Yes
29,58057,518,23,467438,0.41,5,0,No
43,20597,680,13,362678,0.27,0,3,No
36,77988,386,16,253048,0.58,3,1,No
62,114655,760,18,162847,0.44,3,5,Yes
24,35025,710,15,89751,0.11,1,0,Yes
64,27145,824,8,491736,0.05,0,5,Yes
24,121206,746,19,261463,0.07,2,0,Yes
43,75797,599,9,489049,0.11,5,2,No
57,61723,707,28,188472,0.33,3,1,Yes
22,93230,674,8,298763,0.28,4,0,No
38,24830,532,0,134729,0.17,4,2,No
31,43930,348,23,112696,0.44,2,0,No
21,43752,485,2,165624,0.78,1,4,No
40,128138,504,10,67017,0.17,1,2,Yes
59,96025,377,6,423101,0.24,5,5,No
37,118228,780,17,481161,0.4,3,4,Yes
32,101304,685,12,206020,0.53,5,0,Yes
62,82040,493,22,391556,0.5,3,2,No
46,128668,402,22,51075,0.44,3,1,Yes
25,87696,675,24,483779,0.6,2,5,No
58,131572,586,17,472311,0.68,2,3,No
36,84648,781,15,140722,0.8,3,0,Yes
56,75030,549,23,212452,0.4,1,2,Yes
63,76815,500,15,415849,0.8,0,4,Yes
45,105669,835,20,368431,0.6,3,2,Yes
63,132789,760,9,42343,0.54,1,1,Yes
44,55690,599,8,261980,0.53,1,2,No
21,108406,777,7,232101,0.73,4,4,No
32,110032,382,18,262086,0.76,5,0,No
52,77923,757,2,159903,0.18,0,5,Yes
54,56572,597,26,459655,0.42,3,4,Yes
18,74030,663,27,172949,0.76,0,5,No
20,87904,339,25,445347,0.34,3,5,No
64,133461,639,23,50197,0.22,5,4,Yes
41,126397,815,8,197107,0.13,0,4,Yes
44,122236,407,1,193193,0.5,0,3,No
57,49203,615,18,251349,0.58,1,5,No
53,97088,413,29,268926,0.2,0,0,Yes
51,25608,466,29,484704,0.56,0,3,No
46,141323,560,7,493971,0.72,5,5,No
41,65667,523,17,440383,0.23,3,2,No
41,75547,561,7,9412,0.14,1,0,No
59,42485,550,4,493808,0.68,0,0,No
21,127596,825,5,492868,0.74,1,5,Yes
20,29862,425,29,326831,0.21,1,2,No
51,148391,505,9,118043,0.59,2,2,Yes
40,123835,439,14,314999,0.49,3,4,No
40,95948,361,27,101169,0.23,2,5,No
62,106890,582,3,216206,0.67,1,5,No
22,91880,353,2,325334,0.4,5,0,No
48,77560,645,23,146688,0.58,5,1,No
58,135063,823,8,42448,0.28,0,5,Yes
23,126191,435,30,462795,0.66,3,4,No
54,103529,629,15,128678,0.25,4,0,Yes
27,114218,443,28,431454,0.32,3,2,No
57,134462,735,15,279245,0.34,2,2,Yes
24,48415,581,14,370275,0.2,3,1,No
56,84523,435,23,370515,0.71,0,0,Yes
55,39323,788,8,80822,0.14,3,3,Yes
38,73214,700,16,499514,0.47,4,4,No
37,37997,748,20,188353,0.66,5,0,No
20,141266,569,11,398109,0.49,2,3,No
39,77003,316,22,55465,0.3,2,2,Yes
64,23679,568,7,278214,0.64,1,2,Yes
21,115025,781,13,426307,0.42,2,3,Yes
45,60308,518,26,453914,0.17,4,3,No
29,95024,618,17,128927,0.29,4,1,Yes
55,59842,537,11,63431,0.49,5,0,Yes
53,85408,844,26,438918,0.54,2,2,Yes
64,89532,584,13,313883,0.46,5,4,No
58,73938,336,19,313851,0.25,3,2,No
22,25695,402,22,459241,0.5,4,0,No
30,115740,729,4,26742,0.3,2,3,Yes
40,78499,538,0,300194,0.22,2,1,No
47,43382,424,12,307521,0.76,3,2,No
54,34235,487,13,200883,0.29,5,1,No
42,82223,555,1,478180,0.3,2,3,No
44,22366,829,15,246216,0.72,0,5,Yes
31,47467,691,4,269877,0.16,1,0,Yes
64,79316,767,21,205675,0.49,4,2,Yes
53,132468,552,0,89277,0.64,3,0,No
56,26764,475,11,409343,0.26,3,4,No
33,110896,765,18,148082,0.68,1,0,Yes
39,133831,588,21,172078,0.63,0,5,Yes
38,81836,349,21,211572,0.41,1,3,No
38,51923,303,22,426869,0.14,2,3,No
25,143961,799,9,263054,0.78,5,4,Yes
33,115711,522,11,291517,0.52,3,0,No
48,36292,561,29,143282,0.44,5,5,No
59,144913,834,29,333467,0.71,5,3,Yes
27,21614,675,18,381147,0.37,5,3,No
49,40939,360,15,262176,0.47,5,3,No
51,132700,655,16,422834,0.69,2,3,Yes
26,38800,323,12,20060,0.34,3,1,No
34,76440,592,6,50256,0.63,5,2,No
28,43246,655,27,491270,0.24,3,1,No
49,147521,328,26,249378,0.58,5,3,No
27,72805,656,2,201315,0.43,2,5,No
39,141327,664,4,420384,0.17,1,0,Yes
34,69648,708,3,320617,0.15,5,1,Yes
21,135192,565,27,164553,0.39,4,4,No
64,76851,590,14,91648,0.58,4,2,Yes
42,51688,452,16,338320,0.5,1,0,No
38,113498,518,11,270554,0.69,0,1,No
54,49764,472,22,432342,0.34,1,2,No
55,52470,311,13,96316,0.68,1,5,No
18,145088,815,28,115100,0.08,1,1,Yes
42,58501,661,3,343865,0.32,4,4,No
53,77207,776,16,348311,0.1,3,3,Yes
34,82157,381,10,441417,0.74,0,4,No
58,23216,639,5,415137,0.41,0,3,No
41,42072,740,3,99123,0.29,0,2,No
19,113778,525,12,320164,0.42,2,1,Yes
57,144288,670,19,42344,0.45,5,1,Yes
32,57132,327,14,397289,0.68,1,4,No
49,130573,315,17,156981,0.46,3,0,No
56,140730,576,16,418183,0.37,3,2,Yes
23,37861,632,18,143970,0.77,2,5,No
18,84186,782,9,186574,0.78,4,3,No
64,132133,587,4,177976,0.08,2,2,Yes
40,24960,413,11,397078,0.58,2,5,No
56,38781,337,24,346896,0.33,1,4,No
34,126605,753,29,136020,0.56,4,5,Yes
51,146434,465,14,162471,0.53,5,1,Yes
58,51126,504,22,253385,0.3,5,3,No
46,127145,544,3,295618,0.79,2,3,No
26,42578,632,7,393511,0.32,5,5,No
30,142258,695,27,476150,0.52,3,3,Yes
23,126034,806,19,58459,0.66,1,3,Yes
23,37883,420,21,117298,0.16,5,2,No
37,49782,558,27,286453,0.28,4,2,No
20,76387,709,16,493410,0.2,3,5,Yes
34,36979,609,29,178027,0.64,0,4,Yes
29,53746,367,5,372162,0.65,1,5,No
64,86266,413,15,356261,0.24,3,5,No
62,20056,519,25,168082,0.05,2,1,Yes
18,51457,519,4,412503,0.37,2,5,No
34,22243,772,13,289534,0.57,1,5,Yes
20,75031,685,1,247329,0.52,4,1,Yes
43,21701,597,16,275685,0.38,2,2,No
32,76381,552,28,153993,0.28,3,4,No
53,70438,704,5,48937,0.41,0,0,Yes
49,93839,791,10,187952,0.06,4,5,Yes
49,100636,656,1,307293,0.11,1,5,No
21,131302,727,24,451714,0.17,2,5,Yes
35,127697,514,24,493990,0.52,4,3,Yes
36,86483,679,0,466118,0.21,0,5,No
60,40505,513,30,84030,0.37,4,1,Yes
52,26553,397,4,306940,0.52,4,3,No
57,53525,827,7,179268,0.67,1,1,Yes
31,100402,827,3,135174,0.46,0,5,Yes
50,116008,834,18,198831,0.18,0,0,Yes
31,64348,848,4,212894,0.76,4,5,Yes
51,91187,627,4,142113,0.12,2,1,Yes
21,27273,464,23,90521,0.33,4,5,No
41,84236,415,15,402390,0.74,3,0,No
46,95569,449,21,132521,0.5,2,1,No
36,23535,817,30,67933,0.55,1,2,Yes
23,38677,331,17,38691,0.28,0,3,No
50,103024,592,10,382450,0.11,5,4,Yes
57,127157,476,16,386232,0.32,2,4,No
36,20908,360,28,266567,0.35,1,1,No
18,141227,715,2,355406,0.25,4,4,No
22,90153,682,17,98374,0.21,1,5,No
44,128352,306,3,8303,0.32,3,3,No
33,115967,384,18,313797,0.53,5,2,No
23,108989,697,30,425393,0.76,1,2,Yes
57,55079,692,30,243615,0.58,5,0,No
30,101556,346,8,277034,0.63,5,4,No
52,135477,640,30,485716,0.28,2,5,Yes
36,131889,797,4,162878,0.13,0,3,Yes
29,132321,777,3,78136,0.27,2,4,Yes
33,69323,725,15,490196,0.35,2,3,No
60,65320,725,9,32230,0.57,0,0,Yes
27,112098,814,8,242498,0.75,3,5,Yes
42,109909,428,15,283610,0.66,2,4,No
37,66105,548,19,152548,0.25,0,2,Yes
48,50164,430,21,495773,0.67,0,0,No
21,21885,622,29,454128,0.36,2,5,Yes
61,77819,842,25,294876,0.18,5,4,Yes
40,149379,365,16,265668,0.4,0,2,No
19,21049,400,30,143447,0.47,5,2,No
39,73281,330,28,12837,0.62,4,3,No
54,63271,490,17,290252,0.31,2,2,No
25,86697,714,14,284995,0.16,5,1,Yes
24,86351,799,19,293744,0.12,3,4,Yes
31,56534,345,8,263821,0.13,4,4,No
20,113034,388,5,282332,0.76,3,3,No
33,78097,674,5,49777,0.76,5,2,Yes
36,73813,545,10,403705,0.78,2,3,No
35,45037,556,24,351762,0.28,1,1,No
33,56007,651,27,210591,0.19,0,3,Yes
25,99478,404,19,496995,0.79,4,4,No
50,47278,636,2,406911,0.79,2,5,No
29,28272,825,22,264918,0.11,0,5,Yes
28,137492,600,11,267374,0.61,5,3,Yes
22,148913,376,14,430319,0.27,1,4,Yes
44,77183,810,6,162422,0.73,3,0,Yes
29,119173,529,24,212890,0.12,2,1,Yes
34,58294,331,30,257593,0.72,2,1,No
23,93277,357,21,449624,0.05,5,4,No
50,82509,403,17,156426,0.44,1,5,No
22,24694,611,21,230410,0.3,3,0,No
45,115842,366,14,255598,0.37,2,2,No
31,78150,673,7,185607,0.38,5,3,Yes
22,87470,534,21,16355,0.54,0,2,No
50,41556,411,8,428454,0.07,5,0,No
58,84471,688,14,244977,0.57,1,1,Yes
36,69855,707,15,153216,0.07,2,2,Yes
39,69086,353,19,75779,0.19,5,0,No
22,38907,538,2,353016,0.51,3,1,No
19,137327,594,26,55094,0.11,4,5,Yes
47,91695,411,4,122383,0.79,2,2,No
64,68487,387,2,481432,0.64,3,5,No
56,49158,775,26,277738,0.58,1,1,Yes
21,40293,603,27,220139,0.25,3,4,Yes
50,65761,604,1,126562,0.09,3,1,Yes
30,132117,589,1,227823,0.78,1,1,No
37,119468,507,3,238772,0.16,4,0,No
24,53387,669,2,153064,0.67,5,0,No
32,60750,519,8,232131,0.2,0,3,No
40,88602,530,29,104185,0.33,4,0,Yes
31,41256,648,22,474194,0.57,0,4,No
40,126942,554,21,327580,0.76,0,4,No
36,120641,751,25,428109,0.06,0,5,Yes
46,143088,441,11,130039,0.25,2,1,No
37,25594,368,23,94236,0.62,4,0,No
46,22460,388,8,48388,0.18,3,3,Yes
41,92356,435,18,411258,0.13,2,0,No
35,74698,822,11,294721,0.08,1,3,Yes
27,148853,741,15,149566,0.43,1,1,Yes
58,121746,337,25,91811,0.63,0,5,Yes
25,36191,507,22,44248,0.77,2,5,No
43,104631,509,24,94425,0.25,5,4,Yes
46,134630,812,0,170834,0.14,5,0,Yes
27,30529,659,9,348853,0.35,2,0,Yes
34,52175,300,24,383155,0.09,1,4,No
19,37675,680,29,209376,0.3,3,4,Yes
23,63158,836,22,476261,0.53,4,5,No
22,66798,693,9,137083,0.18,4,5,No
45,90910,349,29,224895,0.52,0,5,No
58,45976,695,3,233760,0.78,0,2,Yes
22,83116,331,28,459598,0.7,0,2,No
35,98678,844,30,480824,0.32,1,2,Yes
43,82821,533,10,303980,0.37,1,4,No
37,137343,325,27,328701,0.36,5,2,No
58,32204,733,21,459829,0.69,4,0,No
44,75665,360,10,260194,0.8,5,4,No
29,27394,740,10,106751,0.67,5,0,Yes
24,135392,429,21,291425,0.47,0,4,No
20,84814,653,5,101574,0.12,5,1,Yes
27,53593,497,14,414164,0.77,2,0,No
51,61964,670,1,421855,0.7,5,4,No
42,97188,446,20,146308,0.68,3,3,No
52,135064,797,22,160531,0.34,1,4,Yes
33,119276,347,21,69589,0.39,5,1,No
19,73365,471,2,488768,0.14,0,4,No
41,129572,614,26,161872,0.75,0,1,Yes
27,20443,675,27,35271,0.76,1,2,Yes
55,109439,832,4,498982,0.24,4,0,Yes
39,119058,719,28,370571,0.57,4,1,Yes
43,48180,695,23,362301,0.2,4,3,Yes
60,68791,821,10,140250,0.34,4,0,Yes
56,106655,486,20,102984,0.28,2,4,Yes
44,95899,332,11,149348,0.34,0,4,No
46,63665,368,25,150900,0.28,4,1,No
64,123700,490,2,11149,0.31,4,3,No
55,117077,400,8,360008,0.64,5,1,No
37,23465,784,26,481888,0.28,3,3,Yes
44,88247,584,2,427234,0.66,3,5,Yes
58,71559,689,1,320925,0.48,0,1,Yes
37,45198,459,5,429592,0.64,5,2,No
61,74740,346,23,442178,0.74,1,2,No
36,42488,458,5,469668,0.15,4,2,No
37,58515,745,16,402762,0.31,2,1,No
52,136411,822,7,327704,0.09,3,0,Yes
64,109144,454,0,413577,0.36,4,4,No
19,47898,638,24,73895,0.23,1,0,Yes
47,21919,664,7,321309,0.48,2,4,No
51,70070,447,21,82670,0.64,3,3,No
39,82613,443,14,245864,0.41,5,2,No
20,116707,402,17,231233,0.3,1,2,Yes
23,131777,392,12,307516,0.16,1,4,No
32,106135,585,24,377949,0.07,5,2,No
44,102501,723,7,172854,0.56,2,0,Yes
27,67003,418,28,136971,0.07,2,1,No
26,68478,328,19,497709,0.74,3,2,No
50,34434,810,17,101628,0.5,2,5,Yes
49,66246,329,12,103956,0.31,4,2,No
23,56649,665,13,127684,0.08,2,5,Yes
58,79030,437,14,137054,0.36,5,3,No
53,73061,774,5,103879,0.7,1,1,Yes
19,21999,691,0,79060,0.78,2,4,No
46,34849,734,6,74843,0.11,3,1,Yes
21,96439,533,0,390312,0.63,4,1,No
18,135088,354,14,208361,0.24,2,4,No
36,133004,591,28,179245,0.33,4,1,Yes
43,72800,611,5,375813,0.46,2,3,No
42,25445,847,4,495652,0.8,4,5,No
27,120932,388,11,377473,0.21,2,0,No
32,38040,511,25,438724,0.15,2,1,No
39,135308,617,29,481191,0.5,0,0,Yes
38,84315,764,2,305938,0.69,1,3,Yes
39,20246,386,21,287897,0.54,3,3,No
53,51153,708,19,497844,0.31,3,1,No
51,25212,539,13,118684,0.78,0,2,No
47,23339,356,27,467347,0.8,2,1,No
42,108678,412,5,418427,0.63,1,0,No
62,76238,369,3,32238,0.65,4,3,No
45,39394,483,14,89243,0.62,0,0,No
18,73871,575,16,51086,0.24,3,0,No
62,120672,532,4,465634,0.16,3,4,No
21,97722,353,23,32639,0.47,5,3,No
24,54607,556,5,477518,0.77,5,3,No
26,72055,389,9,202761,0.71,3,0,No
53,124509,734,8,123058,0.13,2,5,Yes
36,24395,707,3,193512,0.09,5,3,Yes
18,147378,568,25,218268,0.71,4,5,Yes
27,35290,665,8,436388,0.51,4,5,No
53,107687,650,7,261799,0.28,4,1,Yes
26,85078,598,2,436276,0.47,2,4,Yes
62,23691,458,29,488659,0.22,3,1,No
63,27470,786,21,375892,0.76,5,2,No
59,23841,825,19,58350,0.67,5,2,Yes
49,122652,654,0,81779,0.77,3,5,Yes
49,83197,700,24,57848,0.19,2,0,Yes
23,75773,704,19,116546,0.68,1,5,Yes
55,37776,395,26,113903,0.47,2,2,No
34,146630,691,29,90122,0.29,2,1,Yes
27,91596,651,4,187310,0.41,3,2,No
44,138943,587,2,283834,0.76,4,0,Yes
52,47584,822,3,120571,0.57,3,3,Yes
38,133829,461,28,404879,0.32,5,4,No
42,24300,481,24,273333,0.8,1,0,No
45,23338,848,30,418889,0.31,0,0,Yes
64,82601,381,22,401805,0.66,5,0,No
32,25487,823,23,447223,0.64,0,1,No
21,56282,303,18,106945,0.59,2,3,No
46,115065,794,14,438320,0.55,0,0,Yes
26,135447,350,18,348161,0.13,5,3,No
44,115798,560,30,394368,0.8,4,5,Yes
43,145648,433,15,354172,0.17,3,0,No
36,96816,661,29,445526,0.5,1,1,Yes
45,128611,516,22,400378,0.24,1,0,Yes
34,48804,367,7,85110,0.18,1,5,No
60,29915,442,13,159165,0.47,5,2,No
58,31158,645,4,100400,0.68,5,1,No
59,94157,493,0,272311,0.33,3,0,No
37,30547,545,18,310887,0.11,4,0,No
62,108713,613,4,286669,0.52,1,0,Yes
57,131789,683,2,125819,0.62,0,2,Yes
56,22459,576,30,419203,0.27,4,2,No
40,48768,371,29,87074,0.57,4,0,No
64,83146,428,16,336310,0.11,5,2,No
49,123577,657,6,144724,0.32,5,0,Yes
64,70870,824,16,383228,0.41,4,2,Yes
50,127761,519,25,95902,0.64,1,3,Yes
63,123727,305,12,116817,0.3,4,5,No
22,70460,527,21,232644,0.39,5,0,No
60,102970,316,21,240970,0.52,1,5,No
51,80817,311,13,188933,0.52,0,0,No
57,58247,798,22,203475,0.44,5,4,No
28,35419,801,11,162336,0.3,0,4,Yes
20,120553,369,10,136648,0.55,0,1,No
50,55577,407,0,77799,0.68,5,3,No
28,22921,500,26,248607,0.17,5,3,No
33,24676,351,2,8764,0.31,0,1,No
35,105961,848,11,327031,0.55,4,4,No
47,120721,558,8,161009,0.62,4,1,No
27,69684,781,1,431440,0.64,1,4,No
35,33463,563,13,491577,0.54,0,0,No
55,148101,602,4,230408,0.41,2,5,Yes
36,45474,424,2,450929,0.53,0,1,No
53,60935,569,11,303022,0.15,3,2,Yes
30,145534,779,11,123217,0.21,2,5,Yes
63,87005,431,28,173747,0.75,3,4,No
20,145800,301,20,267122,0.74,2,0,No
27,78596,414,6,206576,0.59,5,2,No
55,92828,780,0,95461,0.3,1,2,Yes
18,143649,300,2,491020,0.54,4,3,No
44,110945,630,10,19202,0.57,1,4,No
63,109062,690,12,419147,0.44,2,0,Yes
25,75152,442,21,74619,0.61,0,4,No
63,109001,627,22,152564,0.07,1,0,Yes
59,116491,676,9,192975,0.24,2,5,Yes
34,112321,389,18,333911,0.65,0,4,No
26,106569,341,3,366024,0.75,4,5,No
23,92467,334,21,463992,0.71,2,2,No
60,72576,793,4,409046,0.59,3,3,Yes
42,86627,423,10,315359,0.17,3,5,No
56,45772,356,8,487702,0.33,3,1,No
45,36363,755,12,240185,0.09,0,4,Yes
50,48490,534,27,31617,0.53,0,2,Yes
54,79004,691,16,346253,0.39,1,1,Yes
26,142537,791,14,323017,0.48,0,5,Yes
35,73806,642,12,265420,0.78,2,1,No
38,20260,475,20,251130,0.35,3,1,No
19,95992,351,10,453422,0.28,4,5,No
60,42320,849,0,424944,0.16,5,2,Yes
55,98971,777,7,119785,0.16,3,5,Yes
57,147780,788,22,452974,0.44,2,0,Yes
53,62145,304,4,394215,0.61,5,1,No
60,83688,508,21,310052,0.47,4,3,No
54,68581,516,15,45924,0.7,1,0,Yes
32,112561,835,3,31071,0.29,0,2,Yes
45,113645,641,24,474037,0.5,2,1,Yes
35,40754,700,29,491265,0.55,5,2,No
51,89837,761,18,474022,0.26,0,2,Yes
39,27207,510,17,23839,0.35,1,1,No
28,47920,325,22,418046,0.49,4,2,No
30,107739,551,28,440581,0.07,5,3,No
21,143746,302,1,217878,0.71,2,3,No
39,134780,301,12,108115,0.13,4,4,No
24,107081,301,15,340507,0.09,5,1,No
60,44016,449,21,122379,0.21,5,1,No
41,116634,303,26,245313,0.43,2,1,No
21,80522,796,7,382804,0.3,1,4,Yes
45,144231,849,18,163396,0.38,1,5,Yes
32,140896,767,2,293232,0.11,1,3,Yes
18,94092,369,18,373254,0.22,0,3,No
20,74068,500,16,73459,0.12,3,1,No
31,132099,607,8,108305,0.22,4,2,Yes
55,40102,551,20,218800,0.58,2,0,No
18,124429,586,24,110780,0.48,4,0,No
55,21924,591,20,476638,0.3,3,1,No
55,105015,453,22,67406,0.25,0,1,Yes
38,124987,432,16,101888,0.8,0,3,No
46,74333,573,24,43703,0.63,3,3,Yes
22,104458,808,0,70422,0.67,5,2,Yes
27,144176,652,30,25614,0.07,2,3,Yes
45,104196,304,3,414927,0.09,3,0,No
38,66099,592,22,361550,0.58,0,0,No
24,77346,659,26,153138,0.19,5,3,Yes
20,146372,513,14,180363,0.37,0,0,No
62,95481,705,11,300035,0.19,5,5,Yes
64,70062,735,24,398969,0.18,4,0,Yes
37,20306,314,16,308026,0.13,2,0,No
36,108495,572,11,432590,0.5,2,0,No
52,89767,344,15,44293,0.6,0,4,No
21,124332,711,29,401794,0.09,3,1,Yes
22,32207,486,12,91586,0.26,0,2,No
18,59426,469,10,217076,0.54,4,4,No
21,26336,700,14,126896,0.34,3,2,Yes
29,132200,545,28,260420,0.58,0,4,Yes
44,95166,342,15,155301,0.62,5,4,No
59,37256,478,5,73474,0.07,5,2,No
40,119445,756,26,119461,0.34,2,1,Yes
42,69817,834,25,441102,0.6,4,3,Yes
38,126704,543,10,412091,0.33,0,4,No
41,53719,316,14,388151,0.05,0,1,No
42,62017,411,4,67742,0.3,5,3,No
62,65704,846,2,105731,0.7,5,2,Yes
63,50013,329,25,95276,0.76,5,4,No
49,99991,491,1,84686,0.47,5,3,Yes
49,90258,736,0,145773,0.28,1,1,Yes
22,98348,478,14,258916,0.4,3,3,No
53,115812,773,1,185193,0.23,1,2,No
63,56776,433,27,290435,0.18,2,3,No
59,30060,611,28,493038,0.42,3,0,Yes
59,98592,324,19,291260,0.6,4,4,No
56,26655,670,5,273030,0.22,3,1,No
33,108110,824,11,18672,0.73,5,5,Yes
50,69923,618,20,19508,0.18,0,1,Yes
38,98563,529,15,361348,0.47,0,4,No
26,24030,401,13,114306,0.63,0,4,No
23,109779,749,3,211000,0.21,3,0,Yes
62,53289,677,7,174008,0.27,0,0,No
52,39739,502,11,444406,0.09,0,1,No
56,119704,566,22,270425,0.76,5,5,No
39,149157,761,13,248447,0.42,1,3,Yes
58,130234,664,19,133686,0.1,0,5,Yes
22,81687,403,25,472562,0.67,1,4,No
59,56491,410,12,450080,0.48,2,0,No
40,115549,727,28,370402,0.09,3,0,Yes
34,92115,768,4,100386,0.39,1,0,Yes
29,137935,549,11,238099,0.38,5,3,Yes
40,103778,781,9,498206,0.16,3,1,Yes
33,24781,630,20,258200,0.37,3,5,Yes
20,40448,500,18,445875,0.26,4,1,No
47,131177,753,12,383438,0.57,1,0,Yes
39,71550,803,8,411140,0.05,0,3,Yes
26,69294,845,10,479775,0.13,5,3,Yes
46,41446,410,4,463182,0.74,5,1,No
64,96579,843,27,492260,0.37,4,4,Yes
54,105389,508,12,397507,0.18,1,0,Yes
40,134679,332,9,164540,0.64,5,3,No
30,105615,406,17,426595,0.69,1,4,No
49,37101,564,28,459870,0.21,2,2,Yes
63,86178,525,14,96465,0.59,0,5,Yes
64,48016,786,19,369687,0.51,2,0,Yes
40,38932,478,11,325106,0.61,3,5,No
62,64653,521,3,452471,0.64,0,2,No
34,110481,669,4,242921,0.55,2,1,Yes
57,72802,466,7,152736,0.77,2,1,No
38,27549,599,4,280777,0.7,0,5,No
19,98933,680,0,311481,0.22,1,1,Yes
54,45362,334,17,9932,0.74,3,5,No
23,67842,706,30,21205,0.32,4,3,Yes
61,66539,801,18,352614,0.59,5,3,Yes
35,53717,613,18,56111,0.69,4,4,No
47,74596,400,9,54541,0.38,4,2,No
39,135209,514,21,75719,0.09,3,1,Yes
50,43016,361,8,90787,0.76,0,1,No
47,75200,668,25,156816,0.1,0,3,No
34,100268,667,0,400269,0.31,0,3,No
60,80287,393,21,398204,0.5,4,3,No
49,135042,768,24,370456,0.14,1,0,Yes
59,147922,325,19,406575,0.68,2,2,No
31,112447,734,25,380138,0.2,4,2,Yes
27,103402,420,2,388148,0.79,3,0,No
64,62607,349,12,378585,0.74,0,1,No
53,47621,335,5,302078,0.5,2,5,No
51,32823,709,5,308018,0.55,0,5,Yes
26,49986,588,28,69737,0.45,0,4,Yes
59,141682,678,17,148533,0.34,0,4,Yes
45,84325,399,30,376646,0.31,5,1,No
28,136903,623,4,191496,0.72,1,4,No
31,147925,628,16,250946,0.48,2,3,Yes
56,139404,520,28,288710,0.67,4,2,Yes
64,77771,409,24,312150,0.44,1,5,Yes
36,74973,448,24,98052,0.28,5,3,No
32,137225,705,2,63641,0.12,3,4,Yes
45,34690,709,4,368093,0.29,5,4,Yes
41,59107,428,30,117849,0.71,3,2,No
25,77888,783,2,51064,0.58,5,5,Yes
60,30956,407,22,317512,0.64,4,3,No
26,106839,688,12,364149,0.63,2,2,Yes
64,76227,724,14,206235,0.14,4,5,Yes
50,56533,746,16,147263,0.17,1,4,No
50,115210,367,14,366653,0.29,2,5,No
36,143538,365,4,339383,0.28,3,2,No
20,76234,803,21,349291,0.1,2,2,Yes
27,121131,803,13,187837,0.17,2,4,Yes
57,87594,620,10,302048,0.69,2,2,No
64,76901,746,27,421911,0.49,4,3,No
59,31519,509,13,377371,0.31,0,4,No
18,51115,669,6,199277,0.44,1,2,Yes
46,86266,757,2,143030,0.25,2,1,Yes
51,21832,462,22,349313,0.49,2,3,No
30,61368,631,19,138344,0.11,4,3,No
18,108425,649,9,458510,0.73,1,3,No
51,133922,767,10,92958,0.23,1,5,Yes
46,125474,725,29,8018,0.66,3,0,Yes
64,89715,626,5,476712,0.54,1,4,Yes
30,91835,405,4,203823,0.44,1,0,No
46,93366,554,19,236533,0.75,2,2,No
56,129743,657,21,350860,0.17,0,4,Yes
41,57570,743,12,155700,0.14,2,5,Yes
43,107977,412,11,479622,0.29,5,3,No
34,26615,329,18,193270,0.67,4,3,No
24,92298,823,18,267440,0.08,1,5,Yes
30,58311,345,20,236303,0.23,0,3,No
22,110245,470,26,281722,0.37,2,3,No
43,123187,429,4,253016,0.58,5,2,No
20,43434,652,24,411770,0.27,3,1,Yes
24,106879,502,30,288729,0.39,4,5,No
56,35739,525,19,39225,0.3,5,4,No
18,86202,379,20,139618,0.12,4,1,No
34,118580,609,27,51622,0.6,5,5,Yes
60,113419,334,8,110665,0.4,4,4,No
42,99599,460,3,425919,0.66,2,5,No
20,53649,734,28,392332,0.57,0,3,No
32,120364,837,14,139736,0.09,0,5,Yes
46,67445,524,30,358845,0.43,1,0,No
60,136770,745,2,167171,0.79,0,2,Yes
49,59470,616,22,87015,0.28,3,4,Yes
43,94965,713,6,320228,0.42,5,3,Yes
33,145332,394,23,440535,0.54,4,0,No
42,68621,524,19,126600,0.2,2,3,No
45,149681,365,19,11140,0.58,4,2,No
26,52926,696,13,449107,0.54,4,0,No
18,149979,509,13,481488,0.33,3,5,No
46,134300,773,8,463223,0.26,5,4,No
39,57997,789,25,386756,0.74,4,5,No
33,79940,479,22,289285,0.15,4,4,No
58,60724,823,2,448910,0.37,3,5,Yes
61,117805,758,30,263973,0.63,3,4,Yes
58,51704,367,28,288772,0.16,0,4,No
24,142202,628,8,379542,0.75,5,0,No
31,48391,501,28,425459,0.44,4,2,No
46,83291,774,20,68747,0.43,5,0,No
36,109723,817,3,480966,0.37,1,4,Yes
36,130870,314,16,88525,0.7,1,2,No
19,22526,341,24,484781,0.76,1,1,No
58,44686,842,5,70198,0.34,5,1,Yes
62,93339,588,15,392771,0.46,3,5,Yes
32,118204,832,26,311914,0.29,4,0,Yes
20,26574,543,17,144009,0.33,0,4,No
28,28733,473,12,192076,0.07,4,5,No
63,70290,833,6,231311,0.64,1,1,Yes
47,92793,808,2,312762,0.78,5,1,No
57,56051,543,30,371964,0.63,2,3,Yes
35,35909,359,5,218213,0.44,5,3,No
19,109682,403,23,320247,0.67,1,5,No
49,97338,602,2,488858,0.69,5,5,No
25,93432,376,28,11493,0.46,5,2,No
39,147335,317,27,365182,0.75,5,2,No
23,48133,833,11,233943,0.07,3,4,Yes
29,71571,483,4,30957,0.06,4,1,No
64,99062,849,29,402333,0.11,3,0,Yes
57,70908,580,21,104057,0.09,5,0,Yes
53,31278,587,16,279645,0.37,0,3,Yes
32,131546,824,9,137260,0.76,4,2,Yes
45,71458,773,6,445459,0.56,4,4,No
62,84265,566,3,430329,0.54,4,3,Yes
35,76782,656,9,257868,0.34,2,3,Yes
19,75415,300,26,323783,0.45,4,4,No
30,111087,326,30,245053,0.28,2,4,No
62,74160,847,6,71332,0.44,4,5,Yes
32,74399,459,22,248724,0.61,5,1,No
37,45298,698,10,478588,0.47,1,4,No
46,120874,842,20,75681,0.36,0,4,Yes
59,42191,426,7,191901,0.68,4,3,No
46,76964,509,7,448228,0.27,3,3,No
20,53092,449,4,107475,0.41,1,0,No
36,109407,330,4,209783,0.78,3,5,No
20,95257,601,6,72050,0.78,3,0,No
31,123949,556,21,20451,0.05,2,0,Yes
57,82513,356,3,370384,0.45,0,4,No
21,71097,308,1,319230,0.3,3,1,No
28,50279,304,23,53393,0.27,1,3,No
48,34404,413,18,129463,0.5,0,2,No
60,90022,504,1,480634,0.38,1,1,No
49,55198,323,15,81969,0.6,3,5,No
44,114223,792,11,6369,0.07,0,2,Yes
47,138198,705,14,281212,0.75,4,5,No
60,69997,402,9,129131,0.48,3,4,No
19,98692,359,22,439874,0.56,3,5,No
26,20567,385,25,275260,0.5,5,2,No
45,81032,671,5,179759,0.79,5,5,Yes
48,22179,501,23,490578,0.79,2,5,No
51,22019,388,12,310597,0.51,1,0,No
32,101455,736,29,429453,0.56,4,5,Yes
42,105239,419,5,259083,0.51,0,3,No
53,38704,455,22,403580,0.28,3,1,No
25,38030,698,1,201698,0.19,3,0,Yes
26,146883,487,25,82622,0.35,4,3,Yes
54,89445,351,13,81925,0.56,3,5,No
62,93551,830,17,152927,0.09,1,0,Yes
56,23420,779,5,360064,0.44,0,1,Yes
49,79875,529,24,451850,0.36,4,4,No
34,67653,780,29,452494,0.45,4,2,Yes
52,36740,429,18,399327,0.7,5,4,No
54,85263,354,26,234973,0.09,2,5,No
36,125789,570,25,63251,0.62,0,5,Yes
61,115864,399,13,196330,0.55,4,2,No
46,84559,368,29,409624,0.2,3,2,No
24,39465,598,12,422218,0.6,5,5,Yes
45,71432,828,7,88274,0.42,0,1,Yes
26,24131,653,30,373325,0.41,1,1,Yes
45,30652,451,4,344818,0.41,4,4,No
23,84973,629,12,344107,0.76,1,3,No
46,107043,415,5,474648,0.76,4,3,No
34,67147,841,21,335069,0.74,3,4,Yes
33,67671,622,26,20360,0.72,2,2,Yes
40,134217,528,27,369523,0.08,3,1,Yes
48,109342,659,25,135167,0.35,1,4,Yes
20,39171,304,26,229834,0.72,0,3,No
38,106129,327,28,415063,0.62,5,2,No
43,148748,663,18,393962,0.39,1,3,Yes
53,75692,761,10,314709,0.63,2,2,Yes
59,78541,530,26,284600,0.21,4,3,No
54,29470,694,15,338126,0.5,5,5,Yes
39,135153,570,4,218465,0.45,4,0,Yes
59,81344,603,11,239359,0.48,1,2,Yes
29,64308,682,16,366386,0.59,0,2,No
59,70639,327,1,347383,0.76,4,2,No
30,41326,818,9,219302,0.25,4,0,Yes
28,24597,498,14,44959,0.62,5,0,No
33,122840,381,18,282202,0.53,2,3,No
25,50788,387,19,187564,0.57,5,1,No
57,85020,689,28,57672,0.37,2,5,Yes
57,69477,750,24,467808,0.76,0,3,No
62,128261,732,16,251846,0.41,4,2,Yes
19,122466,673,18,345535,0.14,3,2,Yes
47,53071,734,18,61849,0.56,1,5,Yes
47,90603,486,12,460529,0.15,5,3,No
29,81923,689,30,421704,0.29,4,4,No
27,90560,517,12,217380,0.22,1,1,No
61,93251,407,15,224724,0.45,5,0,No
28,144320,849,21,103563,0.31,4,1,Yes
32,77492,648,20,334336,0.17,2,4,Yes
33,51770,821,2,245523,0.64,0,3,Yes
34,96762,325,3,99391,0.4,3,3,No
43,55399,347,26,114615,0.39,5,2,No
19,141079,669,6,371738,0.71,2,5,Yes
29,98948,313,2,207521,0.45,0,3,No
43,133341,486,8,463603,0.58,2,4,No
40,77439,823,7,78509,0.3,5,3,Yes
35,64415,578,28,153047,0.47,1,3,Yes
49,32569,640,17,125555,0.59,4,4,No
55,22369,627,20,47392,0.27,2,0,Yes
64,129963,324,13,18305,0.57,5,1,No
20,117557,828,19,81215,0.48,0,3,Yes
55,20528,725,27,420177,0.38,4,1,Yes
20,128806,328,28,267372,0.58,5,1,No
47,50314,622,4,348323,0.29,1,2,Yes
18,122979,612,2,491107,0.59,1,0,No
47,38047,569,9,112864,0.46,3,1,No
62,39748,594,30,88544,0.23,4,2,No
49,55109,522,10,159546,0.55,1,4,No
45,33919,374,16,8979,0.71,2,4,No
38,67498,401,7,51343,0.28,1,4,Yes
63,75808,831,8,5739,0.66,1,5,Yes
30,100792,472,7,417774,0.3,1,5,No
44,90441,303,19,304961,0.67,3,4,No
53,133843,778,27,450015,0.09,5,4,Yes
24,133559,694,1,228254,0.06,0,2,Yes
39,94420,466,3,388268,0.13,5,0,No
27,48906,599,29,305298,0.71,1,0,No
56,127447,417,15,168344,0.45,0,2,Yes
32,91486,811,8,42339,0.5,4,2,Yes
32,86896,474,25,118591,0.68,0,5,No
21,123431,458,8,215868,0.09,4,3,No
49,41946,683,20,142666,0.34,3,1,Yes
40,67020,526,4,18185,0.53,4,5,No
23,94266,337,25,392058,0.35,4,5,No
41,143699,762,2,148644,0.07,2,4,Yes
37,42161,730,13,110784,0.54,3,5,Yes
54,47738,403,14,415785,0.34,1,5,No
37,23925,492,5,480725,0.06,3,1,No
29,28463,549,15,336897,0.18,2,3,Yes
50,77153,312,22,471400,0.21,4,0,No
45,102948,687,27,153591,0.43,5,4,Yes
25,81009,370,30,36953,0.19,3,5,No
18,107938,737,9,24804,0.32,2,5,Yes
54,119546,343,13,81286,0.61,5,0,No
39,111253,571,30,463753,0.66,1,2,Yes
23,61552,313,11,22275,0.65,4,1,No
38,76271,670,8,209490,0.57,3,0,Yes
49,29797,411,22,247462,0.46,3,3,No
52,106130,678,18,67068,0.46,5,0,Yes
32,91942,613,11,330488,0.77,4,4,No
22,138065,714,12,345428,0.71,3,4,No
63,33965,784,22,127750,0.54,4,1,Yes
23,33733,468,12,299745,0.4,2,2,No
42,73223,545,16,425791,0.6,4,5,No
63,147182,565,1,57705,0.1,1,4,Yes
57,146574,542,19,322365,0.76,4,3,No
46,46926,599,22,168441,0.46,5,1,Yes
24,48783,626,30,49617,0.43,3,4,No
57,103360,829,8,325459,0.27,5,3,Yes
30,56394,641,30,133240,0.05,4,5,Yes
55,128378,548,20,282461,0.1,4,0,No
35,84796,679,30,323253,0.25,4,5,Yes
19,48287,831,7,426534,0.46,1,3,Yes
25,102104,680,6,248154,0.11,5,5,Yes
28,50436,341,4,46239,0.78,1,1,No
50,106916,644,28,485920,0.36,3,4,Yes
55,110332,560,18,285226,0.29,5,2,Yes
44,93567,605,2,329664,0.44,3,2,No
37,107483,539,12,409295,0.1,4,3,No
29,23188,612,5,7884,0.69,0,3,No
60,111205,740,25,229469,0.4,5,3,Yes
48,121249,432,10,172419,0.18,2,4,Yes
44,117349,350,3,208803,0.17,4,2,No
49,26765,691,2,334931,0.32,2,2,Yes
27,71626,822,3,468392,0.48,1,1,Yes
20,108707,807,2,154812,0.36,3,1,Yes
62,30807,653,12,119297,0.5,0,0,Yes
44,30204,694,14,17815,0.58,3,4,Yes
52,112602,395,11,332321,0.61,1,3,Yes
48,77944,405,14,178963,0.35,4,1,No
32,62120,812,30,319710,0.59,1,0,Yes
33,122903,541,25,309112,0.16,0,0,Yes
30,42658,787,10,165985,0.43,4,2,Yes
52,57081,814,10,345584,0.1,5,4,Yes
28,145615,360,12,59860,0.23,4,4,No
38,54986,715,11,135134,0.49,0,5,No
28,99322,593,5,285606,0.61,3,3,Yes
47,114819,601,28,433698,0.12,4,4,No
52,70304,469,22,470699,0.21,3,5,No
39,85592,340,19,399554,0.79,2,3,No
55,78548,530,18,148854,0.3,0,4,Yes
48,130837,708,18,352753,0.26,2,2,Yes
31,118447,596,26,273758,0.11,4,5,Yes
41,59986,754,2,398957,0.57,0,0,Yes
49,94095,356,15,428426,0.43,4,4,No
53,111594,539,8,71269,0.17,0,4,Yes
49,108281,475,26,281088,0.52,3,2,No
32,86151,362,26,455207,0.44,1,1,No
60,93598,850,13,6806,0.47,5,3,Yes
52,48214,437,29,411501,0.8,1,1,No
20,129824,753,27,376018,0.07,0,0,Yes
33,58745,748,30,81993,0.74,2,1,Yes
22,129723,525,2,203361,0.68,0,0,Yes
38,62548,742,2,45126,0.36,3,3,Yes
27,30681,505,23,347267,0.71,5,2,No
36,26984,326,19,404073,0.54,2,0,No
42,47579,756,6,38792,0.72,0,3,Yes
21,110810,406,18,112978,0.5,5,5,No
46,123275,743,23,354828,0.21,5,2,Yes
36,74933,335,2,321505,0.48,0,1,No
60,47399,454,20,41322,0.18,4,1,Yes
19,51481,468,0,211579,0.16,3,0,No
27,20944,571,11,147980,0.54,3,4,No
60,113993,846,20,69627,0.76,1,5,Yes
42,29114,719,5,256976,0.49,4,4,Yes
37,59846,483,6,199715,0.65,2,5,No
36,103666,536,1,419418,0.18,5,2,No
40,97848,808,17,97228,0.54,1,1,Yes
41,145733,740,29,75102,0.6,3,3,Yes
28,52596,421,24,327027,0.08,0,5,No
63,124087,716,14,101555,0.12,4,2,Yes
51,95287,834,14,397335,0.64,3,0,Yes
45,26907,674,9,84558,0.38,3,5,Yes
22,143963,625,16,376605,0.35,4,0,Yes
22,48114,779,17,179792,0.74,3,2,Yes
38,45009,449,17,306806,0.79,1,3,No
29,104846,789,30,294174,0.62,4,1,Yes
21,70241,452,28,44850,0.64,3,1,No
59,55725,316,14,396747,0.21,3,3,No
37,38996,850,25,246322,0.19,4,1,Yes
55,26047,647,22,129825,0.79,0,5,No
42,124553,758,5,352432,0.57,2,4,Yes
31,48767,501,8,302541,0.57,4,4,No
28,36347,722,10,323238,0.26,0,3,Yes
49,122063,579,14,357784,0.71,5,4,No
28,44102,721,22,156688,0.08,3,5,Yes
35,24263,764,2,494690,0.26,1,2,Yes
44,128585,654,18,201406,0.19,5,1,Yes
35,87438,677,0,142733,0.58,3,5,Yes
40,116359,423,23,193101,0.59,3,2,No
28,50540,379,16,162119,0.45,5,3,No
38,120871,532,10,437259,0.05,0,5,No
61,95726,779,29,182514,0.71,4,5,Yes
22,83769,453,17,328522,0.77,2,4,No
40,60843,708,10,293087,0.2,2,2,Yes
58,47690,330,27,39487,0.68,4,2,No
42,22994,802,6,79769,0.78,4,0,Yes
58,123533,670,0,74023,0.3,1,2,Yes
27,87546,622,11,422775,0.19,4,4,No
39,27377,631,3,338524,0.78,1,1,No
36,98572,542,24,439735,0.09,4,1,Yes
18,46467,729,7,489892,0.26,1,1,Yes
24,135518,481,14,263975,0.61,4,4,No
21,20048,772,10,16416,0.51,4,1,No
18,56978,675,29,290003,0.56,2,5,Yes
32,135866,380,28,92789,0.58,3,5,No
57,140456,849,7,109766,0.56,3,1,Yes
29,67606,719,11,23184,0.31,1,3,Yes
39,101574,766,2,294990,0.28,0,3,No
39,118112,727,20,231829,0.37,5,0,Yes
64,93414,356,30,309915,0.66,2,5,No
34,113145,621,3,91995,0.75,4,0,No
46,69222,841,26,262033,0.39,2,2,Yes
63,68115,794,11,413714,0.11,0,2,Yes
31,109606,565,7,74798,0.75,2,5,No
37,60647,526,26,300058,0.11,0,5,No
50,74607,353,22,189052,0.17,5,2,No
60,77410,303,29,397106,0.7,0,0,No
32,41996,738,22,312644,0.46,0,1,Yes
29,74921,609,9,170957,0.31,0,2,No
57,103697,388,25,305359,0.75,0,1,No
37,66022,619,22,331464,0.77,4,1,Yes
47,60148,674,0,485150,0.3,2,0,No
55,87764,800,12,114159,0.7,3,3,Yes
20,111901,533,30,34924,0.56,3,5,No
45,110724,636,6,191171,0.26,4,3,No
43,144766,484,19,68113,0.76,1,4,Yes
47,128118,737,27,267462,0.1,5,3,Yes
30,28888,479,2,213769,0.29,0,2,No
30,108666,375,28,82859,0.35,2,0,No
19,59159,571,15,403965,0.57,0,1,Yes
54,62197,354,11,103558,0.08,0,0,Yes
55,104326,376,28,145600,0.72,3,5,No
19,110360,595,30,26441,0.54,0,4,No
53,118941,518,4,144598,0.26,2,4,Yes
43,44474,576,17,245659,0.54,2,4,Yes
28,37333,565,7,435377,0.45,3,1,No
25,128400,342,11,6044,0.3,4,4,Yes
61,56355,660,27,345445,0.07,3,5,Yes
57,119415,527,24,416391,0.46,3,4,No
60,149686,526,20,184959,0.11,0,4,Yes
39,93903,362,2,449887,0.66,1,5,No
37,86258,470,15,5961,0.12,5,5,No
25,51145,606,9,467501,0.37,4,1,No
46,138530,333,22,372964,0.38,4,4,No
57,138362,429,16,188038,0.47,4,2,Yes
43,123170,693,9,284117,0.08,0,0,Yes
47,95675,450,2,219980,0.2,3,4,No
34,69854,683,24,310537,0.2,5,4,Yes
37,87664,316,1,106293,0.5,0,0,No
33,127422,313,26,305577,0.25,2,4,No
63,106153,380,13,337221,0.16,1,5,No
60,113616,506,8,428894,0.06,1,4,No
24,55285,503,26,23344,0.68,5,2,No
33,145277,678,16,181226,0.78,0,5,No
62,37533,843,3,407062,0.58,3,3,Yes
64,52624,322,27,432062,0.36,4,1,No
44,66996,461,25,237450,0.14,5,1,No
40,66947,443,28,374995,0.41,5,0,No
41,47956,403,21,75565,0.39,2,2,No
26,71030,681,14,325946,0.36,2,1,No
52,78597,754,12,21272,0.33,5,0,Yes
37,62443,716,22,184685,0.42,1,0,Yes
54,148344,623,30,356450,0.1,5,0,Yes
59,118613,470,30,393306,0.08,3,1,No
34,85464,573,18,280248,0.1,4,3,Yes
64,148019,751,8,414071,0.2,1,0,Yes
48,23952,424,3,435740,0.26,3,4,No
25,76880,682,20,388207,0.18,4,3,Yes
32,72201,616,7,239071,0.24,0,3,No
48,140454,406,30,71455,0.19,3,4,No
47,144444,762,27,309850,0.16,5,1,Yes
63,132175,729,14,301670,0.27,5,1,Yes
37,62460,636,13,236207,0.35,2,2,No
56,42796,795,2,145435,0.61,3,1,Yes
29,51746,661,23,450646,0.77,3,2,No
34,106785,731,29,316655,0.74,5,0,No
59,20015,819,29,61738,0.41,5,1,Yes
47,69757,705,26,84791,0.4,3,1,Yes
46,45957,676,16,467562,0.14,4,4,Yes
36,101541,451,7,6440,0.78,4,0,No
63,41292,621,13,376559,0.62,0,5,No
28,142694,513,12,203327,0.69,0,5,No
51,51876,364,14,387504,0.23,4,2,No
24,80727,569,10,180285,0.35,4,0,Yes
61,67046,836,26,267699,0.13,1,5,Yes
51,34817,399,14,112729,0.76,3,3,No
37,111006,404,11,82648,0.26,3,4,No
55,29759,430,25,131919,0.5,2,3,No
41,68432,688,23,466049,0.16,4,5,Yes
27,26412,620,21,268679,0.65,4,2,Yes
49,77757,737,20,151003,0.19,0,1,Yes
32,40504,318,8,470034,0.66,5,1,No
54,128500,524,21,124773,0.35,0,1,Yes
37,28507,759,14,492386,0.48,5,2,No
20,41050,693,0,49262,0.25,3,3,No
54,24820,525,11,358165,0.71,3,2,No
57,27835,659,5,498481,0.62,5,2,No
25,113167,729,0,258902,0.32,4,3,Yes
57,120153,314,21,29587,0.49,3,5,No
61,33587,845,18,366427,0.15,4,1,Yes
40,120257,713,21,169112,0.17,2,4,Yes
57,77732,654,12,312687,0.45,2,2,Yes
28,71921,756,5,356321,0.53,1,2,Yes
63,65499,830,16,424789,0.47,0,3,Yes
25,137734,495,12,75680,0.47,1,5,No
46,142282,414,8,386465,0.61,2,4,No
47,26840,716,7,193334,0.73,3,2,No
27,123370,651,30,399904,0.34,0,0,Yes
56,85077,374,14,118624,0.45,0,4,No
45,51440,335,17,350659,0.72,1,2,Yes
53,55183,541,1,298947,0.4,0,4,No
30,116172,362,20,152226,0.38,2,5,No
49,22389,808,30,122930,0.62,3,0,Yes
53,75076,487,25,239059,0.71,1,0,No
54,134515,392,1,216731,0.6,3,4,No
43,143183,304,10,28998,0.13,5,1,No
39,86299,737,0,397088,0.4,1,4,No
21,109461,465,17,10786,0.21,5,3,No
48,112085,745,20,64059,0.29,4,1,Yes
35,135503,324,26,231897,0.4,0,5,No
55,59023,807,30,206737,0.22,4,0,Yes
41,70029,397,25,99450,0.44,5,1,No
40,59941,567,29,423993,0.53,0,0,No
39,108993,692,6,204453,0.71,4,0,No
19,73950,584,20,78984,0.21,3,0,No
48,141677,408,16,191362,0.28,2,3,No
28,106959,326,15,251069,0.35,1,3,No
45,96054,354,6,32139,0.22,0,2,No
63,145309,432,21,223326,0.3,1,5,No
49,85363,351,6,447246,0.71,2,3,No
22,128556,792,1,421797,0.15,4,5,No
55,81742,597,4,295137,0.38,3,0,Yes
27,144459,698,13,309192,0.28,5,5,Yes
57,117896,317,7,148995,0.11,1,4,No
63,65215,545,28,411300,0.12,5,5,No
41,145081,802,11,350240,0.64,4,1,No
52,67857,388,6,420783,0.69,5,4,No
61,75476,502,5,24481,0.61,0,0,Yes
40,48173,539,12,364696,0.45,1,4,No
34,29395,789,21,16422,0.63,1,1,Yes
18,79768,312,11,334404,0.16,0,2,No
48,130371,614,16,232079,0.64,2,2,No
48,104743,497,15,335308,0.37,4,5,No
59,123591,542,0,60296,0.61,5,5,Yes
59,137973,806,6,263126,0.22,5,3,Yes
51,66229,342,2,295019,0.67,1,4,No
26,46639,629,5,22734,0.48,4,3,No
39,131706,728,27,487861,0.06,5,3,Yes
30,82583,461,20,464371,0.44,3,4,No
42,144859,734,2,56700,0.28,4,4,Yes
35,48924,532,21,18786,0.09,4,1,No
29,146011,410,2,129258,0.39,5,4,No
57,92969,531,7,59395,0.28,0,4,Yes
34,50104,572,13,230242,0.2,5,5,No
32,140862,340,30,463387,0.31,4,3,No
59,129588,765,22,120665,0.18,5,2,Yes
32,57594,376,8,354607,0.27,5,0,No
32,23664,789,4,331907,0.14,2,2,Yes
56,30528,416,27,473481,0.11,4,4,No
30,48190,733,14,92773,0.73,3,0,Yes
34,86033,318,16,107076,0.73,5,4,No
49,81161,495,26,196994,0.67,4,5,No
26,93177,750,9,40301,0.22,5,1,Yes
57,148404,724,30,243045,0.59,0,4,Yes
37,90179,693,26,197070,0.49,3,0,Yes
43,90592,583,7,121582,0.09,0,5,No
44,52899,333,17,64724,0.72,5,1,No
38,90979,594,5,63976,0.8,2,5,No
35,37241,550,16,288879,0.58,2,0,No
30,66211,638,21,105344,0.22,0,1,Yes
33,83472,739,3,350629,0.47,2,3,Yes
26,94248,479,20,25509,0.13,5,0,No
29,93757,527,14,99934,0.27,0,3,No
61,51346,322,9,468020,0.59,1,5,No
55,101196,626,22,171679,0.28,4,3,Yes
36,124451,453,12,442723,0.16,1,4,No
24,97124,445,21,260927,0.06,2,2,No
52,122908,551,0,118362,0.48,0,1,Yes
35,62220,601,24,57540,0.78,0,0,Yes
33,37942,369,21,177016,0.41,5,5,No
56,69167,842,21,306452,0.21,0,3,Yes
21,56373,392,8,410628,0.4,0,5,No
42,131588,462,27,454615,0.5,4,4,No
49,87143,380,25,368191,0.65,3,0,No
57,140623,362,4,163222,0.39,1,5,No
30,130013,735,10,207250,0.18,2,4,Yes
62,22016,347,30,194835,0.19,0,0,Yes
34,89110,744,21,342749,0.72,1,4,Yes
54,149979,373,21,430048,0.23,3,4,No
23,66309,841,22,464778,0.6,1,2,Yes
36,27274,456,24,386463,0.25,2,3,Yes
30,128239,786,20,128480,0.59,0,1,Yes
43,35748,565,20,74128,0.11,2,1,No
31,40175,555,3,464739,0.21,0,0,No
48,124710,338,25,348597,0.36,3,0,No
21,31826,354,19,128485,0.44,5,5,No
56,103008,327,15,274382,0.31,2,5,No
25,149288,417,27,106051,0.48,1,2,Yes
42,54129,669,23,472082,0.29,5,0,No
30,146252,508,28,392081,0.56,3,1,Yes
49,90009,615,17,328074,0.43,2,3,No
55,139982,692,25,403866,0.58,5,2,Yes
55,43490,743,7,123913,0.37,0,0,Yes
45,125623,558,1,435480,0.71,5,2,No
47,61435,497,30,129124,0.34,3,2,No
20,95017,744,16,488969,0.28,0,2,Yes
45,28520,604,9,447804,0.47,5,0,No
20,146924,638,12,284951,0.43,4,4,No
62,111951,828,14,161784,0.44,1,0,Yes
51,103106,353,8,238097,0.65,0,0,No
33,81877,411,26,461131,0.49,2,5,No
39,39798,718,7,453042,0.71,4,0,No
49,74638,604,5,426081,0.51,3,0,Yes
55,89072,737,3,488385,0.07,2,0,Yes
25,87309,384,17,251896,0.7,3,2,No
25,49894,823,23,357955,0.68,4,2,Yes
23,82963,551,2,268289,0.09,2,0,Yes
31,128559,425,25,261407,0.14,0,5,No
49,144724,704,3,485715,0.47,5,3,Yes
52,74567,603,20,210908,0.08,2,5,Yes
27,147843,327,12,117233,0.36,1,3,No
20,55326,565,19,484631,0.78,0,4,No
29,75059,351,10,191723,0.18,1,3,No
48,25079,810,7,142314,0.2,2,1,Yes
46,45838,506,24,412048,0.56,2,1,Yes
22,141412,810,13,200077,0.08,3,3,Yes
42,107340,500,13,488435,0.67,2,0,No
58,67109,583,15,64328,0.2,0,3,Yes
48,105211,656,13,346965,0.45,1,1,No
38,45594,346,0,492575,0.24,5,3,No
37,62749,436,1,210705,0.54,5,2,No
56,56292,429,27,255705,0.49,4,4,No
39,138192,494,19,314996,0.76,1,2,No
21,94534,663,0,269136,0.38,5,5,No
30,140677,731,10,41890,0.71,5,2,No
62,99233,368,5,361470,0.48,3,4,No
59,71818,757,14,165466,0.74,4,0,Yes
37,131910,839,11,130027,0.27,5,4,Yes
30,33429,634,4,377738,0.46,5,0,No
34,77748,825,28,186029,0.34,4,1,Yes
53,68807,315,22,219984,0.1,2,3,No
50,27140,755,11,70353,0.48,5,1,Yes
18,83226,809,21,28880,0.65,3,1,Yes
32,127089,508,13,90520,0.47,3,1,No
30,34901,457,13,477293,0.26,2,3,No
34,108815,636,18,33975,0.25,5,0,Yes
41,48525,540,4,197688,0.23,0,4,No
25,40491,357,2,402226,0.78,2,0,No
44,88816,604,24,472027,0.35,3,0,No
62,54980,644,17,451726,0.29,4,2,No
40,133517,313,5,125003,0.36,0,3,No
63,115525,658,8,434304,0.14,5,0,Yes
25,28078,676,25,389381,0.2,3,0,No
25,111654,542,6,220497,0.43,3,1,No
43,149101,444,20,307740,0.65,2,5,No
64,109521,714,17,307797,0.71,1,2,Yes
30,68704,693,1,253216,0.7,3,4,No
56,36997,657,19,373316,0.76,1,5,No
54,99810,457,9,430371,0.14,0,2,No
45,20868,317,11,142421,0.08,4,1,No
42,135499,646,1,28347,0.13,1,1,No
33,46398,357,27,466814,0.5,1,1,No
19,101578,454,12,336532,0.47,1,3,No
35,117356,786,28,329385,0.55,1,5,Yes
34,133711,830,7,321286,0.33,1,1,Yes
47,41246,786,25,411376,0.34,0,0,Yes
56,40561,450,22,480074,0.46,5,3,No
30,36254,658,6,70923,0.11,5,1,Yes
49,54512,667,2,314035,0.65,3,3,Yes
46,120560,346,22,110341,0.74,4,0,No
63,109532,506,7,470662,0.34,3,1,No
47,114154,749,20,151830,0.6,0,5,Yes
35,97395,782,0,7003,0.46,0,1,Yes
30,77865,442,14,161679,0.23,1,0,No
60,43580,699,0,305657,0.1,0,1,Yes
38,90959,396,11,383372,0.23,0,0,No
47,123393,346,10,357705,0.5,1,1,No
38,92144,490,15,205155,0.08,0,1,No
34,62485,439,29,459997,0.68,0,2,No
57,70621,530,3,292816,0.78,0,3,Yes
36,137363,639,1,46819,0.11,2,4,No
32,70665,790,22,478208,0.24,5,2,No
26,90412,348,28,464053,0.56,3,2,No
27,70603,752,2,110408,0.65,2,3,Yes
61,41038,615,27,167675,0.31,3,2,Yes
48,113542,621,3,121707,0.44,1,0,No
40,121311,386,24,112376,0.72,1,2,No
47,116346,773,17,113777,0.34,5,4,Yes
50,34325,581,11,484297,0.11,3,0,Yes
26,55892,373,23,382061,0.8,3,5,No
64,21753,752,0,456481,0.19,5,3,Yes
18,115067,346,2,176550,0.09,4,3,No
61,37996,395,3,86714,0.36,3,3,No
52,88811,330,29,350896,0.14,3,0,No
28,94283,833,5,340922,0.78,1,3,Yes
51,65211,316,16,134682,0.34,1,3,No
33,136737,511,29,385510,0.67,0,4,Yes
26,82820,534,7,143568,0.18,0,1,No
49,20824,691,17,484618,0.15,1,5,No
32,33880,653,15,395181,0.54,0,1,Yes
29,129345,604,20,33357,0.73,2,1,No
50,137718,849,5,259704,0.14,2,3,Yes
62,86617,839,23,51252,0.49,5,0,Yes
31,31517,808,18,429428,0.11,0,3,No
25,41683,694,27,273031,0.66,0,1,No
25,36876,730,24,350542,0.73,3,4,No
44,123068,476,27,433072,0.52,3,3,No
29,76354,705,20,11040,0.57,2,3,Yes
18,93802,600,7,488288,0.09,5,3,No
60,96719,744,3,149512,0.1,2,0,Yes
57,138048,426,27,133053,0.18,3,4,Yes
59,143250,648,8,379869,0.26,3,4,No
28,106602,320,7,33371,0.62,5,4,No
56,135016,719,20,417940,0.38,3,4,Yes
60,98413,451,18,335023,0.11,0,1,No
48,29982,459,0,143260,0.69,1,3,No
34,94504,779,30,104542,0.8,2,5,Yes
50,46598,742,20,492848,0.39,4,4,Yes
49,34639,395,20,326724,0.43,5,2,No
46,90210,651,3,50216,0.11,3,2,No
38,89852,374,9,208464,0.34,0,5,No
38,133618,658,25,289188,0.33,2,1,Yes
57,144067,432,7,15620,0.77,3,2,No
40,29695,699,2,287867,0.55,0,2,Yes
23,68582,438,11,308286,0.64,2,2,No
39,51094,545,25,46503,0.15,2,1,Yes
55,80635,590,8,225083,0.36,4,3,No
54,42187,411,2,428459,0.19,4,1,No
62,138013,469,3,431076,0.7,2,0,No
25,148721,539,5,204023,0.16,0,0,No
58,126683,636,8,140326,0.38,3,2,No
52,21214,437,25,474389,0.09,5,2,No
28,43940,535,1,160582,0.53,3,3,No
41,146166,302,1,107837,0.41,2,5,No
38,64406,415,17,208124,0.42,3,2,No
19,111221,771,20,74937,0.13,4,0,Yes
57,63481,430,21,499552,0.44,3,2,No
36,35977,782,2,168194,0.47,1,3,Yes
56,147819,700,2,457533,0.77,4,0,Yes
45,64839,500,17,352353,0.07,4,2,No
34,77874,591,26,427869,0.74,2,3,No
23,78414,641,5,179408,0.41,2,3,Yes
36,121440,515,0,461544,0.21,3,0,No
55,45538,665,24,156894,0.55,3,0,Yes
45,124922,768,14,339547,0.44,2,5,Yes
19,123569,717,10,51944,0.22,0,0,Yes
55,76241,326,9,41002,0.52,3,3,No
54,93501,754,3,486133,0.4,0,0,Yes
21,95133,313,13,22517,0.57,4,0,No
39,80481,397,1,82366,0.57,5,3,No
43,127012,578,12,277733,0.4,5,5,No
60,47740,789,15,65117,0.34,1,3,Yes
53,83328,506,11,132340,0.1,0,0,No
30,92105,532,21,64264,0.42,3,0,Yes
49,70643,538,4,301974,0.23,5,0,No
34,123517,549,18,64544,0.09,2,5,Yes
58,31881,605,28,9627,0.3,2,3,Yes
53,56996,762,2,393038,0.12,1,4,Yes
63,52177,535,20,123159,0.48,1,1,Yes
36,142196,590,19,264123,0.43,4,2,Yes
52,57177,338,20,378590,0.64,0,1,No
63,86126,482,1,464220,0.25,1,5,No
57,76531,329,26,202952,0.33,4,3,No
45,46119,687,16,161526,0.57,4,4,Yes
18,137744,442,20,265691,0.79,4,5,No
59,136894,718,10,460022,0.73,5,3,No
35,47915,373,0,76634,0.44,5,0,No
57,22708,354,18,430445,0.56,3,5,No
50,58749,323,7,369255,0.45,1,2,No
29,64989,321,30,108040,0.38,5,1,No
25,42106,727,10,288485,0.5,2,3,Yes
41,37131,331,7,282519,0.34,4,4,No
33,66553,638,24,100642,0.26,2,0,Yes
21,78144,814,16,450713,0.58,3,4,Yes
55,26553,811,19,447956,0.7,0,2,Yes
61,37881,369,5,489657,0.27,3,4,No
44,21379,387,6,70627,0.58,3,4,No
26,110791,518,20,120145,0.38,1,0,No
64,125664,569,12,262293,0.28,4,4,Yes
33,89306,377,6,67515,0.52,3,0,Yes
29,39726,309,10,6884,0.75,4,2,No
48,132753,767,30,346112,0.31,2,3,Yes
41,29088,635,9,117586,0.62,0,0,No
31,54314,485,7,90041,0.29,0,5,No
62,137814,845,9,84738,0.65,2,5,Yes
42,75041,420,21,342911,0.62,1,3,No
51,124512,573,10,110946,0.62,2,1,No
20,36350,709,19,307864,0.8,5,4,No
41,127179,657,16,14595,0.16,2,3,Yes
59,119599,397,10,90623,0.34,5,4,No
26,101397,540,15,468234,0.52,1,0,No
43,99509,413,4,432965,0.49,1,4,No
37,37769,786,9,18918,0.64,3,2,Yes
57,67249,540,25,133660,0.09,4,5,No
27,102862,455,25,297128,0.58,0,3,Yes
36,121584,651,19,375432,0.6,1,4,Yes
20,66365,343,4,282957,0.1,5,3,No
41,70185,611,19,402682,0.45,1,3,Yes
22,22786,437,8,39999,0.23,3,2,No
20,120537,735,2,63115,0.65,3,0,Yes
44,146525,442,2,223773,0.09,4,4,No
33,21620,598,30,177236,0.16,1,1,Yes
32,56303,561,9,214849,0.13,1,3,Yes
52,39589,811,6,113715,0.1,3,0,Yes
29,22882,361,1,476864,0.5,2,1,No
58,82248,722,24,357477,0.7,4,3,No
61,69322,695,7,210991,0.43,1,1,Yes
43,149236,330,11,286843,0.21,0,4,No
64,44524,629,29,147553,0.31,0,4,Yes
51,29745,468,21,468927,0.32,5,5,No
40,122201,565,29,88518,0.39,3,3,Yes
48,35861,607,28,167406,0.37,5,3,No
37,111707,758,8,457468,0.55,0,5,No
29,111735,484,10,123950,0.3,3,4,Yes
40,138810,633,18,350606,0.55,2,0,Yes
21,74261,814,19,406549,0.46,3,1,Yes
40,143971,740,22,347140,0.09,1,3,No
18,22837,690,16,70625,0.74,0,3,Yes
42,94135,553,12,230169,0.18,1,2,No
19,101447,634,0,287934,0.39,0,1,Yes
47,74380,699,0,403706,0.76,0,5,No
20,106089,465,27,53055,0.24,3,4,No
38,125025,559,7,375903,0.07,4,5,No
42,69831,303,12,475456,0.42,0,3,No
37,109349,418,5,385538,0.22,0,3,No
39,58255,769,2,103163,0.49,5,4,Yes
38,133425,769,15,153665,0.66,4,1,Yes
50,49520,792,9,173818,0.43,1,0,Yes
55,49541,799,6,303136,0.53,0,4,Yes
32,85772,369,21,42624,0.55,3,0,No
63,47350,669,20,94713,0.67,4,3,Yes
32,64397,480,2,158695,0.57,4,0,No
63,97085,304,13,96471,0.78,5,0,No
42,83865,496,15,252298,0.39,0,4,No
38,75956,346,3,136220,0.09,1,5,No
41,47453,439,30,413479,0.35,1,3,No
22,82345,839,28,291593,0.68,2,1,Yes
23,120727,726,12,135670,0.15,2,2,Yes
60,32906,609,26,487835,0.6,3,0,Yes
61,34988,573,26,394834,0.45,5,3,No
64,47723,838,0,364282,0.73,0,2,Yes
40,53800,689,24,186649,0.6,1,1,Yes
21,59107,758,4,121405,0.55,2,2,Yes
44,47430,660,17,309458,0.72,0,1,Yes
35,52535,368,11,149610,0.73,5,5,No
38,88476,730,10,248491,0.34,0,2,Yes
45,146581,331,8,490733,0.75,1,1,No
52,107329,812,27,187859,0.09,0,5,Yes
39,97798,481,6,72899,0.62,4,0,No
57,72284,547,13,201318,0.3,2,2,Yes
40,76232,596,29,294652,0.42,3,1,No
20,64420,329,23,335787,0.68,2,3,No
57,57710,601,28,403844,0.53,0,4,Yes
27,92497,775,2,121189,0.39,4,5,Yes
42,112035,651,15,203059,0.17,2,2,Yes
25,60498,781,29,250571,0.75,1,5,No
28,51283,616,6,308553,0.3,4,2,No
22,86169,696,26,252595,0.13,5,2,Yes
62,92358,388,0,20180,0.47,2,2,No
54,82457,533,5,410593,0.35,0,4,No
62,138791,467,25,310692,0.49,1,2,No
55,45968,425,5,132151,0.23,0,5,No
46,82508,419,26,129323,0.33,5,0,Yes
22,124791,727,9,60003,0.78,0,0,Yes
26,83220,489,11,188172,0.75,5,3,No
19,133435,727,21,287463,0.7,1,4,Yes
18,105366,501,18,428901,0.63,4,5,No
57,25738,358,5,381781,0.17,2,3,No
47,23098,522,13,290358,0.4,4,0,No
28,115424,791,2,57861,0.6,5,2,Yes
45,93633,310,9,393266,0.25,1,2,No
61,98672,811,8,101649,0.07,5,1,Yes
29,58244,609,22,219281,0.36,2,4,Yes
56,28253,333,29,54655,0.37,1,1,No
43,74333,639,28,233485,0.1,3,4,Yes
30,145349,780,19,193175,0.29,3,4,Yes
25,70969,392,18,386883,0.74,4,2,No
45,110744,432,21,106401,0.24,1,2,No
47,90423,718,14,116892,0.48,2,3,No
26,137286,767,8,482283,0.42,4,0,Yes
56,64411,743,18,276801,0.7,3,0,Yes
48,95028,329,7,402736,0.54,3,2,No
38,55421,597,21,121585,0.17,3,0,Yes
64,21454,360,3,247717,0.16,4,4,No
51,37522,757,4,172556,0.47,2,0,Yes
48,58575,603,18,296721,0.08,3,5,No
42,23192,639,13,183671,0.35,4,3,Yes
29,131116,747,17,35558,0.35,4,0,Yes
18,75268,601,24,374290,0.2,0,0,No
39,147874,839,28,231277,0.28,0,3,Yes
57,101311,784,18,229446,0.3,5,3,Yes
54,30402,376,5,264974,0.06,2,2,No
64,98610,814,4,137282,0.65,3,3,Yes
18,100781,848,25,498707,0.77,0,5,Yes
18,56527,391,10,68807,0.27,2,2,No
59,72181,765,23,209666,0.13,0,4,Yes
59,111472,765,4,451188,0.77,3,1,Yes
38,47002,339,26,382200,0.61,4,0,No
32,101219,628,7,441520,0.72,3,3,No
34,32460,584,26,365379,0.32,0,0,No
39,139783,365,4,475215,0.41,3,4,No
55,50482,408,10,269987,0.75,4,1,No
52,36447,714,25,215943,0.39,1,3,Yes
62,68228,391,12,286978,0.55,4,2,No
33,103265,667,5,98263,0.58,0,2,Yes
25,70126,722,30,188742,0.68,4,3,Yes
64,40545,539,4,208252,0.78,5,3,No
34,75114,734,17,115850,0.3,2,4,Yes
34,113740,511,25,244204,0.24,3,1,Yes
43,95350,699,9,493991,0.11,5,3,No
30,77801,825,15,483996,0.69,1,2,No
34,33890,767,21,88064,0.27,1,1,Yes
55,141284,469,13,319422,0.09,3,3,No
34,72482,509,22,307572,0.7,3,1,No
31,83397,555,14,70553,0.43,2,4,No
62,21740,372,2,379068,0.68,4,5,No
23,50121,446,2,338679,0.47,1,3,No
52,31218,639,11,481792,0.29,0,3,Yes
63,91591,616,22,476149,0.15,3,1,Yes
31,108241,453,14,443602,0.38,3,3,Yes
64,54722,554,10,252356,0.07,5,1,Yes
25,69431,650,9,390969,0.5,5,5,No
32,71543,846,19,170127,0.37,5,1,Yes
44,62000,611,14,414867,0.16,1,3,Yes
30,91975,433,17,38202,0.45,5,2,No
48,50921,428,24,449403,0.65,3,4,No
52,119265,735,30,433481,0.78,1,1,Yes
23,108747,579,13,306352,0.45,0,2,Yes
22,50614,657,28,43805,0.15,0,1,Yes
39,81189,551,24,438790,0.66,1,2,No
40,37601,434,5,319504,0.57,3,3,No
42,113332,822,13,498133,0.77,2,4,No
51,143254,618,15,112214,0.45,2,2,Yes
43,91543,379,1,181010,0.32,4,0,No
64,40514,490,18,225156,0.77,2,1,No
22,103312,752,4,184596,0.45,5,2,Yes
43,87612,643,10,183587,0.06,3,4,Yes
37,110886,329,10,115168,0.41,2,4,No
23,139004,713,30,486599,0.05,4,4,Yes
23,124500,667,20,357996,0.6,0,5,Yes
35,36292,801,28,76231,0.47,1,2,Yes
21,51510,320,24,477389,0.13,2,2,No
34,48000,848,25,84414,0.66,1,3,Yes
31,128619,545,18,259756,0.45,1,0,No
31,139277,582,17,238888,0.14,5,5,Yes
30,50383,531,25,373408,0.17,5,2,No
24,31785,615,7,9886,0.67,0,5,Yes
61,60910,635,22,8771,0.32,4,3,Yes
32,59028,710,11,363327,0.67,3,1,Yes
36,44855,544,8,64070,0.1,3,0,Yes
60,44281,686,2,387855,0.23,3,5,No
64,133838,657,5,436888,0.62,4,4,No
61,24841,321,20,313830,0.53,5,0,No
52,117204,318,20,314337,0.28,4,1,No
34,80155,586,25,85630,0.75,4,2,No
52,46918,575,23,221504,0.21,2,2,Yes
36,76313,371,0,96210,0.69,1,5,No
37,144354,664,16,392645,0.57,4,3,Yes
53,144737,634,2,311909,0.14,4,2,No
52,148517,498,26,182418,0.47,2,2,Yes
49,131688,316,17,130890,0.75,1,0,No
61,145769,517,17,360239,0.51,5,1,No
57,37443,446,1,160559,0.45,5,4,No
41,52250,509,3,393728,0.32,3,4,No
34,21922,713,0,475327,0.64,0,3,No
24,51976,629,9,88764,0.73,4,1,No
60,31991,651,30,402140,0.61,4,0,No
18,124405,462,24,135530,0.59,0,4,No
52,73744,400,29,315613,0.19,4,3,Yes
49,42733,626,4,492849,0.68,5,2,No
53,22473,626,4,182010,0.08,4,2,No
30,28108,454,8,494261,0.62,4,5,No
23,48715,309,13,419481,0.21,0,0,No
31,133754,652,20,284062,0.42,5,4,Yes
54,142784,482,12,45345,0.57,2,5,Yes
32,128347,754,12,469482,0.62,2,5,Yes
64,146421,305,26,144548,0.72,0,5,No
21,141436,632,29,307899,0.26,2,2,Yes
57,52210,632,23,278005,0.22,3,3,No
33,134514,557,26,459346,0.8,3,3,No
45,57317,510,0,358385,0.21,5,4,No
33,85516,350,16,374143,0.55,0,5,No
21,53362,744,19,467893,0.76,1,0,No
62,74604,676,7,438920,0.72,5,3,No
43,135194,785,2,198982,0.38,4,1,Yes
45,24889,350,16,428055,0.53,1,3,No
49,109557,453,26,259488,0.45,4,0,No
62,93748,609,11,324549,0.31,5,5,No
19,51971,698,24,92781,0.16,2,3,No
48,70551,433,24,321497,0.65,2,5,No
20,23201,519,24,23767,0.12,3,2,No
25,126158,462,24,324698,0.51,1,0,No
41,125067,801,17,482583,0.5,0,2,Yes
32,128957,414,13,239180,0.3,4,2,No
60,109882,798,29,130274,0.15,2,4,Yes
48,57958,771,10,117619,0.65,5,5,Yes
26,99251,448,26,221261,0.4,4,5,Yes
56,25681,540,15,144640,0.59,0,5,No
62,121982,422,26,440361,0.06,4,5,No
19,66870,368,3,426071,0.11,3,0,No
25,148396,362,30,126652,0.18,0,2,No
24,102256,315,17,110366,0.14,0,4,No
61,87203,689,6,57650,0.19,4,4,Yes
56,48152,557,10,412595,0.56,4,2,No
59,70061,516,15,335527,0.09,2,2,No
33,77619,778,15,356722,0.08,4,1,Yes
52,78235,413,2,422046,0.07,0,0,No
47,93740,679,24,160539,0.57,5,4,Yes
27,57890,536,22,456346,0.45,4,0,No
55,110073,775,23,431716,0.33,5,5,Yes
35,81401,428,8,321359,0.56,5,4,No
22,31217,809,7,328356,0.47,2,3,Yes
46,68351,464,6,372761,0.06,1,3,No
56,53741,576,30,421836,0.68,5,4,No
51,40654,556,24,50577,0.31,3,1,Yes
60,81314,431,26,367606,0.35,5,3,No
62,21408,556,16,262572,0.64,0,5,Yes
40,148601,440,10,123352,0.19,2,5,Yes
22,62903,508,30,64999,0.06,3,0,Yes
47,104208,818,3,128958,0.73,4,2,Yes
23,127042,350,3,160267,0.43,5,0,No
63,132653,802,4,442470,0.31,4,5,Yes
61,21218,558,7,69383,0.66,1,0,No
21,70572,477,9,164294,0.07,4,5,No
46,78798,842,16,402835,0.2,3,0,Yes
40,121681,655,5,384025,0.17,2,5,Yes
23,142189,617,8,212111,0.6,1,4,Yes
49,129268,663,9,299431,0.28,3,4,Yes
59,50105,354,7,255323,0.63,2,0,No
35,89634,455,14,63928,0.08,3,2,No
32,137426,343,17,134895,0.51,4,1,No
57,85063,841,22,450374,0.29,3,5,Yes
49,27619,621,4,25428,0.19,1,1,Yes
26,31939,313,17,464962,0.66,3,3,No
54,38226,656,26,409822,0.36,0,3,No
27,45322,782,0,56138,0.48,4,2,Yes
37,137504,658,1,237546,0.07,3,0,Yes
23,78215,617,26,130606,0.64,2,5,No
20,36878,374,9,94393,0.27,4,4,No
59,26560,493,5,285276,0.57,5,3,No
28,58278,662,26,348238,0.62,2,0,No
60,56212,395,27,185981,0.14,1,1,No
34,114835,339,23,260129,0.27,5,2,Yes
49,143955,696,18,333598,0.59,5,4,No
21,93079,406,20,30695,0.22,5,4,No
21,43946,316,30,396742,0.69,0,3,No
34,138682,826,10,144969,0.28,3,0,Yes
58,51740,798,17,224046,0.35,4,4,Yes
36,130733,824,27,419529,0.12,3,1,Yes
22,27253,342,15,466613,0.16,3,1,No
49,99311,649,7,451862,0.26,4,2,Yes
39,52813,329,3,432791,0.09,5,2,No
23,84331,740,10,358655,0.19,5,1,Yes
52,47632,841,9,204257,0.36,0,1,Yes
39,68365,754,15,271567,0.33,0,0,Yes
18,87593,393,11,252055,0.2,1,4,No
37,53431,594,21,178652,0.11,4,0,Yes
39,57436,848,2,331950,0.29,4,2,Yes
28,38413,388,10,40210,0.61,2,2,No
30,115761,802,30,209247,0.43,2,2,Yes
59,58485,513,23,269739,0.76,2,4,No
20,88232,721,15,485273,0.15,0,3,Yes
26,131504,825,23,444190,0.21,1,2,Yes
29,36101,491,2,181204,0.26,1,2,No
40,28831,523,27,74611,0.06,5,0,Yes
31,104583,686,24,495993,0.76,3,0,Yes
50,71897,773,9,80177,0.38,1,3,No
35,25004,502,28,90862,0.41,2,5,No
58,108241,746,20,301683,0.17,4,3,Yes
26,65924,367,15,321971,0.7,3,3,No
40,41509,391,25,317313,0.57,5,3,No
27,139636,477,24,369140,0.37,0,0,No
36,57170,302,6,66568,0.71,1,2,No
64,63555,402,30,423310,0.73,5,0,No
22,34662,572,14,482487,0.09,4,1,No
64,138115,833,14,47095,0.14,2,1,Yes
40,124216,415,9,89692,0.07,0,5,No
47,85930,763,2,235287,0.49,0,2,Yes
42,67403,403,5,145079,0.21,1,3,No
45,56365,558,25,186197,0.68,4,2,No
51,82188,607,17,441138,0.4,2,1,No
62,96060,666,21,65210,0.68,2,5,Yes
64,118633,601,27,195826,0.47,2,2,Yes
42,46673,326,4,280521,0.65,2,3,No
27,83471,807,15,122790,0.33,1,5,Yes
31,37156,826,12,389294,0.76,5,5,Yes
59,77287,664,2,137872,0.55,5,0,Yes
63,21645,597,29,22192,0.5,5,3,Yes
47,79076,660,14,452806,0.31,1,0,Yes
58,114585,803,22,42901,0.75,4,1,Yes
42,136475,329,26,268113,0.3,3,4,No
31,95351,738,19,172919,0.68,1,2,Yes
52,70151,639,26,318175,0.35,2,4,Yes
51,87384,425,29,217209,0.63,5,3,No
27,119865,665,5,249064,0.73,5,0,Yes
52,53541,742,24,303231,0.4,4,3,Yes
28,92847,562,27,42473,0.44,2,3,Yes
28,107099,521,29,437595,0.3,1,1,No
38,100739,301,21,297799,0.09,5,3,No
38,70955,693,3,413475,0.54,4,2,Yes
39,29290,605,14,333067,0.14,2,1,No
62,120354,445,25,50814,0.32,5,4,No
24,78942,829,30,335169,0.31,3,3,Yes
34,102667,827,17,258269,0.16,0,4,Yes
19,50143,607,8,374155,0.55,0,2,No
29,44509,639,30,256697,0.18,5,2,Yes
59,107780,651,29,451212,0.63,2,2,No
35,56741,508,19,335570,0.24,5,4,Yes
28,46898,504,3,181172,0.27,0,4,No
33,144433,314,15,497962,0.31,5,0,No
35,119919,727,17,333402,0.16,5,1,Yes
52,132854,775,30,13947,0.38,3,5,Yes
43,105674,597,4,171090,0.11,5,3,No
33,82948,393,12,252668,0.37,3,1,No
23,81768,406,5,236962,0.3,2,2,No
61,63262,718,25,374025,0.3,3,3,Yes
60,25506,577,21,332605,0.55,0,0,No
64,40605,427,18,27510,0.63,2,1,No
64,98590,758,11,110077,0.32,5,2,Yes
59,48231,337,30,409423,0.25,0,3,Yes
29,99397,497,14,151145,0.42,3,3,Yes
30,97123,656,29,345327,0.64,3,2,No
21,33515,306,8,144262,0.53,4,4,No
56,107211,631,6,41855,0.08,1,1,Yes
19,58622,818,28,42846,0.41,5,3,Yes
43,36600,493,13,406358,0.79,1,4,No
44,47892,615,18,97079,0.31,2,0,Yes
44,103279,300,19,319614,0.38,0,3,No
32,89310,361,15,499558,0.27,1,3,No
25,41801,642,22,374712,0.42,2,0,Yes
24,57695,317,26,460021,0.17,3,0,No
64,48853,670,23,490628,0.24,1,5,No
63,24429,534,21,84949,0.58,0,5,Yes
57,24606,368,3,5768,0.15,4,3,No
29,24478,746,11,32255,0.74,4,2,Yes
30,134380,307,17,309090,0.28,1,0,No
60,103816,761,25,263464,0.48,4,4,Yes
34,60134,610,7,403773,0.29,2,0,No
34,89963,433,16,441535,0.41,5,3,No
53,131780,684,24,250956,0.73,0,3,No
38,90897,355,30,360300,0.1,3,1,No
25,45475,659,23,23691,0.69,0,4,Yes
22,86177,413,2,366837,0.47,3,1,No
43,41730,387,25,241115,0.55,4,0,No
33,41113,437,3,452679,0.09,2,1,No
53,40011,407,9,474525,0.62,3,3,No
45,75746,799,15,408479,0.15,4,2,Yes
46,143075,834,19,188214,0.77,3,0,Yes
64,62853,443,1,346066,0.65,1,3,No
29,105195,355,11,486133,0.42,0,0,No
54,56818,305,15,113165,0.74,5,1,No
47,57321,841,26,479010,0.18,5,1,Yes
40,41309,746,9,30993,0.79,2,5,No
33,38688,684,4,119121,0.59,4,0,Yes
31,48176,606,28,109537,0.12,2,5,Yes
27,88879,601,11,17324,0.45,0,0,No
24,87592,704,2,97981,0.58,5,1,Yes
62,104728,809,11,198504,0.51,3,0,Yes
54,109012,372,26,162234,0.37,3,5,Yes
46,29416,564,0,337347,0.24,2,1,No
20,59994,526,1,37383,0.23,3,5,Yes
32,86422,492,10,156858,0.75,3,0,No
53,28584,673,11,453573,0.23,3,2,Yes
64,144555,309,6,263352,0.77,1,0,No
63,113302,601,30,212026,0.21,4,0,Yes
36,142408,658,0,167331,0.34,4,3,Yes
30,38830,351,30,447095,0.06,5,2,No
59,105825,398,27,167723,0.73,0,1,No
38,141162,312,12,477807,0.13,3,1,No
54,97066,689,12,328224,0.32,2,4,Yes
44,23591,656,1,79659,0.68,3,2,No
46,113878,310,29,175828,0.64,0,2,No
37,145407,380,9,280899,0.68,3,0,No
42,136869,560,22,473486,0.74,1,3,No
23,146644,305,0,446920,0.73,0,1,No
53,41395,757,6,367440,0.63,4,1,Yes
19,74182,672,12,180738,0.49,4,3,Yes
39,36738,780,23,225195,0.47,1,5,Yes
49,22631,521,26,306805,0.06,4,3,Yes
33,37905,380,28,344421,0.59,5,5,No
35,39056,814,29,417744,0.22,1,5,Yes
22,129674,359,1,380837,0.67,4,2,No
53,137025,520,19,93802,0.47,4,5,Yes
47,141656,648,6,159926,0.79,5,3,Yes
62,135316,527,16,217314,0.21,3,3,No
36,109082,589,21,329380,0.59,0,0,Yes
40,55447,592,4,309638,0.46,4,2,No
51,74418,492,10,479628,0.75,0,5,No
30,57190,773,21,327624,0.25,0,4,Yes
60,46014,556,23,444018,0.09,4,4,No
46,149233,805,10,155130,0.46,0,1,Yes
53,92999,687,10,75084,0.44,5,3,Yes
39,127917,697,16,165574,0.28,1,0,Yes
64,70278,665,18,198269,0.79,5,3,Yes
53,145563,589,26,325348,0.1,2,1,Yes
26,21780,608,28,19263,0.48,1,3,No
56,111643,577,24,203160,0.25,4,4,Yes
36,79258,763,27,469766,0.05,1,2,Yes
55,117123,488,7,411322,0.79,5,3,No
23,62192,477,19,350456,0.41,2,5,No
64,79300,827,26,282540,0.69,1,4,Yes
32,124875,674,13,31455,0.68,0,4,Yes
37,110504,753,9,119547,0.66,4,1,No
26,119129,516,24,242948,0.39,0,2,No
49,63923,341,6,321634,0.72,0,1,No
21,109196,493,1,136720,0.33,4,0,No
35,148888,626,16,491949,0.36,4,5,No
22,22395,672,0,60546,0.24,3,2,No
37,122449,764,12,69396,0.39,2,0,Yes
40,141747,462,18,213217,0.79,0,2,Yes
28,117384,575,28,38588,0.48,5,4,Yes
54,35779,663,13,69202,0.67,0,0,Yes
39,91028,779,30,382303,0.25,4,2,No
21,49722,759,25,228200,0.77,4,2,Yes
46,27111,564,17,479672,0.06,1,0,Yes
61,131391,838,19,381953,0.75,0,2,Yes
51,29984,685,13,288973,0.72,0,1,Yes
30,117552,384,14,447274,0.1,4,1,No
59,113176,615,13,209303,0.5,5,0,Yes
26,92328,542,23,108180,0.64,5,4,No
59,144243,768,4,351859,0.35,0,3,Yes
48,46924,641,15,41984,0.12,2,0,Yes
24,72703,476,4,203742,0.67,3,5,No
21,52577,429,21,400393,0.4,4,0,No
36,27711,382,12,154755,0.25,4,0,No
59,105548,659,27,191205,0.1,0,5,Yes
47,146216,387,15,364186,0.53,5,5,No
48,119869,831,14,219375,0.08,3,5,Yes
52,121971,770,30,68276,0.64,3,0,Yes
38,145093,797,4,16693,0.63,5,1,Yes
48,124763,806,20,402358,0.29,4,0,Yes
36,24096,653,30,383800,0.4,4,4,Yes
48,86555,715,29,442838,0.55,4,3,Yes
49,109848,350,22,93564,0.77,2,3,No
19,95012,362,5,490161,0.44,0,4,No
27,28254,388,28,201512,0.8,2,0,No
19,145410,489,12,66291,0.29,4,3,Yes
19,117955,647,15,7472,0.44,3,1,No
41,97120,837,29,190718,0.14,0,3,Yes
34,25965,475,9,85836,0.47,0,5,No
49,97000,663,26,297693,0.45,5,4,No
33,136957,782,1,345698,0.69,4,3,Yes
33,97975,418,12,476150,0.8,4,4,No
63,77987,468,16,424042,0.79,4,0,No
56,123025,446,0,256666,0.23,4,3,No
48,126712,736,3,266887,0.3,4,4,Yes
60,52963,738,17,335790,0.26,4,1,Yes
41,113976,488,5,84142,0.2,0,1,Yes
18,23273,459,27,144873,0.16,2,2,No
28,35330,701,11,391081,0.43,3,3,Yes
38,41494,317,24,114530,0.7,4,0,No
21,96422,439,25,486707,0.49,3,5,No
24,142089,414,26,260940,0.7,5,2,No
43,23212,627,30,364491,0.77,0,3,Yes
64,121059,524,29,467526,0.34,3,1,Yes
29,103441,738,25,97358,0.68,0,0,Yes
48,107594,849,23,124343,0.09,1,1,Yes
34,21080,685,19,267402,0.41,2,3,No
50,52675,820,12,405084,0.33,1,5,Yes
28,42007,552,27,11817,0.2,0,0,No
45,133805,397,1,305656,0.38,5,0,No
49,102641,370,16,298000,0.38,1,2,No
18,115815,850,22,410308,0.66,0,0,No
64,66815,746,9,456475,0.7,1,3,Yes
45,103482,389,18,363780,0.54,0,5,No
59,20639,729,29,135571,0.53,2,5,No
24,83593,518,21,451310,0.13,5,4,No
19,138948,406,4,349301,0.48,2,4,No
59,98038,775,20,41123,0.26,2,0,Yes
41,123494,753,11,456247,0.27,0,4,Yes
21,113899,843,17,471656,0.12,3,5,Yes
61,23736,425,29,355665,0.53,1,3,No
36,142434,446,8,190930,0.49,1,2,No
43,36473,579,10,6158,0.22,1,1,Yes
28,148771,323,3,195545,0.25,5,1,No
57,145801,419,9,366042,0.63,1,3,No
60,54019,596,0,261653,0.64,2,2,No
28,127598,381,1,200792,0.42,3,3,No
62,106623,747,8,285278,0.16,1,0,Yes
20,135036,769,22,283930,0.09,3,2,Yes
29,114025,722,25,95933,0.25,0,5,Yes
20,56820,844,17,451206,0.6,0,4,Yes
59,104861,323,15,474179,0.5,5,0,No
44,77589,360,22,449908,0.59,1,4,No
19,85807,383,13,322174,0.4,4,0,No
33,38414,524,3,15494,0.62,5,0,No
19,147378,485,25,471242,0.41,2,0,No
47,44220,674,1,31273,0.11,5,0,Yes
37,80531,371,11,361184,0.11,1,2,No
55,130002,373,19,412976,0.67,2,2,No
45,134193,640,4,43302,0.52,1,0,Yes
42,62425,452,28,337966,0.26,2,3,No
49,29387,395,29,465365,0.62,4,0,No
27,134680,744,3,312684,0.15,4,0,Yes
59,96815,409,14,486715,0.53,5,3,No
57,47584,757,2,430646,0.79,0,3,Yes
50,64783,350,21,305563,0.16,5,0,No
30,59809,676,16,139624,0.16,1,1,Yes
58,74327,372,7,326715,0.4,4,1,No
59,144494,511,11,421838,0.53,4,3,Yes
64,135814,731,20,53829,0.07,5,0,Yes
54,139067,467,7,403212,0.42,1,5,No
33,127012,630,25,301376,0.11,5,4,Yes
62,30857,793,19,329227,0.23,5,4,Yes
39,62261,442,19,321178,0.58,5,0,No
37,93588,744,4,240621,0.6,1,0,Yes
60,36995,693,20,44379,0.6,0,0,Yes
44,135437,811,26,167074,0.1,4,4,Yes
58,33580,627,5,303012,0.64,2,4,No
33,38240,558,4,205721,0.37,1,3,Yes
51,143279,736,20,293676,0.41,1,2,Yes
49,103446,648,28,41861,0.36,1,3,Yes
43,95752,814,7,209732,0.69,5,3,Yes
42,124533,748,21,419451,0.56,5,1,No
19,143199,698,17,226870,0.43,1,5,No
29,66111,513,3,375676,0.68,4,3,No
57,110447,845,3,139651,0.65,2,3,Yes
26,54866,588,4,194016,0.05,0,3,No
29,100974,558,30,30619,0.41,3,3,Yes
43,93401,557,14,288973,0.08,4,2,Yes
26,102093,687,5,211179,0.28,4,1,No
27,32211,844,26,25912,0.65,3,4,Yes
49,78985,564,20,176406,0.76,3,5,No
51,53268,612,15,178073,0.23,1,0,No
37,23646,339,13,170413,0.07,2,4,Yes
56,75371,509,13,410879,0.35,4,1,No
19,137051,571,15,27104,0.3,4,3,Yes
18,62816,435,26,440539,0.56,0,4,No
53,109460,359,21,446493,0.42,3,3,No
41,64112,809,23,247379,0.35,3,5,Yes
44,71048,814,3,415856,0.22,4,2,Yes
19,74911,314,10,153583,0.67,3,2,No
48,95446,554,18,194439,0.24,1,5,Yes
31,21778,834,24,365379,0.09,0,5,Yes
19,65752,534,18,180726,0.47,4,1,No
46,104977,430,26,384616,0.29,5,5,No
32,147707,316,7,99428,0.58,0,4,No
29,90726,484,9,322377,0.11,5,2,No
54,100840,690,27,399265,0.77,1,5,Yes
45,125301,722,4,108487,0.19,0,1,Yes
37,47289,741,15,72837,0.32,5,1,Yes
56,64788,311,24,200832,0.41,3,1,No
41,24747,819,2,265831,0.72,4,4,Yes
38,94822,379,25,231105,0.59,0,5,No
27,20045,601,9,325642,0.16,2,4,No
63,115278,515,23,381861,0.38,4,1,Yes
31,27758,547,29,390810,0.46,0,0,Yes
54,144325,840,28,115601,0.58,4,5,Yes
35,145076,571,12,232757,0.48,5,5,Yes
41,43437,432,6,243738,0.39,0,4,No
31,39585,304,11,172038,0.62,0,4,No
51,118759,841,22,441921,0.33,3,0,Yes
29,29854,440,13,396291,0.79,0,4,No
39,72076,782,26,121052,0.76,2,4,Yes
23,76950,604,9,244109,0.58,3,5,No
53,37349,644,8,459706,0.71,2,2,No
62,116228,569,11,189717,0.34,5,0,No
53,41348,407,23,488641,0.49,2,2,No
39,54296,773,2,204303,0.25,1,5,No
31,121280,381,29,263561,0.71,2,0,No
33,39455,383,12,208253,0.4,0,0,No
53,98824,589,5,357785,0.45,4,0,No
42,74021,370,26,191104,0.7,3,4,No
49,91923,474,5,340829,0.65,3,1,No
50,120825,762,20,151104,0.29,3,3,Yes
62,59293,694,18,200293,0.12,4,1,Yes
53,119430,390,24,158315,0.17,2,4,No
37,108552,768,6,50915,0.3,5,4,Yes
35,66116,733,3,376106,0.28,1,3,Yes
55,140461,548,21,212041,0.08,0,4,Yes
20,60484,540,4,488639,0.37,5,0,No
40,50215,795,0,284523,0.13,3,2,Yes
49,101638,639,17,339545,0.22,0,2,Yes
62,23404,770,16,84146,0.64,2,0,Yes
33,57260,762,8,94416,0.42,5,1,Yes
22,120647,574,8,212323,0.33,1,2,Yes
21,85642,314,20,138703,0.19,3,0,No
38,100731,340,23,134140,0.7,2,1,No
57,66009,507,9,103567,0.73,5,5,No
31,112689,359,19,438668,0.44,1,2,No
56,148824,664,16,328340,0.74,5,0,Yes
48,137842,539,12,280974,0.4,3,2,Yes
31,49605,459,28,160668,0.13,2,2,No
23,130879,696,3,48484,0.06,0,2,Yes
29,73205,799,22,99756,0.15,5,3,Yes
33,57569,508,26,292916,0.52,4,1,No
34,140827,432,17,272260,0.29,3,2,No
62,25580,680,17,348983,0.54,1,0,Yes
40,134902,732,21,221125,0.43,1,3,Yes
31,25400,688,8,128085,0.3,4,4,Yes
24,59643,731,2,6636,0.21,4,4,Yes
63,116185,573,6,439806,0.11,2,1,Yes
49,148458,650,25,359482,0.64,4,0,Yes
32,116032,433,14,12811,0.66,3,3,No
61,147319,365,29,151295,0.46,5,0,No
34,138977,504,8,146653,0.17,4,3,Yes
58,106173,597,26,288063,0.25,3,5,No
64,126960,416,28,88018,0.77,0,5,No
61,59015,566,8,447657,0.22,4,5,No
51,91713,448,26,138676,0.09,0,3,No
22,92805,493,3,462871,0.46,5,4,No
62,34974,478,17,396816,0.25,1,5,No
44,34037,447,30,136279,0.77,5,1,No
40,104292,764,16,229998,0.48,4,1,Yes
57,36167,304,21,144535,0.77,1,0,No
31,108754,825,20,172518,0.64,5,3,Yes
32,110703,579,5,488742,0.59,0,5,No
60,63148,798,6,368916,0.67,1,3,Yes
50,92153,735,24,17671,0.5,0,2,Yes
48,41534,515,9,276620,0.06,2,1,No
52,110995,814,9,272130,0.34,5,3,Yes
34,142790,436,26,375302,0.21,5,0,Yes
45,106078,579,5,426806,0.38,0,5,Yes
36,76879,431,5,413742,0.4,2,4,No
63,139894,692,28,47001,0.15,1,5,Yes
40,85839,780,30,320386,0.07,0,4,Yes
49,49756,812,18,11803,0.15,2,1,Yes
57,32683,718,28,56446,0.69,0,5,Yes
30,69485,501,7,16905,0.62,3,1,No
37,118231,761,8,395439,0.65,5,2,No
52,31025,501,0,7461,0.26,3,1,No
22,106426,451,15,242321,0.23,1,3,No
26,38715,521,5,63687,0.08,3,3,No
46,90097,378,22,141745,0.4,5,3,No
23,118383,499,26,474706,0.34,4,3,No
42,122067,398,7,444988,0.68,2,2,No
48,112943,512,14,396004,0.56,5,1,No
39,107116,442,11,80956,0.16,5,1,No
19,95705,688,9,254127,0.79,4,1,No
62,37116,673,15,87863,0.63,3,2,Yes
22,56744,351,14,296708,0.59,1,2,No
44,144697,434,10,336836,0.21,4,3,Yes
42,107579,710,23,17251,0.73,5,5,Yes
25,136072,769,6,346200,0.41,1,2,Yes
18,22124,411,7,218157,0.27,0,2,No
37,124956,824,10,400121,0.54,5,0,No
61,58051,343,8,450424,0.21,4,3,No
40,27176,696,25,473267,0.73,0,3,No
49,111310,560,6,198166,0.69,4,0,No
28,141293,844,14,414950,0.4,2,1,Yes
56,84818,687,14,249796,0.19,1,5,Yes
64,140395,775,15,425102,0.42,0,0,Yes
41,38676,709,2,199683,0.16,3,0,Yes
28,65177,315,15,172149,0.25,4,5,No
46,110296,401,14,272805,0.41,5,5,No
43,130623,485,24,497451,0.07,0,0,No
33,20997,324,0,8838,0.62,4,2,No
52,79330,371,13,47073,0.2,4,0,No
37,63769,317,23,146450,0.7,4,4,No
63,122968,631,21,406274,0.07,0,0,Yes
20,137045,396,10,465741,0.45,0,1,No
18,140179,311,2,80113,0.63,4,1,No
64,136367,310,8,483620,0.23,3,5,No
18,98653,462,5,249571,0.58,5,1,No
34,140403,582,30,356950,0.59,1,0,No
19,31231,540,22,301028,0.53,4,3,No
46,115287,344,15,390157,0.32,3,1,No
37,139574,554,10,164599,0.64,1,0,No
23,92976,366,17,178259,0.52,4,1,No
25,145391,341,16,241338,0.49,1,2,No
46,141509,683,16,436951,0.66,4,2,No
50,105447,533,2,152053,0.23,0,0,Yes
20,129522,784,26,393133,0.22,4,1,Yes
52,75965,338,18,67457,0.34,4,1,No
22,101144,310,23,425296,0.1,4,4,No
44,137433,708,22,278941,0.3,4,5,Yes
61,115201,407,14,324200,0.35,3,5,No
29,81517,393,9,293601,0.42,2,1,No
37,112693,383,7,156989,0.24,3,3,No
62,114315,357,16,276015,0.73,3,2,No
37,115504,592,3,417269,0.26,0,1,Yes
26,47387,315,7,489575,0.69,4,3,No
56,24090,776,25,464943,0.38,3,5,Yes
21,140846,464,1,88050,0.59,1,0,No
36,44945,736,22,219395,0.13,4,2,Yes
55,60239,702,7,195487,0.46,0,0,Yes
44,23743,685,29,43398,0.77,5,5,No
62,50924,437,24,233136,0.55,5,5,No
60,30196,830,6,80058,0.67,0,1,Yes
30,111815,592,27,272174,0.25,1,0,Yes
30,125312,774,8,6381,0.65,5,5,Yes
39,88860,761,17,414969,0.31,0,2,Yes
45,61400,672,26,141164,0.41,5,0,Yes
64,105177,461,16,320090,0.19,4,0,Yes
62,113018,343,0,92620,0.41,2,0,No
39,118530,382,26,347237,0.44,2,3,No
60,100399,838,11,392514,0.52,3,3,Yes
36,68795,818,3,456736,0.7,0,1,Yes
25,71553,710,16,406783,0.28,4,0,Yes
25,123022,640,6,216224,0.79,1,3,No
59,135712,388,23,220752,0.69,1,2,No
43,123976,529,2,426082,0.35,4,2,No
43,44111,317,29,170783,0.22,4,5,No
40,133566,580,0,120645,0.1,1,0,Yes
60,146371,721,18,184815,0.23,0,1,Yes
30,83083,637,1,292530,0.71,5,5,No
45,139968,565,5,485058,0.27,3,3,Yes
26,81600,654,10,290157,0.15,3,5,Yes
37,70022,659,22,252293,0.07,3,3,Yes
36,23199,516,24,492758,0.27,4,3,No
56,70897,620,20,11885,0.21,1,5,Yes
29,58038,511,3,111905,0.13,1,1,No
32,143323,502,0,431037,0.76,1,4,No
48,75038,452,10,150117,0.25,5,3,No
31,140278,728,15,489426,0.05,1,0,Yes
28,131054,586,29,23780,0.76,1,3,Yes
43,27897,620,5,423766,0.48,2,3,No
59,84541,735,10,94771,0.11,5,4,Yes
44,126968,795,7,345521,0.07,4,5,Yes
28,34892,448,19,315428,0.13,5,0,Yes
55,28271,841,0,327382,0.49,4,0,Yes
51,123462,781,13,314328,0.1,2,0,Yes
60,44815,625,29,196695,0.48,3,3,Yes
36,65612,328,20,419521,0.54,0,3,No
23,53357,558,25,45021,0.16,5,2,No
63,95088,374,20,222831,0.42,4,4,No
55,36267,797,1,395590,0.77,4,5,Yes
59,38268,715,5,310328,0.68,2,0,No
45,134463,639,25,23942,0.59,4,0,Yes
18,34263,607,8,475634,0.44,4,2,No
52,90935,540,13,160786,0.35,3,3,Yes
57,115347,552,21,56672,0.39,2,2,Yes
25,79660,519,7,117437,0.62,5,2,Yes
64,85527,696,25,91557,0.47,4,3,Yes
24,83379,635,2,310345,0.62,1,1,No
28,114542,328,9,330440,0.78,2,5,No
56,61271,793,17,189051,0.53,3,4,Yes
21,86612,801,19,93549,0.5,5,1,Yes
42,27235,453,27,350401,0.35,0,1,No
29,108757,530,8,344961,0.2,4,4,No
43,36417,401,8,19008,0.33,1,1,No
55,118075,476,18,65196,0.44,1,3,No
63,54609,531,27,269438,0.08,0,1,Yes
29,122785,311,12,24061,0.41,2,1,No
60,143128,485,0,60733,0.7,3,5,No
54,53902,565,16,103376,0.78,4,1,No
63,43645,434,3,176076,0.69,4,3,No
41,82873,330,3,85625,0.18,5,2,No
33,107218,755,26,389151,0.17,4,0,Yes
30,84558,558,15,392902,0.34,1,4,No
42,82233,403,27,187365,0.22,2,4,No
21,131443,730,15,189754,0.56,0,3,Yes
28,43401,681,14,391830,0.11,2,0,Yes
49,27771,768,25,15237,0.38,3,1,Yes
24,61335,812,5,278838,0.26,3,5,Yes
63,94451,506,4,353616,0.5,0,4,No
28,99434,746,21,408684,0.65,1,1,No
45,87449,388,9,154533,0.74,5,5,No
58,122601,494,6,473592,0.77,0,3,No
40,112604,713,6,341206,0.31,5,5,Yes
62,21942,421,9,386587,0.69,3,3,No
40,40388,761,29,83000,0.49,1,5,Yes
45,145224,415,9,81599,0.57,2,3,No
60,103251,495,24,499135,0.69,3,2,No
64,77042,335,14,216352,0.15,1,3,No
43,73740,366,5,18064,0.76,1,1,No
42,85873,580,23,485492,0.46,4,2,No
46,67024,778,1,411805,0.3,2,1,Yes
36,43450,310,7,189396,0.3,1,5,No
50,76965,621,24,137004,0.61,0,3,Yes
53,30057,539,19,415235,0.56,5,2,No
31,113249,359,14,60835,0.6,2,5,No
31,28983,464,20,420373,0.24,2,0,No
52,39995,488,20,57381,0.18,3,3,No
47,134587,786,17,22574,0.59,2,2,Yes
45,122004,391,4,446528,0.27,2,5,No
34,111628,588,24,469260,0.22,4,2,Yes
20,97681,808,3,37779,0.21,2,2,Yes
33,58886,374,9,377642,0.16,5,4,No
63,109025,727,18,429104,0.37,5,2,Yes
47,116572,684,13,116422,0.25,5,0,Yes
46,115149,352,22,293169,0.72,1,3,No
62,114020,474,23,406276,0.57,0,3,Yes
32,22673,773,12,169288,0.61,5,3,Yes
63,54890,660,28,340341,0.35,4,2,Yes
42,97513,569,9,367944,0.5,4,3,No
55,43466,706,21,331761,0.43,4,0,Yes
59,126554,423,5,207493,0.18,4,4,No
64,112545,675,12,398642,0.09,3,0,Yes
55,136750,691,20,241475,0.56,4,4,Yes
40,70406,481,10,30491,0.14,3,3,No
42,23688,335,21,286697,0.09,3,5,No
59,89284,511,24,148990,0.38,2,1,Yes
24,124646,433,14,279657,0.6,0,4,No
39,134579,790,1,152902,0.63,2,0,Yes
34,33665,737,25,195326,0.71,3,0,No
35,122434,345,26,180767,0.2,2,5,No
58,40641,700,14,166243,0.79,1,1,Yes
27,52500,787,18,138322,0.62,4,4,Yes
27,55797,731,16,61263,0.17,4,4,Yes
24,104766,727,19,67114,0.68,3,0,Yes
55,65950,816,17,477360,0.42,2,4,Yes
44,45046,761,5,7681,0.1,1,1,Yes
50,149554,480,14,461719,0.15,1,4,No
18,122339,444,28,88321,0.38,5,4,No
61,133431,564,30,139479,0.45,1,1,Yes
51,121203,705,16,306673,0.76,3,3,No
21,29638,783,23,316045,0.21,5,4,Yes
34,106363,781,25,22427,0.41,2,5,Yes
21,41173,536,21,134463,0.22,1,0,No
60,33222,824,8,26747,0.47,1,2,Yes
43,70064,638,11,18555,0.73,2,0,No
21,57010,567,21,360274,0.48,2,5,No
18,142229,565,25,201999,0.43,4,0,Yes
24,38095,827,22,468571,0.61,0,3,No
47,143554,391,4,28263,0.16,0,3,No
26,21439,547,13,207592,0.73,1,0,No
52,145614,318,23,470115,0.48,2,4,No
25,123917,689,7,141199,0.56,4,0,Yes
41,105550,687,25,109893,0.66,3,5,Yes
36,25375,394,24,328597,0.53,0,4,No
53,109023,729,27,113930,0.53,5,1,Yes
60,127181,336,21,325533,0.6,0,1,No
44,111238,692,16,410728,0.09,2,3,Yes
49,40600,590,8,330866,0.34,3,2,No
31,22466,602,2,402253,0.77,0,2,No
35,145277,700,24,98159,0.24,4,5,Yes
45,126128,643,6,142926,0.46,0,3,Yes
46,65097,817,29,161805,0.18,2,1,Yes
33,129934,676,11,483385,0.29,2,3,No
52,73276,464,28,229811,0.59,5,1,No
64,70117,312,2,39311,0.53,5,4,No
48,66971,324,8,22175,0.36,3,5,No
21,26928,422,13,226620,0.75,0,1,No
54,108016,428,22,223162,0.63,3,1,Yes
34,75309,846,22,60195,0.25,0,1,Yes
56,94647,608,22,33090,0.4,1,2,No
63,60888,735,17,461695,0.71,0,1,Yes
43,115025,481,10,312780,0.07,2,0,Yes
56,63832,342,3,437082,0.49,2,4,No
58,136196,703,25,365392,0.22,1,2,Yes
21,29404,562,7,372896,0.1,0,0,No
47,53639,369,27,241587,0.73,0,2,No
47,98118,591,17,452150,0.66,2,2,No
39,80598,513,12,78334,0.19,1,0,No
28,86399,446,3,378100,0.68,2,3,No
19,133187,324,9,58111,0.16,1,5,No
61,130449,622,7,91284,0.41,2,5,No
29,47684,408,30,268860,0.59,4,5,No
47,88591,550,11,303548,0.45,0,3,No
53,139821,781,18,180396,0.69,3,1,Yes
35,97722,474,11,78406,0.51,4,0,No
43,22682,646,21,192585,0.37,2,1,No
24,131186,469,27,346362,0.74,1,5,Yes
18,58046,301,1,420271,0.08,3,3,No
43,132109,661,23,181205,0.42,1,0,Yes
40,41832,595,7,209988,0.55,5,0,No
43,36997,501,27,338406,0.68,1,0,No
62,54640,588,12,274701,0.46,5,1,No
23,96882,361,0,102304,0.71,5,2,No
23,60491,801,2,487918,0.37,0,2,No
61,83043,425,29,133301,0.29,2,5,Yes
25,132175,348,30,40486,0.78,0,2,No
41,148568,478,1,318701,0.55,5,0,No
39,134250,792,22,45655,0.37,1,3,Yes
36,92725,732,22,460614,0.71,0,1,Yes
54,148131,601,19,492258,0.56,4,1,Yes
35,65520,468,27,393189,0.53,5,3,No
48,82919,568,27,94638,0.6,1,2,Yes
54,129869,663,7,68823,0.6,1,5,Yes
47,84442,399,2,380971,0.42,4,4,No
59,149953,514,29,210702,0.36,1,3,Yes
50,41770,396,24,373980,0.73,3,2,No
27,125246,847,20,89801,0.42,3,0,Yes
54,67498,636,29,290238,0.21,2,3,Yes
29,129687,658,28,134095,0.44,2,2,Yes
47,149269,589,14,411569,0.08,0,1,Yes
44,143447,695,29,328994,0.59,0,4,Yes
56,81477,659,1,444169,0.15,4,4,Yes
26,20244,646,24,216781,0.13,4,4,No
38,52788,423,16,431627,0.76,5,2,No
29,115341,837,26,119708,0.63,1,2,Yes
46,99453,721,23,278408,0.36,2,0,Yes
50,77737,635,5,431661,0.23,5,4,No
60,66489,802,27,152003,0.68,2,1,Yes
32,147962,356,0,47059,0.78,2,5,No
19,91303,375,29,7650,0.43,2,4,No
56,48390,765,3,467221,0.49,0,3,No
61,30247,584,18,310168,0.23,3,3,Yes
35,89051,685,6,409808,0.49,5,1,No
20,79719,558,22,61238,0.35,4,2,Yes
24,54678,776,21,258137,0.68,4,5,Yes
60,143169,310,13,179903,0.33,2,4,No
35,107802,559,25,441606,0.54,2,5,No
61,96286,692,13,338364,0.2,0,3,Yes
55,49583,668,9,187911,0.12,0,1,Yes
54,143240,483,27,411673,0.08,4,0,Yes
50,28076,315,23,470348,0.36,2,3,No
61,38006,805,6,216759,0.17,2,3,Yes
48,35051,385,15,383248,0.8,5,4,No
28,24314,309,3,274218,0.65,4,2,No
21,48670,776,6,497011,0.57,0,3,No
35,120757,463,14,251519,0.65,5,3,No
21,87551,323,16,450869,0.25,4,4,No
51,144920,611,2,62344,0.71,0,2,No
46,30236,537,15,383920,0.8,0,5,No
41,55568,761,1,451024,0.27,5,0,Yes
39,80314,761,6,189991,0.79,5,5,No
19,127327,537,24,300123,0.29,0,0,Yes
61,144673,321,15,444628,0.06,2,0,No
23,130188,479,20,336402,0.33,4,0,Yes
59,111903,798,8,409925,0.8,0,2,Yes
42,36352,774,11,47925,0.53,3,0,Yes
38,145721,638,28,152759,0.57,0,4,Yes
33,148219,830,23,332210,0.23,0,4,Yes
48,65650,461,0,303684,0.16,5,4,No
31,30346,360,13,285309,0.71,0,0,No
56,45156,384,10,445105,0.36,1,4,No
45,75904,846,17,237601,0.05,5,4,Yes
49,34035,789,21,67055,0.27,3,1,Yes
45,142141,304,4,427410,0.2,2,0,No
26,36108,375,14,261024,0.5,5,4,No
62,149031,552,26,177839,0.62,4,5,No
39,22853,306,6,263072,0.42,4,2,No
49,104156,772,24,454107,0.19,5,4,Yes
22,24176,437,13,454641,0.09,4,1,No
40,120459,657,19,409598,0.29,5,2,No
22,45920,462,7,99154,0.65,2,2,No
59,74850,617,3,91123,0.36,0,5,Yes
49,26829,757,2,71889,0.24,3,5,Yes
27,143225,552,11,341051,0.07,4,5,Yes
56,120190,500,17,341752,0.42,1,3,No
32,124775,831,23,257034,0.56,1,1,Yes
24,110666,464,14,252590,0.19,3,1,No
46,138458,531,10,468450,0.45,4,4,No
64,130893,627,23,123690,0.37,0,1,Yes
20,93927,537,10,286328,0.58,4,2,No
36,104860,419,11,11902,0.7,0,2,Yes
27,138178,549,18,287791,0.28,4,4,No
45,131654,635,16,185446,0.73,1,2,No
46,60667,583,28,34140,0.58,2,4,No
32,85842,497,5,197789,0.08,5,5,No
52,55843,715,20,367685,0.64,3,3,Yes
23,70808,694,7,56730,0.42,0,1,Yes
29,50543,450,14,231829,0.76,2,1,No
64,92780,564,21,133996,0.29,0,1,No
55,26611,519,19,301690,0.49,3,3,No
30,108242,515,25,415220,0.77,2,1,No
46,104612,614,9,447289,0.25,2,5,Yes
36,66902,515,27,63557,0.4,5,3,No
20,136452,634,14,58206,0.61,5,3,Yes
25,53043,658,11,148577,0.57,3,4,Yes
25,25271,460,10,61618,0.68,3,5,No
37,92867,810,17,485566,0.44,0,0,Yes
64,97089,456,23,304175,0.29,2,0,No
21,78745,461,4,179859,0.45,3,4,No
38,116876,341,11,236616,0.31,5,4,No
20,82077,479,30,412793,0.18,0,4,Yes
62,79119,602,23,198697,0.47,4,1,Yes
25,31573,629,30,144115,0.09,5,2,Yes
40,41409,728,4,170202,0.08,3,4,Yes
33,105970,649,21,97950,0.1,5,3,Yes
30,44464,419,28,64846,0.55,5,0,No
20,138148,374,30,397326,0.36,2,1,No
26,62840,422,9,318536,0.42,4,5,No
31,68785,481,13,59673,0.31,3,2,Yes
30,138523,556,15,240911,0.24,1,0,No
24,40662,568,4,142816,0.32,2,0,No
32,38228,792,10,264113,0.2,5,0,Yes
24,80721,479,18,242660,0.56,2,3,No
55,69223,448,25,317534,0.13,0,3,Yes
51,27386,817,7,44260,0.44,1,3,Yes
58,26862,447,18,320904,0.41,3,2,No
39,60108,308,19,110806,0.28,1,0,No
41,111788,477,21,270614,0.13,5,4,No
54,95023,694,17,167715,0.58,3,2,Yes
61,133365,630,29,360491,0.48,0,3,Yes
18,125939,355,22,9201,0.66,5,3,No
27,100140,506,20,469103,0.23,5,3,No
60,102963,404,11,85863,0.64,4,5,No
33,47201,846,25,250293,0.27,1,1,Yes
63,88578,654,12,32340,0.13,2,5,Yes
25,69966,788,20,98716,0.15,3,0,Yes
42,74774,802,20,149560,0.22,1,4,Yes
29,30386,349,28,100910,0.56,3,0,No
42,97228,386,28,403629,0.23,1,2,No
34,142020,602,17,45200,0.5,2,1,Yes
43,35225,300,26,458395,0.24,3,2,No
63,36693,680,28,27355,0.32,3,3,Yes
31,92197,661,14,280975,0.72,4,3,Yes
58,63021,680,14,356501,0.43,0,4,No
53,138915,461,11,385733,0.5,1,0,No
40,38261,318,25,133211,0.19,2,2,No
60,47378,542,8,475178,0.15,4,5,No
23,137174,428,18,462526,0.36,4,3,No
64,141574,475,11,303540,0.69,0,4,No
22,106755,708,22,198428,0.23,2,4,Yes
60,31937,383,4,55920,0.52,5,2,No
42,86330,675,25,247740,0.7,1,0,Yes
35,67366,521,25,436336,0.75,3,1,No
30,92322,624,20,491837,0.8,0,4,No
60,122318,750,30,499421,0.62,3,2,Yes
31,60160,715,19,314930,0.11,4,3,No
45,65313,744,9,397190,0.7,3,1,No
35,123657,624,21,416141,0.71,1,1,No
45,121711,822,6,313150,0.47,5,0,Yes
44,47032,465,22,334771,0.1,1,2,No
49,111963,537,10,277986,0.41,5,0,No
64,37358,312,27,80459,0.21,3,4,No
26,143927,556,30,215435,0.38,3,4,Yes
57,81710,813,7,380416,0.59,0,5,No
49,115326,509,20,422342,0.55,5,2,No
37,106157,783,6,209891,0.63,1,3,Yes
45,68821,664,15,468606,0.41,3,5,No
50,48365,524,27,325218,0.43,2,5,No
21,33189,493,15,436033,0.75,0,4,No
63,96749,495,13,272701,0.52,0,4,No
51,27248,699,14,271576,0.61,0,3,No
20,24369,356,19,148078,0.55,0,5,No
43,83763,512,30,428205,0.53,5,1,Yes
25,28050,578,8,456259,0.74,5,2,No
23,48605,679,15,373435,0.32,3,1,No
33,69616,416,15,42788,0.37,4,0,No
41,74479,750,4,69167,0.33,2,3,Yes
56,123719,709,2,319310,0.62,4,2,Yes
47,100934,666,20,31887,0.7,4,3,Yes
62,60883,412,24,420848,0.32,3,3,No
30,53055,463,12,383848,0.16,0,1,No
22,88731,303,28,232551,0.42,0,1,No
42,110987,322,26,491818,0.79,3,0,No
37,136680,391,7,71513,0.2,3,2,No
35,27450,768,16,222202,0.39,5,3,Yes
64,22925,454,4,306946,0.25,1,5,No
35,100051,506,5,39026,0.74,0,0,No
19,70272,380,30,246423,0.46,2,3,No
27,25310,782,28,219289,0.48,1,0,Yes
62,51817,706,25,342850,0.06,4,3,Yes
64,135134,402,28,340077,0.54,5,1,No
29,112944,539,26,385961,0.28,5,4,No
64,64528,564,1,166155,0.44,0,0,Yes
30,133200,332,29,268876,0.45,3,0,No
64,75779,334,30,381308,0.49,3,4,No
28,104816,548,21,401158,0.67,3,1,Yes
36,102641,349,13,64853,0.27,0,0,No
52,104083,579,24,251208,0.24,5,1,Yes
56,96310,451,29,364228,0.65,2,5,No
43,35457,850,3,276573,0.59,3,3,Yes
63,62311,836,2,231349,0.22,5,5,Yes
31,23980,529,8,173340,0.05,0,3,Yes
62,40886,587,17,324820,0.55,4,4,No
61,97112,694,11,420733,0.17,1,2,Yes
41,70877,752,8,68727,0.77,0,1,Yes
58,143573,332,26,100485,0.5,0,2,Yes
18,117427,662,25,33899,0.69,5,2,Yes
60,56181,410,26,20068,0.65,3,1,No
39,53262,420,26,249602,0.47,1,2,No
40,20947,315,17,70701,0.38,1,0,No
36,20022,822,29,345552,0.42,3,3,Yes
35,21128,397,12,222824,0.65,2,5,No
29,99522,415,26,100742,0.53,0,4,No
45,52322,770,13,34269,0.2,3,1,Yes
45,68929,738,30,361944,0.51,5,4,Yes
50,101696,580,9,148291,0.35,2,5,No
36,135245,648,2,89694,0.1,3,3,Yes
45,29808,531,28,64043,0.34,4,4,No
54,115148,410,6,162061,0.22,2,1,Yes
43,72882,651,17,70263,0.68,5,4,Yes
52,41725,311,15,178478,0.13,2,2,No
51,92534,787,16,370468,0.32,1,2,Yes
52,59950,832,24,229666,0.57,0,3,Yes
57,108954,584,5,225740,0.72,3,2,Yes
33,103576,844,24,124432,0.3,5,4,Yes
55,40557,691,11,391711,0.5,5,0,No
30,41825,469,18,21830,0.33,3,4,No
40,28998,376,2,426266,0.2,0,0,No
39,56080,596,25,168936,0.29,5,4,No
33,131633,629,27,105730,0.53,5,0,Yes
45,147743,362,2,179749,0.59,0,0,No
52,77797,569,17,24641,0.33,5,1,Yes
62,35802,515,28,363055,0.16,5,1,No
63,31167,489,10,411771,0.15,5,5,No
25,120628,374,5,222718,0.66,1,4,No
61,62407,809,18,159307,0.54,0,2,Yes
39,140283,392,4,374142,0.6,4,1,No
38,33338,352,12,427175,0.42,1,0,No
43,96289,795,26,439173,0.39,2,4,Yes
57,91520,393,4,242632,0.21,0,2,No
38,38895,528,25,197673,0.18,2,4,No
42,67910,549,2,372188,0.17,1,0,No
58,129367,690,18,462630,0.79,5,1,No
18,85898,481,16,93634,0.67,4,1,No
23,23454,566,21,20309,0.52,4,3,No
40,137486,580,2,412321,0.21,0,3,No
40,106540,382,14,316957,0.3,4,5,No
60,80797,485,16,196905,0.31,5,5,No
60,121559,830,12,341352,0.41,3,5,No
40,103137,647,13,428544,0.37,5,4,No
49,70637,722,29,461972,0.75,1,4,Yes
47,144983,753,28,215686,0.59,5,2,Yes
30,25349,566,25,372327,0.11,4,5,No
60,145416,806,15,435646,0.32,1,1,Yes
35,59963,441,24,438799,0.15,1,5,No
40,95583,615,10,303173,0.26,5,1,No
32,27750,531,16,136477,0.77,5,5,No
50,114929,596,4,59012,0.58,3,3,Yes
38,42463,321,20,401776,0.06,5,0,No
56,94935,683,14,16575,0.3,5,0,Yes
40,78792,425,17,213467,0.38,0,5,No
44,33686,402,15,101148,0.5,1,3,No
62,126339,409,13,18153,0.42,3,4,No
61,83528,771,13,373304,0.1,4,5,Yes
35,119811,364,12,309221,0.44,2,5,No
41,135691,771,0,294157,0.15,0,1,Yes
64,42787,375,5,142762,0.44,5,1,No
57,34776,318,30,246050,0.23,2,5,No
59,135613,683,22,223323,0.16,3,1,Yes
24,115063,489,10,197125,0.27,1,0,No
37,77427,659,10,385272,0.12,3,4,Yes
44,149069,751,24,333421,0.26,0,5,Yes
23,124887,378,15,344111,0.7,0,0,No
44,81086,471,23,405397,0.28,4,4,No
26,122231,511,25,167377,0.4,3,3,No
62,144422,744,2,274875,0.44,0,4,Yes
48,135673,448,24,106225,0.18,3,0,Yes
38,83308,309,16,110678,0.38,4,1,No
43,35797,841,28,457391,0.69,4,0,Yes
57,122535,354,21,492466,0.11,3,3,No
62,25302,479,28,208631,0.74,5,1,No
30,83172,680,13,239937,0.7,0,0,Yes
40,58059,721,25,371082,0.69,1,1,Yes
37,20908,750,1,5910,0.2,5,3,No
54,80252,392,25,492340,0.41,1,4,No
45,100659,819,24,173542,0.51,5,4,No
34,32877,712,8,314485,0.12,4,2,Yes
45,34239,693,7,92718,0.47,0,1,Yes
58,106971,630,28,61850,0.68,4,5,Yes
19,47313,732,10,165462,0.75,4,3,No
42,120890,462,6,331373,0.26,4,0,No
58,62103,339,29,331035,0.27,4,5,No
23,68408,384,21,115805,0.25,3,0,No
28,103251,390,1,402254,0.17,3,2,No
55,108771,783,29,164287,0.37,0,0,Yes
23,146228,684,3,102101,0.64,5,3,No
62,111665,492,25,483581,0.58,0,3,No
28,30534,552,22,431115,0.73,2,4,No
31,120110,543,13,441232,0.32,1,1,Yes
19,63060,569,12,158318,0.48,3,1,Yes
57,37189,318,21,185376,0.62,0,0,No
20,148431,339,24,23862,0.72,5,1,No
52,106067,815,12,193898,0.7,4,2,Yes
50,30967,332,12,420716,0.4,3,1,No
41,101991,749,4,87224,0.73,1,5,Yes
36,85563,838,27,348962,0.38,3,0,Yes
35,28660,618,11,396451,0.73,5,1,No
41,138671,423,5,400735,0.63,1,5,No
62,110875,671,25,273256,0.22,2,3,Yes
52,149909,650,21,399208,0.75,0,3,Yes
18,59823,622,13,261189,0.23,5,4,Yes
53,75842,787,7,272791,0.73,1,4,Yes
42,29616,750,23,245127,0.51,2,4,Yes
62,95976,652,21,99550,0.55,5,4,Yes
60,122136,415,7,405813,0.13,5,1,No
51,68738,312,6,128594,0.1,3,5,No
42,33107,619,16,121397,0.78,0,0,No
33,81404,464,20,462383,0.3,1,1,No
51,114182,384,10,324314,0.68,5,0,No
46,132081,547,30,161705,0.58,5,0,No
36,111787,731,25,415070,0.5,1,0,Yes
40,35954,778,9,123153,0.56,5,0,No
36,36943,667,12,128620,0.12,0,3,Yes
42,60725,656,9,205174,0.36,5,5,No
33,65434,707,20,439688,0.51,3,0,Yes
26,105751,644,25,377033,0.7,3,1,Yes
18,30110,478,13,387066,0.59,4,0,No
59,125648,724,8,204893,0.24,5,3,Yes
36,107091,840,6,82565,0.79,3,1,Yes
50,36462,742,6,375832,0.53,0,5,Yes
51,99232,605,25,476598,0.43,2,2,Yes
33,74081,666,30,83615,0.64,0,1,Yes
61,72799,335,17,264249,0.5,1,3,No
57,86567,762,15,210159,0.58,5,5,Yes
35,109301,445,7,496804,0.51,4,3,No
51,71224,445,15,347780,0.18,4,4,No
42,147425,679,18,204885,0.46,2,2,Yes
62,76063,467,14,24015,0.26,5,0,No
23,133394,574,24,6757,0.48,1,3,Yes
38,75240,386,14,168157,0.14,3,4,No
23,101352,453,5,196190,0.22,3,4,No
49,37868,796,8,289007,0.66,3,5,Yes
58,95973,614,14,293242,0.35,0,0,No
60,100989,573,24,444436,0.56,3,5,No
56,42222,561,6,151367,0.42,1,1,No
48,99794,786,25,436771,0.31,4,2,No
59,83924,753,27,292965,0.42,0,0,Yes
27,119854,742,7,47372,0.66,3,5,Yes
47,98513,561,17,26833,0.26,1,0,Yes
35,148966,842,20,58990,0.37,2,1,Yes
41,74649,404,15,358672,0.2,1,1,No
26,122986,649,14,265749,0.31,4,3,No
48,132743,737,2,406765,0.71,1,1,Yes
32,103749,468,0,355112,0.64,1,1,No
21,122055,642,12,44498,0.33,0,2,Yes
57,140769,529,21,418735,0.15,4,5,Yes
26,131218,322,28,130829,0.36,3,5,No
62,30223,580,11,314520,0.63,4,2,No
26,68166,818,30,53547,0.08,2,2,Yes
43,59369,552,8,401357,0.61,5,0,No
21,106379,703,1,147140,0.56,4,2,No
34,89392,432,8,364022,0.1,0,2,No
33,79526,573,7,320849,0.53,3,4,Yes
32,32661,531,26,150328,0.27,4,2,No
52,35591,844,24,199793,0.18,5,0,Yes
22,91718,378,4,169036,0.34,3,5,No
22,75235,334,12,383706,0.2,0,4,No
37,27970,794,1,10830,0.67,1,0,Yes
32,67922,409,9,283012,0.61,5,0,No
35,120398,620,25,142751,0.79,2,4,Yes
64,50755,627,5,497457,0.45,4,4,No
19,130399,683,6,462277,0.12,3,4,No
46,140926,663,2,409938,0.33,4,4,No
30,39416,531,13,462794,0.68,0,0,No
21,33672,713,15,484261,0.35,1,4,No
59,103468,593,5,18989,0.39,0,1,Yes
62,148145,846,21,259341,0.36,5,5,Yes
27,66996,473,7,245494,0.23,3,2,No
48,94095,691,0,127850,0.1,4,2,Yes
58,20064,401,19,60701,0.19,3,5,No
25,88835,592,14,378880,0.32,5,1,No
20,90385,384,16,225170,0.23,5,5,No
63,25639,500,23,282063,0.48,0,0,No
26,136723,840,17,439522,0.51,4,0,No
47,31055,596,23,118916,0.48,3,2,No
28,79220,355,2,147108,0.11,4,3,No
52,107594,771,23,373758,0.55,2,5,Yes
54,49427,315,5,226046,0.34,0,1,No
59,136916,365,16,25999,0.71,0,1,No
30,140308,771,22,456798,0.44,2,2,Yes
53,102516,322,12,245348,0.11,1,4,No
30,84666,785,22,244695,0.06,5,5,Yes
29,84274,714,21,384298,0.58,3,3,No
54,138294,604,30,46543,0.35,1,0,Yes
27,30866,476,16,253519,0.27,4,0,No
26,23889,494,20,465460,0.39,3,0,No
24,138194,312,15,321704,0.1,3,0,No
19,144714,465,16,207985,0.34,5,1,Yes
40,68226,449,0,158860,0.29,3,1,No
56,51335,640,15,346949,0.65,2,4,No
57,70547,473,5,126764,0.18,0,1,No
56,46162,466,7,65048,0.62,2,4,No
38,109449,396,0,493469,0.43,2,4,No
40,44687,703,1,486357,0.11,2,0,Yes
46,118756,376,14,419437,0.78,1,0,No
31,30995,536,4,167829,0.6,2,1,No
43,76488,590,23,326259,0.25,0,1,Yes
22,22631,435,26,184347,0.49,3,4,No
48,54954,666,19,481821,0.72,1,2,No
42,25967,847,14,375717,0.75,5,0,Yes
48,108294,547,29,384317,0.6,2,3,No
37,107278,513,20,113192,0.6,2,2,Yes
61,84471,369,9,291468,0.26,3,0,Yes
34,57116,628,4,450969,0.79,3,0,No
62,112116,315,2,164806,0.23,5,1,No
19,54227,786,5,317749,0.12,1,3,Yes
42,21942,473,20,417806,0.78,5,5,No
30,67664,573,14,99364,0.16,5,3,No
56,48069,823,17,159168,0.44,0,0,Yes
45,107342,518,13,188214,0.4,1,5,No
59,34407,812,9,99984,0.69,3,5,Yes
23,133926,698,29,310405,0.35,0,4,No
20,79201,410,3,249718,0.43,2,3,No
52,100093,763,10,81986,0.08,5,2,Yes
35,74348,392,19,363255,0.21,2,4,No
28,101981,750,6,233200,0.67,4,1,No
37,37878,695,14,61698,0.41,3,0,Yes
22,103100,850,22,55502,0.22,4,0,Yes
36,98629,778,8,240718,0.33,1,2,Yes
39,75420,615,14,184056,0.26,1,2,No
36,121092,652,25,454706,0.47,5,5,No
64,111987,538,11,43202,0.09,0,1,No
33,63168,403,17,66445,0.22,5,1,No
41,139324,328,5,90869,0.32,3,5,No
58,139409,388,17,219271,0.75,0,5,No
21,74862,674,24,256758,0.52,0,3,No
32,109622,696,17,186044,0.43,1,4,No
42,102025,663,21,145607,0.19,1,0,No
61,144034,446,23,437103,0.47,5,3,No
52,48004,613,5,23679,0.75,3,1,No
31,40471,847,27,496226,0.47,1,2,Yes
36,111820,751,14,119691,0.17,3,3,Yes
55,80167,805,18,466312,0.8,4,2,Yes
53,122229,785,4,93901,0.42,5,5,Yes
24,103828,400,3,212353,0.29,2,4,No
47,85308,406,16,136102,0.43,5,2,No
36,103969,590,20,387784,0.25,4,0,Yes
42,34568,648,9,63996,0.07,1,4,Yes
33,130960,526,11,406348,0.72,2,2,No
64,29466,349,4,489626,0.37,2,3,No
57,111057,457,6,247372,0.61,5,0,No
25,77324,627,30,87805,0.78,5,0,No
35,122208,376,11,61644,0.52,0,1,Yes
45,35467,753,22,391224,0.57,2,1,Yes
33,117555,609,1,131238,0.76,3,3,No
36,95955,626,29,359235,0.44,1,5,Yes
59,72948,807,19,26227,0.29,1,1,Yes
34,36676,406,16,369486,0.74,0,2,No
62,114791,540,12,97238,0.1,5,5,Yes
30,51514,734,4,154746,0.21,5,1,Yes
24,128718,327,4,205502,0.31,0,0,No
44,42650,548,19,9596,0.64,1,3,Yes
27,108290,663,25,21588,0.73,0,2,Yes
51,97701,832,11,321798,0.39,2,0,Yes
53,30683,771,11,491098,0.26,2,0,Yes
42,118092,838,6,361684,0.31,3,4,Yes
23,79819,712,5,163298,0.54,5,1,Yes
41,100978,464,28,279597,0.17,0,5,Yes
35,24860,347,9,326696,0.46,1,2,No
40,23729,783,18,95117,0.49,5,3,Yes
23,51351,457,15,373268,0.58,5,3,No
46,132704,450,1,461908,0.5,4,3,No
42,82744,524,30,291668,0.12,1,4,Yes
34,44346,559,3,382363,0.57,5,2,No
63,140198,686,8,298987,0.07,4,0,Yes
41,94155,555,25,68140,0.34,4,5,Yes
28,141449,360,4,17744,0.36,3,4,No
43,96700,695,0,111320,0.14,4,5,Yes
51,124414,696,10,480362,0.06,2,5,Yes
45,26955,461,18,306054,0.1,2,1,No
20,85642,679,24,143554,0.38,5,0,Yes
28,146499,742,22,252859,0.23,3,3,Yes
55,90290,648,2,438297,0.1,1,1,Yes
31,64293,330,0,430240,0.24,1,2,No
43,81336,370,3,225282,0.45,5,2,No
38,41662,696,8,150102,0.61,5,5,Yes
56,26408,737,27,423688,0.36,1,4,Yes
47,60403,301,15,342192,0.51,1,2,No
25,21225,434,6,155117,0.5,2,3,No
37,32196,445,4,294279,0.72,2,4,No
49,89786,478,12,331417,0.18,3,4,No
39,35372,563,10,367112,0.41,3,3,No
24,146248,610,13,186749,0.52,3,2,Yes
26,37279,503,21,483886,0.44,1,1,No
62,130401,329,16,231505,0.39,1,4,No
18,115729,358,22,478502,0.78,2,1,No
46,136308,308,11,388589,0.76,2,1,No
25,74240,623,20,369102,0.51,0,1,No
21,130359,466,22,280877,0.38,0,5,No
52,112404,636,20,198185,0.62,5,1,No
20,58187,678,20,481232,0.43,1,3,No
62,136073,541,18,330976,0.8,5,0,No
57,68481,459,4,401314,0.56,2,2,No
24,48475,534,23,90160,0.1,1,0,No
44,64552,752,29,114318,0.35,5,5,Yes
18,87969,498,7,324263,0.6,5,0,No
44,96534,776,1,191952,0.68,4,4,Yes
33,129879,332,26,452696,0.66,0,0,No
55,116669,707,16,438762,0.78,3,0,No
24,119605,388,1,311031,0.42,1,3,No
61,26858,520,26,488215,0.16,4,1,Yes
40,94486,368,22,412466,0.54,3,0,No
58,94474,593,2,41382,0.1,5,0,Yes
28,45168,536,23,54999,0.78,4,5,No
59,52099,459,19,314166,0.62,2,4,No
50,91180,589,25,265820,0.79,2,2,No
53,129382,832,25,171544,0.33,2,4,Yes
54,81455,634,23,224746,0.06,5,2,Yes
58,74240,801,29,271037,0.44,3,2,Yes
34,94796,545,17,213181,0.14,3,2,Yes
52,74592,622,28,212871,0.56,2,3,Yes
22,149674,628,29,106298,0.42,5,3,No
49,142181,846,14,460302,0.62,3,1,Yes
20,140979,638,4,173373,0.27,2,2,No
64,67458,470,21,235876,0.67,1,3,No
52,121611,409,16,318738,0.54,2,3,No
31,78046,309,30,465477,0.79,5,5,No
48,139396,501,13,244133,0.18,0,5,No
48,36488,556,0,396761,0.09,1,5,No
34,78841,561,13,117696,0.69,5,0,No
41,138521,729,8,307253,0.3,2,2,Yes
40,20395,806,4,64087,0.37,0,4,Yes
35,72669,365,30,480461,0.74,2,5,No
31,30845,334,30,238793,0.38,1,0,No
32,56059,790,29,441406,0.27,2,3,Yes
32,38394,553,3,199794,0.09,3,3,No
23,113993,316,29,138738,0.38,2,3,Yes
44,65906,560,0,112705,0.54,1,3,No
32,79332,555,30,58513,0.25,4,4,Yes
53,57305,723,2,119307,0.59,2,1,No
25,62628,800,28,208760,0.41,3,1,Yes
32,41352,585,19,492752,0.69,1,2,Yes
20,106682,306,10,361157,0.17,0,5,No
64,102971,796,15,377076,0.62,4,3,Yes
30,71993,498,10,468530,0.75,5,2,No
58,59386,717,20,283313,0.61,2,4,Yes
51,123027,351,29,252831,0.35,1,2,No
41,76624,542,9,22668,0.22,3,1,Yes
57,77065,518,11,481514,0.12,3,1,No
49,140212,817,29,240715,0.53,1,5,Yes
49,105504,408,4,56810,0.16,3,1,Yes
47,133141,650,9,418161,0.68,5,2,Yes
30,28539,365,23,322303,0.77,4,3,No
18,21263,309,12,223444,0.15,0,0,No
51,33305,501,28,408295,0.33,3,1,No
32,73817,513,18,123700,0.75,3,2,No
61,44398,367,6,23362,0.4,0,0,Yes
31,129238,626,29,411135,0.45,4,1,Yes
46,117616,349,15,419016,0.61,4,1,No
51,95801,316,28,215366,0.21,4,4,No
35,69107,822,5,321792,0.78,5,1,Yes
24,52152,605,9,99410,0.64,3,0,Yes
46,113260,691,26,62026,0.17,3,0,Yes
48,50624,423,9,56376,0.13,4,3,No
42,149240,803,25,361978,0.75,3,0,Yes
55,119655,524,10,19156,0.56,2,2,Yes
31,76132,617,21,310183,0.08,3,2,Yes
25,145701,772,9,21239,0.16,5,5,Yes
44,125494,840,24,405305,0.09,4,5,Yes
19,72979,657,13,18014,0.78,1,5,No
34,78013,782,14,317249,0.42,4,1,Yes
54,114925,728,6,458427,0.4,1,3,No
31,83797,796,12,487070,0.77,3,1,No
42,71798,771,10,228474,0.43,3,3,Yes
47,36650,599,6,273061,0.44,5,4,No
46,46014,383,10,20350,0.79,1,3,No
37,96421,676,13,210894,0.13,4,4,Yes
38,27434,612,16,403958,0.79,0,5,No
39,50028,619,15,382380,0.17,0,4,No
52,86558,503,0,465591,0.4,4,1,No
54,44331,654,8,219943,0.3,3,2,Yes
33,87573,593,8,347341,0.77,1,3,No
60,149473,803,27,374698,0.41,1,1,Yes
34,94292,444,26,409959,0.07,4,4,No
33,142466,838,9,286035,0.22,4,4,Yes
19,66326,316,18,295627,0.37,2,0,No
21,102979,338,14,298279,0.56,5,0,No
38,119728,429,15,462274,0.47,1,3,No
56,24123,414,10,362237,0.69,5,2,No
51,36603,749,26,409898,0.67,2,0,No
47,85941,344,23,279942,0.49,3,5,No
23,62597,515,24,361719,0.48,1,5,No
34,83238,714,16,179991,0.26,5,4,Yes
56,104238,564,27,281342,0.77,4,1,No
42,62719,739,29,112378,0.11,4,2,Yes
22,111786,680,18,191574,0.35,3,3,Yes
22,61751,600,12,37104,0.55,5,1,Yes
37,146462,470,5,274747,0.76,5,3,Yes
33,106978,705,14,417225,0.43,0,1,No
58,37693,654,15,43661,0.72,2,1,No
54,109541,460,3,166037,0.13,4,2,No
57,130329,325,7,422000,0.45,5,3,No
26,57697,382,30,296484,0.29,1,0,No
22,114524,472,24,203761,0.65,5,1,No
59,117869,369,6,337441,0.38,1,5,No
19,49992,305,26,159641,0.41,1,1,No
26,83825,494,16,205174,0.1,3,5,No
60,29522,824,15,54411,0.38,0,0,Yes
53,65406,362,29,113004,0.11,2,2,No
39,127006,312,1,163326,0.27,1,2,No
39,129068,504,16,105148,0.15,1,2,No
39,32121,339,24,372717,0.3,4,4,No
51,143371,464,3,425376,0.22,0,4,No
46,34219,330,25,279350,0.26,4,2,No
55,21617,828,13,311355,0.16,3,2,Yes
63,63016,697,7,268677,0.38,3,0,No
50,70672,758,4,76132,0.42,2,4,Yes
35,44276,522,4,222761,0.68,3,5,No
24,119887,377,4,440599,0.45,2,3,No
18,92240,727,26,232677,0.22,4,2,Yes
50,126292,724,4,273502,0.6,1,2,Yes
18,75735,686,2,387334,0.27,1,2,No
41,37959,538,5,321539,0.62,0,1,No
21,48522,389,29,168107,0.34,3,4,No
21,76087,684,0,170531,0.44,0,3,Yes
35,29953,438,7,177359,0.43,0,1,No
44,46567,823,12,235964,0.77,1,1,Yes
60,80523,543,19,418353,0.17,3,3,No
49,82708,804,5,130774,0.75,1,3,Yes
50,146206,721,17,218089,0.47,5,3,Yes
45,42560,481,17,173594,0.8,0,3,Yes
59,78390,494,15,359603,0.48,3,5,No
58,145772,352,7,43941,0.54,5,3,No
53,88149,478,29,440273,0.61,5,5,No
23,56660,592,16,427905,0.67,5,2,No
33,65104,674,7,78588,0.41,1,5,Yes
51,77805,358,14,91938,0.56,2,5,No
40,125037,353,25,248795,0.51,5,3,Yes
59,122735,544,9,249696,0.36,2,3,No
41,44496,448,30,338384,0.67,4,4,No
30,103301,667,0,438895,0.19,4,2,No
35,111257,315,30,493737,0.18,3,1,No
30,23515,475,8,99846,0.6,4,2,No
54,24454,839,16,62428,0.53,3,0,Yes
60,126073,705,19,432261,0.29,0,3,No
56,42873,766,24,310815,0.53,2,1,Yes
59,93920,428,0,314047,0.63,3,0,No
34,33727,522,8,447886,0.21,0,5,Yes
32,148376,543,13,278859,0.49,2,1,No
35,89070,725,23,420026,0.67,1,2,Yes
40,119059,653,4,45583,0.36,0,5,Yes
47,144564,625,5,201791,0.48,1,0,Yes
51,117425,302,4,360641,0.11,4,5,No
21,137213,778,3,498908,0.67,3,5,Yes
20,69979,380,27,25706,0.65,2,5,No
24,45465,343,15,288460,0.39,4,3,No
35,73900,454,15,172667,0.14,0,3,No
59,79799,835,9,326799,0.55,4,0,Yes
24,137021,398,30,269641,0.48,1,2,No
57,116129,696,30,18562,0.74,1,0,Yes
23,41330,470,13,368927,0.26,5,2,No
39,28302,447,12,361521,0.07,3,1,No
18,98443,422,27,144829,0.24,4,2,No
21,109966,411,3,236311,0.37,5,0,No
63,127288,429,13,224267,0.17,2,0,No
60,132689,367,25,276162,0.78,1,1,No
46,92717,844,23,165349,0.22,0,5,Yes
38,131749,585,23,180149,0.56,4,0,Yes
43,32875,304,8,480485,0.39,2,4,No
31,47219,417,2,447466,0.47,2,5,No
26,56182,529,9,481905,0.75,2,0,No
64,100541,459,14,170644,0.45,2,4,No
29,62269,593,23,47020,0.28,5,0,Yes
59,99781,485,30,115005,0.22,1,0,Yes
23,26457,523,18,62264,0.72,3,1,No
37,26749,451,1,393080,0.79,4,5,No
41,53064,439,1,402386,0.24,1,4,No
44,29821,666,8,457665,0.59,3,1,Yes
55,135256,427,3,360346,0.43,2,4,No
25,118297,650,4,218393,0.57,0,4,Yes
18,123587,446,1,439363,0.77,2,3,No
41,98655,584,24,49944,0.26,3,4,No
64,27664,768,6,291858,0.6,3,1,No
24,49281,517,18,54294,0.38,0,1,No
36,146991,735,5,168783,0.54,5,2,Yes
39,125815,444,22,267364,0.35,1,5,Yes
52,51821,576,15,467992,0.58,5,5,No
47,123769,359,13,306913,0.3,0,5,No
46,44647,674,11,329093,0.42,2,0,Yes
39,130861,703,5,130303,0.58,4,3,Yes
28,89918,413,25,344972,0.08,1,0,Yes
37,101985,794,26,426820,0.3,4,1,Yes
46,102799,635,25,21771,0.46,4,3,Yes
58,110179,584,21,249279,0.11,1,4,Yes
59,94944,428,12,328326,0.58,2,5,No
51,109142,614,14,212831,0.66,5,1,No
18,47603,370,23,430930,0.17,3,1,No
48,66458,644,13,297573,0.6,2,1,Yes
47,90605,397,7,305903,0.53,5,1,No
35,39623,599,20,464311,0.36,3,3,No
34,64440,475,29,6839,0.17,3,0,No
55,102427,374,19,262186,0.77,1,0,No
31,27704,442,10,203379,0.4,1,5,No
40,113826,322,20,395903,0.19,0,4,Yes
42,47460,480,8,29940,0.59,5,1,No
32,103045,344,11,95528,0.51,4,5,No
63,102805,768,25,274820,0.66,4,1,No
39,137529,391,5,375275,0.8,4,5,No
20,93511,568,18,88988,0.08,4,0,No
36,130373,333,2,152972,0.6,0,5,No
61,26565,663,29,459591,0.79,3,4,Yes
51,108003,432,0,440396,0.45,0,5,No
52,24870,681,14,71196,0.59,5,2,No
18,38909,576,14,123104,0.38,1,3,No
38,29117,455,4,357585,0.32,2,5,No
46,138903,686,21,70913,0.57,3,5,Yes
23,87474,834,23,409690,0.79,3,0,Yes
54,113926,499,10,136231,0.12,0,3,Yes
18,64322,574,24,493081,0.37,1,0,Yes
18,147463,800,22,414145,0.76,1,4,Yes
44,121536,758,0,435158,0.13,5,1,Yes
38,40128,349,22,400415,0.54,3,2,No
33,140909,831,9,228748,0.37,0,3,Yes
61,117317,391,24,261382,0.33,4,2,No
57,89001,755,19,17980,0.21,3,1,Yes
43,20440,638,10,441213,0.18,4,0,No
33,80955,352,27,441575,0.44,2,4,No
45,69613,795,6,358480,0.33,1,1,Yes
18,143491,303,24,444222,0.42,3,2,No
53,90949,580,16,142348,0.2,2,2,Yes
27,31663,589,11,23372,0.31,4,2,No
60,124059,372,25,224769,0.8,3,0,No
34,123316,436,24,388144,0.33,2,5,No
40,39547,692,3,13168,0.36,3,2,No
24,101662,507,11,235241,0.06,2,0,Yes
61,125056,559,23,292110,0.34,2,2,Yes
24,20005,562,2,264929,0.62,4,3,No
61,123080,804,17,112904,0.44,1,5,Yes
32,27038,849,28,140987,0.54,0,3,Yes
51,26414,502,11,175081,0.47,2,5,No
63,107659,646,23,316065,0.13,1,1,Yes
62,89506,351,23,266496,0.3,5,1,No
21,96586,655,18,110439,0.57,0,5,Yes
31,22606,818,12,462483,0.46,4,4,Yes
31,36482,662,15,479949,0.56,3,2,Yes
33,118829,344,7,427227,0.32,1,2,No
24,91873,677,26,350618,0.2,3,0,Yes
49,53948,711,26,9047,0.67,3,5,Yes
36,109987,441,5,283659,0.33,0,1,No
19,111801,557,9,205287,0.54,5,5,No
27,111250,336,24,158809,0.34,1,3,No
34,40875,344,9,221068,0.75,2,0,No
54,33057,345,28,427264,0.79,5,3,No
29,52400,600,5,148999,0.54,0,0,No
23,91458,587,7,69565,0.5,1,1,Yes
39,88607,568,17,432505,0.68,2,2,No
49,107561,361,16,450637,0.44,3,5,No
58,47503,541,25,316736,0.7,4,2,No
37,43765,653,9,342613,0.36,4,1,Yes
18,121096,370,1,497723,0.07,0,5,No
64,139466,712,11,390264,0.74,5,3,Yes
23,66612,360,19,363161,0.59,2,4,No
36,118318,751,9,352455,0.43,2,4,Yes
35,104335,692,8,281980,0.76,4,1,Yes
23,120989,828,15,90641,0.72,2,0,Yes
62,113012,604,6,181150,0.13,1,2,Yes
50,101748,490,8,437759,0.52,1,3,No
40,29428,377,24,397818,0.45,4,4,No
40,51419,824,24,94080,0.63,3,2,Yes
43,85195,600,23,414169,0.28,3,1,No
30,93695,316,5,193099,0.06,3,2,No
24,109846,733,29,473147,0.19,4,5,Yes
32,122404,342,26,449255,0.21,0,4,No
61,59142,367,9,468022,0.27,2,3,No
44,91540,679,6,472141,0.33,1,0,Yes
43,58289,511,30,389537,0.58,5,0,No
50,96948,502,17,213325,0.11,1,5,No
32,78951,408,10,369642,0.41,5,5,No
53,31755,583,0,169584,0.42,0,2,No
62,141843,524,28,420146,0.51,2,0,No
44,137985,417,20,316748,0.28,3,4,No
22,104553,639,23,270406,0.24,5,3,Yes
19,23890,580,18,278357,0.41,1,0,No
50,114376,790,22,29129,0.54,3,0,Yes
33,145688,318,4,494205,0.08,3,1,No
40,37175,474,27,464250,0.27,4,0,No
55,94727,768,25,246255,0.64,4,0,Yes
33,85687,441,28,327750,0.41,2,4,Yes
31,104983,762,23,283668,0.76,1,0,No
46,108287,597,5,285242,0.7,4,1,No
43,114711,769,21,343692,0.31,2,1,Yes
52,44288,672,6,261174,0.59,0,5,Yes
32,66629,767,22,195883,0.26,3,1,Yes
20,136779,737,3,448043,0.18,1,0,Yes
40,67800,742,25,434489,0.71,1,5,Yes
46,57367,755,15,67903,0.31,2,2,Yes
51,97810,547,27,74138,0.2,4,2,Yes
50,97754,441,9,28059,0.77,3,4,No
58,109328,701,25,177949,0.07,3,2,Yes
58,88513,521,14,178854,0.33,1,4,No
40,102762,483,12,421104,0.08,1,4,No
24,49022,663,7,164470,0.43,3,5,Yes
20,89329,487,21,265541,0.35,0,1,No
49,79414,412,26,146867,0.59,2,3,No
48,21659,480,12,91723,0.77,0,4,No
35,77941,498,23,350794,0.44,4,0,No
60,57930,369,6,82156,0.26,0,1,No
24,63473,784,16,76512,0.7,0,0,Yes
58,147015,698,3,34232,0.5,4,0,Yes
18,75598,850,6,411500,0.47,5,2,No
31,36040,309,15,263106,0.19,5,0,No
49,89806,302,24,389643,0.08,2,5,No
23,33286,777,1,110332,0.4,3,4,No
56,89139,366,30,67630,0.45,0,0,No
27,132076,396,20,369166,0.15,2,0,No
24,75916,830,24,116558,0.09,4,2,Yes
43,37600,617,24,236000,0.21,5,0,No
51,22291,397,21,432790,0.1,2,4,No
47,33123,356,22,459918,0.09,5,4,No
53,149303,406,24,227638,0.38,0,0,No
38,23811,387,13,201211,0.66,3,4,No
34,98883,670,13,68683,0.55,4,5,Yes
50,51276,674,25,79081,0.56,4,5,Yes
27,74145,351,7,499453,0.25,0,4,No
64,66619,340,29,431924,0.06,5,2,No
59,101049,390,25,143859,0.39,2,1,No
29,90678,338,5,205553,0.33,3,5,No
33,108782,312,21,356122,0.76,4,1,No
58,111043,403,6,426934,0.1,0,3,No
49,46714,342,6,452216,0.63,0,1,No
32,75685,508,1,395452,0.34,1,5,No
44,32194,775,24,144493,0.67,5,5,Yes
45,93062,408,3,475426,0.42,1,0,No
34,84037,513,12,166668,0.67,2,4,No
63,39362,708,28,452220,0.4,0,1,Yes
19,74499,376,9,191683,0.35,5,2,No
53,66281,394,8,222849,0.77,2,3,No
24,82813,568,14,329684,0.33,2,0,No
30,64852,660,30,471490,0.65,3,1,Yes
32,142621,829,11,250997,0.1,1,4,Yes
42,131653,461,26,467524,0.1,2,2,No
40,67836,764,30,192959,0.38,3,5,Yes
39,24595,847,9,279509,0.49,3,1,Yes
43,115930,486,18,122469,0.51,5,4,No
50,35402,351,20,474550,0.08,1,1,No
28,145798,787,4,175927,0.57,1,0,Yes
27,85283,830,6,200209,0.15,0,3,Yes
42,112676,695,27,413991,0.77,2,4,Yes
54,108131,391,19,465736,0.3,3,3,No
60,62723,656,10,114591,0.25,0,3,Yes
55,71322,443,15,235428,0.27,5,5,No
58,66764,498,30,305166,0.75,2,2,No
62,44911,622,12,464102,0.41,2,4,Yes
41,111288,631,27,71448,0.38,0,2,Yes
57,39405,563,3,42213,0.47,3,5,No
63,78122,516,15,325792,0.75,0,3,No
50,109756,733,12,277859,0.28,2,0,Yes
34,119489,759,30,38059,0.19,0,0,Yes
41,121589,802,28,489540,0.5,0,1,Yes
54,148909,768,0,192974,0.42,5,1,Yes
19,23447,665,21,479530,0.1,2,4,No
49,73143,538,3,20223,0.44,1,0,Yes
41,82906,695,26,431451,0.47,5,3,No
26,30662,694,14,467029,0.57,3,0,Yes
21,83001,374,25,452729,0.8,2,4,No
34,78282,397,25,412857,0.37,5,1,No
34,24899,682,20,321599,0.43,5,5,No
47,48582,669,29,261477,0.11,1,1,Yes
57,134364,584,30,188799,0.67,0,5,No
28,87471,555,30,16391,0.12,1,2,Yes
38,143513,608,26,93512,0.75,2,5,No
38,62213,475,24,25709,0.31,5,1,No
35,127578,527,15,432048,0.3,5,3,No
46,95871,646,3,173728,0.3,2,4,No
41,103205,641,16,16655,0.76,0,1,No
27,94081,538,30,18111,0.79,5,1,Yes
62,125783,649,10,266459,0.78,2,5,No
34,123559,754,24,424485,0.58,4,3,Yes
35,103805,740,4,67275,0.13,1,1,Yes
59,144698,814,25,69532,0.34,4,3,Yes
37,57830,380,12,154850,0.27,4,1,No
54,27066,660,11,113553,0.58,1,3,Yes
62,30712,587,28,488414,0.42,2,1,No
35,101527,307,26,97704,0.51,1,4,No
34,149453,386,22,262994,0.06,0,2,No
26,146888,585,2,122608,0.64,4,2,No
31,121326,698,3,313562,0.76,5,0,No
46,145464,373,27,463755,0.55,4,2,No
48,85365,738,9,262046,0.69,2,3,Yes
21,107185,422,8,198732,0.41,1,3,No
35,119851,676,9,43708,0.07,5,5,Yes
37,50806,442,12,373496,0.79,3,2,No
64,32210,457,0,457081,0.09,5,5,No
60,56972,729,11,114444,0.19,2,3,Yes
61,125894,747,10,115353,0.09,2,4,Yes
26,54136,709,20,449345,0.52,2,3,Yes
30,64297,670,7,178506,0.49,1,5,No
32,136445,408,25,342002,0.21,2,4,No
44,35945,335,22,293121,0.77,0,4,No
32,115201,389,13,397391,0.74,0,4,No
45,62477,714,13,326463,0.26,4,1,Yes
54,99180,595,19,214831,0.54,4,0,Yes
36,90453,345,22,84702,0.69,1,5,Yes
43,105404,787,16,350814,0.32,3,3,No
43,97413,469,21,365449,0.24,4,1,No
42,33224,445,24,210944,0.24,4,5,No
43,23052,719,18,162286,0.67,4,0,Yes
43,47272,302,19,46108,0.4,5,1,No
63,61150,562,23,167739,0.59,4,3,Yes
45,116204,620,27,287775,0.54,2,5,No
35,37316,545,20,94652,0.28,4,4,No
49,73389,776,20,299565,0.21,5,1,Yes
20,83332,558,30,27419,0.14,1,0,Yes
19,27240,392,16,179385,0.07,5,0,No
50,117095,832,5,72579,0.11,2,0,Yes
59,88774,638,13,137774,0.24,5,5,Yes
36,63175,559,17,436931,0.59,2,1,No
34,20565,536,16,48889,0.17,1,0,Yes
61,107298,440,5,410978,0.44,3,2,No
50,91094,779,4,39155,0.23,4,5,Yes
29,36375,649,12,132782,0.43,0,0,Yes
20,45710,429,15,149454,0.61,3,0,No
60,69895,836,20,489991,0.25,4,1,No
43,143552,310,8,359336,0.31,0,3,No
52,96639,556,11,34852,0.59,2,1,No
25,35174,668,30,133329,0.46,5,1,Yes
53,127026,693,9,118417,0.12,2,2,Yes
24,107329,718,25,53843,0.62,2,3,Yes
63,47597,318,12,322122,0.26,4,1,No
63,94289,409,18,299274,0.34,1,2,No
53,58397,736,15,408404,0.23,2,1,Yes
33,91854,804,16,295412,0.46,2,2,Yes
41,53069,333,15,360486,0.58,2,5,No
18,105687,587,29,446114,0.65,5,4,Yes
42,138968,554,13,119629,0.74,4,0,Yes
27,60274,433,15,444834,0.32,0,0,No
33,94237,798,23,292970,0.75,3,1,Yes
33,92498,696,14,299139,0.51,2,2,Yes
25,58197,786,11,140534,0.34,3,4,Yes
46,68634,512,4,494224,0.72,1,0,No
56,50041,649,10,39804,0.48,1,1,No
45,27248,318,4,224397,0.39,1,5,No
23,105365,418,23,159245,0.06,2,1,Yes
33,22203,601,23,316833,0.59,3,2,No
37,71986,584,10,135090,0.11,0,3,No
33,45370,526,1,260506,0.27,4,5,No
24,55247,806,18,232343,0.77,3,1,Yes
58,144403,800,25,64496,0.17,4,4,Yes
31,139544,511,25,407198,0.28,3,4,No
60,95922,655,16,362578,0.75,2,3,No
43,145408,786,30,339543,0.3,0,4,Yes
43,20434,620,18,285476,0.3,2,2,No
31,82982,522,11,84525,0.54,1,1,No
24,85180,490,19,108482,0.15,0,2,No
50,128534,799,26,157560,0.78,5,3,Yes
43,54474,794,22,353207,0.26,5,3,Yes
62,44644,536,24,83483,0.64,3,2,Yes
37,58493,321,27,397468,0.27,2,5,No
20,103824,626,4,227619,0.26,4,0,No
21,141706,844,11,311353,0.09,2,3,Yes
43,23959,426,15,286376,0.14,2,1,No
28,67289,664,0,390137,0.44,3,5,No
19,31143,343,1,122031,0.48,3,3,No
31,59593,818,9,234081,0.66,1,2,Yes
61,59115,427,1,58685,0.1,0,2,No
47,131145,429,24,101521,0.32,2,4,Yes
29,42540,828,9,21545,0.2,4,5,Yes
43,55481,620,22,475856,0.32,5,0,No
61,115505,485,17,62847,0.32,5,2,No
50,97097,647,0,280491,0.32,3,4,Yes
30,42578,780,4,138706,0.28,3,4,Yes
31,32787,660,11,261457,0.62,1,1,Yes
41,92048,586,16,403317,0.57,0,4,No
51,141555,481,24,92686,0.31,5,0,Yes
61,72879,750,18,424186,0.16,1,1,Yes
43,30596,396,17,22893,0.44,3,2,No
38,117282,613,29,23703,0.74,4,5,Yes
45,80669,845,12,360506,0.14,1,2,Yes
53,39930,320,21,27489,0.61,2,4,No
57,67950,796,2,111975,0.5,3,3,Yes
19,115737,702,20,377894,0.49,3,0,No
59,38687,423,9,456314,0.75,1,0,No
26,72833,418,13,434983,0.77,4,4,No
40,142540,776,7,259155,0.23,1,0,Yes
32,55989,402,9,196258,0.66,4,1,No
30,50183,632,1,217984,0.52,3,4,Yes
40,40758,758,27,24733,0.36,1,3,Yes
34,21082,429,12,81942,0.55,0,2,No
19,126941,433,4,229775,0.77,5,0,No
37,116368,456,10,166731,0.44,1,5,No
37,65891,724,23,447759,0.76,1,2,No
63,65810,734,0,245982,0.53,0,3,Yes
20,66901,688,25,406167,0.41,0,3,Yes
29,103512,617,9,388663,0.53,2,1,No
57,123912,804,29,331561,0.5,0,3,Yes
19,91062,489,26,220765,0.37,4,3,No
53,116622,710,28,170078,0.47,5,0,Yes
31,41563,351,27,191936,0.58,5,2,No
33,92008,745,12,229132,0.68,2,5,Yes
36,22775,743,27,267884,0.28,4,0,Yes
51,35828,681,3,361139,0.06,2,0,No
61,130312,673,20,257230,0.46,2,4,Yes
63,145933,674,29,476076,0.42,5,5,Yes
23,37974,688,9,429315,0.09,4,4,No
30,42388,778,11,376483,0.52,3,1,Yes
53,100591,703,13,276871,0.76,5,5,No
39,141918,767,26,127179,0.35,3,1,Yes
35,38615,804,2,201976,0.72,1,3,Yes
29,57886,382,27,375911,0.66,3,1,No
47,42838,618,1,162605,0.17,5,1,Yes
57,60728,366,27,239285,0.64,1,3,No
24,136249,713,18,166480,0.44,3,2,Yes
49,98000,752,30,108523,0.74,1,3,Yes
36,72798,497,10,332449,0.19,5,3,No
23,125900,558,20,374738,0.14,1,2,No
37,92776,597,6,241980,0.23,5,3,No
44,90478,579,17,413254,0.09,0,4,No
60,39622,599,28,375031,0.29,5,1,Yes
54,33536,428,30,449015,0.26,1,3,Yes
24,87136,797,13,80759,0.36,5,0,Yes
22,25700,737,6,54061,0.4,5,1,Yes
28,58839,591,21,424470,0.16,4,4,No
32,30248,506,29,162794,0.51,4,4,No
20,65291,593,6,286352,0.22,1,3,No
22,102629,328,22,327784,0.14,4,2,No
40,104891,478,8,91090,0.58,3,0,No
54,145612,340,22,191133,0.07,4,3,No
26,37177,769,29,287309,0.33,0,2,Yes
32,39483,491,11,360620,0.16,4,4,No
20,63815,643,28,417728,0.71,3,1,No
46,140718,577,5,473216,0.67,5,4,No
23,58533,654,25,138051,0.1,3,3,Yes
34,20026,828,23,360953,0.46,1,2,Yes
43,124997,385,6,404828,0.27,2,3,No
38,80611,616,21,31763,0.19,3,4,No
25,107242,636,3,404238,0.28,1,0,Yes
38,44660,444,15,64750,0.66,1,4,No
28,75103,614,6,211376,0.09,4,3,Yes
55,72253,524,27,164127,0.54,4,2,No
25,124913,722,7,459105,0.74,1,3,Yes
59,62082,353,7,78368,0.39,5,1,No
41,36258,367,27,391493,0.73,0,1,No
52,123613,633,27,391003,0.73,5,2,Yes
31,118315,376,19,153711,0.51,1,4,No
31,109690,838,25,197104,0.39,4,3,Yes
27,115220,454,24,5299,0.6,3,5,No
29,35389,371,2,124209,0.74,0,5,No
55,111860,800,8,483178,0.56,2,1,Yes
61,47685,746,18,395521,0.21,5,0,Yes
63,79220,658,12,101190,0.67,3,1,No
51,47195,576,6,379677,0.76,4,4,No
58,41797,612,19,350344,0.36,3,2,No
27,131975,404,20,149100,0.57,3,0,No
34,91310,394,28,30437,0.44,4,3,No
34,117169,518,14,9589,0.13,3,3,No
20,134867,427,18,340813,0.31,1,5,No
48,86332,499,1,241008,0.17,5,2,No
18,125583,631,11,460861,0.56,0,0,No
29,113925,846,7,458133,0.49,5,0,Yes
56,82907,591,29,348139,0.08,4,0,Yes
21,27188,365,22,417384,0.1,0,2,No
59,43696,703,22,330989,0.25,1,2,Yes
30,22024,445,7,340078,0.61,4,3,No
51,93202,829,12,290236,0.15,1,1,Yes
59,55985,701,0,257933,0.2,2,4,Yes
38,26584,424,27,148449,0.73,2,3,No
39,110998,813,23,123847,0.46,2,5,Yes
21,47044,631,9,210911,0.52,0,5,No
35,146267,779,27,358312,0.39,5,5,Yes
22,25285,697,29,51635,0.27,5,0,Yes
36,83115,329,29,105604,0.24,2,1,No
19,27370,355,20,60402,0.49,2,4,No
29,37903,431,23,225961,0.4,1,0,No
34,52499,530,8,347945,0.35,3,2,No
27,117904,694,28,107295,0.57,3,1,No
51,42995,451,1,349577,0.35,5,2,No
23,125160,801,18,107535,0.08,5,4,Yes
25,55200,805,21,275456,0.68,2,5,Yes
28,108377,685,24,89767,0.29,5,4,Yes
29,90402,832,13,67263,0.76,3,0,Yes
26,33566,747,9,169957,0.71,2,2,No
19,57822,425,9,456064,0.23,2,3,No
25,127412,788,7,461710,0.77,0,5,Yes
28,71222,745,13,311095,0.69,4,3,Yes
53,114088,769,12,375263,0.79,3,2,Yes
27,120085,648,5,176701,0.56,2,4,No
38,110450,807,20,433222,0.75,3,5,Yes
37,70668,756,29,372048,0.57,0,1,Yes
25,129366,684,12,477783,0.69,0,5,No
53,130078,747,2,466185,0.51,2,2,Yes
46,83853,414,27,161450,0.75,3,0,No
59,74643,751,19,290537,0.44,3,3,No
29,143794,418,28,143238,0.6,3,5,No
31,42333,392,12,107677,0.74,0,0,No
38,35958,820,22,373594,0.37,1,1,Yes
39,72442,837,22,334151,0.07,1,3,Yes
38,40954,732,18,341698,0.13,3,3,No
61,95174,444,15,296760,0.78,3,3,No
47,119683,367,3,428987,0.7,4,5,No
56,29675,430,2,153884,0.41,2,0,No
37,109590,580,14,130323,0.77,0,4,No
41,128570,812,14,59026,0.19,4,0,Yes
40,51661,300,17,258683,0.13,3,4,No
24,84289,731,21,151101,0.5,5,5,No
26,37184,690,6,336986,0.34,1,2,Yes
18,67963,565,19,280321,0.3,1,3,No
43,45822,698,4,467533,0.6,4,0,Yes
55,82303,555,7,424817,0.16,1,1,Yes
55,96465,694,24,416917,0.63,1,1,Yes
61,25267,473,22,11688,0.32,5,4,No
39,72647,344,9,153462,0.79,2,4,No
61,147714,440,29,498157,0.66,3,3,No
27,82814,838,0,358100,0.53,4,4,Yes
23,56025,349,10,42879,0.22,5,1,No
34,141246,360,29,356513,0.77,0,0,No
55,97605,542,2,476437,0.07,0,0,Yes
41,20981,568,26,37492,0.22,5,4,No
27,63436,439,20,155743,0.08,3,4,No
25,38472,456,2,131383,0.77,0,5,No
38,39336,575,14,387272,0.7,5,1,No
23,45587,330,16,106165,0.76,1,2,No
38,97192,307,17,316934,0.59,2,0,No
56,112862,332,7,341364,0.07,4,4,No
41,104046,751,22,32574,0.75,4,5,Yes
50,139500,748,12,76261,0.37,1,5,Yes
35,126367,336,9,410065,0.33,3,5,No
45,73013,333,2,449543,0.26,2,5,No
49,140591,754,19,232401,0.27,0,3,Yes
29,104511,743,13,125283,0.65,4,4,Yes
59,29665,536,12,167243,0.24,4,4,No
44,47097,511,2,104789,0.22,3,5,No
27,111277,439,12,168723,0.57,2,0,No
63,72474,660,19,404797,0.27,5,4,No
59,91973,603,23,200839,0.06,0,3,Yes
49,45185,595,24,189767,0.75,4,3,No
59,95911,451,22,141293,0.29,4,5,No
43,112643,522,8,128438,0.62,0,3,No
42,50484,495,29,57900,0.4,2,1,Yes
28,148311,598,24,96081,0.15,2,3,Yes
40,121165,828,15,217735,0.55,2,5,Yes
51,65610,787,22,141104,0.22,4,5,Yes
57,70807,510,22,437410,0.27,5,5,No
40,70907,531,7,41777,0.07,1,0,No
46,77389,666,11,216703,0.06,4,2,Yes
48,45835,780,25,157779,0.44,3,4,Yes
24,115279,478,27,127965,0.09,3,4,No
57,116453,783,11,223435,0.21,5,4,Yes
50,124531,794,18,166692,0.74,4,3,Yes
38,73790,846,23,207915,0.11,4,3,Yes
19,96960,315,16,132852,0.27,0,3,No
35,29643,765,28,434112,0.59,2,2,No
64,95846,701,14,42069,0.71,5,2,Yes
50,38951,593,21,469779,0.08,0,2,No
54,112104,470,17,457755,0.19,5,2,No
51,35233,331,6,250036,0.34,3,2,No
37,33200,562,12,394910,0.32,3,4,No
52,72275,514,18,398149,0.27,1,4,Yes
35,107084,488,15,115549,0.23,2,2,Yes
63,96068,560,10,125097,0.25,2,4,Yes
41,109001,481,25,350010,0.15,5,2,No
25,41291,804,4,253968,0.17,3,2,No
47,62448,641,25,64337,0.51,0,2,Yes
61,50580,321,1,73976,0.27,4,4,No
27,111685,373,0,6545,0.35,2,1,No
40,41346,465,15,135867,0.36,4,1,No
28,30619,533,4,181684,0.13,3,5,No
19,125454,674,24,319803,0.66,1,5,No
43,21766,732,30,429696,0.77,3,1,No
53,23549,633,24,299941,0.25,4,0,Yes
50,38693,839,6,244039,0.27,3,1,Yes
64,82019,334,29,101480,0.57,2,1,No
30,117458,743,8,426552,0.11,5,1,No
57,145284,530,3,369127,0.73,5,3,No
42,127938,617,18,216372,0.14,4,2,No
21,147673,642,26,62872,0.6,4,5,Yes
59,120280,729,19,485283,0.27,1,4,Yes
36,68328,765,14,70661,0.29,2,3,Yes
35,97701,378,6,304820,0.16,0,2,No
54,109100,748,23,164504,0.53,1,1,Yes
47,120794,581,17,404858,0.65,2,1,Yes
36,45301,356,4,450626,0.76,5,3,No
40,64763,490,20,177685,0.3,0,4,No
33,40765,762,28,102651,0.52,5,3,Yes
18,64787,341,24,132113,0.36,4,3,No
29,140675,785,28,95061,0.47,5,5,Yes
41,27425,472,28,182488,0.17,1,2,Yes
51,32857,549,30,374380,0.49,4,0,No
25,72771,809,12,449629,0.69,4,5,Yes
35,112999,801,2,438937,0.7,4,4,Yes
22,42444,492,27,160938,0.41,2,4,No
43,148489,464,5,81719,0.23,0,3,No
47,61457,389,30,197057,0.68,2,3,No
30,122280,357,25,494842,0.8,4,1,No
36,99741,562,11,343449,0.33,1,3,No
46,20704,542,20,147003,0.74,5,2,No
20,25452,518,17,154149,0.79,4,1,No
43,131153,308,17,240263,0.35,0,0,No
57,58862,729,3,452012,0.59,2,2,No
29,81471,312,27,30895,0.49,0,4,No
19,89217,524,19,204429,0.59,2,4,No
28,106058,366,30,319958,0.17,5,2,No
61,38300,802,22,102272,0.33,0,5,Yes
45,29566,483,13,85290,0.1,0,3,No
35,27501,507,27,315937,0.51,2,3,No
30,21845,827,13,199920,0.75,2,3,No
54,139342,599,0,86754,0.47,2,4,No
39,59181,540,10,311333,0.1,3,2,No
29,77263,754,21,321490,0.75,5,3,Yes
19,126294,829,26,268539,0.15,0,5,Yes
54,127932,543,28,188191,0.71,3,1,No
24,98766,537,8,8961,0.59,3,4,No
43,83038,545,17,40382,0.53,4,5,Yes
43,137778,644,27,249429,0.49,3,2,Yes
41,103290,783,4,355934,0.15,3,5,Yes
29,136616,609,9,285072,0.43,2,2,Yes
33,54404,583,14,239601,0.2,2,2,Yes
40,42564,337,26,279237,0.48,1,2,No
57,117898,331,9,216310,0.39,5,0,No
26,77435,542,15,181529,0.56,0,1,No
49,38227,591,3,96892,0.79,5,5,No
32,110296,591,3,144058,0.32,3,0,No
54,147703,681,7,293870,0.51,3,5,Yes
30,115259,437,29,249036,0.7,0,3,No
22,144451,499,5,83196,0.12,5,5,No
28,67475,634,22,189657,0.65,2,0,No
27,37215,746,10,339714,0.23,2,0,No
30,147320,647,27,456616,0.46,0,4,Yes
58,91074,577,24,69619,0.79,0,2,Yes
63,41699,831,12,244013,0.79,2,0,Yes
32,128621,698,18,411796,0.29,0,2,No
59,32454,690,10,113464,0.15,5,1,Yes
24,68217,309,1,481232,0.75,2,0,No
57,126759,848,2,457441,0.72,0,4,Yes
45,148471,358,14,399420,0.51,2,4,No
49,41711,387,23,29331,0.07,1,3,No
52,35059,758,12,258079,0.61,2,0,Yes
32,68398,403,24,139655,0.17,2,1,No
53,21286,403,9,217864,0.76,3,2,No
38,54297,553,4,311243,0.38,5,5,Yes
23,128304,634,23,393998,0.51,2,5,No
18,124959,762,29,12539,0.26,0,5,Yes
21,120181,848,10,311523,0.41,4,5,No
28,128245,600,22,323436,0.62,0,0,Yes
61,46485,640,27,498558,0.42,3,3,No
43,79967,791,13,391756,0.69,0,4,Yes
54,117803,383,27,223918,0.58,1,5,No
40,149745,558,28,144295,0.11,4,0,Yes
46,74583,659,24,342840,0.51,4,3,No
38,144077,386,19,483110,0.51,5,1,No
62,71630,727,14,429555,0.34,3,5,No
62,131359,666,12,69590,0.29,5,2,Yes
44,47086,642,25,278666,0.1,4,1,Yes
56,36484,646,2,106872,0.38,2,1,Yes
57,88623,395,8,491253,0.3,3,5,No
30,124132,554,7,33014,0.76,5,2,No
40,142113,435,14,127894,0.56,1,0,Yes
33,79263,547,22,49082,0.4,4,2,Yes
47,38675,798,0,472050,0.62,4,3,No
21,140155,785,1,57945,0.63,3,1,No
57,80664,701,8,394588,0.41,4,5,Yes
33,44680,711,20,463953,0.11,4,2,Yes
48,37077,747,16,78492,0.64,1,4,No
59,140474,546,8,143457,0.12,1,2,No
42,58174,720,0,331696,0.69,3,2,No
61,96968,423,7,469759,0.3,4,3,No
29,23491,559,4,432778,0.53,5,5,No
43,66126,468,29,334088,0.61,0,1,Yes
54,131658,410,10,399132,0.08,3,3,No
50,23392,589,27,332370,0.34,5,3,No
45,82257,312,5,58583,0.5,1,4,No
26,87804,562,16,209386,0.69,0,3,No
29,58400,322,17,113180,0.59,5,5,No
22,56551,499,22,76882,0.72,5,3,No
45,48088,541,17,119173,0.11,4,4,Yes
52,100015,538,4,434150,0.1,3,0,No
22,45465,602,26,21448,0.59,3,3,Yes
51,68155,464,24,255408,0.35,1,2,No
63,107893,475,4,451687,0.41,2,3,No
51,25969,328,27,434634,0.5,2,1,No
30,28981,834,18,19715,0.79,2,2,Yes
56,41032,593,26,240774,0.1,3,2,Yes
59,74091,776,12,432999,0.13,1,0,Yes
62,127154,682,21,30897,0.67,1,1,Yes
31,44408,595,6,107328,0.07,2,1,No
28,44241,633,25,158770,0.39,0,1,Yes
59,67940,547,13,46572,0.63,2,3,Yes
55,102938,540,26,144915,0.2,3,3,Yes
21,71105,405,25,298695,0.19,0,2,No
50,111302,422,26,104691,0.28,1,0,No
24,81050,334,7,32442,0.16,4,3,No
58,23657,715,30,162768,0.56,5,5,Yes
25,41230,626,2,92099,0.2,0,5,Yes
54,38680,594,26,486734,0.22,1,3,No
27,102694,731,3,93399,0.48,0,0,Yes
60,104731,646,9,9763,0.78,2,1,Yes
32,62340,336,3,294915,0.74,0,2,No
55,55950,811,17,364878,0.7,0,3,No
32,98515,834,30,353173,0.45,0,0,Yes
22,27867,317,22,141607,0.27,3,0,No
46,100691,326,11,37519,0.58,5,1,No
36,98542,835,19,396194,0.34,3,4,Yes
27,24329,328,19,148092,0.63,5,4,No
29,108087,416,14,165817,0.06,2,4,No
21,55865,431,30,298050,0.45,4,4,Yes
48,86940,588,12,434112,0.3,3,3,No
35,146681,535,11,91786,0.24,4,5,No
33,57869,341,7,16297,0.55,3,5,No
57,86905,459,21,447905,0.54,1,0,No
53,140185,424,21,455297,0.08,1,5,Yes
42,124969,559,26,396140,0.76,0,5,Yes
40,103984,575,8,59183,0.32,4,2,Yes
29,145172,512,19,457978,0.74,0,5,No
51,121069,772,8,199645,0.49,5,5,Yes
53,137505,730,16,424999,0.54,0,5,Yes
54,109711,379,26,265520,0.77,3,3,Yes
20,86252,527,24,217865,0.67,3,4,No
26,99386,394,30,240374,0.16,0,2,No
35,138728,723,0,313935,0.05,5,2,No
60,21711,815,30,245745,0.28,3,5,Yes
52,45801,464,22,297230,0.42,5,5,No
51,107287,725,5,225671,0.6,1,4,Yes
58,124565,341,6,113818,0.55,1,2,No
31,134696,702,8,362664,0.28,4,3,Yes
21,110709,715,9,88957,0.46,1,1,Yes
46,73270,599,3,394377,0.54,5,3,No
58,91622,354,15,309066,0.44,0,3,No
62,75535,635,11,268387,0.57,2,1,Yes
32,144488,729,8,192341,0.41,3,4,Yes
45,132666,633,2,128412,0.45,0,4,Yes
59,96759,705,25,309973,0.76,3,1,Yes
33,36220,329,26,57282,0.34,4,5,No
29,33392,834,26,157935,0.62,0,3,Yes
22,105587,816,8,299481,0.3,0,0,Yes
51,22246,520,28,367101,0.3,0,2,No
59,40010,793,16,422904,0.75,4,2,Yes
18,146951,552,13,12974,0.57,0,2,Yes
56,88358,620,4,145563,0.75,3,0,No
49,110203,338,30,269448,0.8,2,3,No
43,37234,764,25,427216,0.05,0,4,Yes
34,116190,710,20,355984,0.79,4,5,No
44,135795,711,0,278642,0.13,4,1,No
41,69451,791,0,345018,0.1,0,2,Yes
52,142790,737,2,129581,0.63,4,5,Yes
63,145223,778,8,139886,0.31,1,0,Yes
59,149670,371,22,488548,0.74,5,5,No
56,95205,519,5,130710,0.46,4,1,No
43,41784,303,8,97755,0.34,2,3,No
55,49672,589,3,34925,0.11,1,0,Yes
40,21082,679,19,197296,0.4,3,5,No
39,31148,654,18,345189,0.26,1,0,Yes
21,47494,379,4,173878,0.11,2,1,No
26,126471,365,4,447009,0.55,5,1,No
21,95093,435,27,18365,0.78,1,2,No
24,71952,698,13,231934,0.33,0,3,Yes
40,130032,646,9,434765,0.27,4,1,Yes
19,56719,358,22,39726,0.12,0,2,Yes
41,132981,818,15,55448,0.22,0,5,Yes
57,68737,536,22,437325,0.26,0,2,No
48,79453,378,30,330759,0.31,1,1,No
64,127271,414,5,387555,0.53,3,0,No
48,59536,761,19,276368,0.14,5,5,Yes
64,70604,425,22,337762,0.09,4,0,No
57,70833,799,13,353386,0.75,1,0,Yes
60,34039,401,17,196021,0.65,5,2,No
51,87839,473,28,176141,0.26,0,0,Yes
41,67931,751,27,183115,0.53,2,3,No
43,59925,391,8,479127,0.49,2,0,No
33,71003,684,6,429150,0.61,0,5,No
64,103817,504,17,229367,0.69,3,5,No
30,68897,662,9,34526,0.32,5,0,Yes
32,107745,797,1,286756,0.55,4,2,Yes
44,146298,836,12,350539,0.65,5,5,No
21,113709,533,5,130245,0.57,1,4,Yes
33,62287,315,26,171247,0.74,3,3,No
47,110726,440,22,487679,0.42,2,2,No
61,53012,719,8,120623,0.65,0,3,Yes
47,127252,755,30,247621,0.73,1,3,Yes
53,61783,599,19,48927,0.47,3,0,Yes
20,129323,638,7,370863,0.06,5,3,Yes
39,105727,602,29,498765,0.66,3,0,No
39,88315,375,9,27073,0.68,3,3,No
29,103766,615,15,265493,0.35,5,5,No
38,66491,799,14,392661,0.22,1,4,Yes
21,108941,374,12,91257,0.78,4,3,No
48,78584,665,17,142644,0.46,5,1,Yes
61,32803,845,5,402166,0.44,1,0,Yes
48,69625,695,19,351722,0.76,5,4,No
40,138819,530,23,453517,0.36,0,0,Yes
37,113361,327,8,15006,0.69,1,4,No
32,33698,774,17,176325,0.58,3,0,Yes
40,54560,594,6,221275,0.78,4,1,No
45,35376,726,22,481432,0.37,4,5,No
33,103654,390,23,425947,0.73,0,1,No
54,33117,414,28,170487,0.48,0,4,No
38,125519,458,4,52813,0.41,2,2,Yes
32,76381,557,10,455919,0.28,2,0,No
34,57956,672,12,254212,0.46,2,2,No
54,68786,389,2,131491,0.48,1,3,No
30,146822,597,0,473108,0.72,4,1,No
36,133005,330,3,439076,0.58,0,0,No
47,123585,657,18,27013,0.67,2,1,No
62,107778,769,17,8244,0.63,0,3,Yes
35,86480,427,5,225179,0.26,2,5,No
31,51695,569,22,238401,0.2,1,4,Yes
53,21511,797,9,199512,0.24,5,0,No
53,73233,712,6,82428,0.16,1,0,Yes
37,131022,508,11,308606,0.34,3,0,No
36,42502,605,7,215485,0.54,0,4,No
62,70010,490,12,420970,0.45,5,1,No
61,138248,656,29,25588,0.56,5,4,Yes
24,110341,756,17,329326,0.32,3,5,Yes
61,112529,748,13,194759,0.2,5,1,Yes
21,93905,367,10,196795,0.2,1,5,No
51,130424,766,27,385644,0.5,5,0,Yes
19,66489,659,9,243378,0.17,1,4,No
22,120919,686,28,159710,0.35,5,5,Yes
27,103533,427,5,5785,0.21,5,3,No
49,101165,784,12,398443,0.55,0,4,Yes
59,51949,543,21,337627,0.51,3,1,No
58,88376,318,9,405693,0.34,5,0,No
30,99587,695,11,22211,0.15,5,1,Yes
56,113059,528,0,346574,0.21,3,2,No
22,87310,667,17,426603,0.4,3,0,Yes
27,98798,357,12,277361,0.78,0,3,No
27,89407,580,24,183560,0.25,0,3,Yes
55,93809,401,23,240632,0.19,0,2,Yes
44,37229,347,27,16556,0.22,4,1,No
38,47385,358,28,344248,0.58,5,3,No
25,62176,460,3,294058,0.74,1,1,No
18,114825,402,5,161776,0.11,4,0,No
45,23260,711,17,158538,0.61,4,4,Yes
56,117555,482,27,472234,0.42,1,0,Yes
31,23145,716,4,418148,0.67,5,1,No
38,117289,415,17,209296,0.37,2,5,No
47,27802,698,30,261676,0.05,2,2,Yes
38,22263,736,28,463811,0.56,2,5,Yes
26,46913,617,4,43199,0.66,0,0,No
34,77788,549,6,426993,0.73,0,3,No
22,28155,746,22,417270,0.48,3,0,Yes
48,20922,796,8,183264,0.14,3,0,Yes
57,92231,642,2,270483,0.33,4,0,Yes
55,40672,726,11,89709,0.64,3,2,Yes
60,58526,539,19,103118,0.42,0,1,No
36,65344,358,24,327678,0.57,4,2,No
53,142819,826,13,182027,0.05,3,3,Yes
50,39014,502,7,97604,0.1,3,1,Yes
30,93352,765,11,43316,0.56,2,3,Yes
31,111279,595,6,354166,0.27,0,1,No
50,60324,586,23,61670,0.34,4,1,Yes
46,134529,372,8,166713,0.53,1,5,No
60,114075,822,11,66745,0.13,5,0,Yes
53,115638,636,3,286190,0.67,3,0,Yes
61,58698,617,4,152657,0.16,0,2,No
27,97169,502,8,274231,0.6,4,1,Yes
48,43384,530,6,116638,0.27,5,3,No
23,23512,356,13,131041,0.24,0,0,No
18,26066,719,19,308574,0.67,0,5,No
24,51500,579,21,45711,0.46,4,3,No
44,143775,604,26,253786,0.2,2,5,Yes
38,98743,765,16,106660,0.05,5,0,Yes
45,105642,473,0,492082,0.78,2,1,No
33,149587,565,24,441532,0.37,3,3,No
63,99858,546,14,238349,0.35,2,2,Yes
40,74800,377,23,214628,0.09,3,2,No
37,83140,552,14,48543,0.72,3,2,Yes
55,120364,774,28,402687,0.16,4,0,Yes
42,132317,475,0,459345,0.3,0,0,No
45,104954,720,28,32122,0.37,1,2,Yes
22,22387,760,14,261635,0.66,1,3,Yes
38,76160,553,26,254997,0.32,2,0,Yes
35,79241,819,1,73659,0.45,4,2,Yes
64,93567,406,28,344013,0.37,1,0,No
23,21799,470,3,56459,0.28,0,4,No
46,139095,357,16,305915,0.76,3,3,Yes
36,55548,636,15,336470,0.65,3,1,Yes
50,53895,641,17,37036,0.18,4,3,No
18,110450,589,20,60087,0.47,2,1,Yes
62,125669,383,15,171950,0.65,0,2,No
20,100171,416,7,488675,0.48,2,0,No
59,60379,833,5,399817,0.42,2,2,Yes
38,65414,518,30,410004,0.1,4,5,No
52,93071,401,21,189001,0.13,3,1,No
58,132808,755,19,419523,0.23,2,4,Yes
57,127668,825,1,425345,0.44,2,1,Yes
20,88344,565,18,199941,0.79,0,0,Yes
42,98591,586,12,148784,0.65,5,4,Yes
62,113141,440,21,289447,0.13,3,0,Yes
55,112201,705,21,51515,0.59,2,4,Yes
62,118303,592,20,152076,0.66,5,0,Yes
37,24297,330,5,352842,0.36,1,1,No
61,129513,470,26,242889,0.3,5,1,No
62,148668,654,5,360917,0.49,1,1,Yes
51,106479,504,12,81025,0.44,3,1,Yes
38,118752,777,0,387695,0.25,3,4,No
40,25008,590,21,87099,0.35,4,3,Yes
23,106813,410,20,287493,0.46,5,3,No
30,135481,367,23,313203,0.48,2,2,No
40,36820,672,8,195128,0.45,1,3,No
26,91548,495,29,193444,0.68,5,2,No
34,42253,425,21,229751,0.07,1,1,No
19,49202,561,28,184877,0.3,3,0,Yes
36,49236,454,11,151757,0.61,3,3,No
36,87156,407,11,490361,0.54,0,3,No
24,131888,722,25,439913,0.74,0,1,Yes
59,146381,334,3,369167,0.49,3,1,No
59,80263,343,18,388162,0.53,0,3,No
37,138996,715,15,119742,0.58,3,1,Yes
26,119252,584,25,474869,0.19,5,3,No
34,138632,746,11,486793,0.61,3,0,Yes
44,94855,817,0,293153,0.27,4,5,Yes
64,36575,326,22,389830,0.37,0,0,No
19,32204,526,20,115138,0.06,2,2,No
53,31952,724,3,123871,0.68,2,3,Yes
36,146610,667,8,24678,0.77,5,5,No
34,103323,609,6,41623,0.1,4,0,No
22,71142,404,9,18369,0.53,2,5,No
56,53872,317,12,433735,0.77,2,0,No
35,49376,504,7,229817,0.51,5,4,No
24,86084,342,19,366172,0.65,5,5,No
34,31640,388,9,374893,0.14,4,0,No
56,46437,456,27,210977,0.23,1,2,No
53,147129,565,9,47256,0.31,4,0,No
57,107681,433,7,242425,0.79,4,1,No
62,143450,763,19,346037,0.64,0,4,Yes
21,27903,431,14,96006,0.71,2,3,No
55,103704,333,0,89419,0.42,2,2,No
42,46863,382,26,399545,0.59,1,5,No
22,63381,431,14,97586,0.6,4,5,No
47,48548,727,23,396285,0.48,3,0,No
29,69956,503,16,298551,0.71,1,3,No
21,94526,635,12,124805,0.17,1,0,Yes
41,31467,796,11,449995,0.09,2,4,Yes
46,77954,741,2,83074,0.28,2,3,Yes
26,43901,557,22,417050,0.12,2,1,No
21,75983,591,18,52303,0.1,2,5,Yes
41,43301,424,28,112665,0.36,1,1,No
31,144686,474,23,231354,0.2,5,5,No
22,122542,791,4,306969,0.64,4,3,Yes
35,105180,379,2,344311,0.48,5,1,No
59,89903,604,20,193089,0.32,5,2,Yes
36,123955,809,4,48327,0.26,2,5,Yes
29,36204,643,23,74830,0.47,0,4,Yes
35,39755,390,27,309568,0.38,1,2,No
34,79817,468,8,457752,0.09,3,3,No
47,22093,633,5,378818,0.55,3,2,No
41,145022,535,15,88650,0.42,4,5,No
28,89537,698,9,471901,0.26,1,4,Yes
52,116319,776,15,183318,0.27,1,4,Yes
40,42940,834,2,65638,0.39,1,5,Yes
34,93346,387,17,497643,0.67,5,3,No
18,64040,552,10,421793,0.37,0,5,No
32,57322,657,18,168247,0.68,0,2,Yes
49,148714,357,24,386453,0.37,5,5,No
26,111544,698,22,199681,0.67,2,4,Yes
32,104437,820,14,119952,0.75,5,3,Yes
45,112969,824,10,380814,0.07,3,5,Yes
41,127001,716,26,351093,0.1,5,4,Yes
52,107725,692,24,63587,0.15,0,5,Yes
39,135784,521,28,401982,0.14,3,0,Yes
44,130675,628,30,306968,0.39,5,0,Yes
36,114266,671,21,293200,0.62,1,4,Yes
62,29236,810,23,13299,0.77,0,3,Yes
29,132073,452,9,303475,0.36,3,0,Yes
37,92597,779,26,193295,0.57,0,4,Yes
18,104124,319,8,442082,0.53,1,5,No
38,23902,527,2,394755,0.34,1,1,No
62,119656,645,22,143921,0.59,1,5,Yes
18,54364,318,8,149843,0.49,2,2,No
27,127071,743,17,296748,0.62,5,4,Yes
64,141668,667,11,404251,0.2,3,0,Yes
49,118983,446,22,478856,0.32,2,4,No
56,114410,803,20,462736,0.55,4,5,Yes
39,40096,729,23,78495,0.14,4,3,Yes
35,32020,739,15,8196,0.63,0,0,Yes
63,78473,497,3,317481,0.15,0,3,No
49,130400,586,0,41899,0.29,0,3,Yes
44,64153,668,26,417675,0.23,2,5,No
45,61277,539,12,202020,0.1,5,3,No
35,107221,586,30,98270,0.25,1,4,Yes
56,58502,694,25,472426,0.73,0,0,Yes
46,35675,817,7,81687,0.07,0,3,Yes
35,44365,359,30,172687,0.06,5,1,No
61,107812,844,5,407010,0.58,4,2,Yes
25,138384,602,28,291502,0.33,1,4,Yes
48,98229,543,7,38849,0.22,2,1,No
51,109049,506,18,67603,0.43,5,0,No
24,72148,674,23,230451,0.25,1,2,Yes
53,109157,582,23,124043,0.34,4,3,Yes
35,109247,777,11,94582,0.59,2,1,Yes
55,125711,321,0,471968,0.14,3,1,No
26,130090,648,3,275533,0.77,0,3,No
26,113321,788,22,253386,0.08,2,5,Yes
63,88078,557,12,177454,0.65,4,5,No
25,102598,346,29,350205,0.59,1,3,No
52,90902,326,26,323231,0.26,2,1,No
35,46465,326,16,398172,0.14,4,0,No
22,52286,696,18,342925,0.69,5,4,Yes
31,74795,444,18,219112,0.56,2,0,No
45,60178,821,21,82895,0.27,0,0,Yes
47,128139,420,4,364328,0.06,5,4,No
21,99183,761,27,140599,0.75,1,0,Yes
56,123845,681,10,454474,0.35,5,2,No
37,69986,717,30,115971,0.18,1,3,No
42,63201,626,6,490121,0.73,2,1,No
45,63315,690,2,273837,0.32,5,4,No
29,95396,596,10,304815,0.4,4,0,No
19,75178,383,16,37823,0.57,0,1,No
60,30745,445,10,486894,0.66,0,5,No
31,143160,470,14,346094,0.13,2,2,No
39,142658,633,18,236639,0.72,3,0,Yes
48,92354,723,7,193436,0.75,5,0,Yes
40,99637,608,15,229882,0.24,2,0,Yes
37,25028,825,20,257113,0.42,5,2,Yes
55,118261,646,14,373930,0.69,0,3,Yes
21,68566,601,2,85586,0.42,5,1,Yes
32,63722,646,29,285522,0.41,1,0,Yes
41,106623,707,23,22218,0.51,2,5,Yes
42,131074,432,5,255043,0.63,2,0,No
18,94974,405,30,239646,0.55,1,2,No
24,103692,470,2,478024,0.52,5,2,No
48,104084,549,29,412742,0.33,2,1,Yes
29,59879,843,4,85278,0.52,4,1,Yes
59,44767,561,0,123997,0.13,1,5,No
22,137523,793,21,178946,0.36,1,0,Yes
61,137353,543,30,114097,0.19,5,5,Yes
59,124417,750,13,366949,0.45,1,5,Yes
55,88099,589,11,347975,0.25,0,5,No
29,68657,562,12,86089,0.43,2,0,No
56,28498,613,13,311425,0.63,3,0,Yes
35,93667,384,24,353752,0.38,2,0,No
19,45107,714,11,205744,0.21,2,0,Yes
27,48793,628,22,412921,0.22,0,5,No
32,22696,344,30,152475,0.73,4,2,No
47,73839,632,26,284560,0.64,4,3,Yes
61,109241,764,12,46784,0.08,0,1,Yes
34,43397,499,23,117251,0.76,0,2,No
21,27704,500,5,221266,0.13,0,4,No
24,140259,628,26,68376,0.54,2,4,Yes
58,142024,539,20,278997,0.46,0,4,No
48,36442,658,14,33369,0.09,3,1,Yes
56,83788,659,27,183193,0.27,1,0,Yes
51,149576,677,21,5747,0.63,4,4,Yes
23,29765,684,22,179398,0.28,5,4,No
55,135828,764,15,381519,0.41,3,3,Yes
62,30002,521,8,175844,0.57,5,2,No
51,148781,664,7,350031,0.1,4,5,Yes
61,31390,371,4,446625,0.67,2,1,No
32,64436,539,14,205155,0.08,2,1,Yes
31,147374,803,6,496463,0.25,0,3,Yes
23,104482,713,23,394371,0.62,4,4,No
54,137540,426,16,427227,0.73,2,5,No
49,134548,786,15,351862,0.62,2,5,Yes
20,26641,826,23,237391,0.22,5,3,Yes
20,53709,547,10,191829,0.79,5,0,No
39,131119,781,6,318100,0.36,4,4,No
39,59309,611,10,196094,0.33,2,5,No
27,35624,743,27,334703,0.7,0,1,No
20,29966,582,27,79128,0.1,2,5,No
29,109350,301,1,195834,0.47,3,2,No
46,54189,373,1,330913,0.77,3,3,No
34,91301,363,27,298253,0.13,0,5,Yes
24,115758,646,5,91352,0.46,3,5,Yes
30,135123,623,2,31499,0.15,5,5,Yes
19,37223,538,0,162016,0.72,2,3,No
21,122305,696,30,364942,0.49,3,1,Yes
27,98183,636,23,179352,0.23,3,5,No
56,123552,640,22,368772,0.28,2,5,No
41,24959,578,19,388995,0.44,4,4,No
34,47257,652,15,416477,0.59,0,4,No
23,117520,762,13,179719,0.42,4,4,Yes
36,70802,761,16,325885,0.19,4,5,No
22,107748,592,17,290489,0.58,3,5,Yes
49,144125,706,24,408327,0.14,1,5,Yes
27,136949,461,3,414605,0.66,4,2,No
26,143795,802,2,108837,0.35,2,2,Yes
44,47215,747,7,194001,0.54,2,4,No
30,75046,754,3,145785,0.31,2,2,No
36,140966,564,22,239551,0.55,1,3,Yes
38,122193,431,14,434862,0.72,1,5,No
41,141585,419,12,418069,0.58,5,4,No
55,114593,518,13,145085,0.55,0,2,No
21,54094,716,29,124021,0.62,1,5,Yes
41,58669,804,13,126321,0.43,0,5,Yes
52,56126,599,4,8093,0.22,5,3,Yes
20,119889,408,4,445760,0.66,2,3,No
21,99036,537,26,475056,0.54,1,2,No
54,129864,592,21,448225,0.29,3,4,Yes
57,140333,486,27,365201,0.26,5,4,No
52,36772,335,12,162953,0.42,3,2,No
48,68586,555,3,241994,0.21,3,2,Yes
61,71943,734,17,166839,0.71,1,0,Yes
42,88868,307,5,438961,0.64,1,3,No
57,69855,477,28,105854,0.28,1,4,Yes
30,149948,541,4,326674,0.09,3,1,No
21,42218,340,2,38993,0.09,2,3,No
63,121124,656,19,479763,0.27,4,5,Yes
31,101008,412,2,32132,0.16,2,4,No
30,77205,465,2,177685,0.7,1,5,No
44,24959,803,19,241829,0.37,4,0,Yes
23,102979,377,1,61552,0.31,5,3,No
34,65134,495,19,211139,0.21,4,3,Yes
53,45874,701,25,75092,0.68,2,5,No
57,21301,363,26,138789,0.64,3,4,No
52,78017,724,17,266669,0.34,0,1,Yes
34,63319,341,29,106696,0.18,3,2,No
58,109616,672,9,422754,0.76,3,1,No
19,106219,605,23,247862,0.29,4,5,No
30,115192,508,25,440238,0.63,1,0,Yes
19,42455,766,20,306034,0.4,1,3,Yes
45,24112,603,28,189752,0.64,4,5,Yes
60,77033,691,6,211408,0.41,3,5,No
43,131067,452,26,251841,0.74,2,4,Yes
39,130078,661,19,306551,0.65,5,3,No
64,78360,563,25,290546,0.25,0,2,No
60,143089,515,21,256865,0.37,3,1,Yes
20,102418,842,28,163296,0.13,3,1,Yes
52,52145,823,27,199320,0.73,0,0,Yes
29,126924,493,13,116749,0.1,2,4,No
41,52735,326,9,337430,0.06,0,2,No
22,92781,345,19,280964,0.42,4,5,No
37,130135,357,30,265034,0.5,0,2,No
56,146031,312,15,368102,0.22,0,4,No
56,148305,348,5,250915,0.48,3,0,No
30,87641,393,16,255056,0.72,3,5,No
58,128049,750,5,302981,0.52,1,2,No
62,41711,678,21,219955,0.39,0,0,No
29,25630,309,17,419194,0.16,4,4,No
30,85488,815,27,411929,0.18,1,4,Yes
27,23206,523,9,307575,0.41,5,4,No
50,148843,680,9,298351,0.4,0,2,No
57,76289,840,8,207911,0.44,3,4,Yes
33,38953,601,30,273286,0.43,4,2,Yes
62,120932,502,21,270899,0.31,2,0,Yes
52,30068,495,27,249805,0.57,1,3,No
20,147874,621,14,333510,0.21,3,0,No
22,98930,717,10,264019,0.69,2,2,Yes
43,75916,641,28,116929,0.2,0,1,Yes
28,21067,688,6,175414,0.36,4,1,No
24,70658,308,17,346373,0.21,3,5,No
27,72165,831,1,273265,0.51,3,3,Yes
59,100781,448,1,164376,0.41,4,4,No
51,29859,682,25,53294,0.33,3,0,Yes
20,49164,828,12,355138,0.41,3,0,Yes
25,124946,311,10,69902,0.37,0,2,No
48,100913,775,24,235718,0.69,1,5,Yes
28,147580,352,18,244732,0.14,2,3,No
62,122370,735,28,310848,0.64,5,4,Yes
24,119251,505,19,225671,0.54,4,3,Yes
62,40773,353,0,443474,0.31,2,1,No
19,77295,789,16,258089,0.74,4,5,No
23,53939,643,19,301756,0.18,5,3,Yes
58,68599,468,29,182089,0.28,4,4,No
49,26114,460,17,382293,0.33,3,5,No
37,118475,826,7,363225,0.54,5,4,Yes
51,140370,826,12,384823,0.76,5,0,Yes
33,32818,586,3,421443,0.5,0,0,Yes
42,29335,711,18,326066,0.69,4,4,No
29,128355,821,2,332880,0.73,5,0,Yes
24,75008,498,5,87435,0.4,2,0,No
56,91745,460,27,469623,0.4,1,0,No
34,63148,688,28,247893,0.24,2,4,No
62,145373,773,5,420050,0.5,5,0,Yes
28,23577,680,21,429541,0.14,0,1,Yes
23,93916,423,5,222831,0.53,1,5,No
40,24076,371,23,296690,0.72,3,4,No
44,52925,467,7,93410,0.62,2,3,No
63,126081,583,24,425188,0.54,2,5,No
23,71869,793,16,201531,0.68,5,2,Yes
55,79314,335,9,450599,0.6,4,5,No
19,61205,474,23,270840,0.45,4,2,No
39,31095,498,4,243843,0.44,1,1,No
37,133583,415,18,57445,0.13,3,4,Yes
42,104715,614,10,356065,0.38,4,3,Yes
32,125504,519,9,154085,0.44,5,4,No
46,76680,433,2,418618,0.4,2,3,No
25,48400,421,21,435473,0.63,1,3,No
54,104297,720,23,127251,0.17,4,4,Yes
50,133151,791,9,334696,0.65,4,5,Yes
39,127345,588,1,329561,0.61,0,0,No
64,87346,352,27,46126,0.73,1,2,No
22,107110,504,8,38743,0.33,1,0,No
56,140120,647,4,353611,0.18,5,2,Yes
35,48562,350,20,307217,0.62,3,0,No
55,60663,339,16,284387,0.49,4,4,No
54,38510,549,5,287472,0.58,1,4,No
47,81608,517,28,5209,0.8,5,3,Yes
48,92489,478,10,14800,0.2,3,1,Yes
27,72182,850,26,70749,0.36,4,4,Yes
32,124627,482,4,354961,0.19,2,2,No
59,107667,463,6,295151,0.7,0,3,No
61,46883,676,6,305694,0.06,3,2,Yes
35,123909,796,3,438386,0.15,0,0,Yes
40,91427,760,20,423764,0.24,2,1,Yes
50,55844,773,9,164447,0.63,1,4,Yes
33,38728,336,29,133396,0.52,4,0,No
55,118923,618,23,332983,0.34,1,3,Yes
52,31094,711,17,126964,0.17,0,2,Yes
51,22407,655,0,192224,0.29,1,5,Yes
45,75412,528,13,228019,0.61,1,1,Yes
19,32644,563,5,357238,0.34,3,4,No
47,121308,786,10,55012,0.4,5,2,Yes
30,105834,651,13,222039,0.51,3,4,No
58,128982,741,19,449223,0.73,2,4,No
33,80746,758,28,470703,0.24,3,2,Yes
22,72748,324,25,475405,0.39,3,4,No
45,79021,430,2,433151,0.28,3,3,No
56,82651,669,15,338639,0.4,3,1,Yes
62,56807,735,15,219625,0.57,5,0,Yes
37,54072,523,6,102489,0.41,2,1,No
41,58398,651,7,433458,0.68,3,0,No
44,48669,784,26,215463,0.46,3,3,Yes
47,50161,496,27,485176,0.34,0,1,No
62,27282,408,3,367825,0.64,3,3,No
44,46539,519,11,264297,0.37,2,2,No
43,23307,618,11,31326,0.44,5,0,No
24,37745,381,30,491010,0.8,2,2,No
59,59433,836,9,397338,0.64,1,2,No
64,122598,731,11,352475,0.69,3,1,Yes
55,54555,307,10,320955,0.49,4,4,No
22,21073,448,10,205883,0.31,1,4,No
40,52683,397,14,58537,0.79,2,3,No
45,45741,400,5,62829,0.23,1,1,No
51,42286,666,28,14552,0.7,4,2,Yes
32,23599,761,26,471027,0.73,0,5,No
49,148513,713,10,20485,0.66,4,3,Yes
43,47293,558,30,431756,0.14,5,2,No
48,35389,655,1,344649,0.69,5,3,No
36,129649,310,23,318128,0.55,1,5,No
26,32318,715,21,182185,0.56,3,0,Yes
46,68875,549,26,143677,0.64,0,3,Yes
56,23055,849,8,104603,0.42,5,3,Yes
21,141164,421,10,86389,0.25,4,2,No
20,102579,364,15,160829,0.48,3,4,No
46,26320,601,12,391286,0.13,4,2,Yes
28,124817,424,12,49865,0.56,2,1,Yes
50,24642,611,21,67811,0.41,3,2,Yes
55,112694,490,21,13337,0.43,2,5,No
28,29321,749,27,239539,0.19,0,4,Yes
44,99968,458,17,82670,0.08,0,1,Yes
50,108293,652,20,400055,0.51,0,5,Yes
38,79618,562,24,238970,0.54,0,4,Yes
56,122770,705,0,218794,0.42,2,1,Yes
48,148099,316,19,473942,0.62,2,2,No
55,46044,559,9,58102,0.47,5,4,No
63,41971,654,25,284846,0.69,1,5,No
19,144982,788,29,21359,0.27,1,5,Yes
44,129762,513,18,355182,0.23,2,4,Yes
53,134183,538,16,299658,0.25,0,5,Yes
28,137159,479,0,239002,0.07,1,5,No
64,149338,718,30,475742,0.73,3,0,Yes
35,45727,442,0,441434,0.8,2,0,No
18,42559,616,16,401156,0.66,3,3,No
52,93820,543,14,28953,0.36,0,0,Yes
52,129062,531,28,197477,0.32,5,4,Yes
48,103201,602,1,209006,0.63,2,3,No
45,47476,630,10,43226,0.43,1,2,Yes
56,148901,547,20,7052,0.75,5,3,Yes
18,82683,582,1,453822,0.26,1,5,No
42,30991,586,19,443028,0.29,3,1,No
60,105097,331,8,404521,0.8,2,3,No
55,140355,799,18,406623,0.78,5,0,Yes
37,90047,829,1,267929,0.71,0,2,Yes
20,30796,680,15,241355,0.35,4,1,No
19,23881,362,19,203243,0.68,4,3,No
35,35668,427,8,478031,0.26,5,2,No
61,120717,827,19,389170,0.24,0,0,Yes
27,54312,462,30,150344,0.46,1,2,No
22,48106,550,27,277635,0.7,4,2,No
26,112758,594,20,344624,0.12,0,1,Yes
19,35729,478,3,401325,0.47,5,4,No
51,149354,528,28,410731,0.51,5,0,No
55,90320,693,23,387885,0.48,5,1,No
48,74913,695,29,435988,0.21,3,1,Yes
27,77026,371,12,420356,0.1,1,1,No
29,79402,617,14,77981,0.72,0,4,No
53,141649,678,30,300196,0.48,5,4,Yes
38,123930,435,19,311685,0.63,3,3,No
64,57282,677,1,134672,0.32,2,3,Yes
23,119449,418,27,244578,0.08,4,0,Yes
20,94638,829,19,138485,0.24,4,5,Yes
27,129802,822,17,416243,0.11,4,0,Yes
22,58218,686,24,470987,0.11,0,4,Yes
63,37950,568,26,407535,0.21,2,4,No
43,79739,823,29,426264,0.53,0,4,Yes
38,137693,846,23,456829,0.66,5,1,Yes
62,24507,785,8,428588,0.67,0,4,Yes
43,66303,737,19,76871,0.75,2,1,Yes
55,122552,410,0,492106,0.54,5,1,No
61,99059,621,2,54795,0.06,5,0,No
43,44667,826,22,200879,0.33,3,2,Yes
25,23992,476,16,126999,0.13,5,3,No
22,126826,850,10,69394,0.63,1,3,Yes
32,93563,837,23,97890,0.14,4,0,Yes
33,107680,772,24,439201,0.13,2,0,Yes
18,45530,687,7,375685,0.07,3,4,No
33,130276,397,20,369385,0.77,5,4,No
54,35305,710,11,75343,0.64,2,4,No
20,129097,674,10,413166,0.3,1,1,Yes
64,142733,469,29,339016,0.33,2,1,Yes
48,72129,355,27,142596,0.09,2,4,No
30,107267,624,12,481161,0.17,3,1,No
33,106209,559,14,459390,0.28,4,0,No
60,118833,639,24,305634,0.34,4,4,Yes
38,72044,703,19,317364,0.51,3,3,Yes
19,111378,831,24,440114,0.31,3,3,Yes
44,109363,473,16,435082,0.77,0,5,No
55,78817,837,11,20265,0.31,0,1,Yes
43,123038,459,26,211272,0.76,1,3,No
55,66666,309,18,360903,0.6,0,4,No
63,46173,555,19,34830,0.72,0,3,Yes
42,38909,643,10,84138,0.58,2,0,No
28,83967,835,9,408733,0.48,2,1,Yes
25,51007,672,16,480311,0.43,3,3,No
25,32985,734,27,406311,0.27,5,1,No
50,138449,345,21,314529,0.27,4,0,No
24,42525,354,12,317439,0.22,1,3,No
55,132293,377,15,289421,0.34,0,5,No
38,121046,790,30,94261,0.15,2,4,Yes
25,57403,571,19,483646,0.34,4,2,No
38,57193,849,19,101714,0.68,0,3,Yes
37,126965,410,16,451430,0.7,5,0,No
25,23830,314,4,176637,0.53,4,5,No
63,76144,377,8,464702,0.24,2,5,No
48,20533,800,21,238812,0.23,3,2,Yes
46,132554,717,30,368192,0.26,5,5,Yes
26,40946,574,23,447098,0.43,5,3,No
32,43504,793,26,259072,0.78,0,1,Yes
47,130551,496,3,58822,0.13,0,0,No
43,75715,675,8,6920,0.43,1,3,Yes
27,48255,362,15,145948,0.56,0,0,No
46,76441,660,6,420212,0.23,2,4,Yes
33,56855,843,13,404635,0.78,4,2,No
53,61721,409,13,276304,0.31,5,2,No
37,131597,493,6,36706,0.75,4,4,No
62,61850,818,23,437156,0.5,3,2,Yes
54,120659,758,15,305842,0.05,5,2,Yes
39,54723,600,17,205416,0.28,5,5,No
24,55739,795,27,442491,0.07,3,4,Yes
40,149357,448,5,445640,0.34,2,1,No
58,147929,760,6,173578,0.75,4,5,Yes
57,25539,438,18,27879,0.63,5,2,No
46,93029,591,7,265627,0.52,3,1,Yes
33,84509,634,0,251864,0.45,5,0,No
55,136360,483,16,477356,0.33,3,0,Yes
45,121140,606,25,156845,0.21,1,2,Yes
55,41311,561,18,477560,0.1,1,0,No
48,123243,609,21,345714,0.19,2,4,Yes
31,89180,643,6,8884,0.31,2,2,No
50,136985,723,17,104036,0.44,2,4,Yes
26,105981,813,29,219573,0.2,2,1,Yes
44,55934,823,5,36803,0.78,4,3,Yes
41,29511,560,27,156135,0.11,0,3,No
30,20183,661,20,287380,0.12,2,5,Yes
43,29475,468,30,429478,0.56,1,2,No
46,104766,499,5,449795,0.62,5,4,No
60,83130,684,0,218315,0.78,0,3,No
45,79577,611,29,369147,0.45,0,2,Yes
45,146968,611,9,75717,0.17,4,5,Yes
25,46008,694,22,458552,0.75,3,3,No
40,96868,650,7,389145,0.79,5,5,No
46,67941,327,29,233170,0.74,5,3,No
22,62756,432,6,23484,0.7,0,0,No
59,90258,679,8,230681,0.11,4,2,Yes
24,100730,827,0,461242,0.69,4,5,Yes
59,112167,586,25,476720,0.76,4,5,No
53,47912,583,24,375532,0.46,2,3,No
58,102702,526,10,280424,0.63,5,5,Yes
44,70659,726,26,265964,0.55,3,2,No
63,66840,326,28,7754,0.27,2,0,No
19,101512,631,30,481608,0.49,1,2,Yes
42,147750,416,2,317402,0.72,3,0,No
26,58623,388,17,48386,0.42,2,3,No
44,83303,421,5,36365,0.49,3,5,No
18,66062,332,10,348497,0.45,1,5,No
40,76690,697,4,165676,0.26,2,3,Yes
27,97582,824,30,6803,0.53,3,3,Yes
59,118980,323,19,129907,0.43,1,0,No
42,43634,624,3,144344,0.22,5,1,No
20,144710,333,7,233058,0.72,4,0,No
23,142501,546,9,388489,0.76,3,0,No
23,24090,318,28,479420,0.09,1,5,No
19,65266,329,2,110210,0.52,5,4,No
35,50008,348,12,294261,0.36,4,3,No
40,107643,479,16,223347,0.44,1,3,Yes
19,78704,669,4,180771,0.33,5,4,Yes
29,131081,694,7,204596,0.41,5,5,Yes
39,82866,795,18,274348,0.29,5,1,Yes
54,137374,730,17,476780,0.14,0,2,Yes
37,28382,506,0,472268,0.28,1,3,No
56,67774,334,28,67519,0.55,2,3,No
41,94570,712,3,430080,0.09,2,0,Yes
37,94062,663,26,498881,0.34,2,1,Yes
18,109609,609,17,55386,0.08,2,1,Yes
18,66698,578,13,234123,0.32,5,5,No
34,21110,451,23,21486,0.12,5,1,No
18,135266,526,10,150846,0.3,0,1,No
62,101981,542,28,108216,0.68,0,4,No
47,20386,309,30,202354,0.51,0,0,No
58,78513,691,25,412589,0.56,4,5,Yes
64,104120,347,27,435892,0.43,3,4,No
20,131210,503,8,8691,0.74,2,4,Yes
63,119987,456,12,49445,0.46,3,2,Yes
28,67801,325,25,161895,0.13,2,0,No
41,134012,720,16,106368,0.75,2,1,Yes
39,116085,563,14,321708,0.15,2,5,No
61,91857,828,1,203327,0.8,0,0,Yes
62,109976,769,5,187426,0.38,5,1,Yes
43,51566,553,28,354215,0.11,4,2,Yes
30,126982,845,25,491633,0.7,2,3,Yes
18,52521,446,27,404242,0.12,2,4,No
41,130228,625,6,179568,0.18,2,2,Yes
27,43798,637,1,281217,0.36,1,4,Yes
52,33565,417,23,420052,0.56,2,5,No
41,43027,464,12,201258,0.14,0,1,No
45,127036,849,9,143256,0.52,0,5,Yes
53,117631,497,15,196901,0.64,3,1,Yes
33,25631,673,8,268933,0.14,5,2,No
57,109865,428,7,297497,0.54,5,3,No
33,128556,713,24,293484,0.77,0,3,Yes
34,76878,679,14,52343,0.78,3,4,Yes
32,65206,300,21,164005,0.17,4,1,No
33,123473,466,26,232673,0.62,1,1,No
32,78582,315,6,411902,0.68,0,3,No
51,78334,411,21,478103,0.72,2,1,No
28,92323,667,22,165330,0.29,4,5,No
18,73619,401,18,130877,0.25,2,1,No
32,123536,705,3,300171,0.09,3,2,Yes
43,46875,806,8,416518,0.35,3,3,Yes
21,44514,339,18,388336,0.14,1,3,No
60,42580,847,1,485654,0.64,4,5,Yes
22,148129,680,27,191827,0.16,3,5,Yes
52,105827,815,28,183074,0.66,2,0,Yes
30,24288,796,26,357239,0.13,5,5,Yes
27,26734,580,6,397707,0.41,0,3,Yes
28,103000,650,21,380714,0.34,0,3,Yes
35,59008,633,18,293506,0.5,5,5,Yes
51,69349,823,5,274396,0.44,4,0,Yes
56,27814,582,14,126918,0.5,4,1,No
58,63154,618,6,201707,0.05,3,1,No
59,27851,713,5,205513,0.15,0,4,Yes
40,144478,313,0,20090,0.44,5,1,No
24,21600,355,27,40110,0.22,1,3,No
56,76614,702,13,78627,0.11,5,4,Yes
20,92402,641,0,319529,0.21,1,4,Yes
29,23692,498,24,272168,0.63,5,5,No
24,146745,591,5,278585,0.46,5,5,Yes
43,78027,740,27,248131,0.19,5,1,Yes
50,137771,377,17,480463,0.06,5,4,No
54,40373,411,30,178383,0.32,5,0,No
32,118636,834,26,425603,0.32,5,4,Yes
19,148219,674,16,334969,0.6,1,2,Yes
58,132013,415,26,121053,0.74,1,0,Yes
24,82805,441,27,81890,0.33,3,3,Yes
49,132413,496,1,409507,0.57,5,1,No
21,100383,839,7,394578,0.53,2,1,No
37,34507,598,20,167458,0.37,1,5,No
53,82931,375,22,492030,0.1,3,2,Yes
49,95499,829,22,383240,0.41,1,1,Yes
45,91642,399,1,276846,0.32,1,3,No
30,92869,778,15,365667,0.46,5,4,Yes
18,134362,767,3,231138,0.14,2,1,Yes
52,117449,591,1,109711,0.59,1,3,Yes
47,116819,424,22,441344,0.64,3,5,No
53,59423,818,4,479157,0.34,5,0,Yes
42,123612,322,16,116895,0.18,3,3,No
33,115351,461,1,294906,0.52,0,5,No
36,106120,805,21,139311,0.77,4,2,Yes
18,137409,320,13,460090,0.58,1,3,No
22,110918,763,19,252029,0.14,5,1,Yes
39,86600,782,6,462187,0.35,1,4,No
41,61848,801,14,17567,0.74,3,3,Yes
60,129419,608,17,90737,0.53,1,2,No
62,26820,502,12,11857,0.16,5,0,Yes
54,28512,715,11,332747,0.59,3,2,No
53,56725,441,1,342543,0.32,0,5,No
53,71534,406,11,63086,0.42,5,0,No
21,105151,828,5,356289,0.36,1,3,Yes
53,145191,836,23,299414,0.59,5,4,Yes
35,59776,590,28,125071,0.21,5,2,Yes
33,80945,610,0,7012,0.34,0,4,Yes
58,134348,684,20,64049,0.61,0,5,Yes
35,103420,352,0,227630,0.58,4,3,No
39,67455,482,14,89989,0.2,3,4,No
19,103488,668,26,356730,0.31,0,4,Yes
38,140580,312,15,464042,0.06,3,2,No
53,72433,459,21,44080,0.45,4,3,No
61,29711,583,6,324023,0.26,3,4,No
56,79262,586,21,467431,0.06,5,0,Yes
64,106009,307,13,451278,0.37,4,1,No
56,103785,371,28,239027,0.75,1,0,No
46,29597,397,24,70888,0.74,4,5,No
43,80067,386,18,383095,0.33,4,4,No
38,107520,400,23,416426,0.39,4,3,No
34,68022,580,18,304290,0.23,2,0,No
33,140743,588,26,233800,0.1,0,3,Yes
48,101924,495,30,121293,0.57,3,5,Yes
26,132673,690,27,361092,0.65,5,0,Yes
48,126263,749,28,266185,0.71,3,3,Yes
31,135856,667,28,303310,0.75,2,4,Yes
54,38782,729,22,386383,0.74,1,2,Yes
19,71782,395,29,139078,0.07,5,0,Yes
63,92144,560,12,137076,0.78,0,5,No
31,118651,811,20,445796,0.33,0,3,Yes
50,75013,420,11,142039,0.71,0,0,No
52,130716,665,28,208036,0.38,0,3,Yes
56,128309,631,0,433062,0.37,2,3,No
64,138030,351,30,23879,0.06,3,2,No
37,92036,695,26,7261,0.09,1,3,Yes
19,55342,617,11,426556,0.55,5,0,No
58,105745,576,3,203345,0.75,5,5,No
36,40977,493,29,299467,0.22,1,4,Yes
54,123576,320,28,303008,0.12,1,5,No
35,77396,698,26,275071,0.21,2,1,Yes
33,134836,501,14,463100,0.21,2,3,No
21,126998,765,24,433428,0.27,4,1,Yes
29,70021,450,15,87256,0.12,2,4,No
46,89057,458,14,352047,0.23,0,5,Yes
24,147194,609,7,440143,0.74,3,1,No
31,138559,803,18,126686,0.72,1,3,Yes
29,86836,325,14,321294,0.29,2,0,No
52,47075,365,17,374311,0.8,3,5,No
22,109515,562,10,194719,0.27,0,5,No
34,50802,771,8,18056,0.59,2,2,Yes
59,97761,466,0,409078,0.53,2,5,No
49,97017,453,8,15798,0.1,3,3,No
27,106753,642,27,373635,0.31,5,3,Yes
60,130349,712,22,195130,0.76,5,2,Yes
34,75822,483,11,56747,0.09,0,2,Yes
22,71603,493,1,40738,0.18,2,5,Yes
62,122689,301,10,237645,0.78,3,2,No
59,100291,514,20,196017,0.08,0,2,Yes
26,110450,782,13,480614,0.38,2,2,Yes
50,55592,331,1,284371,0.74,5,3,No
53,76006,314,14,170465,0.76,2,1,No
53,46269,617,20,88800,0.78,1,0,Yes
35,124268,542,22,131531,0.41,4,3,No
26,70138,316,20,326605,0.11,0,4,No
46,82398,833,17,62848,0.63,3,5,Yes
31,110091,380,26,29685,0.58,1,3,No
42,39874,735,13,96517,0.48,2,5,No
32,77228,307,20,124180,0.72,3,3,No
23,82670,586,27,270624,0.73,1,1,No
59,145613,485,11,242918,0.56,1,5,No
46,122071,823,9,20860,0.13,5,2,Yes
32,131880,721,13,73578,0.12,5,5,Yes
46,130572,765,21,253596,0.36,4,4,Yes
21,136694,382,14,324374,0.27,5,1,No
35,27925,782,4,324170,0.15,1,0,Yes
61,23107,624,1,11564,0.51,0,4,Yes
56,106388,718,21,287156,0.56,4,4,Yes
33,115719,350,5,59169,0.57,4,1,No
28,138018,326,11,488438,0.18,2,4,No
31,47617,844,1,230488,0.28,2,3,Yes
20,94258,361,28,293485,0.2,0,3,No
59,70075,470,28,454974,0.5,3,2,No
55,146998,585,3,481337,0.48,5,1,No
62,42631,416,6,313985,0.43,5,3,No
59,143120,303,15,359728,0.27,0,4,No
35,82444,365,0,310479,0.23,4,4,No
37,117158,359,0,60155,0.72,2,3,No
42,136584,801,13,103314,0.09,0,1,Yes
55,27883,528,10,217219,0.54,2,1,Yes
30,39708,399,11,34527,0.06,0,0,No
21,66221,418,10,362610,0.2,5,1,No
31,37197,368,5,446991,0.27,0,5,No
50,41134,520,22,261253,0.71,1,5,No
45,125922,522,11,244157,0.15,0,5,Yes
54,53550,803,20,55653,0.75,2,3,Yes
25,34642,510,30,160776,0.66,0,0,No
61,40439,561,11,369051,0.56,3,4,No
51,117779,817,9,254955,0.36,5,3,Yes
61,126093,547,7,300201,0.73,5,2,No
22,44583,556,26,108992,0.45,1,2,Yes
22,113885,362,19,274537,0.33,0,1,No
48,99538,691,18,80404,0.49,3,0,Yes
62,82014,839,6,247812,0.22,2,0,No
26,39523,716,13,438589,0.25,3,4,No
59,130285,352,3,359100,0.74,5,1,No
49,90543,337,0,89613,0.65,1,0,No
50,105971,607,26,64171,0.44,2,3,Yes
20,125879,352,7,296480,0.36,0,4,No
47,110629,751,4,194786,0.66,0,0,Yes
29,137878,760,28,411201,0.48,3,2,Yes
46,134488,785,7,279158,0.36,0,2,Yes
20,96830,436,7,406590,0.44,2,0,No
43,123941,671,27,221578,0.22,5,5,Yes
47,65538,555,20,158371,0.2,2,5,Yes
26,67310,694,23,358657,0.79,0,2,No
43,30908,336,6,425547,0.78,3,3,No
19,135266,446,28,403800,0.37,0,4,No
20,77290,307,18,411181,0.44,5,3,No
63,73634,550,30,351913,0.67,4,2,Yes
21,32699,746,3,419035,0.59,0,0,No
42,120169,562,26,131092,0.12,1,0,Yes
30,140177,738,27,295926,0.33,0,4,Yes
56,86912,558,28,115463,0.24,5,2,Yes
61,34255,622,22,477251,0.79,4,2,No
52,99183,829,19,352991,0.61,1,2,Yes
40,80282,600,5,93434,0.09,3,1,No
26,78249,784,11,327917,0.73,1,0,Yes
19,58176,391,17,159896,0.75,2,2,No
58,28163,463,11,281254,0.3,5,4,No
61,74210,634,17,183779,0.53,4,5,No
48,143844,614,2,93512,0.56,2,1,No
61,124587,537,9,272969,0.6,2,2,No
64,120280,382,6,139560,0.57,1,0,No
19,91979,408,2,334575,0.47,1,5,No
49,98860,477,27,335588,0.77,2,1,No
35,41143,549,18,71947,0.43,5,3,No
30,125899,390,12,141529,0.13,3,4,No
63,24920,638,29,213182,0.11,0,0,Yes
22,136575,468,3,244511,0.06,0,3,No
59,145327,438,30,254759,0.37,4,0,No
61,102911,816,9,305360,0.25,1,4,Yes
27,57996,483,5,98230,0.72,0,2,No
60,31748,469,0,13847,0.7,3,3,No
42,114071,661,5,224284,0.68,4,3,Yes
51,101251,543,7,177381,0.7,5,1,Yes
54,67252,437,27,281802,0.27,1,2,No
47,142734,327,14,225000,0.37,0,4,No
24,83179,818,30,394022,0.28,2,5,Yes
23,26450,697,7,415743,0.11,3,1,No
20,72756,632,21,34676,0.74,3,3,No
30,70235,616,5,414997,0.51,1,0,No
20,110546,725,28,5645,0.15,5,4,Yes
43,20020,435,18,102476,0.2,3,1,No
41,145802,566,13,345380,0.39,1,5,No
23,100253,406,1,160062,0.09,3,2,No
60,132884,437,6,484268,0.25,0,5,No
59,128421,346,7,23618,0.58,5,0,No
29,29664,667,9,66859,0.74,1,1,No
53,86635,305,12,212572,0.75,3,4,No
19,43225,822,29,63827,0.44,0,0,Yes
28,88173,828,21,364533,0.28,5,1,Yes
56,126885,571,20,130114,0.74,0,1,Yes
51,126048,365,19,101726,0.64,0,5,No
43,105333,719,0,133077,0.49,5,4,Yes
35,60225,638,8,260935,0.68,1,2,No
38,30807,797,26,400178,0.39,1,0,Yes
53,103274,768,9,395517,0.13,3,5,Yes
57,26402,630,19,437457,0.75,5,1,No
63,24521,430,1,393220,0.45,5,5,No
61,83165,829,19,438467,0.57,5,5,Yes
39,139813,737,28,67397,0.34,2,5,Yes
47,134693,542,10,337095,0.15,2,4,No
60,28382,762,4,60770,0.25,4,1,Yes
47,143027,649,17,250224,0.08,2,4,No
25,130996,316,6,36545,0.12,5,4,No
51,122657,765,2,275849,0.2,2,1,Yes
64,35065,662,29,259285,0.47,3,5,No
26,105470,509,15,493518,0.79,1,5,No
37,34425,824,14,277848,0.68,2,4,Yes
57,33111,719,7,430335,0.11,4,0,No
42,60799,432,19,33671,0.68,3,5,No
36,73257,313,27,288347,0.45,0,4,No
22,143990,343,26,86927,0.55,0,2,No
28,81177,676,4,387647,0.15,4,2,Yes
32,147813,594,2,359259,0.35,1,4,No
25,101046,695,28,279595,0.71,5,0,Yes
36,57851,403,26,160588,0.37,0,5,No
40,28816,744,4,378516,0.15,1,3,Yes
44,97853,361,8,125102,0.28,2,3,No
57,22175,711,26,101613,0.22,2,0,Yes
49,31341,620,15,80856,0.57,2,2,No
43,83908,430,28,265869,0.73,0,4,No
44,45654,498,13,325786,0.6,0,1,No
36,80895,335,17,182048,0.68,1,4,No
59,79696,515,6,417546,0.65,1,4,No
46,77889,605,30,92656,0.06,5,3,Yes
56,107144,311,14,39612,0.14,4,4,No
58,103115,382,25,385443,0.37,5,3,No
50,50194,331,7,167862,0.13,2,1,No
36,54837,707,2,396992,0.6,3,4,No
54,88894,385,10,354750,0.1,3,0,Yes
36,104358,710,19,155521,0.36,2,4,Yes
50,61576,555,28,210902,0.34,4,5,Yes
64,122548,540,26,168328,0.46,5,5,Yes
33,39727,751,25,366127,0.52,1,0,Yes
40,54579,300,17,274334,0.76,0,3,No
24,116554,581,14,181565,0.25,4,4,Yes
43,36555,813,9,147633,0.55,4,3,Yes
49,73294,418,28,418647,0.08,2,0,No
29,69777,804,24,296761,0.05,1,3,Yes
25,25906,379,2,149643,0.07,3,2,No
22,60751,518,14,376463,0.39,3,5,No
59,89599,816,24,364075,0.47,5,0,Yes
45,128750,765,28,267153,0.05,5,3,Yes
22,94180,817,22,119291,0.35,3,4,Yes
43,127914,801,5,246821,0.08,4,3,Yes
22,93678,357,10,85739,0.54,5,1,No
39,51644,636,27,179863,0.52,0,0,Yes
32,53521,809,10,264229,0.64,1,3,Yes
30,31564,725,18,257223,0.46,0,5,Yes
45,125155,669,26,262899,0.52,3,2,Yes
50,90640,710,22,206929,0.26,0,5,Yes
60,47299,731,30,320512,0.11,4,1,Yes
40,142031,495,26,343058,0.6,2,0,No
50,67958,676,29,53847,0.51,0,1,Yes
60,76078,664,2,471258,0.75,5,4,No
35,33421,704,12,342899,0.79,0,2,Yes
47,108747,791,26,100491,0.69,0,4,Yes
43,31202,365,21,170296,0.79,5,5,No
33,129407,690,7,103347,0.54,3,5,Yes
30,62185,382,20,45094,0.12,0,3,No
56,126663,780,10,132791,0.12,1,1,Yes
50,23685,528,10,461034,0.66,4,4,No
43,110197,524,12,230377,0.23,1,3,No
18,62637,412,2,131489,0.1,1,2,No
55,38366,484,5,408302,0.4,3,5,No
19,123248,811,30,98893,0.29,0,4,Yes
23,44276,472,23,45544,0.49,4,1,No
63,100946,822,9,359542,0.5,4,4,Yes
55,68239,504,18,255330,0.56,4,2,No
59,95214,837,11,417171,0.48,0,3,No
41,44575,618,28,314804,0.34,4,4,Yes
35,61401,458,13,260367,0.07,4,4,No
44,61230,577,10,78736,0.73,2,5,Yes
58,99424,447,26,76168,0.3,2,0,Yes
25,102263,382,20,477452,0.43,4,3,No
45,144086,718,24,39630,0.47,5,5,Yes
27,149526,837,29,186457,0.29,1,0,Yes
34,134507,848,29,221117,0.28,5,0,Yes
46,88617,691,25,271855,0.25,0,5,No
23,43021,432,30,166943,0.23,1,2,Yes
31,29449,541,30,269601,0.07,1,2,No
39,35657,750,9,258961,0.77,0,1,Yes
23,55059,499,2,343876,0.5,0,5,No
43,21532,416,12,345519,0.13,3,3,No
56,146302,518,27,44467,0.49,3,3,Yes
29,122666,604,26,411383,0.22,3,2,No
52,70805,542,17,472211,0.28,4,2,No
31,101551,591,26,12157,0.65,5,0,Yes
39,57756,600,12,377501,0.71,4,2,Yes
40,91880,687,29,7714,0.57,4,4,Yes
24,126734,508,23,484682,0.75,5,3,No
57,133997,613,13,294361,0.73,3,1,Yes
42,94642,325,29,307276,0.46,5,0,No
30,54206,378,13,363797,0.73,0,4,No
38,72168,427,6,85792,0.46,4,2,No
58,133123,712,11,323515,0.13,0,1,Yes
27,95188,436,24,323932,0.67,5,2,No
26,44550,633,30,276727,0.15,3,5,No
32,26389,847,3,487677,0.29,0,4,Yes
19,107897,687,15,309186,0.33,4,5,No
42,55847,529,18,357549,0.66,0,5,No
30,124599,720,9,82807,0.11,3,1,Yes
51,99239,423,15,335515,0.38,4,5,No
51,38642,387,4,144085,0.38,4,2,No
52,126862,440,26,258715,0.49,3,4,No
55,137679,350,15,345919,0.32,1,4,No
20,56509,704,0,165612,0.48,2,1,Yes
59,99417,636,4,304117,0.79,3,5,Yes
23,69237,665,12,248229,0.1,5,5,Yes
36,35414,557,12,334834,0.71,0,4,No
20,83176,687,2,485244,0.28,1,2,No
35,148633,344,16,74459,0.4,3,1,No
56,99865,568,18,298702,0.61,2,5,No
26,137181,610,4,113350,0.73,4,5,No
29,82059,577,4,224076,0.06,5,0,No
22,69150,774,14,307174,0.55,2,4,No
20,108367,444,9,303780,0.1,2,2,No
28,61091,534,11,205398,0.44,5,1,No
47,93124,435,23,114528,0.61,3,5,No
21,20903,744,10,227028,0.18,4,0,Yes
22,129952,652,0,457267,0.62,4,0,No
18,74235,693,22,233823,0.28,2,3,Yes
44,78565,574,20,68566,0.51,3,5,Yes
45,75342,683,2,318303,0.54,4,3,Yes
46,62723,622,3,202881,0.54,4,5,No
35,55572,482,18,323169,0.06,0,1,Yes
29,37610,739,23,263386,0.16,2,4,Yes
30,54052,362,19,162752,0.69,1,5,No
58,118993,333,2,114463,0.75,2,2,No
19,107063,776,17,279578,0.47,3,4,Yes
54,57550,386,2,198257,0.5,5,2,No
62,74033,509,6,51096,0.62,5,2,No
33,49011,761,21,314615,0.35,4,3,Yes
41,122811,380,25,323148,0.3,4,3,Yes
52,54764,621,27,473156,0.63,0,4,No
39,117540,714,28,176651,0.07,4,1,Yes
53,73533,489,20,277631,0.71,4,2,No
28,44064,532,23,343069,0.38,5,3,No
63,143989,691,26,230993,0.43,1,1,Yes
46,147825,468,0,196700,0.53,2,3,No
52,69581,742,18,498784,0.26,4,2,Yes
32,140388,467,17,446349,0.5,3,0,No
48,48702,530,1,101925,0.57,1,3,No
59,105701,449,27,118500,0.14,1,1,No
58,143482,849,26,219602,0.44,0,4,Yes
60,28631,685,11,14610,0.3,3,4,Yes
33,143864,680,16,481922,0.47,1,2,Yes
27,107388,574,20,320695,0.07,2,5,Yes
49,144798,361,20,18869,0.61,3,0,No
19,90043,766,2,221474,0.18,2,3,Yes
41,86063,827,11,93466,0.57,0,5,Yes
40,48981,449,27,473821,0.63,0,3,No
19,55764,441,24,245475,0.61,4,0,No
55,121771,415,11,447170,0.66,2,2,No
48,148787,364,5,210179,0.28,5,2,No
57,70513,728,29,27979,0.78,2,1,Yes
43,141505,609,9,16492,0.07,0,1,Yes
46,149014,729,29,382525,0.41,5,1,Yes
20,133076,460,21,328064,0.25,2,2,No
31,119007,605,25,231898,0.6,3,3,No
42,86198,660,5,117784,0.65,4,4,No
18,44940,577,13,99257,0.67,4,2,No
20,127418,595,1,233451,0.27,3,0,Yes
43,91792,850,10,474334,0.26,1,4,Yes
35,48432,468,14,290553,0.56,5,2,No
26,28367,758,25,383587,0.75,5,5,Yes
55,131764,306,25,463378,0.24,2,2,No
40,123601,431,7,208641,0.73,1,1,No
38,45511,646,21,160149,0.49,1,3,Yes
18,28573,552,12,65428,0.6,2,5,No
38,35582,709,30,31455,0.38,5,3,Yes
44,25378,842,29,425601,0.66,0,4,Yes
59,85296,654,18,399063,0.78,2,2,Yes
23,33500,667,9,81699,0.18,0,1,No
61,85841,810,8,58213,0.34,3,5,Yes
53,41881,832,17,120883,0.7,0,0,Yes
45,90233,827,6,407920,0.18,1,2,Yes
62,71542,827,2,180934,0.36,1,1,Yes
34,85285,701,30,256238,0.17,1,0,Yes
57,79547,474,11,298993,0.54,5,0,No
20,82151,377,14,339012,0.23,5,4,No
29,27222,739,21,389986,0.34,0,3,Yes
56,27933,848,20,403864,0.42,1,3,Yes
29,103385,531,12,298937,0.27,4,4,Yes
19,109772,699,5,90240,0.56,2,2,Yes
63,129767,512,7,89377,0.13,1,5,Yes
39,118706,492,13,229646,0.71,5,1,No
40,98437,566,2,270594,0.41,0,5,No
47,26940,425,15,13418,0.48,1,5,No
22,134326,681,17,446934,0.52,0,3,Yes
26,104590,843,23,39575,0.09,2,5,Yes
38,126399,801,16,246876,0.62,0,4,Yes
28,79145,702,17,135576,0.76,2,3,Yes
22,63610,560,9,364404,0.44,1,3,No
52,77520,686,16,381153,0.34,5,3,Yes
44,24544,711,15,38186,0.64,4,2,No
19,110854,645,20,250498,0.59,1,4,Yes
41,74812,393,23,31451,0.54,2,3,No
48,91610,627,1,8155,0.77,5,3,Yes
50,71500,399,19,407326,0.49,3,4,No
56,59618,760,3,487500,0.24,3,0,No
47,139090,614,10,296592,0.07,3,5,No
63,119054,324,26,394078,0.39,1,2,No
54,45444,793,6,133529,0.54,0,2,Yes
45,105982,652,16,396388,0.18,4,5,Yes
48,114079,416,24,496338,0.07,5,1,No
28,76586,498,18,221810,0.73,4,1,No
40,44789,578,5,50231,0.28,5,5,No
19,21617,378,9,40399,0.4,1,0,No
57,148639,723,29,418274,0.12,2,1,Yes
58,120834,653,20,260297,0.34,1,3,Yes
44,23333,825,3,206238,0.37,3,3,Yes
52,60002,840,24,339548,0.73,2,5,Yes
19,144477,776,26,239889,0.7,4,1,Yes
56,83620,309,27,498349,0.19,1,5,No
54,107688,802,29,211463,0.47,0,2,Yes
38,109627,559,24,315842,0.6,0,0,No
22,20511,823,0,312523,0.27,4,3,Yes
62,132850,305,6,226268,0.35,2,0,No
38,57850,334,25,364419,0.79,3,1,No
46,141548,474,24,139884,0.62,0,4,Yes
37,102172,741,20,415486,0.38,0,5,Yes
55,106053,446,15,291122,0.45,1,5,No
37,51786,492,16,16531,0.52,5,0,No
42,94356,312,23,295927,0.42,4,0,No
19,56244,829,4,196091,0.36,0,1,Yes
49,94714,545,21,280380,0.32,1,1,No
43,87261,413,22,384629,0.18,2,3,No
23,38477,532,9,428309,0.78,5,4,No
58,66533,621,6,336827,0.12,0,4,Yes
20,54469,837,12,416731,0.5,4,0,Yes
50,28496,425,29,98806,0.77,1,4,No
18,140522,612,27,400975,0.33,2,1,Yes
22,32270,810,6,161388,0.24,1,5,Yes
30,96008,783,14,466628,0.77,3,1,Yes
36,40724,580,16,443696,0.65,4,1,No
29,50416,582,22,18332,0.54,4,0,No
42,55575,691,26,211511,0.51,5,2,Yes
52,101190,822,2,185279,0.32,0,1,Yes
29,96614,681,4,499882,0.53,5,4,No
47,113566,515,9,442035,0.59,1,4,No
22,140989,841,4,194222,0.07,2,1,Yes
51,93108,415,23,253816,0.14,0,5,No
39,37408,808,6,58902,0.29,4,2,Yes
56,147192,799,6,276342,0.29,1,0,Yes
30,39359,570,21,370451,0.73,2,1,No
64,28698,739,22,413948,0.56,5,0,Yes
20,90392,590,13,111209,0.33,4,2,No
37,113063,338,22,353167,0.66,2,1,No
48,59492,323,14,453635,0.29,5,5,No
22,94781,342,4,399997,0.79,1,1,No
41,63634,469,4,346092,0.64,2,1,No
57,137255,639,3,317285,0.66,0,3,Yes
50,62864,468,29,233162,0.25,0,1,Yes
25,114482,837,19,197349,0.16,1,1,Yes
41,57355,771,20,114660,0.34,5,5,Yes
37,57690,442,25,192776,0.3,4,2,No
33,57814,400,8,298629,0.63,3,2,No
29,51645,774,29,59351,0.18,3,3,Yes
30,104814,610,26,31654,0.45,3,1,Yes
62,92739,359,11,169217,0.52,4,4,No
59,76630,328,15,56529,0.34,0,0,No
56,68171,830,21,109349,0.2,0,5,Yes
42,41658,372,7,182450,0.72,5,1,No
63,143980,693,8,283809,0.15,5,5,Yes
49,146541,693,11,329619,0.28,0,3,Yes
41,128132,780,29,214534,0.62,5,4,Yes
64,35797,772,19,220911,0.5,1,2,Yes
61,78799,612,27,52802,0.6,5,0,Yes
26,138301,737,28,82892,0.66,0,3,Yes
57,118342,623,6,437968,0.72,5,2,No
40,116494,386,20,41362,0.28,0,1,No
30,72236,658,3,449206,0.41,0,3,No
49,26265,496,27,183198,0.57,3,1,No
32,147119,684,22,476376,0.65,2,3,No
53,145611,417,2,306482,0.48,0,3,No
22,92134,797,0,98004,0.44,2,1,Yes
39,120719,761,6,363608,0.57,5,3,Yes
33,102678,795,8,488542,0.34,0,5,Yes
58,73494,546,1,419330,0.72,3,2,No
27,141754,533,6,230702,0.21,3,5,No
41,72268,716,9,7120,0.71,5,5,Yes
35,135452,766,1,377433,0.53,5,2,Yes
35,46998,781,12,499390,0.5,5,0,Yes
24,111426,664,28,267929,0.4,2,0,No
21,114414,452,2,61925,0.17,3,3,No
43,81339,571,12,333617,0.7,1,2,No
22,34306,691,9,113185,0.09,4,5,No
33,84006,846,29,297113,0.25,4,1,Yes
52,138717,729,11,332380,0.13,5,3,Yes
43,67345,488,25,492039,0.13,0,5,No
35,31885,551,2,106416,0.34,3,1,No
46,129681,694,27,283441,0.17,4,4,Yes
40,63826,518,28,421032,0.49,2,0,No
31,75597,489,19,257458,0.52,2,3,No
32,27443,533,5,110741,0.71,5,3,No
50,117375,531,2,468286,0.27,2,1,No
42,136005,657,28,145601,0.28,0,0,Yes
38,37084,777,24,158085,0.23,4,1,Yes
34,109447,728,1,35089,0.64,4,1,Yes
40,24383,536,22,273315,0.37,4,0,No
60,112313,332,21,177301,0.46,2,4,No
34,54361,512,13,285018,0.33,5,2,No
31,100294,678,14,174881,0.17,2,5,No
46,81331,301,17,457681,0.13,0,2,No
37,115057,749,26,64024,0.7,5,4,Yes
47,40529,726,18,288297,0.25,1,0,No
36,78574,578,21,109693,0.76,4,3,Yes
56,108627,513,9,164501,0.76,0,0,Yes
30,141685,584,19,324897,0.41,2,5,No
35,125330,842,16,404857,0.77,1,1,Yes
40,116917,573,16,178473,0.07,3,5,No
63,120916,310,18,356219,0.12,1,0,No
50,50932,346,23,423583,0.23,0,2,No
56,129633,814,26,419942,0.21,1,3,Yes
57,142087,737,3,251119,0.24,2,5,Yes
35,21908,726,10,9677,0.39,1,4,Yes
26,125258,731,16,10139,0.1,2,0,Yes
50,133489,429,23,324910,0.47,1,3,No
49,50358,321,9,160768,0.28,0,5,No
34,50412,688,21,187444,0.1,3,3,No
36,148319,434,16,91049,0.61,4,2,No
44,103710,831,11,81693,0.54,1,1,Yes
23,142856,519,9,324558,0.65,3,3,No
52,101032,632,9,411048,0.75,1,3,No
54,22928,429,5,134807,0.49,5,0,No
51,85158,331,16,247631,0.64,3,4,No
37,50632,724,30,262681,0.2,2,0,Yes
42,52309,597,25,340885,0.36,3,2,Yes
21,29280,803,25,403641,0.45,4,3,No
27,60449,656,18,8900,0.46,3,1,Yes
27,107171,754,1,344491,0.59,4,3,No
41,46957,700,3,210070,0.65,4,1,No
38,56895,754,17,393148,0.55,3,1,No
28,90499,333,26,391607,0.09,4,5,No
44,113057,547,28,296278,0.31,4,5,No
33,118151,341,20,218514,0.48,5,1,No
43,130065,422,3,269961,0.43,2,4,No
47,131858,326,5,75486,0.08,0,0,No
33,41695,761,13,171679,0.79,2,5,Yes
24,94893,446,30,248709,0.77,0,2,No
33,83123,795,6,488025,0.63,0,5,Yes
52,45176,785,11,471243,0.09,2,4,No
33,38409,759,1,471766,0.37,4,4,Yes
57,144464,427,17,405907,0.36,5,1,No
29,76967,675,23,70978,0.47,2,4,Yes
52,20987,382,12,158850,0.09,4,2,No
38,74462,834,12,324298,0.37,2,2,Yes
60,87501,822,24,494631,0.62,2,3,Yes
53,125620,402,4,359339,0.8,5,4,No
34,116854,818,6,315932,0.5,1,5,Yes
49,46015,661,28,360183,0.76,3,3,No
58,114727,555,11,14413,0.8,2,5,No
23,132350,546,24,119113,0.38,3,2,Yes
41,86404,491,13,475393,0.55,4,4,No
44,136751,834,0,310544,0.21,1,1,Yes
37,148807,613,23,297043,0.41,5,1,No
42,70281,575,9,117683,0.11,1,4,Yes
19,57146,672,25,490690,0.07,0,5,No
26,68231,743,24,50463,0.72,5,3,Yes
45,49032,494,8,268038,0.69,5,3,No
55,48305,557,9,115398,0.28,3,1,No
20,74306,659,6,171093,0.39,1,3,No
37,108176,847,15,231544,0.42,4,1,Yes
23,141139,407,27,232368,0.44,0,0,Yes
56,38318,323,27,134611,0.15,1,1,No
50,33246,764,11,498530,0.63,4,0,Yes
18,53844,321,11,355921,0.31,3,4,No
54,52602,801,25,313586,0.07,4,0,Yes
23,41584,800,30,386825,0.56,4,2,Yes
62,136327,706,18,230374,0.67,4,5,No
51,35169,629,28,222627,0.74,2,3,No
64,45968,585,12,426007,0.56,5,0,No
32,26385,446,20,265154,0.19,1,2,No
62,93758,683,28,487944,0.49,4,2,Yes
43,142684,310,17,241373,0.73,0,3,No
31,135391,575,26,492932,0.31,2,1,No
24,45444,602,25,48520,0.77,4,2,No
63,123784,503,2,243613,0.12,4,5,No
48,143112,644,25,370281,0.6,5,0,Yes
41,126081,565,6,34899,0.14,1,3,Yes
48,82497,321,0,183874,0.65,2,0,No
46,25362,835,2,237310,0.12,4,1,Yes
59,119254,395,20,83107,0.29,4,3,No
49,28250,744,26,398587,0.63,3,2,Yes
34,88354,562,13,35193,0.4,0,0,Yes
31,56368,682,3,458963,0.71,0,5,No
57,64109,849,18,216994,0.35,1,0,Yes
53,100589,691,21,110302,0.8,2,5,Yes
41,77645,839,27,281608,0.06,5,2,Yes
62,76997,391,5,350467,0.57,5,2,No
44,47426,458,19,222594,0.74,4,1,No
42,137632,527,8,254706,0.45,5,1,No
49,132637,772,10,316169,0.79,2,2,Yes
35,59023,671,21,361331,0.58,1,3,No
63,142268,675,14,378854,0.37,3,2,Yes
35,79267,336,8,222665,0.44,1,2,No
54,44892,336,28,428088,0.71,0,4,No
43,79232,400,10,81248,0.77,3,3,No
26,139952,842,25,463213,0.47,4,3,Yes
52,129211,489,9,350071,0.28,1,5,No
25,114897,811,1,491674,0.23,2,1,Yes
37,79225,389,30,267811,0.41,2,1,No
59,36007,305,21,152397,0.27,0,1,No
39,99777,438,13,465198,0.37,0,0,Yes
36,64858,394,3,20890,0.68,5,3,No
47,65073,685,1,162555,0.4,0,4,No
45,109438,422,4,228551,0.53,0,1,No
52,110042,584,13,228289,0.12,4,1,Yes
60,103098,665,14,436301,0.62,3,1,No
28,40239,789,18,258006,0.41,5,1,Yes
48,82969,624,5,368477,0.32,0,1,No
56,33065,706,26,308144,0.51,1,0,Yes
53,130951,818,14,149097,0.13,4,4,Yes
47,61291,376,13,125580,0.36,3,3,No
40,58805,533,7,34940,0.66,4,4,No
36,118831,783,19,126878,0.25,2,2,Yes
29,38443,763,11,124492,0.74,4,5,Yes
32,29290,570,3,224371,0.5,5,3,No
48,20211,766,20,291845,0.46,4,1,No
60,103634,768,5,87697,0.35,2,2,Yes
54,39072,846,10,46795,0.61,2,5,Yes
54,63290,569,22,265235,0.47,2,2,Yes
32,105186,677,21,95990,0.65,5,2,No
46,35115,476,6,238865,0.3,5,2,No
60,25149,573,24,280259,0.58,4,1,No
43,61992,326,3,437254,0.76,2,5,No
61,37716,359,25,397989,0.26,0,2,No
19,117724,516,14,61433,0.79,1,4,No
37,33621,569,0,51999,0.36,1,1,No
32,26820,415,30,79564,0.08,2,2,Yes
21,149728,544,8,439700,0.32,3,2,No
39,133065,384,22,374891,0.16,4,4,No
55,62800,749,19,405904,0.28,1,5,Yes
40,75043,835,25,238617,0.12,5,0,Yes
43,50399,388,7,258090,0.18,5,0,No
28,139374,848,11,243302,0.15,0,4,Yes
45,34002,806,6,290399,0.08,3,5,Yes
19,63098,707,27,267122,0.27,3,0,Yes
25,65511,570,17,84747,0.76,0,3,No
46,73243,823,0,480304,0.76,4,5,Yes
28,135131,793,8,444833,0.68,4,3,Yes
54,48750,747,6,440324,0.06,2,5,Yes
35,111610,842,13,439475,0.07,0,3,Yes
31,37310,649,25,82049,0.06,0,0,Yes
27,75398,627,0,468785,0.32,5,3,No
52,102542,585,12,71057,0.79,0,3,No
26,95207,334,19,494576,0.72,2,0,No
52,137725,832,14,259569,0.24,1,4,Yes
28,64345,787,4,477008,0.36,4,5,Yes
61,113430,786,4,293437,0.67,2,1,No
29,134921,444,13,35607,0.62,2,3,Yes
20,111729,823,13,411009,0.15,5,5,Yes
56,71843,445,13,357557,0.13,2,0,No
31,30222,802,4,112148,0.46,5,1,Yes
45,109322,826,10,303213,0.13,5,1,Yes
28,51509,571,18,353223,0.67,0,5,No
56,20386,833,4,425429,0.24,2,2,No
42,84334,394,3,154735,0.19,1,1,No
38,87170,746,14,47582,0.19,3,3,Yes
27,60878,714,20,462910,0.08,2,4,Yes
60,89669,556,6,361670,0.53,5,5,No
32,127680,561,4,170521,0.17,1,3,Yes
36,58349,386,29,280260,0.23,5,2,No
39,120271,735,14,365539,0.61,0,1,Yes
38,41952,407,29,8706,0.09,3,5,No
61,141972,318,13,283291,0.2,4,2,No
49,110352,664,23,497480,0.16,4,3,Yes
40,41529,678,23,156615,0.05,0,3,No
30,91303,459,2,104147,0.45,0,3,No
22,61521,399,4,250978,0.19,4,4,No
21,38383,564,11,13895,0.52,0,3,Yes
45,24901,348,19,329202,0.43,4,3,No
31,62889,714,13,420628,0.55,0,1,Yes
25,34633,358,29,431230,0.79,4,5,No
26,82244,482,4,280395,0.21,1,5,No
52,149177,746,23,264544,0.55,0,5,Yes
54,39163,600,3,377677,0.68,4,4,No
38,79019,653,20,272253,0.77,0,5,Yes
35,30707,512,15,291776,0.52,4,1,No
50,108112,488,6,231348,0.15,4,2,Yes
25,103597,646,2,148223,0.09,5,0,Yes
34,65101,436,28,182237,0.26,5,5,No
60,64706,329,21,60276,0.75,3,1,No
48,97084,445,24,231341,0.45,0,5,Yes
51,35115,767,26,273469,0.48,1,4,Yes
23,95379,802,3,486443,0.51,2,1,No
39,122481,490,19,99964,0.3,2,0,Yes
31,59979,770,21,473802,0.19,5,1,Yes
20,60641,644,5,6912,0.77,0,5,Yes
29,89377,300,2,435205,0.62,5,5,No
53,141786,409,29,274518,0.43,4,0,No
29,26416,363,0,300178,0.33,4,4,No
62,30633,352,2,249065,0.41,1,1,No
19,148785,561,23,90402,0.08,0,4,Yes
19,123189,828,7,444894,0.24,2,4,Yes
32,20594,601,15,96792,0.24,1,2,No
40,34393,533,21,360449,0.38,0,2,No
46,55380,372,6,55683,0.23,0,1,No
34,65056,656,17,146270,0.19,5,1,Yes
49,108279,783,8,361961,0.62,5,5,Yes
24,117507,305,2,468316,0.72,0,5,No
47,136184,436,17,132776,0.1,3,4,No
45,138243,703,15,173068,0.21,1,2,Yes
31,24861,505,20,196866,0.63,0,1,No
61,123070,709,0,143227,0.66,5,1,Yes
47,56126,335,20,315096,0.43,1,1,No
34,100382,529,25,128899,0.57,2,2,Yes
49,111713,526,19,496837,0.11,0,1,Yes
63,53682,561,15,195016,0.69,4,4,Yes
23,38228,430,11,202318,0.67,0,1,No
41,120299,747,5,278532,0.57,0,3,No
23,44009,485,27,79178,0.74,1,5,No
44,20094,485,20,31457,0.09,1,0,No
35,126988,573,8,154199,0.22,5,4,No
41,100636,651,20,170163,0.32,3,1,Yes
54,72221,712,12,16752,0.17,0,3,Yes
41,118453,450,23,56832,0.66,5,2,No
55,37430,683,11,9237,0.62,2,4,Yes
51,55571,335,12,139123,0.63,1,4,No
57,74486,625,17,231777,0.27,3,1,No
64,110510,764,18,200418,0.62,4,2,Yes
32,116665,765,18,484800,0.14,4,1,Yes
28,132770,394,18,48311,0.13,3,3,Yes
39,82294,433,5,286232,0.49,5,0,No
41,149171,461,15,272819,0.09,4,5,Yes
18,40860,599,6,437771,0.75,0,5,No
35,92812,655,6,269784,0.3,1,2,Yes
61,86087,539,27,330472,0.41,2,0,Yes
29,133784,466,22,17317,0.66,4,3,Yes
60,28486,439,27,180480,0.35,0,4,No
45,103063,438,18,266460,0.37,5,3,No
57,69607,534,15,111442,0.31,1,5,No
24,29745,302,16,108666,0.31,0,0,No
40,126664,555,21,38462,0.4,0,2,Yes
38,98533,670,18,484389,0.76,5,1,No
51,38330,577,15,80921,0.75,1,0,No
28,140803,815,28,455899,0.46,4,2,Yes
39,60078,511,15,20201,0.39,4,0,No
59,75332,515,30,301680,0.66,0,5,Yes
52,124121,569,18,160739,0.56,3,4,No
46,74532,775,14,201779,0.71,4,5,Yes
59,141062,827,2,302661,0.6,0,4,Yes
45,110365,363,14,171942,0.76,5,1,No
35,63336,759,24,382452,0.71,2,4,No
31,28070,315,27,380055,0.69,2,3,No
35,21320,318,15,42982,0.34,3,5,No
45,109043,624,30,194404,0.34,5,5,Yes
41,58921,392,19,37844,0.61,0,5,No
25,26589,316,4,351262,0.11,2,1,No
59,84409,787,18,140309,0.29,5,5,Yes
62,112995,393,9,128110,0.75,4,0,No
25,35589,309,12,166537,0.39,0,5,No
21,56375,827,14,273171,0.25,3,3,Yes
44,63085,788,11,214849,0.41,3,2,Yes
53,80840,443,16,408583,0.27,4,0,No
22,63200,814,14,425699,0.63,2,5,No
50,118704,769,27,453223,0.69,5,5,No
51,46732,676,3,85567,0.64,2,5,Yes
47,117047,793,14,367992,0.16,3,4,Yes
25,42426,783,16,233631,0.3,1,0,Yes
56,50982,751,26,461484,0.21,5,4,No
64,79720,835,10,98724,0.08,5,3,Yes
43,36746,374,22,119675,0.6,5,5,No
54,48514,339,22,499377,0.37,3,3,No
51,84889,601,14,498073,0.26,5,3,No
24,23851,361,19,76810,0.28,3,5,No
57,39796,802,30,461140,0.15,0,1,Yes
45,96034,544,20,476308,0.67,4,4,No
56,82798,317,25,130545,0.16,0,0,No
56,118388,697,6,57892,0.3,3,5,Yes
45,82985,488,12,374601,0.06,0,0,No
31,54592,403,21,199106,0.38,2,0,No
55,64845,643,12,432611,0.32,3,1,Yes
21,35930,670,19,424759,0.59,2,1,Yes
59,143187,332,19,82059,0.59,2,4,No
35,130853,673,1,6074,0.08,4,1,Yes
61,128417,477,9,483340,0.14,2,5,No
42,133436,311,17,412206,0.73,0,3,No
24,127126,755,27,495280,0.64,0,0,Yes
55,41159,548,19,481164,0.34,5,3,Yes
45,115072,747,4,87567,0.17,1,1,Yes
22,109788,303,19,312937,0.25,4,0,No
20,44003,535,29,216445,0.54,5,2,No
61,125722,472,18,305215,0.76,5,3,No
48,55139,621,26,249120,0.51,5,2,Yes
64,125372,670,1,24546,0.07,1,4,Yes
59,72452,847,3,313659,0.54,2,5,Yes
37,42205,595,29,444091,0.76,5,3,No
36,116059,699,15,415502,0.32,3,0,Yes
28,76955,357,26,134212,0.75,0,0,No
57,130163,829,20,189291,0.55,3,5,Yes
20,27464,847,15,145767,0.19,1,2,Yes
40,102646,707,16,173916,0.16,5,0,Yes
24,131852,812,14,16054,0.18,1,5,Yes
40,92657,363,12,197894,0.57,0,3,No
24,29840,719,0,270041,0.49,5,1,Yes
63,122616,445,21,14537,0.39,1,1,No
51,60768,571,4,420162,0.25,3,5,No
59,29461,316,26,324469,0.73,1,0,No
36,40927,397,19,406897,0.21,3,4,No
26,109934,751,0,124940,0.26,5,3,Yes
35,118622,542,11,340531,0.09,2,4,Yes
58,35329,778,29,357681,0.26,5,2,Yes
62,35791,500,22,347265,0.74,4,5,No
59,72627,772,14,372676,0.19,0,0,Yes
42,148885,478,3,314182,0.2,1,5,No
31,34372,807,18,59833,0.5,5,2,Yes
61,134239,752,29,315267,0.48,0,4,Yes
42,112890,569,15,35117,0.18,1,3,No
36,68469,533,22,338275,0.17,2,4,No
56,129554,785,17,421990,0.14,3,1,Yes
32,107073,637,25,250173,0.7,0,4,Yes
33,138822,747,16,310835,0.54,2,4,Yes
44,54370,656,10,451359,0.77,2,4,No
57,71408,348,19,473351,0.17,4,4,No
27,110941,795,12,208070,0.4,2,3,Yes
21,127351,645,23,411523,0.61,4,0,Yes
36,43703,592,28,437352,0.21,2,3,No
45,35234,449,21,259374,0.56,3,5,No
38,27532,844,8,294675,0.41,2,2,Yes
64,125670,559,16,309318,0.37,5,1,Yes
31,55416,621,16,172782,0.53,3,0,Yes
50,92439,376,26,432784,0.4,1,5,No
27,38242,409,4,395899,0.67,2,5,No
36,70254,846,21,281558,0.75,2,1,Yes
47,99324,722,7,460510,0.49,1,1,Yes
39,55249,693,2,167795,0.28,4,0,No
20,120124,534,5,361716,0.63,3,5,No
54,115049,629,2,277405,0.18,1,5,No
58,128575,624,7,198059,0.12,1,0,Yes
35,105078,450,11,72913,0.44,5,5,Yes
28,52294,845,26,241699,0.54,0,2,Yes
19,79784,331,26,187327,0.68,1,3,No
29,23684,571,3,250602,0.77,4,0,No
23,43795,667,1,268415,0.71,4,5,No
60,144135,791,27,370468,0.79,4,2,Yes
57,80301,615,24,443532,0.41,3,4,Yes
61,89187,667,30,164491,0.29,3,0,Yes
46,30431,379,9,300346,0.39,2,3,No
47,95667,471,14,418198,0.53,1,4,No
19,109627,557,12,262501,0.43,5,4,Yes
26,110381,578,23,336451,0.53,4,4,No
64,110027,803,14,216481,0.72,1,4,Yes
19,141569,790,21,112030,0.17,2,1,Yes
46,75372,636,18,177412,0.14,2,3,Yes
50,90366,820,17,351214,0.42,4,2,Yes
27,114176,625,12,41892,0.79,1,0,No
51,139667,471,19,475869,0.09,2,2,No
61,92870,383,19,141674,0.79,0,1,No
25,67387,823,0,393152,0.78,3,4,No
54,72927,780,30,85957,0.27,1,5,Yes
50,29304,843,24,102210,0.72,4,0,Yes
64,133183,717,15,403383,0.06,2,3,Yes
23,37032,638,25,207094,0.39,2,0,Yes
61,111291,619,7,320345,0.35,2,0,No
57,132889,603,22,54698,0.73,3,2,Yes
62,79486,571,5,266677,0.4,1,5,No
36,85552,413,2,229800,0.36,2,4,No
49,93844,706,19,222414,0.53,5,3,Yes
44,49654,325,15,463465,0.33,3,0,No
18,59244,536,1,330897,0.45,0,1,No
60,25942,609,22,80479,0.77,1,1,Yes
50,70697,532,1,206432,0.2,4,5,No
57,146031,848,29,331831,0.39,1,4,Yes
49,22693,564,14,171955,0.06,2,5,No
22,76751,312,9,398434,0.68,4,0,No
34,101098,795,0,37893,0.12,5,4,Yes
25,138777,615,21,18169,0.12,1,0,Yes
59,26259,683,19,250701,0.71,4,3,No
51,139746,615,14,313602,0.36,1,1,Yes
26,133883,555,23,443590,0.57,5,5,No
40,127772,740,0,194744,0.69,0,2,Yes
52,137928,414,24,79951,0.33,0,5,Yes
24,24942,598,21,271324,0.25,0,4,No
32,67419,423,15,436144,0.18,1,3,No
37,122092,555,29,220762,0.51,4,1,No
42,76105,346,17,496361,0.24,0,3,No
20,85907,762,23,276910,0.53,3,5,Yes
63,47383,649,4,166130,0.29,3,5,No
41,43404,422,20,6942,0.31,0,2,No
51,92656,330,4,147604,0.24,0,0,No
63,25702,354,22,484593,0.36,2,0,No
39,93883,452,22,310518,0.17,3,3,Yes
28,120965,755,9,231484,0.29,3,3,Yes
25,76332,585,26,333934,0.63,0,4,No
56,59419,335,22,300899,0.21,5,3,No
60,110576,555,11,389069,0.76,2,0,Yes
52,123182,477,9,326336,0.42,4,5,No
63,131395,847,1,347603,0.13,2,3,Yes
55,122619,553,23,364362,0.76,2,1,No
25,108078,807,0,225947,0.39,3,1,Yes
54,128269,320,15,314736,0.47,0,0,No
44,93844,374,28,387185,0.19,0,3,No
45,59242,759,29,115397,0.3,0,5,Yes
57,144983,477,17,248116,0.58,2,3,No
51,54142,681,26,280262,0.14,2,3,Yes
49,129699,336,6,118305,0.48,5,1,No
32,116226,419,3,243885,0.57,1,0,No
61,27393,300,26,497891,0.05,4,4,No
34,89939,610,9,69610,0.68,1,5,Yes
50,89082,507,9,345843,0.09,5,1,No
64,122281,453,24,169200,0.24,4,0,Yes
63,48893,614,10,13104,0.77,1,0,Yes
33,29388,606,24,84722,0.11,1,4,Yes
46,138099,803,29,13549,0.67,1,2,Yes
26,127292,819,2,131081,0.54,1,4,Yes
50,82969,396,28,233870,0.5,2,4,No
46,56660,789,13,100614,0.49,4,0,No
30,109244,306,12,487920,0.17,5,2,No
38,44726,311,18,324384,0.55,1,2,No
38,99544,813,24,230074,0.76,1,3,Yes
22,121553,648,28,258489,0.11,5,4,Yes
27,82996,306,9,237159,0.3,0,4,No
23,20111,799,14,299975,0.4,2,2,Yes
30,135370,774,27,220220,0.22,3,2,Yes
18,37545,823,7,196050,0.61,0,5,Yes
37,60168,356,16,238225,0.57,5,2,No
64,22379,532,5,486468,0.14,3,0,No
63,115773,329,6,364606,0.48,1,0,No
25,131484,666,13,74474,0.33,4,0,No
27,107346,355,26,243147,0.22,3,5,No
26,61120,309,29,93233,0.69,3,4,No
58,37809,446,7,148681,0.09,3,5,No
20,72813,663,11,477235,0.4,4,5,No
28,94005,552,27,408739,0.41,0,2,No
29,47967,552,17,425205,0.48,2,0,No
27,29748,742,13,498678,0.2,4,3,Yes
42,43424,639,0,187349,0.7,0,2,No
42,106512,815,3,371844,0.77,1,5,Yes
28,43914,652,16,466035,0.46,0,2,No
53,115603,622,17,338916,0.24,3,5,Yes
56,128411,439,18,307721,0.71,0,2,No
43,98478,744,3,246334,0.79,0,0,No
31,39491,394,27,139177,0.61,1,1,No
56,69454,719,27,106856,0.3,1,3,Yes
57,90069,813,5,90395,0.23,0,3,Yes
18,71925,449,7,137910,0.17,4,1,No
21,109119,650,24,488549,0.23,1,3,Yes
47,57049,415,14,291581,0.22,3,0,No
29,47821,536,19,481031,0.78,4,2,No
52,115797,569,0,76449,0.53,5,1,No
30,123072,590,29,385243,0.18,0,2,Yes
48,49945,733,4,119176,0.42,5,5,Yes
55,37384,308,15,161632,0.19,3,3,No
60,48410,774,20,424424,0.5,3,4,No
40,97734,821,24,171730,0.31,4,3,Yes
21,83766,836,5,183427,0.2,0,3,Yes
33,114890,310,20,48003,0.23,3,1,No
24,136406,626,9,266646,0.56,5,2,Yes
39,27169,575,9,191509,0.36,5,1,No
46,60129,669,4,281790,0.43,1,0,Yes
28,117445,789,7,55560,0.67,1,2,Yes
50,23830,644,26,123560,0.54,4,0,Yes
46,76306,667,0,91597,0.4,1,0,Yes
56,106940,610,4,325823,0.77,2,1,Yes
29,85267,784,0,176286,0.21,0,3,Yes
24,47757,314,30,180669,0.27,3,5,No
56,83867,303,6,27873,0.73,3,4,No
59,55650,675,29,401674,0.69,4,5,No
43,53766,668,14,42165,0.15,4,3,Yes
57,101478,764,22,92803,0.75,3,3,Yes
26,52419,832,28,331138,0.06,1,2,Yes
58,36668,436,25,412798,0.67,4,1,No
51,36246,662,23,365069,0.26,2,2,Yes
62,44996,515,13,281967,0.19,4,4,Yes
30,71312,667,22,397947,0.39,1,1,No
53,23065,416,26,45856,0.72,0,5,No
42,30467,478,8,274550,0.64,2,5,No
41,70646,545,7,297763,0.78,4,5,No
61,130380,427,7,405287,0.46,0,3,No
34,41007,657,2,157924,0.43,0,0,Yes
19,88079,377,30,247454,0.06,5,3,No
30,48702,592,25,447088,0.19,3,3,No
48,114369,381,30,112871,0.42,1,1,Yes
46,95569,641,19,486433,0.61,3,3,Yes
45,73952,637,3,375173,0.67,5,4,No
44,78065,395,16,146216,0.26,1,3,No
32,54169,444,5,409399,0.58,5,0,No
48,36829,820,1,26074,0.67,0,1,Yes
57,80135,696,30,190910,0.33,4,5,Yes
32,24522,656,8,221488,0.57,1,4,Yes
50,105687,485,13,17349,0.38,1,5,No
37,55319,842,0,385304,0.79,0,1,Yes
59,140334,450,16,294637,0.06,2,0,Yes
29,46543,618,10,356290,0.36,0,2,Yes
54,138576,358,28,145429,0.25,5,4,No
26,123120,309,25,9561,0.69,0,0,No
40,137419,423,26,493596,0.27,1,5,No
25,50473,655,5,78150,0.46,0,2,No
49,27699,645,28,331829,0.61,3,5,Yes
31,88165,536,0,269502,0.42,0,0,No
44,60455,632,27,430021,0.36,4,2,No
42,95692,316,30,147502,0.08,0,2,Yes
30,37441,723,18,283185,0.07,0,1,Yes
38,50716,623,15,116407,0.77,4,3,No
62,82175,322,25,97262,0.53,2,3,No
48,26834,758,17,15267,0.67,2,0,Yes
54,143637,759,28,344539,0.41,2,2,Yes
60,38179,820,10,211981,0.25,3,3,Yes
22,46219,720,8,95170,0.27,4,0,No
30,123153,702,20,471009,0.08,3,0,Yes
45,35782,630,5,420813,0.64,3,4,No
60,101363,756,1,113454,0.49,5,1,Yes
42,142903,782,7,111680,0.41,3,1,Yes
52,94967,797,21,160061,0.69,4,5,Yes
64,122454,326,15,286147,0.38,1,2,No
56,129593,696,26,35169,0.76,1,3,Yes
24,29496,487,27,314415,0.06,2,2,No
55,108867,439,7,284105,0.79,3,3,Yes
49,59238,820,7,148218,0.66,2,3,Yes
20,66025,391,13,452611,0.32,3,3,No
62,149209,376,30,67676,0.5,2,5,No
56,79886,543,0,443453,0.7,0,3,No
54,43563,387,6,46030,0.41,4,3,No
39,23712,593,1,71091,0.09,3,4,Yes
25,114067,394,14,251611,0.73,5,4,No
34,65489,552,26,47178,0.44,3,3,No
44,52664,850,23,8640,0.46,3,5,Yes
50,130799,698,27,395435,0.06,4,0,Yes
63,32420,353,17,182208,0.13,0,0,No
34,74610,542,3,72448,0.63,1,1,No
59,25315,409,17,89650,0.38,4,3,Yes
29,90917,520,28,436403,0.8,0,0,Yes
63,95033,461,22,253125,0.57,2,1,Yes
44,114576,334,4,291066,0.76,3,0,No
25,137862,336,28,118746,0.26,3,1,No
40,117911,669,26,165572,0.18,1,2,No
59,99030,476,15,150501,0.33,2,0,No
46,83910,820,12,119954,0.25,0,3,Yes
37,117288,574,26,172756,0.51,2,3,Yes
33,80972,404,8,149759,0.61,2,4,No
34,141075,455,4,94248,0.35,1,2,No
33,110893,635,26,394733,0.12,0,2,Yes
36,75919,325,7,19837,0.07,1,0,No
25,102486,595,17,456960,0.21,0,1,Yes
55,101288,836,2,148937,0.6,4,5,Yes
55,122926,654,5,49653,0.22,4,4,Yes
46,24132,368,10,214527,0.73,3,2,No
58,147153,626,22,171166,0.54,1,2,Yes
53,61598,450,13,40569,0.7,4,5,No
43,113812,619,25,485688,0.34,5,3,No
48,125299,751,23,315931,0.79,2,5,Yes
61,40551,411,30,429177,0.56,2,3,No
29,112511,761,18,56186,0.32,4,1,Yes
34,88206,661,6,116837,0.21,1,0,Yes
32,94900,502,23,212630,0.7,3,1,No
26,46296,786,9,20297,0.29,2,0,Yes
56,110216,779,14,323749,0.08,3,4,Yes
59,38066,303,5,87904,0.26,2,5,No
29,48892,428,19,353163,0.18,0,2,No
49,95577,325,28,273607,0.29,4,1,No
42,94590,326,5,149704,0.51,1,0,No
56,97173,341,15,427919,0.43,2,5,No
35,96293,363,8,382907,0.58,4,4,No
32,84771,324,18,87943,0.3,3,1,No
49,126794,371,30,51221,0.14,1,2,No
23,47484,781,17,123585,0.17,1,4,Yes
61,97865,567,4,116370,0.65,4,3,No
60,119074,394,15,257730,0.12,4,2,No
52,149920,694,6,373919,0.65,4,3,Yes
51,47115,663,18,481247,0.21,0,4,No
55,46038,614,4,292903,0.56,0,4,No
22,56622,416,19,92000,0.52,1,3,No
35,55886,463,10,252835,0.12,4,0,No
33,71284,605,22,328087,0.55,5,5,No
25,29901,499,17,198321,0.39,5,4,No
42,76377,479,27,353006,0.58,0,1,Yes
49,102910,657,26,431255,0.68,1,5,No
43,69862,551,28,260075,0.08,2,1,Yes
39,138992,598,6,377619,0.54,5,4,No
48,140055,729,27,260179,0.13,4,5,Yes
60,131826,303,17,81069,0.33,0,3,Yes
27,52806,553,2,410374,0.06,1,3,No
29,37659,395,4,396123,0.3,4,2,No
45,134306,466,22,156470,0.18,1,3,No
23,43453,630,12,373590,0.47,2,0,No
37,50498,361,15,217757,0.43,5,0,No
22,90393,473,21,304855,0.64,1,1,No
40,36312,552,11,198879,0.53,1,4,No
26,21436,760,6,87688,0.59,2,1,No
46,47569,514,26,35772,0.12,3,4,Yes
33,78813,538,21,294451,0.07,4,1,Yes
63,136787,714,12,141238,0.78,2,4,Yes
39,110485,425,27,128890,0.37,5,4,Yes
25,93229,552,0,12589,0.35,2,1,No
37,65986,496,14,184058,0.08,5,2,No
31,122555,712,20,398680,0.14,4,0,No
56,73177,755,11,7600,0.76,5,3,Yes
54,148541,353,16,136988,0.57,1,0,Yes
51,29305,638,22,473396,0.36,0,3,No
28,52646,658,19,142198,0.73,4,4,No
57,112838,450,4,405367,0.49,2,5,No
50,96126,399,16,344340,0.61,1,1,No
48,140900,533,23,263241,0.37,5,1,No
61,137922,843,14,136137,0.37,3,3,Yes
51,144145,361,19,458162,0.1,1,1,No
24,60430,495,18,358981,0.6,0,1,No
40,142238,841,0,345568,0.12,1,1,Yes
63,88659,405,3,215607,0.62,0,0,No
24,135341,594,2,449272,0.19,3,1,No
42,24158,750,7,143265,0.24,3,2,Yes
20,94236,833,8,200682,0.74,1,3,Yes
55,96067,455,11,124259,0.4,4,0,No
37,47738,705,4,164612,0.14,4,0,Yes
51,29879,674,8,81537,0.73,4,4,No
61,25543,754,0,66434,0.39,5,4,No
61,132284,501,22,407294,0.15,5,1,Yes
47,67924,751,10,323269,0.34,3,0,No
34,62348,486,29,57960,0.49,0,5,No
27,104117,667,6,328665,0.32,5,0,Yes
52,56679,639,21,94485,0.74,5,1,No
37,99118,561,19,291389,0.25,2,3,Yes
35,63888,842,28,252720,0.18,1,0,Yes
62,50276,850,26,220739,0.22,5,4,Yes
61,123539,605,24,37811,0.11,5,1,Yes
44,24799,464,13,167615,0.39,0,0,No
53,110627,387,2,461157,0.71,2,5,No
40,113770,499,26,434826,0.28,3,5,No
49,132529,570,30,402921,0.24,2,4,Yes
27,144713,350,10,154344,0.68,3,2,No
28,140048,788,16,36834,0.28,3,0,Yes
55,110141,497,30,189122,0.41,5,5,No
23,80558,322,17,215248,0.07,5,1,No
58,135013,522,18,86548,0.27,5,4,Yes
64,56534,520,17,264485,0.15,0,0,Yes
51,51668,565,5,328380,0.13,4,4,Yes
53,24111,372,28,469635,0.37,4,1,No
54,44686,376,14,161367,0.26,0,0,No
34,92551,843,29,218682,0.17,1,5,Yes
57,92392,734,6,316081,0.43,3,1,Yes
57,36490,364,4,11842,0.64,1,3,No
29,55194,656,4,233164,0.6,3,0,No
38,34497,317,6,406517,0.24,5,0,No
57,139066,735,21,370006,0.25,3,5,Yes
36,73516,740,11,167651,0.6,5,4,Yes
20,137219,308,7,30090,0.47,4,0,No
35,108730,769,24,389552,0.61,4,3,Yes
36,64104,647,17,13828,0.05,3,4,Yes
64,25316,671,27,319624,0.12,5,4,Yes
23,58130,474,17,370760,0.65,4,2,No
33,90229,814,30,202234,0.69,4,0,Yes
25,127294,429,16,103373,0.31,5,2,No
35,49954,592,22,458066,0.77,2,5,No
60,133437,652,10,422149,0.28,2,3,Yes
56,41652,523,14,197305,0.72,5,0,No
29,34178,823,29,223605,0.37,3,2,Yes
62,128933,808,19,168663,0.47,4,2,Yes
27,71163,667,30,412648,0.53,2,4,Yes
24,34751,799,24,98911,0.15,1,2,Yes
63,85961,389,5,15042,0.08,3,2,No
18,23044,371,11,156775,0.37,3,5,No
53,83165,732,22,158417,0.17,1,0,Yes
38,31480,647,28,278214,0.46,3,0,Yes
54,85439,562,6,344224,0.39,4,4,No
41,63874,570,7,123665,0.14,2,0,No
42,124533,808,3,389332,0.55,0,3,Yes
24,86775,807,2,78595,0.07,2,4,No
59,26566,719,2,437768,0.14,5,3,No
34,105311,371,9,23018,0.58,1,0,No
46,122517,373,23,281237,0.45,0,0,Yes
47,73149,802,27,114972,0.26,5,4,Yes
24,23006,445,14,335223,0.19,5,2,No
50,92561,345,12,283262,0.53,4,1,No
24,39423,404,30,340033,0.2,4,1,No
41,124862,408,18,461435,0.79,2,0,No
28,110710,616,7,18349,0.7,3,3,Yes
26,112199,420,17,71304,0.15,5,4,No
29,53952,798,30,19163,0.69,3,2,Yes
52,47326,342,4,282239,0.31,1,5,No
21,137272,398,20,125452,0.42,3,0,No
53,51139,610,6,265583,0.16,4,3,No
45,82103,513,4,466355,0.14,0,0,No
30,132734,762,24,333671,0.7,5,5,Yes
40,80857,722,18,424520,0.52,2,1,Yes
36,93638,688,24,47988,0.4,2,0,Yes
59,132173,411,16,326017,0.08,2,3,Yes
54,92652,571,18,480624,0.74,3,1,Yes
56,32937,401,3,209787,0.33,0,5,No
41,146934,509,21,140224,0.36,3,5,Yes
33,50161,321,25,54663,0.27,3,0,No
50,24383,458,23,360575,0.72,5,1,No
29,105856,642,6,97263,0.31,4,5,No
51,136387,699,23,163252,0.18,5,4,Yes
24,90043,753,21,256457,0.43,4,3,Yes
28,34735,442,5,333414,0.64,5,3,No
48,79919,696,13,76214,0.33,5,4,No
46,115249,835,21,434293,0.54,3,5,Yes
30,102055,440,18,226554,0.28,5,5,No
48,87561,539,29,162721,0.59,1,3,Yes
19,105455,591,25,183568,0.55,1,3,Yes
56,57622,381,30,461498,0.56,1,0,No
32,58135,470,19,206309,0.53,5,2,No
28,55658,825,10,361461,0.17,3,0,Yes
51,104677,841,21,200975,0.72,0,4,Yes
56,49696,409,28,280204,0.49,1,4,No
21,23773,511,6,490629,0.34,4,2,No
28,44956,737,2,80558,0.18,2,0,Yes
46,141340,621,19,88779,0.64,2,0,Yes
19,35819,383,21,438703,0.43,3,0,No
33,21528,675,16,248491,0.16,2,1,No
56,147781,352,10,268060,0.74,3,5,No
30,106491,795,14,421864,0.13,2,1,Yes
54,64588,555,6,442351,0.44,0,0,No
34,90585,519,28,187886,0.51,0,1,No
38,119152,399,14,114130,0.8,0,0,No
61,147872,428,26,435676,0.16,0,4,No
36,40511,518,16,479607,0.51,1,0,No
24,30119,776,10,325725,0.41,4,1,No
55,95893,757,28,97272,0.24,0,2,Yes
25,36167,321,27,268479,0.76,5,4,No
30,76503,628,28,359872,0.64,1,3,Yes
54,130782,779,11,452418,0.63,3,2,Yes
19,140554,638,12,130823,0.72,2,2,No
58,107789,478,25,329708,0.59,2,5,No
28,54889,720,10,251521,0.43,1,3,Yes
41,65678,781,30,492046,0.34,5,4,No
23,115334,348,10,263985,0.58,5,5,No
43,80262,329,24,15892,0.5,2,3,No
24,24681,384,25,255574,0.46,5,4,No
56,100291,801,8,266861,0.49,0,4,Yes
36,86008,845,10,441129,0.54,2,5,Yes
23,136475,628,24,446187,0.78,0,4,No
60,118417,733,3,292668,0.61,0,2,Yes
46,33690,548,1,70837,0.18,2,4,No
60,45912,433,22,493664,0.4,1,5,Yes
56,26473,664,28,413119,0.56,3,3,No
19,61298,724,3,97700,0.18,1,2,Yes
36,38669,714,13,451062,0.75,4,4,No
21,119500,811,4,248803,0.11,4,1,Yes
23,101998,684,16,368149,0.51,0,1,Yes
54,40943,687,26,178507,0.78,0,4,No
45,58785,748,11,488941,0.6,1,1,Yes
47,120956,602,25,125902,0.56,1,0,Yes
24,83427,398,28,76180,0.8,0,5,No
26,82001,605,5,10520,0.64,5,2,No
42,81724,341,11,38436,0.78,3,0,No
50,139006,767,14,7128,0.57,3,2,Yes
18,30832,739,22,217067,0.55,4,3,Yes
23,25385,626,18,241114,0.62,5,1,No
35,115898,332,9,87137,0.19,3,1,No
27,34708,711,1,65275,0.65,2,5,No
45,78600,413,28,145012,0.78,0,1,Yes
28,43438,807,11,107524,0.51,1,4,Yes
50,102747,355,11,422992,0.06,0,2,No
18,100107,651,25,495497,0.1,2,4,Yes
30,80062,628,6,351685,0.23,3,1,No
54,85428,845,0,239515,0.42,0,3,Yes
37,106843,569,17,364382,0.36,2,1,No
18,31002,495,2,202329,0.78,5,5,No
20,56153,712,19,374591,0.76,3,4,Yes
35,42440,378,30,105185,0.34,4,1,No
58,87501,382,4,195643,0.65,5,0,No
31,52556,436,19,383264,0.53,4,0,No
48,87963,838,14,485317,0.23,4,4,Yes
44,121145,605,9,482456,0.75,5,0,No
34,110725,610,18,175790,0.24,2,2,Yes
63,110674,687,0,277112,0.7,2,5,No
46,26563,848,30,85634,0.53,1,2,Yes
53,99923,805,6,126865,0.52,1,5,Yes
54,25840,687,27,341570,0.68,4,5,No
43,35154,592,25,130848,0.42,0,4,No
34,44194,478,21,464373,0.69,3,0,No
39,85020,728,17,196003,0.46,1,2,Yes
42,66861,823,1,493409,0.79,3,0,Yes
19,42448,611,18,152915,0.54,5,1,No
39,116460,379,23,96196,0.33,0,5,No
22,43528,313,23,192449,0.62,4,0,No
21,49402,353,9,292019,0.43,3,0,No
53,24352,746,14,64888,0.65,5,4,Yes
23,20184,364,9,217306,0.68,4,1,No
38,30384,671,25,260227,0.51,3,2,Yes
30,34319,802,27,424222,0.7,0,5,Yes
54,140497,395,9,29525,0.35,1,5,Yes
42,40449,832,26,108679,0.09,2,5,Yes
43,76333,559,29,57604,0.55,4,2,Yes
56,61205,547,11,487448,0.62,1,5,No
37,146966,426,7,495062,0.1,3,0,No
50,30426,798,22,228572,0.63,5,3,Yes
31,27504,345,13,141997,0.53,5,3,No
53,76578,567,1,429338,0.14,1,5,No
34,78209,841,16,437415,0.45,2,2,Yes
38,136775,393,5,431972,0.13,4,0,No
63,53368,615,26,291933,0.29,4,0,No
33,126108,370,7,152987,0.65,1,1,No
63,131553,748,0,270061,0.13,0,4,Yes
33,123841,666,2,470637,0.39,3,3,No
37,72185,709,14,133575,0.5,1,5,Yes
46,117630,390,16,106923,0.76,0,0,No
45,136744,808,25,326472,0.6,4,2,Yes
25,100221,827,24,64602,0.15,3,3,Yes
41,145011,409,6,15410,0.78,4,4,No
20,28724,388,13,230817,0.41,2,0,No
42,25084,571,23,18574,0.33,5,3,Yes
36,54810,546,24,102057,0.15,0,0,No
50,142648,660,2,198187,0.75,2,5,Yes
19,102277,677,25,230669,0.49,2,4,Yes
32,102297,505,26,175404,0.79,2,1,No
39,145099,644,17,64453,0.18,0,3,Yes
27,98872,754,21,429021,0.46,3,4,No
35,40872,366,4,368508,0.13,4,1,No
39,98950,342,19,129488,0.44,3,1,No
63,90333,528,21,413042,0.72,5,4,No
44,88843,743,14,118535,0.13,3,2,Yes
30,132025,533,5,35779,0.25,3,4,Yes
50,118104,498,27,433508,0.56,4,0,No
22,22596,796,2,279751,0.11,4,2,Yes
43,37167,331,29,251449,0.39,0,1,No
30,107844,563,17,195515,0.3,5,3,No
44,137067,412,24,181784,0.68,1,1,No
31,109751,758,23,313027,0.09,4,3,Yes
41,149817,575,29,6100,0.7,4,3,Yes
20,97331,445,19,275454,0.58,5,4,No
64,100520,656,21,179800,0.27,1,4,Yes
47,78326,305,2,305213,0.2,4,1,No
52,97670,639,26,225809,0.76,3,4,No
31,30782,793,7,314884,0.47,5,1,No
29,62002,407,18,121888,0.31,4,4,Yes
45,107187,370,17,14233,0.08,0,4,Yes
61,44022,639,14,136568,0.17,4,3,No
46,104458,399,22,100979,0.5,1,2,No
60,34618,626,13,402390,0.43,3,4,No
34,37245,332,15,455618,0.62,1,5,No
57,103796,442,2,469282,0.68,5,5,No
38,30027,543,28,413314,0.35,4,5,No
40,33986,516,24,61121,0.13,4,4,No
37,130704,733,14,376772,0.64,0,1,Yes
28,23526,353,18,491866,0.47,3,3,No
51,111797,450,30,39421,0.78,4,5,No
27,64361,354,7,176086,0.65,0,3,No
27,87158,816,1,445044,0.3,0,2,Yes
60,58286,747,24,232142,0.37,1,2,Yes
23,49533,334,16,129586,0.23,3,2,No
53,120961,418,11,51567,0.43,2,4,No
41,38316,496,18,87163,0.58,5,1,No
29,28699,813,10,416855,0.51,0,5,Yes
60,99491,721,29,339679,0.31,2,0,No
40,147441,816,17,227858,0.67,1,5,Yes
44,117079,438,12,437727,0.13,0,5,No
62,138166,343,13,204300,0.16,5,1,No
54,120960,518,28,273217,0.35,3,3,No
23,78465,557,11,373678,0.58,2,2,No
18,36673,812,14,204855,0.57,3,0,Yes
23,43395,676,22,355685,0.32,2,3,No
39,124162,588,20,88535,0.57,1,2,Yes
58,43707,769,30,267163,0.1,0,5,Yes
41,104749,402,7,447588,0.27,0,0,No
42,95937,448,1,281304,0.57,1,1,No
32,149647,383,7,445594,0.19,5,5,No
43,140650,325,22,156227,0.21,5,3,Yes
25,106732,474,27,176161,0.12,4,4,Yes
41,76416,721,26,240982,0.32,2,5,Yes
55,111512,645,4,438560,0.67,5,0,No
23,28758,601,1,37398,0.68,5,0,No
52,87009,597,9,455810,0.7,2,5,No
59,33281,434,26,66651,0.08,4,5,No
18,148116,354,22,446821,0.8,1,1,No
63,134268,355,9,462390,0.43,3,1,No
53,52548,673,3,214314,0.7,3,3,No
29,38371,638,3,395315,0.73,1,4,Yes
55,113899,756,7,120194,0.44,3,2,Yes
28,97593,654,5,468493,0.09,1,5,Yes
29,125977,431,24,166395,0.5,2,0,Yes
59,39644,792,26,95980,0.3,2,0,No
56,113659,409,14,118866,0.21,4,3,No
24,43874,425,17,33566,0.19,5,2,No
28,108659,595,20,173427,0.47,1,2,Yes
53,34281,478,21,486574,0.13,5,5,No
48,88787,496,7,191824,0.67,3,2,No
50,42289,400,19,47129,0.22,1,3,Yes
30,139988,482,26,370805,0.46,0,0,No
35,25054,308,6,54891,0.14,4,1,No
58,120020,712,26,14982,0.69,0,0,Yes
41,127508,403,22,106359,0.57,4,1,No
26,132410,425,19,124075,0.2,4,1,No
48,86846,845,16,416803,0.59,4,3,Yes
58,114682,569,18,211783,0.11,0,5,Yes
27,69769,765,1,58074,0.63,4,2,Yes
19,49312,417,28,130277,0.42,1,5,Yes
55,116517,391,28,37185,0.14,1,3,Yes
32,134186,784,11,482093,0.46,0,5,Yes
20,24257,386,18,190550,0.2,2,5,No
60,35846,533,4,217395,0.55,2,1,Yes
48,42483,423,26,72325,0.58,0,0,No
23,46558,502,11,479059,0.62,4,1,No
20,63188,331,16,126089,0.72,4,3,No
28,33012,656,4,5584,0.54,4,5,No
32,53236,762,1,175018,0.42,0,5,Yes
62,124209,850,29,122888,0.69,4,0,Yes
45,65076,393,3,265525,0.72,1,2,No
27,68402,821,5,135747,0.64,4,3,Yes
55,114467,707,8,252102,0.76,0,5,Yes
64,52076,399,25,435174,0.78,4,5,No
24,100337,543,21,314467,0.24,1,4,Yes
32,135827,357,9,132276,0.19,5,5,No
35,95164,656,28,231940,0.39,0,1,Yes
35,94264,790,10,473152,0.8,2,2,No
58,37335,619,27,380844,0.12,0,2,No
41,142700,318,1,376462,0.58,3,5,No
19,63773,656,23,410101,0.69,2,0,No
57,72158,416,20,163095,0.8,2,3,No
37,48570,435,24,419385,0.51,0,5,No
51,107995,595,30,227349,0.34,3,5,Yes
60,60658,824,25,477032,0.17,2,1,No
43,79184,400,8,19469,0.79,5,5,No
24,140640,679,19,348484,0.74,4,4,No
55,92613,454,28,370204,0.65,3,1,No
47,78194,404,16,469777,0.76,3,5,No
59,87507,825,26,143527,0.1,5,5,Yes
22,131872,427,29,199437,0.52,5,3,Yes
28,53959,700,8,408713,0.26,0,2,Yes
18,73072,828,24,333742,0.62,0,4,Yes
51,65588,849,7,427192,0.12,0,0,Yes
18,60533,423,4,65698,0.24,3,3,No
36,128558,659,4,161173,0.69,1,1,No
19,140881,363,25,386334,0.61,0,3,No
38,88582,401,5,211182,0.79,1,0,No
37,81743,576,15,183553,0.53,2,1,Yes
40,64518,526,0,419568,0.28,4,4,No
38,32703,322,8,338746,0.46,5,1,No
41,69456,363,20,427877,0.76,4,1,No
21,75491,456,6,157856,0.54,1,0,No
29,28043,689,10,108988,0.71,5,1,Yes
39,123212,448,14,398175,0.07,3,3,Yes
37,145727,662,23,164754,0.33,4,2,No
35,128931,763,4,278058,0.75,1,0,Yes
18,88340,698,18,306750,0.08,0,0,Yes
47,30176,704,5,258113,0.44,1,0,Yes
50,23936,431,22,432971,0.31,2,3,No
41,51174,496,28,397740,0.53,5,3,No
31,102632,334,13,74603,0.17,1,3,No
53,108768,719,19,386900,0.54,0,5,Yes
22,145775,676,24,410531,0.79,1,3,No
28,128177,698,13,380606,0.25,0,1,No
41,45909,519,10,407093,0.4,5,0,No
48,64158,816,3,495959,0.07,0,5,No
30,28366,641,26,389638,0.38,2,0,No
33,105125,715,9,290182,0.35,2,4,Yes
41,74337,755,1,392573,0.47,4,2,Yes
30,144296,596,24,280013,0.24,0,1,No
41,79331,630,3,17058,0.3,0,2,Yes
43,132918,638,19,147089,0.51,0,1,Yes
19,82197,597,9,467486,0.73,4,1,No
33,92042,611,0,355868,0.23,3,1,No
55,70924,354,13,252001,0.56,2,0,No
63,48842,833,17,270644,0.44,2,2,Yes
18,37458,404,11,391685,0.13,0,2,No
28,107367,474,18,359306,0.47,4,3,No
52,85382,593,22,460866,0.58,0,2,No
60,147640,850,11,443314,0.5,2,3,Yes
46,94319,674,24,469482,0.13,5,4,No
54,31170,749,27,396942,0.69,4,3,No
34,139952,744,4,452898,0.08,1,5,No
56,100145,359,3,335941,0.23,2,1,No
59,125626,691,12,115633,0.51,1,0,Yes
45,64942,689,17,258024,0.21,3,5,Yes
46,108571,511,29,57995,0.13,1,1,Yes
60,36208,834,28,206433,0.43,4,4,Yes
20,55178,539,11,400197,0.59,1,5,No
27,99172,787,29,349711,0.36,3,0,Yes
59,29039,421,15,58075,0.57,2,4,No
31,34990,552,22,261656,0.7,3,5,No
29,26441,440,5,20876,0.77,4,1,No
64,94221,751,27,138054,0.22,5,0,Yes
59,143425,452,27,200440,0.5,5,4,No
47,149327,607,6,75791,0.25,1,5,Yes
49,99314,616,23,81285,0.7,1,3,Yes
49,65959,828,8,35214,0.72,4,2,Yes
59,46862,595,9,99244,0.29,0,1,Yes
49,47273,644,4,7019,0.53,4,3,No
43,113949,581,26,456382,0.72,4,4,Yes
18,62500,507,20,370122,0.43,3,4,No
59,143763,395,3,176911,0.59,3,5,No
19,23956,751,10,339660,0.65,4,5,Yes
34,92089,672,18,310668,0.7,2,0,No
47,108789,372,28,450200,0.44,1,3,No
56,109451,632,6,145284,0.76,4,4,No
24,137782,692,12,118518,0.52,0,0,Yes
44,22365,405,12,489409,0.16,1,2,No
26,92204,400,20,356166,0.51,2,2,No
39,25000,658,22,199714,0.27,4,0,Yes
51,77072,628,30,223983,0.33,5,3,Yes
63,72499,694,17,375662,0.66,2,0,No
18,145951,334,24,25592,0.78,5,5,No
26,89211,456,24,430419,0.7,1,0,No
37,32907,572,28,434659,0.29,0,3,No
36,37336,695,8,196299,0.39,1,2,No
53,105220,506,12,170619,0.79,5,4,No
57,113847,605,12,359075,0.74,5,2,No
62,72331,835,4,320992,0.78,1,5,Yes
21,100672,761,29,369985,0.37,5,3,Yes
26,129459,551,25,481009,0.65,4,1,No
58,97755,566,11,311754,0.7,1,3,No
39,88783,508,24,296961,0.08,4,2,No
35,89951,838,0,484902,0.25,4,2,Yes
29,72509,802,17,90348,0.71,5,3,Yes
59,147851,813,25,194707,0.34,5,3,Yes
60,26472,447,20,92524,0.26,2,3,No
56,42380,382,20,147180,0.25,5,2,No
26,123152,341,21,407435,0.33,0,5,No
23,47280,455,29,385381,0.23,4,0,No
36,41859,752,23,488448,0.05,3,1,Yes
64,119341,583,27,423533,0.18,5,0,No
24,68402,487,16,271025,0.71,5,5,No
33,28262,773,9,244077,0.11,2,2,Yes
22,31066,806,27,47202,0.36,4,0,Yes
33,35554,432,8,255549,0.39,4,3,No
18,27008,570,19,487581,0.63,2,4,No
54,107851,372,7,156808,0.24,1,3,No
56,100799,735,27,323767,0.28,4,1,Yes
36,36238,592,14,64434,0.06,0,3,No
54,123946,736,12,147181,0.73,4,4,Yes
34,102025,359,27,93979,0.56,2,2,No
43,37153,626,20,338329,0.25,3,0,Yes
39,79353,481,16,442957,0.72,2,3,No
25,72092,733,29,64056,0.11,2,5,Yes
50,132835,818,8,228819,0.33,0,0,Yes
19,63152,382,23,223000,0.47,1,1,No
47,69104,327,20,197180,0.43,0,5,No
64,44283,565,29,208925,0.54,0,5,Yes
37,66429,582,30,325081,0.27,4,0,No
35,97223,696,10,81567,0.62,3,1,Yes
60,108534,682,29,250971,0.35,2,1,Yes
27,74957,618,3,215571,0.14,0,5,Yes
41,48887,492,23,168075,0.61,0,3,No
21,66172,526,24,456965,0.73,5,5,No
54,24355,750,6,272652,0.32,1,5,Yes
21,53701,481,19,436001,0.49,1,5,No
30,61534,626,22,328299,0.57,5,4,No
42,140348,502,21,78658,0.67,3,0,No
30,91442,701,26,291653,0.2,2,1,Yes
35,81274,771,27,257239,0.48,0,1,Yes
41,98108,478,2,292641,0.61,4,1,No
19,32279,317,9,412634,0.2,5,2,No
50,63491,762,2,64383,0.4,1,5,Yes
36,140738,845,0,135053,0.4,0,0,Yes
26,96147,702,13,48159,0.68,4,0,Yes
45,28261,692,12,467814,0.63,0,1,Yes
52,24474,599,4,313958,0.22,3,0,No
56,111414,650,7,208956,0.22,5,0,Yes
27,48390,486,11,111246,0.59,3,2,No
18,46925,646,5,12945,0.6,4,1,Yes
59,102174,708,23,122926,0.18,1,0,Yes
38,79051,370,22,137565,0.36,5,4,No
26,109007,626,1,197589,0.67,3,1,No
64,24787,511,23,476451,0.11,1,0,No
32,131879,608,3,383409,0.33,4,2,Yes
52,93398,407,26,481733,0.53,5,5,No
22,78177,476,4,433412,0.63,4,4,No
58,63724,726,10,278331,0.54,0,3,Yes
39,30663,830,12,249501,0.35,4,3,Yes
58,36120,717,7,21696,0.79,0,5,No
40,42740,547,20,233191,0.08,1,4,Yes
24,122046,508,4,474386,0.42,5,3,No
40,22035,515,5,492309,0.43,0,4,No
61,120271,737,30,44454,0.23,5,5,Yes
42,77443,610,14,123763,0.47,1,5,Yes
44,87388,682,22,463755,0.22,3,0,Yes
58,72335,570,24,440061,0.38,1,3,Yes
23,63315,420,15,410596,0.37,2,3,No
51,84165,706,29,26602,0.63,0,4,Yes
26,124922,544,10,466132,0.76,3,0,No
50,66627,365,6,22619,0.2,1,0,No
23,28303,527,5,340442,0.79,4,1,No
54,129654,436,30,163926,0.76,0,1,Yes
48,69334,493,11,181754,0.13,1,0,Yes
51,75892,788,25,409441,0.73,3,5,Yes
58,81196,653,3,193155,0.47,5,5,No
46,85700,456,13,398171,0.71,4,5,No
31,59726,775,10,50628,0.76,5,4,Yes
53,120441,315,25,40171,0.69,0,2,No
53,95751,377,11,43789,0.35,3,2,No
32,69606,351,1,323716,0.53,4,1,No
25,136973,813,10,241110,0.4,5,3,Yes
43,50694,803,12,83019,0.32,2,2,Yes
53,51253,360,10,357517,0.24,4,3,No
38,44230,431,30,335049,0.38,5,3,No
45,73974,681,8,400683,0.65,0,5,No
21,83545,842,25,299385,0.68,2,5,Yes
33,36925,709,26,178966,0.77,1,5,No
39,26033,454,20,124115,0.27,2,0,No
29,82461,350,15,84143,0.54,2,2,No
33,22665,394,4,432243,0.57,2,2,No
57,47025,822,26,247344,0.19,4,3,Yes
55,43533,823,11,301966,0.33,2,3,Yes
59,65897,654,2,152989,0.31,2,5,No
54,140486,344,28,236495,0.79,1,0,No
46,97661,504,15,285051,0.77,2,5,Yes
35,140473,730,18,179218,0.67,5,4,Yes
27,145766,555,16,221449,0.4,4,2,No
59,40998,547,27,171429,0.25,3,5,No
56,138980,832,10,435403,0.74,3,5,Yes
35,81248,340,20,208700,0.25,4,2,No
18,124493,758,18,44512,0.44,4,0,Yes
56,43057,576,30,236316,0.23,2,0,No
38,99244,494,26,352800,0.78,4,4,No
18,103608,370,17,185296,0.08,2,3,No
32,90631,569,26,483023,0.18,0,2,No
21,117031,634,8,444684,0.62,1,3,No
37,132713,607,12,272501,0.16,1,2,No
27,125887,726,29,489315,0.78,1,0,Yes
40,142512,498,25,202953,0.29,0,5,Yes
58,87173,375,5,393436,0.74,1,0,No
51,100206,824,2,146050,0.55,2,0,Yes
63,58734,529,22,18616,0.53,5,4,Yes
50,82072,384,11,341903,0.74,3,2,No
51,84175,461,8,365417,0.43,1,0,No
56,122974,696,8,383838,0.35,1,5,Yes
27,83783,670,14,276566,0.21,2,4,No
37,114194,514,0,144674,0.16,5,3,Yes
18,90739,300,30,15497,0.64,2,4,No
30,107054,676,17,449187,0.15,1,4,Yes
18,71042,711,14,388626,0.35,4,1,Yes
22,72357,499,7,225205,0.36,0,3,No
33,28669,482,30,314373,0.55,3,1,No
32,133272,709,10,73628,0.26,3,5,Yes
45,87902,697,16,452657,0.68,0,2,No
48,142247,515,26,335271,0.21,1,4,No
40,38910,648,27,454951,0.64,1,4,No
62,76959,340,30,367950,0.69,1,4,No
60,116623,302,26,210461,0.19,1,4,No
34,20366,393,13,227413,0.66,1,1,No
51,68415,358,18,456916,0.59,5,2,No
30,144716,706,26,24476,0.71,3,1,No
31,141209,317,22,339741,0.43,1,4,No
28,29907,793,23,348841,0.23,2,2,Yes
45,124910,807,4,334353,0.73,4,3,Yes
59,115825,631,29,96200,0.64,1,1,Yes
49,52780,468,1,229832,0.07,5,0,No
52,77879,505,14,68575,0.75,2,3,No
48,105159,820,18,494282,0.76,3,3,Yes
34,55085,804,24,459110,0.32,2,4,No
64,85499,645,30,477106,0.06,0,4,Yes
26,40426,603,15,469754,0.46,0,3,No
27,68197,414,12,244528,0.74,2,1,No
25,27485,386,26,12308,0.14,1,2,Yes
38,69527,394,28,114941,0.49,1,1,No
30,84600,727,25,257419,0.6,5,1,Yes
22,144604,749,6,300411,0.15,1,3,Yes
23,118560,840,28,477342,0.43,5,1,Yes
47,145144,301,16,365773,0.12,2,2,No
48,135137,377,18,215337,0.47,0,3,No
34,111005,623,24,34224,0.38,0,1,Yes
28,101439,397,6,125721,0.25,3,4,No
37,88748,409,30,333567,0.69,5,5,No
26,78528,756,11,112491,0.34,0,1,Yes
19,124479,787,12,343912,0.57,0,5,Yes
54,140631,670,28,242311,0.64,4,5,Yes
18,47799,636,12,300840,0.18,0,5,Yes
21,142714,321,13,65312,0.14,2,3,No
53,66339,604,14,337083,0.06,5,3,No
42,36087,571,30,19992,0.28,1,5,No
20,27446,789,1,256186,0.66,2,4,Yes
26,70460,745,5,144062,0.63,5,3,Yes
39,114817,577,8,460125,0.7,1,5,No
40,78260,676,14,49215,0.62,1,5,No
29,34877,531,19,195070,0.07,3,0,Yes
27,148601,725,15,349688,0.34,5,3,No
51,44723,354,25,232618,0.05,0,1,No
60,32943,740,1,271488,0.08,3,2,Yes
27,30306,333,2,318667,0.41,1,1,No
47,56784,628,22,248130,0.32,4,3,No
39,138628,753,19,157155,0.47,4,5,Yes
23,141401,687,22,422850,0.1,5,0,Yes
19,40455,729,20,141188,0.49,3,1,Yes
47,110027,775,29,64660,0.1,3,2,Yes
19,91448,424,7,460997,0.37,0,5,No
49,49974,822,7,374917,0.31,3,1,Yes
59,47371,781,20,308790,0.22,3,4,Yes
33,118746,616,6,225619,0.28,2,0,Yes
29,121248,421,10,9610,0.05,3,3,Yes
18,23936,846,21,185756,0.29,5,1,Yes
25,53166,612,12,65519,0.11,3,1,Yes
30,45727,786,7,459464,0.74,5,1,No
